pipeline	subject	subject_label	predicate	object	object_label	asserted_by	status
disease	DOID:0050012	chikungunya	xref	GARD:6038	Chikungunya fever	DOID	from_other_source
disease	DOID:0050026	human monocytic ehrlichiosis	xref	GARD:72	Human monocytic ehrlichiosis	DOID	from_other_source
disease	DOID:0050052	Rocky Mountain spotted fever	xref	GARD:7585	Rocky Mountain spotted fever	DOID	from_other_source
disease	DOID:0050083	Keshan disease	xref	GARD:8761	Keshan disease	DOID	from_other_source
disease	DOID:0050120	hemophagocytic lymphohistiocytosis	xref	GARD:6589	Familial hemophagocytic lymphohistiocytosis	DOID	from_other_source
disease	DOID:0050157	cryptogenic organizing pneumonia	xref	GARD:1620	Bronchiolitis obliterans organizing pneumonia	DOID	from_other_source
disease	DOID:0050167	autoimmune polyendocrine syndrome type 1	xref	GARD:8466	Polyglandular autoimmune syndrome, type 1	DOID	from_other_source
disease	DOID:0050168	autoimmune polyendocrine syndrome type 2	xref	GARD:7611	Polyglandular autoimmune syndrome, type 2	DOID	from_other_source
disease	DOID:0050169	cutaneous lupus erythematosus	xref	GARD:6225	Cutaneous lupus erythematosus	DOID	from_other_source
disease	DOID:0050175	tick-borne encephalitis	xref	GARD:5216	Tick-borne encephalitis	DOID	from_other_source
disease	DOID:0050202	Lujo hemorrhagic fever	xref	GARD:21410	Lujo hemorrhagic fever	DOID	from_other_source
disease	DOID:0050242	primary amebic meningoencephalitis	xref	GARD:9554	Primary amebic meningoencephalitis	DOID	from_other_source
disease	DOID:0050246	granulomatous amebic encephalitis	xref	GARD:12651	Granulomatous amebic encephalitis	DOID	from_other_source
disease	DOID:0050256	angiostrongyliasis	xref	GARD:683	Angiostrongyliasis	DOID	from_other_source
disease	DOID:0050266	tungiasis	xref	GARD:393	Tungiasis	DOID	from_other_source
disease	DOID:0050328	congenital hypothyroidism	xref	GARD:1487	Congenital hypothyroidism	DOID	from_other_source
disease	DOID:0050335	bradyopsia	xref	GARD:12299	Bradyopsia	DOID	from_other_source
disease	DOID:0050424	familial adenomatous polyposis	xref	GARD:6408	Familial multiple polyposis syndrome	DOID	from_other_source
disease	DOID:0050426	Stevens-Johnson syndrome	xref	GARD:7700	Stevens-Johnson syndrome	DOID	from_other_source
disease	DOID:0050427	xeroderma pigmentosum	xref	GARD:7910	Xeroderma pigmentosum	DOID	from_other_source
disease	DOID:0050429	Hailey-Hailey disease	xref	GARD:6559	Familial benign pemphigus	DOID	from_other_source
disease	DOID:0050433	fatal familial insomnia	xref	GARD:6429	Fatal familial insomnia	DOID	from_other_source
disease	DOID:0050434	Andersen-Tawil syndrome	xref	GARD:9453	Andersen Tawil syndrome	DOID	from_other_source
disease	DOID:0050436	mulibrey nanism	xref	GARD:95	Mulibrey nanism syndrome	DOID	from_other_source
disease	DOID:0050437	Danon disease	xref	GARD:9730	Danon disease	DOID	from_other_source
disease	DOID:0050438	Frasier syndrome	xref	GARD:2375	Frasier syndrome	DOID	from_other_source
disease	DOID:0050439	Usher syndrome	xref	GARD:7843	Usher syndrome	DOID	from_other_source
disease	DOID:0050440	familial partial lipodystrophy	xref	GARD:11962	Familial partial lipodystrophy	DOID	from_other_source
disease	DOID:0050445	X-linked hypophosphatemic rickets	xref	GARD:12943	Familial X-linked hypophosphatemic vitamin D refractory rickets	DOID	from_other_source
disease	DOID:0050448	white sponge nevus	xref	GARD:8501	White sponge nevus	DOID	from_other_source
disease	DOID:0050449	pachyonychia congenita	xref	GARD:10753	Pachyonychia congenita syndrome	DOID	from_other_source
disease	DOID:0050450	Gitelman syndrome	xref	GARD:8547	Familial hypokalemia-hypomagnesemia	DOID	from_other_source
disease	DOID:0050451	Brugada syndrome	xref	GARD:1030	Brugada syndrome	DOID	from_other_source
disease	DOID:0050452	mevalonic aciduria	xref	GARD:3588	Mevalonic aciduria	DOID	from_other_source
disease	DOID:0050453	lissencephaly	xref	GARD:12291	Lissencephaly	DOID	from_other_source
disease	DOID:0050456	Buruli ulcer disease	xref	GARD:9520	Buruli ulcer	DOID	from_other_source
disease	DOID:0050457	Sertoli cell-only syndrome	xref	GARD:8406	Congenital absence of germinal epithelium of testes	DOID	from_other_source
disease	DOID:0050458	juvenile myelomonocytic leukemia	xref	GARD:9884	Juvenile myelomonocytic leukemia	DOID	from_other_source
disease	DOID:0050460	Wolf-Hirschhorn syndrome	xref	GARD:7896	4p partial monosomy syndrome	DOID	from_other_source
disease	DOID:0050461	aspartylglucosaminuria	xref	GARD:5854	Aspartylglucosaminuria	DOID	from_other_source
disease	DOID:0050463	campomelic dysplasia	xref	GARD:10027	Camptomelic dysplasia	DOID	from_other_source
disease	DOID:0050464	Farber lipogranulomatosis	xref	GARD:6426	Farber lipogranulomatosis	DOID	from_other_source
disease	DOID:0050465	Muir-Torre syndrome	xref	GARD:6821	Muir-Torré syndrome	DOID	from_other_source
disease	DOID:0050466	Loeys-Dietz syndrome	xref	GARD:10788	Loeys-Dietz syndrome	DOID	from_other_source
disease	DOID:0050468	yellow nail syndrome	xref	GARD:184	Yellow nail syndrome	DOID	from_other_source
disease	DOID:0050469	Costello syndrome	xref	GARD:1550	Costello syndrome	DOID	from_other_source
disease	DOID:0050471	Carney complex	xref	GARD:1119	Carney complex	DOID	from_other_source
disease	DOID:0050472	monilethrix	xref	GARD:93	Monilethrix	DOID	from_other_source
disease	DOID:0050474	Netherton syndrome	xref	GARD:7182	Netherton syndrome	DOID	from_other_source
disease	DOID:0050475	Weill-Marchesani syndrome	xref	GARD:4936	Weill-Marchesani syndrome	DOID	from_other_source
disease	DOID:0050476	Barth syndrome	xref	GARD:5890	3-Methylglutaconic aciduria type 2	DOID	from_other_source
disease	DOID:0050477	Liddle syndrome	xref	GARD:7381	Liddle syndrome	DOID	from_other_source
disease	DOID:0050485	sennetsu fever	xref	GARD:120	Sennetsu fever	DOID	from_other_source
disease	DOID:0050524	maturity-onset diabetes of the young	xref	GARD:3697	Maturity-onset diabetes of the young	DOID	from_other_source
disease	DOID:0050526	Gamstorp-Wohlfart syndrome	xref	GARD:12353	Autosomal recessive axonal neuropathy with neuromyotonia	DOID	from_other_source
disease	DOID:0050535	exudative vitreoretinopathy	xref	GARD:1613	Familial exudative vitreoretinopathy	DOID	from_other_source
disease	DOID:0050538	Charcot-Marie-Tooth disease type 1	xref	GARD:12433	Charcot-Marie-Tooth disease, type I	DOID	from_other_source
disease	DOID:0050539	Charcot-Marie-Tooth disease type 2	xref	GARD:12431	Charcot-Marie-Tooth disease type 2	DOID	from_other_source
disease	DOID:0050541	Charcot-Marie-Tooth disease type 4	xref	GARD:12440	Charcot-Marie-Tooth disease type 4	DOID	from_other_source
disease	DOID:0050545	visceral heterotaxy	xref	GARD:10875	Visceral heterotaxy	DOID	from_other_source
disease	DOID:0050548	hereditary sensory and autonomic neuropathy	xref	GARD:12688	Hereditary sensory and autonomic neuropathy	DOID	from_other_source
disease	DOID:0050553	proteasome-associated autoinflammatory syndrome 1	xref	GARD:3916	Proteasome-associated autoinflammatory syndrome 1	DOID	from_other_source
disease	DOID:0050557	congenital muscular dystrophy	xref	GARD:9138	Congenital muscular dystrophy	DOID	from_other_source
disease	DOID:0050558	Ullrich congenital muscular dystrophy	xref	GARD:4769	Ullrich congenital muscular dystrophy	DOID	from_other_source
disease	DOID:0050559	Fukuyama congenital muscular dystrophy	xref	GARD:6475	Muscular dystrophy-dystroglycanopathy (congenital with brain and eye anomalies), type A, 4	DOID	from_other_source
disease	DOID:0050560	Walker-Warburg syndrome	xref	GARD:2599	Walker-Warburg congenital muscular dystrophy	DOID	from_other_source
disease	DOID:0050561	Lennox-Gastaut syndrome	xref	GARD:9912	Lennox-Gastaut syndrome	DOID	from_other_source
disease	DOID:0050562	West syndrome	xref	GARD:7887	West syndrome	DOID	from_other_source
disease	DOID:0050568	spondylocostal dysostosis	xref	GARD:12174	Spondylocostal dysostosis	DOID	from_other_source
disease	DOID:0050569	Seckel syndrome	xref	GARD:8562	Seckel syndrome	DOID	from_other_source
disease	DOID:0050572	cone-rod dystrophy	xref	GARD:10790	Cone-rod dystrophy	DOID	from_other_source
disease	DOID:0050573	2-hydroxyglutaric aciduria	xref	GARD:10761	2-hydroxyglutaric aciduria	DOID	from_other_source
disease	DOID:0050574	L-2-hydroxyglutaric aciduria	xref	GARD:10472	L-2-hydroxyglutaric aciduria	DOID	from_other_source
disease	DOID:0050575	D-2-hydroxyglutaric aciduria	xref	GARD:5661	D-2-hydroxyglutaric aciduria	DOID	from_other_source
disease	DOID:0050576	Senior-Loken syndrome	xref	GARD:322	Renal dysplasia and retinal aplasia	DOID	from_other_source
disease	DOID:0050585	congenital generalized lipodystrophy	xref	GARD:13388	Berardinelli-Seip congenital lipodystrophy	DOID	from_other_source
disease	DOID:0050590	severe congenital neutropenia	xref	GARD:13592	Severe congenital neutropenia	DOID	from_other_source
disease	DOID:0050601	ADULT syndrome	xref	GARD:384	ADULT syndrome	DOID	from_other_source
disease	DOID:0050602	triple-A syndrome	xref	GARD:457	Glucocorticoid deficiency with achalasia	DOID	from_other_source
disease	DOID:0050603	acheiropody	xref	GARD:376	Acheiropodia	DOID	from_other_source
disease	DOID:0050604	acrocapitofemoral dysplasia	xref	GARD:10605	Acrocapitofemoral dysplasia	DOID	from_other_source
disease	DOID:0050605	acrodermatitis enteropathica	xref	GARD:5723	Hereditary acrodermatitis enteropathica	DOID	from_other_source
disease	DOID:0050629	Aicardi-Goutieres syndrome	xref	GARD:575	Aicardi Goutieres syndrome	DOID	from_other_source
disease	DOID:0050630	Aland Island eye disease	xref	GARD:10574	Aland island eye disease	DOID	from_other_source
disease	DOID:0050631	Allan-Herndon-Dudley syndrome	xref	GARD:5617	Allan-Herndon-Dudley syndrome	DOID	from_other_source
disease	DOID:0050632	oculocutaneous albinism	xref	GARD:10958	Oculocutaneous albinism	DOID	from_other_source
disease	DOID:0050634	alopecia universalis	xref	GARD:614	Alopecia universalis congenita	DOID	from_other_source
disease	DOID:0050635	alternating hemiplegia of childhood	xref	GARD:11	Alternating hemiplegia of childhood	DOID	from_other_source
disease	DOID:0050636	hereditary systemic amyloidosis 2	xref	GARD:8282	Familial visceral amyloidosis, Ostertag type	DOID	from_other_source
disease	DOID:0050637	Finnish type amyloidosis	xref	GARD:2339	Finnish type amyloidosis	DOID	from_other_source
disease	DOID:0050639	primary cutaneous amyloidosis	xref	GARD:132	Primary cutaneous amyloidosis	DOID	from_other_source
disease	DOID:0050641	Rh deficiency syndrome	xref	GARD:12916	Rh deficiency syndrome	DOID	from_other_source
disease	DOID:0050644	arterial calcification of infancy	xref	GARD:8380	Arterial calcification of infancy	DOID	from_other_source
disease	DOID:0050645	arterial tortuosity syndrome	xref	GARD:774	Arterial tortuosity syndrome	DOID	from_other_source
disease	DOID:0050646	distal arthrogryposis	xref	GARD:786	Distal arthrogryposis	DOID	from_other_source
disease	DOID:0050647	Arts syndrome	xref	GARD:8756	Arts syndrome	DOID	from_other_source
disease	DOID:0050649	atransferrinemia	xref	GARD:9595	Atransferrinemia	DOID	from_other_source
disease	DOID:0050650	familial atrial fibrillation	xref	GARD:9740	Familial atrial fibrillation	DOID	from_other_source
disease	DOID:0050651	atrioventricular septal defect	xref	GARD:802	Familial atrioventricular septal defect	DOID	from_other_source
disease	DOID:0050654	Baller-Gerold syndrome	xref	GARD:1602	Baller-Gerold syndrome	DOID	from_other_source
disease	DOID:0050656	pseudo-TORCH syndrome 1	xref	GARD:12426	Pseudo-TORCH syndrome	DOID	from_other_source
disease	DOID:0050657	Cowden syndrome 1	xref	GARD:12800	PTEN hamartoma tumor syndrome	DOID	from_other_source
disease	DOID:0050657	Cowden syndrome 1	xref	GARD:5887	Bannayan-Riley-Ruvalcaba syndrome	DOID	from_other_source
disease	DOID:0050657	Cowden syndrome 1	xref	GARD:6901	Lhermitte-Duclos disease	DOID	from_other_source
disease	DOID:0050660	Beare-Stevenson cutis gyrata syndrome	xref	GARD:332	Beare-Stevenson cutis gyrata syndrome	DOID	from_other_source
disease	DOID:0050661	vitelliform macular dystrophy	xref	GARD:10120	Vitelliform macular dystrophy 1	DOID	from_other_source
disease	DOID:0050661	vitelliform macular dystrophy	xref	GARD:182	Vitelliform macular dystrophy 2	DOID	from_other_source
disease	DOID:0050663	Bethlem myopathy	xref	GARD:873	Bethlem myopathy	DOID	from_other_source
disease	DOID:0050664	Bietti crystalline corneoretinal dystrophy	xref	GARD:10050	Bietti crystalline corneoretinal dystrophy	DOID	from_other_source
disease	DOID:0050670	ataxic cerebral palsy	xref	GARD:10451	Cerebral palsy, ataxic, autosomal recessive	DOID	from_other_source
disease	DOID:0050675	Birk-Barel syndrome	xref	GARD:10358	Birk-Barel syndrome	DOID	from_other_source
disease	DOID:0050676	Birt-Hogg-Dube syndrome	xref	GARD:2322	Birt-Hogg-Dube syndrome 1	DOID	from_other_source
disease	DOID:0050677	Bjornstad syndrome	xref	GARD:22	Pili torti-deafness syndrome	DOID	from_other_source
disease	DOID:0050678	Blau syndrome	xref	GARD:304	Blau syndrome	DOID	from_other_source
disease	DOID:0050679	blue cone monochromacy	xref	GARD:917	Cone monochromatism	DOID	from_other_source
disease	DOID:0050680	Boomerang dysplasia	xref	GARD:933	Boomerang dysplasia	DOID	from_other_source
disease	DOID:0050681	Borjeson-Forssman-Lehmann syndrome	xref	GARD:936	Borjeson-Forssman-Lehmann syndrome	DOID	from_other_source
disease	DOID:0050684	Bowen-Conradi syndrome	xref	GARD:5950	Bowen-Conradi syndrome	DOID	from_other_source
disease	DOID:0050690	brachyolmia	xref	GARD:10903	Brachyolmia	DOID	from_other_source
disease	DOID:0050691	branchiooculofacial syndrome	xref	GARD:3212	Branchiooculofacial syndrome	DOID	from_other_source
disease	DOID:0050692	Brody myopathy	xref	GARD:9158	Brody myopathy	DOID	from_other_source
disease	DOID:0050693	Brooke-Spiegler syndrome	xref	GARD:10179	Brooke-Spiegler syndrome	DOID	from_other_source
disease	DOID:0050699	Dent disease	xref	GARD:13105	Dent disease	DOID	from_other_source
disease	DOID:0050709	early infantile epileptic encephalopathy	xref	GARD:9255	Genetic developmental and epileptic encephalopathy	DOID	from_other_source
disease	DOID:0050710	3-methylcrotonyl-CoA carboxylase deficiency	xref	GARD:10954	Methylcrotonyl-CoA carboxylase deficiency	DOID	from_other_source
disease	DOID:0050711	aceruloplasminemia	xref	GARD:9499	Deficiency of ferroxidase	DOID	from_other_source
disease	DOID:0050720	ornithine translocase deficiency	xref	GARD:2830	Hyperornithinemia-hyperammonemia-homocitrullinuria syndrome	DOID	from_other_source
disease	DOID:0050729	Chanarin-Dorfman syndrome	xref	GARD:3979	Triglyceride storage disease with ichthyosis	DOID	from_other_source
disease	DOID:0050730	coenzyme Q10 deficiency disease	xref	GARD:10423	Coenzyme Q10 deficiency	DOID	from_other_source
disease	DOID:0050740	Qazi Markouizos syndrome	xref	GARD:371	Qazi Markouizos syndrome	DOID	from_other_source
disease	DOID:0050745	diffuse large B-cell lymphoma	xref	GARD:3178	Malignant lymphoma, large B-cell, diffuse	DOID	from_other_source
disease	DOID:0050746	mantle cell lymphoma	xref	GARD:6969	Mantle cell lymphoma	DOID	from_other_source
disease	DOID:0050749	peripheral T-cell lymphoma	xref	GARD:7368	Mature T-cell and NK-cell non-Hodgkin lymphoma	DOID	from_other_source
disease	DOID:0050752	amyotrophic lateral sclerosis type 8	xref	GARD:10499	Amyotrophic lateral sclerosis type 8	DOID	from_other_source
disease	DOID:0050754	early-onset ataxia with oculomotor apraxia and hypoalbuminemia	xref	GARD:9283	Ataxia, early-onset, with oculomotor apraxia and hypoalbuminemia	DOID	from_other_source
disease	DOID:0050755	spinocerebellar ataxia with axonal neuropathy 2	xref	GARD:12860	Spinocerebellar ataxia, autosomal recessive, with axonal neuropathy 2	DOID	from_other_source
disease	DOID:0050759	myotonic dystrophy type 2	xref	GARD:9728	Myotonic dystrophy type 2	DOID	from_other_source
disease	DOID:0050760	X-linked myopathy with excessive autophagy	xref	GARD:3892	X-linked myopathy with excessive autophagy	DOID	from_other_source
disease	DOID:0050762	adenylosuccinase lyase deficiency	xref	GARD:550	Adenylosuccinate lyase deficiency	DOID	from_other_source
disease	DOID:0050765	neuroacanthocytosis	xref	GARD:10902	Neuroacanthocytosis	DOID	from_other_source
disease	DOID:0050766	choreaacanthocytosis	xref	GARD:3956	Chorea-acanthocytosis	DOID	from_other_source
disease	DOID:0050769	N syndrome	xref	GARD:3902	N syndrome	DOID	from_other_source
disease	DOID:0050770	polycystic liver disease	xref	GARD:9457	Autosomal dominant polycystic liver disease	DOID	from_other_source
disease	DOID:0050771	pheochromocytoma	xref	GARD:7385	Sporadic pheochromocytoma/secreting paraganglioma	DOID	from_other_source
disease	DOID:0050774	rapadilino syndrome	xref	GARD:4637	Rapadilino syndrome	DOID	from_other_source
disease	DOID:0050775	schneckenbecken dysplasia	xref	GARD:169	Schneckenbecken dysplasia	DOID	from_other_source
disease	DOID:0050777	Joubert syndrome	xref	GARD:6802	Joubert syndrome	DOID	from_other_source
disease	DOID:0050778	Meckel syndrome	xref	GARD:3436	Meckel-Gruber syndrome	DOID	from_other_source
disease	DOID:0050779	hydrolethalus syndrome	xref	GARD:6683	Hydrolethalus syndrome	DOID	from_other_source
disease	DOID:0050782	Zollinger-Ellison syndrome	xref	GARD:7918	Zollinger-Ellison syndrome	DOID	from_other_source
disease	DOID:0050787	juvenile polyposis syndrome	xref	GARD:3065	Juvenile polyposis syndrome	DOID	from_other_source
disease	DOID:0050788	proximal symphalangism	xref	GARD:8182	Proximal symphalangism	DOID	from_other_source
disease	DOID:0050789	tarsal-carpal coalition syndrome	xref	GARD:9225	Tarsal-carpal coalition syndrome	DOID	from_other_source
disease	DOID:0050791	persistent Mullerian duct syndrome	xref	GARD:8435	Persistent Mullerian duct syndrome	DOID	from_other_source
disease	DOID:0050795	cone dystrophy	xref	GARD:11897	Cone dystrophy	DOID	from_other_source
disease	DOID:0050796	achalasia microcephaly syndrome	xref	GARD:456	Achalasia microcephaly syndrome	DOID	from_other_source
disease	DOID:0050797	peroxisomal acyl-CoA oxidase deficiency	xref	GARD:4543	Acyl-CoA oxidase deficiency	DOID	from_other_source
disease	DOID:0050799	guanidinoacetate methyltransferase deficiency	xref	GARD:2578	Deficiency of guanidinoacetate methyltransferase	DOID	from_other_source
disease	DOID:0050811	congenital adrenal hyperplasia	xref	GARD:1465	Congenital lipoid adrenal hyperplasia due to STAR deficency	DOID	from_other_source
disease	DOID:0050811	congenital adrenal hyperplasia	xref	GARD:1467	Congenital adrenal hyperplasia	DOID	from_other_source
disease	DOID:0050814	temtamy preaxial brachydactyly syndrome	xref	GARD:9679	Temtamy preaxial brachydactyly syndrome	DOID	from_other_source
disease	DOID:0050817	Stargardt disease	xref	GARD:181	Stargardt disease	DOID	from_other_source
disease	DOID:0050831	familial encephalopathy with neuroserpin inclusion bodies	xref	GARD:10037	Familial encephalopathy with neuroserpin inclusion bodies	DOID	from_other_source
disease	DOID:0050834	CHARGE syndrome	xref	GARD:29	CHARGE syndrome	DOID	from_other_source
disease	DOID:0050836	focal dystonia	xref	GARD:6458	Occupational dystonia	DOID	from_other_source
disease	DOID:0050854	Muckle-Wells syndrome	xref	GARD:8472	Familial amyloid nephropathy with urticaria AND deafness	DOID	from_other_source
disease	DOID:0050857	Perrault syndrome	xref	GARD:2542	Perrault syndrome	DOID	from_other_source
disease	DOID:0050858	Marshall-Smith syndrome	xref	GARD:6985	Marshall-Smith syndrome	DOID	from_other_source
disease	DOID:0050873	follicular lymphoma	xref	GARD:2356	Follicular lymphoma	DOID	from_other_source
disease	DOID:0050876	Caroli disease	xref	GARD:6002	Caroli disease	DOID	from_other_source
disease	DOID:0050877	pancreatic agenesis	xref	GARD:4203	Pancreatic agenesis	DOID	from_other_source
disease	DOID:0050880	Koolen de Vries syndrome	xref	GARD:10727	Koolen-de Vries syndrome	DOID	from_other_source
disease	DOID:0050882	spinocerebellar ataxia 5	xref	GARD:4953	Spinocerebellar ataxia type 5	DOID	from_other_source
disease	DOID:0050883	infantile cerebellar-retinal degeneration	xref	GARD:13264	Infantile cerebellar-retinal degeneration	DOID	from_other_source
disease	DOID:0050884	triosephosphate isomerase deficiency	xref	GARD:5287	Triosephosphate isomerase deficiency	DOID	from_other_source
disease	DOID:0050885	IMAGe syndrome	xref	GARD:12312	IMAGe syndrome	DOID	from_other_source
disease	DOID:0050886	Troyer syndrome	xref	GARD:5372	Troyer syndrome	DOID	from_other_source
disease	DOID:0050887	Townes-Brocks syndrome	xref	GARD:7784	Townes syndrome	DOID	from_other_source
disease	DOID:0050894	ameloblastoma	xref	GARD:5747	Ameloblastoma	DOID	from_other_source
disease	DOID:0050902	medulloblastoma	xref	GARD:7005	Medulloblastoma	DOID	from_other_source
disease	DOID:0050905	inflammatory myofibroblastic tumor	xref	GARD:7146	Inflammatory myofibroblastic tumor	DOID	from_other_source
disease	DOID:0050908	myelodysplastic syndrome	xref	GARD:7132	Myelodysplastic syndrome	DOID	from_other_source
disease	DOID:0050946	Charlevoix-Saguenay spastic ataxia	xref	GARD:4910	Charlevoix-Saguenay spastic ataxia	DOID	from_other_source
disease	DOID:0050954	spinocerebellar ataxia 1	xref	GARD:4071	Spinocerebellar ataxia type 1	DOID	from_other_source
disease	DOID:0050956	spinocerebellar ataxia 6	xref	GARD:10351	Spinocerebellar ataxia type 6	DOID	from_other_source
disease	DOID:0050957	spinocerebellar ataxia 4	xref	GARD:9970	Spinocerebellar ataxia type 4	DOID	from_other_source
disease	DOID:0050960	spinocerebellar ataxia 10	xref	GARD:10474	Spinocerebellar ataxia type 10	DOID	from_other_source
disease	DOID:0050967	spinocerebellar ataxia 17	xref	GARD:10469	Spinocerebellar ataxia type 17	DOID	from_other_source
disease	DOID:0050968	autosomal dominant cerebellar ataxia, deafness and narcolepsy	xref	GARD:12372	Autosomal dominant cerebellar ataxia, deafness and narcolepsy	DOID	from_other_source
disease	DOID:0050969	spinocerebellar ataxia 18	xref	GARD:9976	Spinocerebellar ataxia type 18	DOID	from_other_source
disease	DOID:0050970	spinocerebellar ataxia 19/22	xref	GARD:12365	Spinocerebellar ataxia type 19/22	DOID	from_other_source
disease	DOID:0050971	spinocerebellar ataxia 20	xref	GARD:9997	Spinocerebellar ataxia type 20	DOID	from_other_source
disease	DOID:0050972	spinocerebellar ataxia 21	xref	GARD:9999	Spinocerebellar ataxia type 21	DOID	from_other_source
disease	DOID:0050974	spinocerebellar ataxia 25	xref	GARD:9996	Spinocerebellar ataxia type 25	DOID	from_other_source
disease	DOID:0050975	spinocerebellar ataxia 26	xref	GARD:9995	Spinocerebellar ataxia type 26	DOID	from_other_source
disease	DOID:0050976	spinocerebellar ataxia 27A	xref	GARD:9603	Spinocerebellar ataxia 27A	DOID	from_other_source
disease	DOID:0050979	spinocerebellar ataxia 30	xref	GARD:4950	Spinocerebellar ataxia type 30	DOID	from_other_source
disease	DOID:0050997	cerebellar ataxia, impaired intellectual development, and dysequilibrium syndrome	xref	GARD:1998	Dysequilibrium syndrome	DOID	from_other_source
disease	DOID:0051013	pseudohypoparathyroidism type 1C	xref	GARD:10681	Pseudohypoparathyroidism type 1C	DOID	from_other_source
disease	DOID:0051068	early-onset obesity, adrenal insufficiency, and red hair	xref	GARD:10823	Obesity due to pro-opiomelanocortin deficiency	DOID	from_other_source
disease	DOID:0051080	Alport syndrome 3B	xref	GARD:625	Autosomal recessive Alport syndrome	DOID	from_other_source
disease	DOID:0060000	infective endocarditis	xref	GARD:6337	Infective endocarditis	DOID	from_other_source
disease	DOID:0060010	Omenn syndrome	xref	GARD:8198	Histiocytic medullary reticulosis	DOID	from_other_source
disease	DOID:0060013	X-linked severe combined immunodeficiency	xref	GARD:5618	X-linked severe combined immunodeficiency	DOID	from_other_source
disease	DOID:0060020	reticular dysgenesis	xref	GARD:8625	Reticular dysgenesis	DOID	from_other_source
disease	DOID:0060023	immunodeficiency with hyper IgM type 3	xref	GARD:10579	Hyper-IgM syndrome type 3	DOID	from_other_source
disease	DOID:0060055	popliteal pterygium syndrome	xref	GARD:3242	Autosomal dominant popliteal pterygium syndrome	DOID	from_other_source
disease	DOID:0060061	primary cutaneous T-cell non-Hodgkin lymphoma	xref	GARD:6226	Primary cutaneous T-cell lymphoma	DOID	from_other_source
disease	DOID:0060063	sideroblastic anemia 1	xref	GARD:9456	X-linked sideroblastic anemia 1	DOID	from_other_source
disease	DOID:0060067	Pearson syndrome	xref	GARD:7343	Pearson syndrome	DOID	from_other_source
disease	DOID:0060127	gamma heavy chain disease	xref	GARD:10346	Gamma heavy chain disease (clinical)	DOID	from_other_source
disease	DOID:0060159	organic acidemia	xref	GARD:9433	Inborn organic aciduria	DOID	from_other_source
disease	DOID:0060160	childhood spinal muscular atrophy	xref	GARD:7674	Spinal muscular atrophy	DOID	from_other_source
disease	DOID:0060161	Kennedy's disease	xref	GARD:6818	Kennedy disease	DOID	from_other_source
disease	DOID:0060162	dentatorubral-pallidoluysian atrophy	xref	GARD:5643	Dentatorubral-pallidoluysian atrophy	DOID	from_other_source
disease	DOID:0060168	histidinemia	xref	GARD:6661	Histidinemia	DOID	from_other_source
disease	DOID:0060169	benign familial infantile epilepsy	xref	GARD:857	Benign familial infantile epilepsy	DOID	from_other_source
disease	DOID:0060173	Timothy syndrome	xref	GARD:9294	Timothy syndrome	DOID	from_other_source
disease	DOID:0060177	homocarnosinosis	xref	GARD:2730	Homocarnosinosis	DOID	from_other_source
disease	DOID:0060178	familial hemiplegic migraine	xref	GARD:10975	Familial hemiplegic migraine	DOID	from_other_source
disease	DOID:0060195	amyotrophic lateral sclerosis type 3	xref	GARD:10501	Amyotrophic lateral sclerosis type 3	DOID	from_other_source
disease	DOID:0060196	amyotrophic lateral sclerosis type 4	xref	GARD:10502	Amyotrophic lateral sclerosis type 4	DOID	from_other_source
disease	DOID:0060198	amyotrophic lateral sclerosis type 6	xref	GARD:9874	Amyotrophic lateral sclerosis type 6	DOID	from_other_source
disease	DOID:0060199	amyotrophic lateral sclerosis type 7	xref	GARD:10500	Amyotrophic lateral sclerosis type 7	DOID	from_other_source
disease	DOID:0060200	amyotrophic lateral sclerosis type 9	xref	GARD:10498	Amyotrophic lateral sclerosis type 9	DOID	from_other_source
disease	DOID:0060202	amyotrophic lateral sclerosis type 11	xref	GARD:10496	Amyotrophic lateral sclerosis type 11	DOID	from_other_source
disease	DOID:0060215	Balo concentric sclerosis	xref	GARD:5885	Balo concentric sclerosis	DOID	from_other_source
disease	DOID:0060216	Cogan syndrome	xref	GARD:1421	Cogan syndrome	DOID	from_other_source
disease	DOID:0060217	Cogan-Reese syndrome	xref	GARD:6125	Cogan-Reese syndrome	DOID	from_other_source
disease	DOID:0060221	Maffucci syndrome	xref	GARD:6958	Maffucci syndrome	DOID	from_other_source
disease	DOID:0060222	Scheie syndrome	xref	GARD:12561	Mucopolysaccharidosis, MPS-I-S	DOID	from_other_source
disease	DOID:0060225	3MC syndrome	xref	GARD:1118	3MC syndrome	DOID	from_other_source
disease	DOID:0060227	Adams-Oliver syndrome	xref	GARD:5739	Adams-Oliver syndrome	DOID	from_other_source
disease	DOID:0060229	Baraitser-Winter syndrome	xref	GARD:5279	Baraitser-Winter syndrome	DOID	from_other_source
disease	DOID:0060232	branchiootic syndrome	xref	GARD:10148	Branchiootic syndrome	DOID	from_other_source
disease	DOID:0060233	cardiofaciocutaneous syndrome	xref	GARD:9146	Cardio-facio-cutaneous syndrome	DOID	from_other_source
disease	DOID:0060234	Carpenter syndrome	xref	GARD:6003	Carpenter syndrome	DOID	from_other_source
disease	DOID:0060238	Van Maldergem syndrome	xref	GARD:5456	Van Maldergem syndrome	DOID	from_other_source
disease	DOID:0060239	Van der Woude syndrome	xref	GARD:8414	Van der Woude syndrome	DOID	from_other_source
disease	DOID:0060241	3-M syndrome	xref	GARD:5667	3-M syndrome	DOID	from_other_source
disease	DOID:0060242	synpolydactyly	xref	GARD:5087	Synpolydactyly	DOID	from_other_source
disease	DOID:0060246	MASA syndrome	xref	GARD:6986	MASA syndrome	DOID	from_other_source
disease	DOID:0060247	Smith-McCort dysplasia	xref	GARD:10620	Smith-McCort dysplasia	DOID	from_other_source
disease	DOID:0060248	Simpson-Golabi-Behmel syndrome type 1	xref	GARD:7649	Simpson-Golabi-Behmel syndrome	DOID	from_other_source
disease	DOID:0060251	sclerosteosis	xref	GARD:4771	Sclerosteosis	DOID	from_other_source
disease	DOID:0060254	Robinow syndrome	xref	GARD:312	Robinow syndrome	DOID	from_other_source
disease	DOID:0060255	rippling muscle disease 2	xref	GARD:9164	Rippling muscle disease 2	DOID	from_other_source
disease	DOID:0060256	Dowling-Degos disease	xref	GARD:9775	Dowling-Degos disease	DOID	from_other_source
disease	DOID:0060263	porencephaly	xref	GARD:7430	Porencephaly	DOID	from_other_source
disease	DOID:0060264	pontocerebellar hypoplasia	xref	GARD:10977	Pontoneocerebellar hypoplasia	DOID	from_other_source
disease	DOID:0060272	pontocerebellar hypoplasia type 3	xref	GARD:10708	Pontocerebellar hypoplasia type 3	DOID	from_other_source
disease	DOID:0060273	pontocerebellar hypoplasia type 4	xref	GARD:343	Pontocerebellar hypoplasia type 4	DOID	from_other_source
disease	DOID:0060274	pontocerebellar hypoplasia type 5	xref	GARD:10709	Pontocerebellar hypoplasia type 5	DOID	from_other_source
disease	DOID:0060275	pontocerebellar hypoplasia type 6	xref	GARD:10710	Pontocerebellar hypoplasia type 6	DOID	from_other_source
disease	DOID:0060280	primary pigmented nodular adrenocortical disease	xref	GARD:10906	Primary pigmented nodular adrenocortical disease	DOID	from_other_source
disease	DOID:0060281	photosensitive epilepsy	xref	GARD:5648	Photogenic epilepsy	DOID	from_other_source
disease	DOID:0060283	peeling skin syndrome	xref	GARD:7347	Peeling skin syndrome	DOID	from_other_source
disease	DOID:0060284	paroxysmal nocturnal hemoglobinuria	xref	GARD:7337	Paroxysmal nocturnal hemoglobinuria	DOID	from_other_source
disease	DOID:0060286	combined oxidative phosphorylation deficiency	xref	GARD:12893	Combined oxidative phosphorylation deficiency	DOID	from_other_source
disease	DOID:0060289	Ohdo syndrome	xref	GARD:3348	Blepharophimosis - intellectual disability syndrome, Ohdo type	DOID	from_other_source
disease	DOID:0060291	oculodentodigital dysplasia	xref	GARD:7239	Oculodentodigital dysplasia	DOID	from_other_source
disease	DOID:0060295	complement component 2 deficiency	xref	GARD:1452	Complement component 2 deficiency	DOID	from_other_source
disease	DOID:0060304	dyschromatosis universalis hereditaria	xref	GARD:1996	Dyschromatosis universalis hereditaria	DOID	from_other_source
disease	DOID:0060306	Meier-Gorlin syndrome	xref	GARD:2033	Meier-Gorlin syndrome	DOID	from_other_source
disease	DOID:0060307	autosomal dominant intellectual developmental disorder	xref	GARD:12107	Autosomal dominant non-syndromic intellectual disability	DOID	from_other_source
disease	DOID:0060318	acute promyelocytic leukemia	xref	GARD:538	Acute promyelocytic leukemia	DOID	from_other_source
disease	DOID:0060330	Rapp-Hodgkin syndrome	xref	GARD:5690	Rapp-Hodgkin syndrome	DOID	from_other_source
disease	DOID:0060334	transient neonatal diabetes mellitus	xref	GARD:1839	Diabetes mellitus, transient neonatal, 1	DOID	from_other_source
disease	DOID:0060342	acromelic frontonasal dysostosis	xref	GARD:5539	Acromelic frontonasal dysostosis	DOID	from_other_source
disease	DOID:0060346	congenital myopathy 13	xref	GARD:8432	Bailey-Bloch congenital myopathy	DOID	from_other_source
disease	DOID:0060348	hypoparathyroidism-retardation-dysmorphism syndrome	xref	GARD:411	Sanjad sakati syndrome	DOID	from_other_source
disease	DOID:0060350	adenine phosphoribosyltransferase deficiency	xref	GARD:546	Adenine phosphoribosyltransferase deficiency	DOID	from_other_source
disease	DOID:0060352	Kleefstra syndrome 1	xref	GARD:8672	Kleefstra syndrome	DOID	from_other_source
disease	DOID:0060356	Vici syndrome	xref	GARD:448	Vici syndrome	DOID	from_other_source
disease	DOID:0060357	chylomicron retention disease	xref	GARD:9683	Chylomicron retention disease	DOID	from_other_source
disease	DOID:0060359	Sakati-Nyhan syndrome	xref	GARD:115	Acrocephalopolysyndactyly type III	DOID	from_other_source
disease	DOID:0060366	Hennekam syndrome	xref	GARD:3318	Hennekam lymphangiectasia-lymphedema syndrome	DOID	from_other_source
disease	DOID:0060376	Joubert syndrome with orofaciodigital defect	xref	GARD:4412	Orofaciodigital syndrome type 6	DOID	from_other_source
disease	DOID:0060382	orofaciodigital syndrome IX	xref	GARD:10520	Orofaciodigital syndrome IX	DOID	from_other_source
disease	DOID:0060383	acrofacial dysostosis Rodriguez type	xref	GARD:496	Acrofacial dysostosis Rodriguez type	DOID	from_other_source
disease	DOID:0060384	acrofacial dysostosis, Catania type	xref	GARD:494	Acrofacial dysostosis, Catania type	DOID	from_other_source
disease	DOID:0060387	chondrodysplasia Blomstrand type	xref	GARD:914	Chondrodysplasia Blomstrand type	DOID	from_other_source
disease	DOID:0060394	chromosome 15q13.3 microdeletion syndrome	xref	GARD:10296	Chromosome 15q13.3 microdeletion syndrome	DOID	from_other_source
disease	DOID:0060395	chromosome 15q24 deletion syndrome	xref	GARD:12219	Chromosome 15q24 deletion syndrome	DOID	from_other_source
disease	DOID:0060402	chromosome 17p13.1 deletion syndrome	xref	GARD:10996	Distal 17p13.1 microdeletion syndrome	DOID	from_other_source
disease	DOID:0060404	chromosome 17q12 deletion syndrome	xref	GARD:13297	Chromosome 17q12 deletion syndrome	DOID	from_other_source
disease	DOID:0060405	chromosome 17q23.1-q23.2 deletion syndrome	xref	GARD:10936	Chromosome 17q23.1-q23.2 deletion syndrome	DOID	from_other_source
disease	DOID:0060408	chromosome 19q13.11 deletion syndrome	xref	GARD:10592	Chromosome 19q13.11 deletion syndrome	DOID	from_other_source
disease	DOID:0060410	chromosome 1p36 deletion syndrome	xref	GARD:6082	Chromosome 1p36 deletion syndrome	DOID	from_other_source
disease	DOID:0060411	chromosome 1q21.1 deletion syndrome	xref	GARD:10813	Chromosome 1q21.1 deletion syndrome	DOID	from_other_source
disease	DOID:0060412	chromosome 1q41-q42 deletion syndrome	xref	GARD:3738	Chromosome 1q41-q42 deletion syndrome	DOID	from_other_source
disease	DOID:0060415	chromosome 2p16.1-p15 deletion syndrome	xref	GARD:13391	Chromosome 2p16.1-p15 deletion syndrome	DOID	from_other_source
disease	DOID:0060419	chromosome 3q29 microdeletion syndrome	xref	GARD:11974	Chromosome 3q29 microdeletion syndrome	DOID	from_other_source
disease	DOID:0060433	chromosome 17q12 duplication syndrome	xref	GARD:13296	Chromosome 17q12 duplication syndrome	DOID	from_other_source
disease	DOID:0060435	chromosome 1q21.1 duplication syndrome	xref	GARD:10591	Chromosome 1q21.1 duplication syndrome	DOID	from_other_source
disease	DOID:0060439	lysinuric protein intolerance	xref	GARD:3335	Lysinuric protein intolerance	DOID	from_other_source
disease	DOID:0060451	Meesmann corneal dystrophy	xref	GARD:9688	Meesmann corneal dystrophy	DOID	from_other_source
disease	DOID:0060456	Schnyder corneal dystrophy	xref	GARD:9277	Schnyder crystalline corneal dystrophy	DOID	from_other_source
disease	DOID:0060459	chromosome 3q29 microduplication syndrome	xref	GARD:10360	Chromosome 3q29 microduplication syndrome	DOID	from_other_source
disease	DOID:0060462	Desbuquois dysplasia	xref	GARD:1818	Desbuquois syndrome	DOID	from_other_source
disease	DOID:0060464	Feingold syndrome	xref	GARD:8407	Feingold syndrome	DOID	from_other_source
disease	DOID:0060465	fibrochondrogenesis	xref	GARD:2321	Fibrochondrogenesis	DOID	from_other_source
disease	DOID:0060467	humeroradial synostosis	xref	GARD:2748	Humeroradial synostosis	DOID	from_other_source
disease	DOID:0060468	Holt-Oram syndrome	xref	GARD:6666	Holt-Oram syndrome	DOID	from_other_source
disease	DOID:0060472	Kindler syndrome	xref	GARD:4391	Kindler syndrome	DOID	from_other_source
disease	DOID:0060473	Kabuki syndrome	xref	GARD:6810	Kabuki syndrome	DOID	from_other_source
disease	DOID:0060476	Perlman syndrome	xref	GARD:3936	Perlman syndrome	DOID	from_other_source
disease	DOID:0060478	Zika fever	xref	GARD:12894	Zika virus infectious disease	DOID	from_other_source
disease	DOID:0060479	Shwachman-Diamond syndrome	xref	GARD:4863	Shwachman syndrome	DOID	from_other_source
disease	DOID:0060480	left ventricular noncompaction	xref	GARD:10985	Left ventricular noncompaction	DOID	from_other_source
disease	DOID:0060481	Goldberg-Shprintzen syndrome	xref	GARD:9849	Goldberg-Shprintzen syndrome	DOID	from_other_source
disease	DOID:0060485	Mowat-Wilson syndrome	xref	GARD:9673	Mowat-Wilson syndrome	DOID	from_other_source
disease	DOID:0060486	Perry syndrome	xref	GARD:10453	Perry syndrome	DOID	from_other_source
disease	DOID:0060488	Pitt-Hopkins syndrome	xref	GARD:4372	Pitt-Hopkins syndrome	DOID	from_other_source
disease	DOID:0060490	Schimke immuno-osseous dysplasia	xref	GARD:4984	Schimke immuno-osseous dysplasia	DOID	from_other_source
disease	DOID:0060535	Warsaw breakage syndrome	xref	GARD:13708	Warsaw breakage syndrome	DOID	from_other_source
disease	DOID:0060536	mitochondrial complex I deficiency	xref	GARD:3908	Mitochondrial complex I deficiency	DOID	from_other_source
disease	DOID:0060537	mitochondrial complex II deficiency	xref	GARD:5053	Mitochondrial complex II deficiency, nuclear type 1	DOID	from_other_source
disease	DOID:0060549	Barber-Say syndrome	xref	GARD:819	Barber-Say syndrome	DOID	from_other_source
disease	DOID:0060550	ablepharon macrostomia syndrome	xref	GARD:3	Ablepharon macrostomia syndrome	DOID	from_other_source
disease	DOID:0060551	poikiloderma with neutropenia	xref	GARD:4085	Poikiloderma with neutropenia	DOID	from_other_source
disease	DOID:0060558	lethal congenital contracture syndrome	xref	GARD:12643	Lethal congenital contracture syndrome	DOID	from_other_source
disease	DOID:0060559	lethal congenital contracture syndrome 1	xref	GARD:3227	Lethal congenital contracture syndrome 1	DOID	from_other_source
disease	DOID:0060560	lethal congenital contracture syndrome 2	xref	GARD:9177	Lethal congenital contracture syndrome 2	DOID	from_other_source
disease	DOID:0060563	Char syndrome	xref	GARD:1237	Char syndrome	DOID	from_other_source
disease	DOID:0060567	erythema elevatum diutinum	xref	GARD:8653	Erythema elevatum diutinum	DOID	from_other_source
disease	DOID:0060569	hypertrichotic osteochondrodysplasia Cantu type	xref	GARD:8585	Hypertrichotic osteochondrodysplasia Cantu type	DOID	from_other_source
disease	DOID:0060589	Yunis-Varon syndrome	xref	GARD:331	Yunis-Varon syndrome	DOID	from_other_source
disease	DOID:0060591	WHIM syndrome 1	xref	GARD:9297	WHIM syndrome 1	DOID	from_other_source
disease	DOID:0060599	Nance-Horan syndrome	xref	GARD:7161	Nance-Horan syndrome	DOID	from_other_source
disease	DOID:0060608	microcephalic osteodysplastic primordial dwarfism type I	xref	GARD:5120	Microcephalic osteodysplastic primordial dwarfism types I and III	DOID	from_other_source
disease	DOID:0060614	ulnar-mammary syndrome	xref	GARD:118	Ulnar-mammary syndrome	DOID	from_other_source
disease	DOID:0060639	permanent neonatal diabetes mellitus	xref	GARD:10457	Permanent neonatal diabetes mellitus	DOID	from_other_source
disease	DOID:0060640	ethylmalonic encephalopathy	xref	GARD:2198	Ethylmalonic encephalopathy	DOID	from_other_source
disease	DOID:0060643	primary sclerosing cholangitis	xref	GARD:1280	Primary sclerosing cholangitis	DOID	from_other_source
disease	DOID:0060648	anterior segment dysgenesis	xref	GARD:10025	Anterior segment dysgenesis	DOID	from_other_source
disease	DOID:0060650	dicarboxylic aminoaciduria	xref	GARD:1855	Dicarboxylic aminoaciduria	DOID	from_other_source
disease	DOID:0060654	lethal congenital contracture syndrome 4	xref	GARD:12645	Lethal congenital contracture syndrome 4	DOID	from_other_source
disease	DOID:0060656	autosomal recessive congenital ichthyosis 1	xref	GARD:3170	Autosomal recessive congenital ichthyosis 1	DOID	from_other_source
disease	DOID:0060668	anencephaly	xref	GARD:5808	Anencephaly 1	DOID	from_other_source
disease	DOID:0060673	Peters anomaly	xref	GARD:7377	Irido-corneo-trabecular dysgenesis	DOID	from_other_source
disease	DOID:0060681	autosomal dominant nocturnal frontal lobe epilepsy	xref	GARD:11918	Autosomal dominant nocturnal frontal lobe epilepsy	DOID	from_other_source
disease	DOID:0060695	hyperekplexia	xref	GARD:3129	Hereditary hyperekplexia	DOID	from_other_source
disease	DOID:0060699	familial hypocalciuric hypercalcemia	xref	GARD:10828	Familial hypocalciuric hypercalcemia	DOID	from_other_source
disease	DOID:0060701	familial hypocalciuric hypercalcemia 2	xref	GARD:9758	Familial hypocalciuric hypercalcemia 2	DOID	from_other_source
disease	DOID:0060702	familial hypocalciuric hypercalcemia 3	xref	GARD:2878	Familial hypocalciuric hypercalcemia 3	DOID	from_other_source
disease	DOID:0060703	Muenke Syndrome	xref	GARD:7097	Muenke syndrome	DOID	from_other_source
disease	DOID:0060705	X-linked lymphoproliferative syndrome 1	xref	GARD:7906	X-linked lymphoproliferative disease due to SH2D1A deficiency	DOID	from_other_source
disease	DOID:0060706	X-linked lymphoproliferative syndrome 2	xref	GARD:10916	X-linked lymphoproliferative disease due to XIAP deficiency	DOID	from_other_source
disease	DOID:0060731	congenital central hypoventilation syndrome	xref	GARD:8535	Central hypoventilation syndrome, congenital, 1, with or without Hirschsprung disease	DOID	from_other_source
disease	DOID:0060739	hand-foot-genital syndrome	xref	GARD:2594	Hand-foot-genital syndrome	DOID	from_other_source
disease	DOID:0060744	Pendred Syndrome	xref	GARD:4271	Pendred syndrome	DOID	from_other_source
disease	DOID:0060745	Doyne honeycomb retinal dystrophy	xref	GARD:1912	Doyne honeycomb retinal dystrophy	DOID	from_other_source
disease	DOID:0060747	Duane-radial ray syndrome	xref	GARD:9182	Duane-radial ray syndrome	DOID	from_other_source
disease	DOID:0060758	immunodeficiency with hyper-IgM type 2	xref	GARD:10578	Hyper-IgM syndrome type 2	DOID	from_other_source
disease	DOID:0060759	immunodeficiency with hyper IgM type 5	xref	GARD:10581	Hyper-IgM syndrome type 5	DOID	from_other_source
disease	DOID:0060760	immunodeficiency with hyper-IgM type 4	xref	GARD:10580	Hyper-IgM syndrome type 4	DOID	from_other_source
disease	DOID:0060762	restrictive dermopathy	xref	GARD:1516	Lethal tight skin contracture syndrome	DOID	from_other_source
disease	DOID:0060768	Smith-Magenis syndrome	xref	GARD:8197	Smith-Magenis syndrome	DOID	from_other_source
disease	DOID:0060773	cleft lip-palate-ectodermal dysplasia syndrome	xref	GARD:375	Cleft lip/palate-ectodermal dysplasia syndrome	DOID	from_other_source
disease	DOID:0060775	microvillus inclusion disease	xref	GARD:7039	Congenital microvillous atrophy	DOID	from_other_source
disease	DOID:0060785	typical adult-onset autosomal dominant demyelinating leukodystrophy	xref	GARD:10587	Adult-onset autosomal dominant demyelinating leukodystrophy	DOID	from_other_source
disease	DOID:0060799	syndromic X-linked intellectual disability Lubs type	xref	GARD:9781	Syndromic X-linked intellectual disability Lubs type	DOID	from_other_source
disease	DOID:0060802	syndromic X-linked intellectual disability Snyder type	xref	GARD:5615	Syndromic X-linked intellectual disability Snyder type	DOID	from_other_source
disease	DOID:0060807	syndromic X-linked intellectual disability Najm type	xref	GARD:12669	Syndromic X-linked intellectual disability Najm type	DOID	from_other_source
disease	DOID:0060808	syndromic X-linked intellectual disability 7	xref	GARD:9156	Syndromic X-linked intellectual disability 7	DOID	from_other_source
disease	DOID:0060814	Wilson-Turner syndrome	xref	GARD:5579	Wilson-Turner syndrome	DOID	from_other_source
disease	DOID:0060822	syndromic X-linked intellectual disability Cabezas type	xref	GARD:13244	X-linked intellectual disability Cabezas type	DOID	from_other_source
disease	DOID:0060825	Christianson syndrome	xref	GARD:10572	Christianson syndrome	DOID	from_other_source
disease	DOID:0060831	Griscelli syndrome	xref	GARD:10913	Griscelli syndrome	DOID	from_other_source
disease	DOID:0060832	Griscelli syndrome type 1	xref	GARD:2566	Griscelli syndrome type 1	DOID	from_other_source
disease	DOID:0060833	Griscelli syndrome type 2	xref	GARD:4483	Griscelli syndrome type 2	DOID	from_other_source
disease	DOID:0060834	Griscelli syndrome type 3	xref	GARD:9715	Griscelli syndrome type 3	DOID	from_other_source
disease	DOID:0060844	Norrie disease	xref	GARD:7224	Atrophia bulborum hereditaria	DOID	from_other_source
disease	DOID:0060847	Leri-Weill dyschondrosteosis	xref	GARD:3224	Leri-Weill dyschondrosteosis	DOID	from_other_source
disease	DOID:0060848	developmental and epileptic encephalopathy 9	xref	GARD:10806	Developmental and epileptic encephalopathy, 9	DOID	from_other_source
disease	DOID:0060849	osteoporosis-pseudoglioma syndrome	xref	GARD:4160	Osteoporosis with pseudoglioma	DOID	from_other_source
disease	DOID:0060850	annular pancreas	xref	GARD:705	Annular pancreas	DOID	from_other_source
disease	DOID:0060851	pemphigus vulgaris	xref	GARD:7355	Pemphigus vulgaris	DOID	from_other_source
disease	DOID:0060852	Pierson syndrome	xref	GARD:9420	Pierson syndrome	DOID	from_other_source
disease	DOID:0060853	Potocki-Lupski syndrome	xref	GARD:10145	17p11.2 microduplication syndrome	DOID	from_other_source
disease	DOID:0060854	autosomal recessive pseudohypoaldosteronism type 1	xref	GARD:4552	Pseudohypoaldosteronism, type IB1, autosomal recessive	DOID	from_other_source
disease	DOID:0060855	autosomal dominant pseudohypoaldosteronism type 1	xref	GARD:9145	Autosomal dominant pseudohypoaldosteronism type 1	DOID	from_other_source
disease	DOID:0060857	septooptic dysplasia	xref	GARD:7627	Septo-optic dysplasia sequence	DOID	from_other_source
disease	DOID:0060862	mal de Meleda	xref	GARD:92	Acroerythrokeratoderma	DOID	from_other_source
disease	DOID:0060868	leukoencephalopathy with vanishing white matter	xref	GARD:231	Vanishing white matter disease	DOID	from_other_source
disease	DOID:0060869	late-onset retinal degeneration	xref	GARD:4357	Late-onset retinal degeneration	DOID	from_other_source
disease	DOID:0060870	isolated growth hormone deficiency	xref	GARD:12556	Isolated congenital growth hormone deficiency	DOID	from_other_source
disease	DOID:0060875	isolated growth hormone deficiency type III	xref	GARD:3921	X-linked agammaglobulinemia with growth hormone deficiency	DOID	from_other_source
disease	DOID:0060877	bullous congenital ichthyosiform erythroderma	xref	GARD:2966	Ichthyosis bullosa of Siemens	DOID	from_other_source
disease	DOID:0060884	renal hypomagnesemia 6	xref	GARD:12155	Renal hypomagnesemia 6	DOID	from_other_source
disease	DOID:0060885	renal hypomagnesemia 2	xref	GARD:3350	Renal hypomagnesemia 2	DOID	from_other_source
disease	DOID:0060888	transient myeloproliferative syndrome	xref	GARD:12765	Transient myeloproliferative syndrome	DOID	from_other_source
disease	DOID:0060889	prune belly syndrome	xref	GARD:7479	Prune belly syndrome	DOID	from_other_source
disease	DOID:0060901	lymphoplasmacytic lymphoma	xref	GARD:7872	Waldenstrom macroglobulinemia	DOID	from_other_source
disease	DOID:0060911	karyomegalic interstitial nephritis	xref	GARD:11003	Karyomegalic interstitial nephritis	DOID	from_other_source
disease	DOID:0060945	amelogenesis imperfecta type 1K	xref	GARD:5791	Amelogenesis imperfecta	DOID	from_other_source
disease	DOID:0060949	3-hydroxyisobutryl-CoA hydrolase deficiency	xref	GARD:13202	3-hydroxyisobutyryl-CoA hydrolase deficiency	DOID	from_other_source
disease	DOID:0060953	ZTTK syndrome	xref	GARD:13489	ZTTK syndrome	DOID	from_other_source
disease	DOID:0060958	orofaciodigital syndrome XIV	xref	GARD:13655	Orofaciodigital syndrome type 14	DOID	from_other_source
disease	DOID:0060959	orofaciodigital syndrome II	xref	GARD:3701	Mohr syndrome	DOID	from_other_source
disease	DOID:0060986	preaxial polydactyly II	xref	GARD:5289	Polydactyly of a triphalangeal thumb	DOID	from_other_source
disease	DOID:0060987	preaxial polydactyly I	xref	GARD:4417	Polydactyly of a biphalangeal thumb	DOID	from_other_source
disease	DOID:0061009	craniosynostosis 2	xref	GARD:5538	Craniosynostosis 2	DOID	from_other_source
disease	DOID:0061017	combined pituitary hormone deficiency 4	xref	GARD:10604	Short stature-pituitary and cerebellar defects-small sella turcica syndrome	DOID	from_other_source
disease	DOID:0061030	hemophilia	xref	GARD:418	Essential pentosuria	DOID	from_other_source
disease	DOID:0061100	autosomal dominant primary microcephaly	xref	GARD:3605	Autosomal dominant primary microcephaly	DOID	from_other_source
disease	DOID:0061157	retinopathy sensory neuropathy syndrome	xref	GARD:9898	Posterior column ataxia-retinitis pigmentosa syndrome	DOID	from_other_source
disease	DOID:0061186	long chain 3-hydroxyacyl-CoA dehydrogenase deficiency	xref	GARD:6867	Long chain 3-hydroxyacyl-CoA dehydrogenase deficiency	DOID	from_other_source
disease	DOID:0061225	interleukin-1 receptor antagonist deficiency	xref	GARD:10516	Sterile multifocal osteomyelitis with periostitis and pustulosis	DOID	from_other_source
disease	DOID:0061226	primary ciliary dyskinesia 55	xref	GARD:341	Young syndrome	DOID	from_other_source
disease	DOID:0061263	lethal congenital contracture syndrome 7	xref	GARD:18564	Lethal congenital contracture syndrome 7	DOID	from_other_source
disease	DOID:0070026	Revesz syndrome	xref	GARD:4695	Revesz syndrome	DOID	from_other_source
disease	DOID:0070029	ITM2B-related cerebral amyloid angiopathy 1	xref	GARD:8344	ABri amyloidosis	DOID	from_other_source
disease	DOID:0070055	Xia-Gibbs Syndrome	xref	GARD:13409	AHDC1-related intellectual disability - obstructive sleep apnea - mild dysmorphism syndrome	DOID	from_other_source
disease	DOID:0070096	oculocutaneous albinism type II	xref	GARD:4038	Tyrosinase-positive oculocutaneous albinism	DOID	from_other_source
disease	DOID:0070097	oculocutaneous albinism type III	xref	GARD:4039	Oculocutaneous albinism type 3	DOID	from_other_source
disease	DOID:0070111	Niemann-Pick disease type A	xref	GARD:7206	Niemann-Pick disease, type A	DOID	from_other_source
disease	DOID:0070112	Niemann-Pick disease type B	xref	GARD:10729	Niemann-Pick disease, type B	DOID	from_other_source
disease	DOID:0070113	Niemann-Pick disease type C1	xref	GARD:7207	Niemann-Pick disease, type C	DOID	from_other_source
disease	DOID:0070114	Niemann-Pick disease type C2	xref	GARD:3992	Niemann-Pick disease, type C2	DOID	from_other_source
disease	DOID:0070143	autosomal recessive cutis laxa type III	xref	GARD:49	De Barsy syndrome	DOID	from_other_source
disease	DOID:0070144	autosomal recessive cutis laxa type I	xref	GARD:8480	Autosomal recessive cutis laxa type 1	DOID	from_other_source
disease	DOID:0070145	hereditary sensory and autonomic neuropathy type 5	xref	GARD:12328	Congenital sensory neuropathy with selective loss of small myelinated fibers	DOID	from_other_source
disease	DOID:0070146	congenital insensitivity to pain with anhidrosis	xref	GARD:3006	Hereditary insensitivity to pain with anhidrosis	DOID	from_other_source
disease	DOID:0070149	hereditary sensory and autonomic neuropathy type 7	xref	GARD:12732	Hereditary sensory and autonomic neuropathy type 7	DOID	from_other_source
disease	DOID:0070158	hereditary sensory neuropathy type 1E	xref	GARD:11927	Hereditary sensory neuropathy-deafness-dementia syndrome	DOID	from_other_source
disease	DOID:0070161	hereditary sensory and autonomic neuropathy type 2	xref	GARD:3976	Hereditary sensory and autonomic neuropathy type 2	DOID	from_other_source
disease	DOID:0070162	hereditary sensory and autonomic neuropathy type 1	xref	GARD:6635	Hereditary sensory and autonomic neuropathy type 1	DOID	from_other_source
disease	DOID:0070183	spermatogenic failure 5	xref	GARD:12385	Infertility associated with multi-tailed spermatozoa and excessive DNA	DOID	from_other_source
disease	DOID:0070197	distal myopathy 1	xref	GARD:10769	MYH7-related skeletal myopathy	DOID	from_other_source
disease	DOID:0070198	Miyoshi muscular dystrophy	xref	GARD:9676	Miyoshi myopathy	DOID	from_other_source
disease	DOID:0070202	familial partial lipodystrophy type 2	xref	GARD:3126	Familial partial lipodystrophy, Dunnigan type	DOID	from_other_source
disease	DOID:0070204	familial partial lipodystrophy type 3	xref	GARD:12600	PPARG-related familial partial lipodystrophy	DOID	from_other_source
disease	DOID:0070205	familial partial lipodystrophy type 4	xref	GARD:12601	PLIN1-related familial partial lipodystrophy	DOID	from_other_source
disease	DOID:0070207	familial partial lipodystrophy type 1	xref	GARD:12598	Familial partial lipodystrophy, Kobberling type	DOID	from_other_source
disease	DOID:0070213	hereditary lymphedema II	xref	GARD:3324	Lymphedema praecox	DOID	from_other_source
disease	DOID:0070214	familial hyperinsulinemic hypoglycemia 7	xref	GARD:9932	Exercise-induced hyperinsulinism	DOID	from_other_source
disease	DOID:0070216	familial hyperinsulinemic hypoglycemia 3	xref	GARD:2818	Hyperinsulinism due to glucokinase deficiency	DOID	from_other_source
disease	DOID:0070217	familial hyperinsulinemic hypoglycemia 6	xref	GARD:9931	Hyperinsulinism-hyperammonemia syndrome	DOID	from_other_source
disease	DOID:0070222	progressive familial intrahepatic cholestasis 2	xref	GARD:1288	Progressive familial intrahepatic cholestasis type 2	DOID	from_other_source
disease	DOID:0070223	progressive familial intrahepatic cholestasis 3	xref	GARD:1289	Progressive familial intrahepatic cholestasis type 3	DOID	from_other_source
disease	DOID:0070226	progressive familial intrahepatic cholestasis 1	xref	GARD:9802	Progressive familial intrahepatic cholestasis type 1	DOID	from_other_source
disease	DOID:0070227	intrahepatic cholestasis of pregnancy	xref	GARD:9804	Cholestasis of pregnancy	DOID	from_other_source
disease	DOID:0070230	benign recurrent intrahepatic cholestasis	xref	GARD:12185	Benign recurrent intrahepatic cholestasis	DOID	from_other_source
disease	DOID:0070231	benign recurrent intrahepatic cholestasis 1	xref	GARD:10028	Benign recurrent intrahepatic cholestasis type 1	DOID	from_other_source
disease	DOID:0070232	benign recurrent intrahepatic cholestasis 2	xref	GARD:10029	Benign recurrent intrahepatic cholestasis type 2	DOID	from_other_source
disease	DOID:0070241	primary coenzyme Q10 deficiency 4	xref	GARD:10294	Autosomal recessive ataxia due to ubiquinone deficiency	DOID	from_other_source
disease	DOID:0070253	congenital disorder of glycosylation type IIa	xref	GARD:9828	MGAT2-congenital disorder of glycosylation	DOID	from_other_source
disease	DOID:0070254	congenital disorder of glycosylation type IIb	xref	GARD:10767	MOGS-congenital disorder of glycosylation	DOID	from_other_source
disease	DOID:0070255	congenital disorder of glycosylation type IIc	xref	GARD:4634	Leukocyte adhesion deficiency type II	DOID	from_other_source
disease	DOID:0070256	congenital disorder of glycosylation type IId	xref	GARD:9841	B4GALT1-congenital disorder of glycosylation	DOID	from_other_source
disease	DOID:0070257	congenital disorder of glycosylation type IIe	xref	GARD:9842	COG7 congenital disorder of glycosylation	DOID	from_other_source
disease	DOID:0070258	congenital disorder of glycosylation type IIf	xref	GARD:12409	SLC35A1-congenital disorder of glycosylation	DOID	from_other_source
disease	DOID:0070259	congenital disorder of glycosylation type IIg	xref	GARD:10226	COG1 congenital disorder of glycosylation	DOID	from_other_source
disease	DOID:0070260	congenital disorder of glycosylation type IIh	xref	GARD:12411	COG8-congenital disorder of glycosylation	DOID	from_other_source
disease	DOID:0070261	congenital disorder of glycosylation type IIi	xref	GARD:12348	COG5-congenital disorder of glycosylation	DOID	from_other_source
disease	DOID:0070262	congenital disorder of glycosylation type IIj	xref	GARD:12412	COG4-congenital disorder of glycosylation	DOID	from_other_source
disease	DOID:0070263	congenital disorder of glycosylation type IIk	xref	GARD:12413	TMEM165-congenital disorder of glycosylation	DOID	from_other_source
disease	DOID:0070264	congenital disorder of glycosylation type IIl	xref	GARD:10944	COG6-congenital disorder of glycosylation	DOID	from_other_source
disease	DOID:0070265	congenital disorder of glycosylation type IIm	xref	GARD:12403	SLC35A2-congenital disorder of glycosylation	DOID	from_other_source
disease	DOID:0070296	autosomal recessive primary microcephaly	xref	GARD:12117	Autosomal recessive primary microcephaly	DOID	from_other_source
disease	DOID:0070299	multiple epiphyseal dysplasia 5	xref	GARD:9794	Multiple epiphyseal dysplasia type 5	DOID	from_other_source
disease	DOID:0070300	multiple epiphyseal dysplasia 4	xref	GARD:9793	Multiple epiphyseal dysplasia type 4	DOID	from_other_source
disease	DOID:0070303	multiple epiphyseal dysplasia 1	xref	GARD:2180	Multiple epiphyseal dysplasia type 1	DOID	from_other_source
disease	DOID:0070315	hypoplastic right heart syndrome	xref	GARD:2922	Hypoplastic right heart syndrome	DOID	from_other_source
disease	DOID:0070322	childhood hepatocellular carcinoma	xref	GARD:9331	Pediatric hepatocellular carcinoma	DOID	from_other_source
disease	DOID:0070329	mitochondrial DNA depletion syndrome	xref	GARD:13643	Mitochondrial DNA depletion syndrome	DOID	from_other_source
disease	DOID:0070330	multiple mitochondrial dysfunctions syndrome	xref	GARD:12632	Fatal multiple mitochondrial dysfunctions syndrome	DOID	from_other_source
disease	DOID:0070332	multiple mitochondrial dysfunctions syndrome 6	xref	GARD:18004	Multiple mitochondrial dysfunctions syndrome 6	DOID	from_other_source
disease	DOID:0070419	acrocardiofacial syndrome	xref	GARD:1167	Acrocardiofacial syndrome	DOID	from_other_source
disease	DOID:0070439	North Carolina macular dystrophy	xref	GARD:9179	North Carolina macular dystrophy	DOID	from_other_source
disease	DOID:0070452	xanthinuria type I	xref	GARD:5621	Hereditary xanthinuria type 1	DOID	from_other_source
disease	DOID:0070453	xanthinuria type II	xref	GARD:5620	Xanthinuria type II	DOID	from_other_source
disease	DOID:0070474	childhood-onset neurodegeneration with brain atrophy	xref	GARD:13658	Childhood-onset motor and cognitive regression syndrome with extrapyramidal movement disorder	DOID	from_other_source
disease	DOID:0070475	SMARCB1-deficient renal medullary carcinoma	xref	GARD:13175	Kidney medullary carcinoma	DOID	from_other_source
disease	DOID:0070484	Legius syndrome	xref	GARD:10714	Legius syndrome	DOID	from_other_source
disease	DOID:0070489	classic dopamine transporter deficiency syndrome	xref	GARD:10484	Parkinsonism-dystonia, infantile	DOID	from_other_source
disease	DOID:0070490	infantile parkinsonism-dystonia 2	xref	GARD:13594	Brain dopamine-serotonin vesicular transport disease	DOID	from_other_source
disease	DOID:0070509	Schinzel Giedion syndrome	xref	GARD:117	Schinzel-Giedion syndrome	DOID	from_other_source
disease	DOID:0070511	polyhydramnios, megalencephaly, and symptomatic epilepsy	xref	GARD:12913	Polyhydramnios, megalencephaly, and symptomatic epilepsy	DOID	from_other_source
disease	DOID:0070515	chromosome 16p11.2 deletion syndrome, 593-kb	xref	GARD:10740	Proximal 16p11.2 microdeletion syndrome	DOID	from_other_source
disease	DOID:0070518	familial multiple lipomatosis	xref	GARD:12925	Familial multiple lipomatosis	DOID	from_other_source
disease	DOID:0070521	peeling skin syndrome 2	xref	GARD:12863	Acral peeling skin syndrome	DOID	from_other_source
disease	DOID:0070537	spastic tetraplegia, thin corpus callosum, and progressive microcephaly	xref	GARD:13425	Spastic tetraplegia-thin corpus callosum-progressive postnatal microcephaly syndrome	DOID	from_other_source
disease	DOID:0070538	syndromic X-linked intellectual developmental disorder bain type	xref	GARD:13442	Intellectual disability, X-linked, syndromic, Bain type	DOID	from_other_source
disease	DOID:0070540	mitochondrial short-chain enoyl-CoA hydratase 1 deficiency	xref	GARD:13019	Mitochondrial short-chain Enoyl-Coa hydratase 1 deficiency	DOID	from_other_source
disease	DOID:0070541	3-hydroxy-3-methylglutaryl-CoA lyase deficiency	xref	GARD:8387	Deficiency of hydroxymethylglutaryl-CoA lyase	DOID	from_other_source
disease	DOID:0070544	congenital glutamine deficiency	xref	GARD:9848	Congenital brain dysgenesis due to glutamine synthetase deficiency	DOID	from_other_source
disease	DOID:0070550	KRT1-related nonepidermolytic palmoplantar keratoderma	xref	GARD:5186	Diffuse nonepidermolytic palmoplantar keratoderma	DOID	from_other_source
disease	DOID:0070553	focal palmoplantar and gingival keratosis	xref	GARD:3098	Focal palmoplantar and gingival keratoderma	DOID	from_other_source
disease	DOID:0070561	glucose transporter type 1 deficiency syndrome 1	xref	GARD:9265	Encephalopathy due to GLUT1 deficiency	DOID	from_other_source
disease	DOID:0070562	Fanconi-Bickel syndrome	xref	GARD:2268	Fanconi-Bickel syndrome	DOID	from_other_source
disease	DOID:0070563	glucose-galactose malabsorption	xref	GARD:6521	Congenital glucose-galactose malabsorption	DOID	from_other_source
disease	DOID:0070613	familial renal glucosuria	xref	GARD:7548	Familial renal glucosuria	DOID	from_other_source
disease	DOID:0070615	autoinflammation, antibody deficiency, and immune dysregulation syndrome	xref	GARD:17486	Autoinflammation-PLCG2-associated antibody deficiency-immune dysregulation	DOID	from_other_source
disease	DOID:0070621	ring chromosome 14 syndrome	xref	GARD:6072	Ring chromosome 14	DOID	from_other_source
disease	DOID:0070622	ring chromosome 20 syndrome	xref	GARD:1334	Ring chromosome 20 syndrome	DOID	from_other_source
disease	DOID:0070650	Ramon syndrome	xref	GARD:7523	Ramon syndrome	DOID	from_other_source
disease	DOID:0070654	desmosterolosis	xref	GARD:10283	Desmosterolosis	DOID	from_other_source
disease	DOID:0070678	congenital hypomyelinating neuropathy	xref	GARD:25794	Congenital hypomyelinating neuropathy	DOID	from_other_source
disease	DOID:0070681	congenital hydrocephalus	xref	GARD:6682	Congenital hydrocephalus	DOID	from_other_source
disease	DOID:0070686	X-linked congenital hydrocephalus	xref	GARD:434	X-linked hydrocephalus syndrome	DOID	from_other_source
disease	DOID:0070688	autosomal recessive congenital indifference to pain	xref	GARD:12267	Channelopathy-associated congenital insensitivity to pain, autosomal recessive	DOID	from_other_source
disease	DOID:0070689	hereditary sensory and autonomic neuropathy type 2D	xref	GARD:26489	Neuropathy, hereditary sensory and autonomic, type IId	DOID	from_other_source
disease	DOID:0070704	dentin dysplasia type IA	xref	GARD:17433	Atypical dentin dysplasia due to SMOC2 deficiency	DOID	from_other_source
disease	DOID:0070707	dentin dysplasia type II	xref	GARD:1806	Dentin dysplasia type II	DOID	from_other_source
disease	DOID:0070708	dentin dysplasia with sclerotic bones	xref	GARD:1808	Dentin dysplasia-sclerotic bones syndrome	DOID	from_other_source
disease	DOID:0070733	multiple mitochondrial dysfunctions syndrome 7	xref	GARD:26818	Multiple mitochondrial dysfunctions syndrome 7	DOID	from_other_source
disease	DOID:0070734	episodic mitochondrial myopathy with optic atrophy and reversible leukoencephalopathy	xref	GARD:25221	Mitochondrial myopathy, episodic, with optic atrophy and reversible leukoencephalopathy	DOID	from_other_source
disease	DOID:0070735	auditory neuropathy and optic atrophy	xref	GARD:17983	Auditory neuropathy-optic atrophy syndrome	DOID	from_other_source
disease	DOID:0070736	multiple mitochondrial dysfunctions syndrome 9B	xref	GARD:27208	Multiple mitochondrial dysfunctions syndrome 9b	DOID	from_other_source
disease	DOID:0070737	multiple mitochondrial dysfunctions syndrome 10	xref	GARD:27319	Multiple mitochondrial dysfunctions syndrome 10	DOID	from_other_source
disease	DOID:0070738	Al Kaissi syndrome	xref	GARD:25894	Al Kaissi syndrome	DOID	from_other_source
disease	DOID:0070742	combined immunodeficiency and megaloblastic anemia with or without hyperhomocysteinemia	xref	GARD:26001	Combined immunodeficiency and megaloblastic anemia with or without hyperhomocysteinemia	DOID	from_other_source
disease	DOID:0070744	early childhood-onset progressive leukodystrophy	xref	GARD:17936	Alkaline ceramidase 3 deficiency	DOID	from_other_source
disease	DOID:0070746	HELIX syndrome	xref	GARD:17967	HELIX syndrome	DOID	from_other_source
disease	DOID:0070748	joint laxity, short stature, and myopia	xref	GARD:17963	Joint laxity, short stature, and myopia	DOID	from_other_source
disease	DOID:0070757	Pilarowski-Bjornsson syndrome	xref	GARD:17970	Pilarowski-Bjornsson syndrome	DOID	from_other_source
disease	DOID:0080016	spina bifida	xref	GARD:7673	Isolated spina bifida	DOID	from_other_source
disease	DOID:0080021	Schmid metaphyseal chondrodysplasia	xref	GARD:7029	Metaphyseal chondrodysplasia, Schmid type	DOID	from_other_source
disease	DOID:0080028	spondyloepimetaphyseal dysplasia, Strudwick type	xref	GARD:134	Spondyloepimetaphyseal dysplasia, Strudwick type	DOID	from_other_source
disease	DOID:0080030	spondyloepimetaphyseal dysplasia, Missouri type	xref	GARD:10618	Spondyloepimetaphyseal dysplasia, Missouri type	DOID	from_other_source
disease	DOID:0080031	fibrous dysplasia	xref	GARD:6444	Fibrous dysplasia	DOID	from_other_source
disease	DOID:0080032	craniodiaphyseal dysplasia	xref	GARD:1567	Craniodiaphyseal dysplasia	DOID	from_other_source
disease	DOID:0080037	Worth syndrome	xref	GARD:390	Worth disease	DOID	from_other_source
disease	DOID:0080038	pycnodysostosis	xref	GARD:4611	Pyknodysostosis	DOID	from_other_source
disease	DOID:0080039	axial osteomalacia	xref	GARD:8431	Axial osteomalacia	DOID	from_other_source
disease	DOID:0080041	hypochondroplasia	xref	GARD:6724	Hypochondroplasia	DOID	from_other_source
disease	DOID:0080043	achondrogenesis	xref	GARD:2882	Achondrogenesis	DOID	from_other_source
disease	DOID:0080045	Kniest dysplasia	xref	GARD:6841	Kniest dysplasia	DOID	from_other_source
disease	DOID:0080046	Stickler syndrome	xref	GARD:10782	Stickler syndrome	DOID	from_other_source
disease	DOID:0080047	pseudoachondroplasia	xref	GARD:4540	Pseudoachondroplastic spondyloepiphyseal dysplasia syndrome	DOID	from_other_source
disease	DOID:0080049	acromesomelic dysplasia	xref	GARD:6	Acromesomelic dysplasia	DOID	from_other_source
disease	DOID:0080050	acromesomelic dysplasia, Maroteaux type	xref	GARD:507	Acromesomelic dysplasia 1, Maroteaux type	DOID	from_other_source
disease	DOID:0080051	acromesomelic dysplasia, Hunter-Thompson type	xref	GARD:506	Acromesomelic dysplasia 2C, Hunter-Thompson type	DOID	from_other_source
disease	DOID:0080052	acromesomelic dysplasia, Grebe type	xref	GARD:1300	Grebe syndrome	DOID	from_other_source
disease	DOID:0080053	pseudohypoparathyroidism type 1A	xref	GARD:7486	Pseudohypoparathyroidism type I A	DOID	from_other_source
disease	DOID:0080054	achondrogenesis type IA	xref	GARD:459	Achondrogenesis, type IA	DOID	from_other_source
disease	DOID:0080055	achondrogenesis type IB	xref	GARD:460	Achondrogenesis, type IB	DOID	from_other_source
disease	DOID:0080056	achondrogenesis type II	xref	GARD:8713	Achondrogenesis type II	DOID	from_other_source
disease	DOID:0080059	autosomal recessive spinocerebellar ataxia 7	xref	GARD:12232	Autosomal recessive spinocerebellar ataxia 7	DOID	from_other_source
disease	DOID:0080070	mucolipidosis II alpha/beta	xref	GARD:6749	Mucolipidosis type II	DOID	from_other_source
disease	DOID:0080072	intestinal pseudo-obstruction	xref	GARD:12744	Chronic intestinal pseudoobstruction	DOID	from_other_source
disease	DOID:0080072	intestinal pseudo-obstruction	xref	GARD:6789	Intestinal pseudo-obstruction	DOID	from_other_source
disease	DOID:0080089	tubular aggregate myopathy 1	xref	GARD:3884	Myopathy with tubular aggregates	DOID	from_other_source
disease	DOID:0080090	reducing body myopathy 1A	xref	GARD:12162	Reducing body myopathy	DOID	from_other_source
disease	DOID:0080103	cylindrical spirals myopathy	xref	GARD:11906	Cylindrical spirals myopathy	DOID	from_other_source
disease	DOID:0080109	infantile myofibromatosis	xref	GARD:2998	Infantile myofibromatosis	DOID	from_other_source
disease	DOID:0080119	mitochondrial DNA depletion syndrome 1	xref	GARD:9920	Mitochondrial neurogastrointestinal encephalomyopathy	DOID	from_other_source
disease	DOID:0080121	mitochondrial DNA depletion syndrome 3	xref	GARD:13644	Mitochondrial DNA depletion syndrome 3 (hepatocerebral type)	DOID	from_other_source
disease	DOID:0080122	Alpers-Huttenlocher syndrome	xref	GARD:5783	Progressive sclerosing poliodystrophy	DOID	from_other_source
disease	DOID:0080125	mitochondrial DNA depletion syndrome 6	xref	GARD:3972	Mitochondrial DNA depletion syndrome 6 (hepatocerebral type)	DOID	from_other_source
disease	DOID:0080126	mitochondrial DNA depletion syndrome 7	xref	GARD:4062	Infantile onset spinocerebellar ataxia	DOID	from_other_source
disease	DOID:0080127	mitochondrial DNA depletion syndrome 8a	xref	GARD:13200	Mitochondrial DNA depletion syndrome 8a	DOID	from_other_source
disease	DOID:0080131	mitochondrial DNA depletion syndrome 13	xref	GARD:13298	Mitochondrial DNA depletion syndrome 13	DOID	from_other_source
disease	DOID:0080132	Sengers syndrome	xref	GARD:1142	Sengers syndrome	DOID	from_other_source
disease	DOID:0080133	multiple mitochondrial dysfunctions syndrome 1	xref	GARD:17661	Multiple mitochondrial dysfunctions syndrome 1	DOID	from_other_source
disease	DOID:0080134	multiple mitochondrial dysfunctions syndrome 2	xref	GARD:17662	Multiple mitochondrial dysfunctions syndrome 2	DOID	from_other_source
disease	DOID:0080135	multiple mitochondrial dysfunctions syndrome 3	xref	GARD:17555	Multiple mitochondrial dysfunctions syndrome 3	DOID	from_other_source
disease	DOID:0080136	multiple mitochondrial dysfunctions syndrome 4	xref	GARD:17809	Multiple mitochondrial dysfunctions syndrome 4	DOID	from_other_source
disease	DOID:0080139	multiple congenital anomalies-hypotonia-seizures syndrome 2	xref	GARD:12777	Multiple congenital anomalies-hypotonia-seizures syndrome 2	DOID	from_other_source
disease	DOID:0080143	congenital fibrosis of the extraocular muscles	xref	GARD:12590	Congenital fibrosis of extraocular muscles	DOID	from_other_source
disease	DOID:0080147	lymphoblastic lymphoma	xref	GARD:3329	Lymphoblastic lymphoma	DOID	from_other_source
disease	DOID:0080153	medium chain acyl-CoA dehydrogenase deficiency	xref	GARD:540	Medium-chain acyl-coenzyme A dehydrogenase deficiency	DOID	from_other_source
disease	DOID:0080154	short chain acyl-CoA dehydrogenase deficiency	xref	GARD:4822	Deficiency of butyryl-CoA dehydrogenase	DOID	from_other_source
disease	DOID:0080155	very long chain acyl-CoA dehydrogenase deficiency	xref	GARD:5508	Very long chain acyl-CoA dehydrogenase deficiency	DOID	from_other_source
disease	DOID:0080156	X-linked adrenal hypoplasia congenita	xref	GARD:555	Congenital adrenal hypoplasia, X-linked	DOID	from_other_source
disease	DOID:0080160	Cytomegalovirus retinitis	xref	GARD:9531	Cytomegalovirus retinitis	DOID	from_other_source
disease	DOID:0080162	lupus nephritis	xref	GARD:10747	Lupus nephritis	DOID	from_other_source
disease	DOID:0080163	autosomal recessive autoinflammation, panniculitis, and dermatosis syndrome	xref	GARD:13198	Autoinflammation, panniculitis, and dermatosis syndrome, autosomal recessive	DOID	from_other_source
disease	DOID:0080169	tricuspid atresia	xref	GARD:5274	Tricuspid atresia	DOID	from_other_source
disease	DOID:0080170	normophosphatemic familial tumoral calcinosis	xref	GARD:10878	Normophosphatemic familial tumoral calcinosis	DOID	from_other_source
disease	DOID:0080177	hepatic veno-occlusive disease	xref	GARD:13004	Hepatic veno-occlusive disease	DOID	from_other_source
disease	DOID:0080188	chronic myelomonocytic leukemia	xref	GARD:8225	Chronic myelomonocytic leukemia	DOID	from_other_source
disease	DOID:0080194	Carey-Fineman-Ziter syndrome	xref	GARD:3889	Congenital nonprogressive myopathy with Moebius and Robin sequences	DOID	from_other_source
disease	DOID:0080195	Marinesco-Sjogren syndrome	xref	GARD:8341	Marinesco-Sjögren syndrome	DOID	from_other_source
disease	DOID:0080196	mandibulofacial dysostosis, Guion-Almeida type	xref	GARD:10056	Mandibulofacial dysostosis-microcephaly syndrome	DOID	from_other_source
disease	DOID:0080198	infantile histiocytoid cardiomyopathy	xref	GARD:9511	Histiocytoid cardiomyopathy	DOID	from_other_source
disease	DOID:0080201	Peters plus syndrome	xref	GARD:8422	Peters plus syndrome	DOID	from_other_source
disease	DOID:0080202	adenoid cystic carcinoma	xref	GARD:5743	Adenoid cystic carcinoma	DOID	from_other_source
disease	DOID:0080205	congenital anomalies of the kidney and urinary tract	xref	GARD:18748	Multicystic kidney dysplasia	DOID	from_other_source
disease	DOID:0080213	punctate palmoplantar keratoderma type II	xref	GARD:4439	Punctate palmoplantar keratoderma type 2	DOID	from_other_source
disease	DOID:0080216	duodenal atresia	xref	GARD:54	Duodenal atresia	DOID	from_other_source
disease	DOID:0080217	lysosomal acid lipase deficiency	xref	GARD:12097	Lysosomal acid lipase deficiency	DOID	from_other_source
disease	DOID:0080218	primary spontaneous pneumothorax	xref	GARD:4997	Familial spontaneous pneumothorax	DOID	from_other_source
disease	DOID:0080222	pseudohypoparathyroidism type 1B	xref	GARD:10680	Pseudohypoparathyroidism type 1B	DOID	from_other_source
disease	DOID:0080223	epidermolytic palmoplantar keratoderma	xref	GARD:2826	Epidermolytic palmoplantar keratoderma, 1	DOID	from_other_source
disease	DOID:0080224	autosomal dominant dystrophic epidermolysis bullosa	xref	GARD:2139	Generalized dominant dystrophic epidermolysis bullosa	DOID	from_other_source
disease	DOID:0080274	multiple mitochondrial dysfunctions syndrome 5	xref	GARD:22305	Multiple mitochondrial dysfunctions syndrome 5	DOID	from_other_source
disease	DOID:0080301	atypical hemolytic-uremic syndrome	xref	GARD:8702	Atypical hemolytic-uremic syndrome	DOID	from_other_source
disease	DOID:0080307	myofibrillar myopathy	xref	GARD:10529	Myofibrillar myopathy	DOID	from_other_source
disease	DOID:0080315	megalencephalic leukoencephalopathy with subcortical cysts	xref	GARD:3445	Megalencephalic leukoencephalopathy with subcortical cysts	DOID	from_other_source
disease	DOID:0080328	Culler-Jones syndrome	xref	GARD:13349	Postaxial polydactyly-anterior pituitary anomalies-facial dysmorphism syndrome	DOID	from_other_source
disease	DOID:0080351	CLOVES syndrome	xref	GARD:10939	CLOVES syndrome	DOID	from_other_source
disease	DOID:0080354	Phelan-McDermid syndrome	xref	GARD:10130	Phelan-McDermid syndrome	DOID	from_other_source
disease	DOID:0080356	IgG4-related disease	xref	GARD:12521	Immunoglobulin G4-related sclerosing disease	DOID	from_other_source
disease	DOID:0080361	trimethylaminuria	xref	GARD:6447	Severe primary trimethylaminuria	DOID	from_other_source
disease	DOID:0080390	nephrotic syndrome type 1	xref	GARD:1500	Finnish congenital nephrotic syndrome	DOID	from_other_source
disease	DOID:0080413	developmental and epileptic encephalopathy 18	xref	GARD:13676	Developmental and epileptic encephalopathy, 18	DOID	from_other_source
disease	DOID:0080419	developmental and epileptic encephalopathy 50	xref	GARD:13621	Developmental and epileptic encephalopathy, 50	DOID	from_other_source
disease	DOID:0080422	Dravet syndrome	xref	GARD:10430	Severe myoclonic epilepsy in infancy	DOID	from_other_source
disease	DOID:0080453	developmental and epileptic encephalopathy 25	xref	GARD:12901	Developmental and epileptic encephalopathy, 25	DOID	from_other_source
disease	DOID:0080461	developmental and epileptic encephalopathy 26	xref	GARD:12391	Developmental and epileptic encephalopathy, 26	DOID	from_other_source
disease	DOID:0080470	developmental and epileptic encephalopathy 36	xref	GARD:12401	Developmental and epileptic encephalopathy, 36	DOID	from_other_source
disease	DOID:0080489	GM1 gangliosidosis type 3	xref	GARD:2431	GM1 gangliosidosis type 3	DOID	from_other_source
disease	DOID:0080490	mucolipidosis type IV	xref	GARD:94	Mucolipidosis type IV	DOID	from_other_source
disease	DOID:0080502	GM1 gangliosidosis type 1	xref	GARD:6479	Infantile GM1 gangliosidosis	DOID	from_other_source
disease	DOID:0080503	multiple congenital anomalies-hypotonia-seizures syndrome	xref	GARD:12781	Multiple congenital anomalies-hypotonia-seizures syndrome 1	DOID	from_other_source
disease	DOID:0080523	adult-onset leukoencephalopathy with axonal spheroids and pigmented glia	xref	GARD:10981	Leukoencephalopathy, diffuse hereditary, with spheroids 1	DOID	from_other_source
disease	DOID:0080533	Carney-Stratakis syndrome	xref	GARD:10643	Carney-Stratakis syndrome	DOID	from_other_source
disease	DOID:0080539	PEHO syndrome	xref	GARD:4264	PEHO syndrome	DOID	from_other_source
disease	DOID:0080540	galactosialidosis	xref	GARD:3953	Combined deficiency of sialidase AND beta galactosidase	DOID	from_other_source
disease	DOID:0080541	hyperprolinemia	xref	GARD:2847	Hyperprolinemia	DOID	from_other_source
disease	DOID:0080545	hyper IgE syndrome	xref	GARD:10956	Hyper-IgE syndrome	DOID	from_other_source
disease	DOID:0080551	Naxos disease	xref	GARD:9795	Naxos disease	DOID	from_other_source
disease	DOID:0080552	congenital disorder of glycosylation Ia	xref	GARD:9826	PMM2-congenital disorder of glycosylation	DOID	from_other_source
disease	DOID:0080554	congenital disorder of glycosylation Ib	xref	GARD:9830	MPI-congenital disorder of glycosylation	DOID	from_other_source
disease	DOID:0080555	congenital disorder of glycosylation Ic	xref	GARD:9829	ALG6-congenital disorder of glycosylation 1C	DOID	from_other_source
disease	DOID:0080556	congenital disorder of glycosylation Id	xref	GARD:9827	ALG3-congenital disorder of glycosylation	DOID	from_other_source
disease	DOID:0080557	congenital disorder of glycosylation Ie	xref	GARD:9831	Congenital disorder of glycosylation type 1E	DOID	from_other_source
disease	DOID:0080558	congenital disorder of glycosylation If	xref	GARD:9832	MPDU1-congenital disorder of glycosylation	DOID	from_other_source
disease	DOID:0080559	congenital disorder of glycosylation Ig	xref	GARD:9833	ALG12-congenital disorder of glycosylation	DOID	from_other_source
disease	DOID:0080560	congenital disorder of glycosylation Ih	xref	GARD:9834	ALG8 congenital disorder of glycosylation	DOID	from_other_source
disease	DOID:0080561	congenital disorder of glycosylation Ii	xref	GARD:9836	ALG2-congenital disorder of glycosylation	DOID	from_other_source
disease	DOID:0080562	congenital disorder of glycosylation Ij	xref	GARD:9837	DPAGT1-congenital disorder of glycosylation	DOID	from_other_source
disease	DOID:0080563	congenital disorder of glycosylation Ik	xref	GARD:9838	ALG1-congenital disorder of glycosylation	DOID	from_other_source
disease	DOID:0080564	congenital disorder of glycosylation Il	xref	GARD:9839	ALG9 congenital disorder of glycosylation	DOID	from_other_source
disease	DOID:0080565	congenital disorder of glycosylation Im	xref	GARD:12393	DK1-congenital disorder of glycosylation	DOID	from_other_source
disease	DOID:0080566	congenital disorder of glycosylation In	xref	GARD:12394	RFT1-congenital disorder of glycosylation	DOID	from_other_source
disease	DOID:0080567	congenital disorder of glycosylation Ip	xref	GARD:12396	ALG11-congenital disorder of glycosylation	DOID	from_other_source
disease	DOID:0080568	congenital disorder of glycosylation Iq	xref	GARD:12397	SRD5A3-congenital disorder of glycosylation	DOID	from_other_source
disease	DOID:0080569	congenital disorder of glycosylation Ir	xref	GARD:12398	Congenital disorder of glycosylation type Ir	DOID	from_other_source
disease	DOID:0080571	congenital disorder of glycosylation Iu	xref	GARD:12416	Congenital muscular dystrophy with intellectual disability and severe epilepsy	DOID	from_other_source
disease	DOID:0080574	congenital disorder of glycosylation Iy	xref	GARD:12405	SSR4-congenital disorder of glycosylation	DOID	from_other_source
disease	DOID:0080576	spondyloepimetaphyseal dysplasia, Genevieve-type	xref	GARD:10057	Spondyloepimetaphyseal dysplasia, Genevieve type	DOID	from_other_source
disease	DOID:0080594	hyper IgE recurrent infection syndrome 2	xref	GARD:2816	Combined immunodeficiency due to DOCK8 deficiency	DOID	from_other_source
disease	DOID:0080627	alopecia-mental retardation syndrome	xref	GARD:612	Alopecia - intellectual disability syndrome	DOID	from_other_source
disease	DOID:0080631	Elsahy-Waters syndrome	xref	GARD:955	Elsahy-Waters syndrome	DOID	from_other_source
disease	DOID:0080664	diaphyseal medullary stenosis with malignant fibrous histiocytoma	xref	GARD:10072	Diaphyseal medullary stenosis-bone malignancy syndrome	DOID	from_other_source
disease	DOID:0080681	X-linked chronic idiopathic intestinal pseudo-obstruction	xref	GARD:3017	Intestinal pseudoobstruction, neuronal, chronic idiopathic, X-linked	DOID	from_other_source
disease	DOID:0080684	diffuse midline glioma, H3 K27-altered	xref	GARD:26785	Diffuse midline glioma, H3 K27M-mutant	DOID	from_other_source
disease	DOID:0080688	mosaic variegated aneuploidy syndrome	xref	GARD:3007	Mosaic variegated aneuploidy syndrome	DOID	from_other_source
disease	DOID:0080691	Noonan syndrome-like disorder with loose anagen hair	xref	GARD:10719	Noonan syndrome-like disorder with loose anagen hair	DOID	from_other_source
disease	DOID:0080694	Galloway-Mowat syndrome	xref	GARD:65	Galloway-Mowat syndrome	DOID	from_other_source
disease	DOID:0080695	Burn-McKeown syndrome	xref	GARD:10041	Choanal atresia-hearing loss-cardiac defects-craniofacial dysmorphism syndrome	DOID	from_other_source
disease	DOID:0080696	Winchester syndrome	xref	GARD:7894	Winchester syndrome	DOID	from_other_source
disease	DOID:0080697	Opitz GBBB syndrome	xref	GARD:193	Opitz G/BBB syndrome	DOID	from_other_source
disease	DOID:0080699	glutathione synthetase deficiency	xref	GARD:10047	Inherited glutathione synthetase deficiency	DOID	from_other_source
disease	DOID:0080717	infantile liver failure syndrome 1	xref	GARD:13114	Infantile liver failure syndrome 1	DOID	from_other_source
disease	DOID:0080718	GNE myopathy	xref	GARD:9493	GNE myopathy	DOID	from_other_source
disease	DOID:0080719	congenital myopathy 6	xref	GARD:9494	Hereditary inclusion body myopathy-joint contractures-ophthalmoplegia syndrome	DOID	from_other_source
disease	DOID:0080720	autosomal dominant congenital deafness with onychodystrophy	xref	GARD:4732	Autosomal dominant deafness - onychodystrophy syndrome	DOID	from_other_source
disease	DOID:0080722	Kenny-Caffey syndrome type 1	xref	GARD:8367	Autosomal recessive Kenny-Caffey syndrome	DOID	from_other_source
disease	DOID:0080723	Kenny-Caffey syndrome type 2	xref	GARD:83	Autosomal dominant Kenny-Caffey syndrome	DOID	from_other_source
disease	DOID:0080725	BASAN syndrome	xref	GARD:2336	Basan syndrome	DOID	from_other_source
disease	DOID:0080741	limbic encephalitis	xref	GARD:8742	Limbic encephalitis	DOID	from_other_source
disease	DOID:0080744	antisynthetase syndrome	xref	GARD:735	Antisynthetase syndrome	DOID	from_other_source
disease	DOID:0080745	polymyositis	xref	GARD:7425	Polymyositis	DOID	from_other_source
disease	DOID:0080754	X-linked keratosis follicularis spinulosa decalvans	xref	GARD:6829	Keratosis follicularis spinulosa decalvans	DOID	from_other_source
disease	DOID:0080756	atrophoderma vermiculata	xref	GARD:9744	Atrophoderma vermiculatum	DOID	from_other_source
disease	DOID:0080764	hereditary diffuse gastric cancer	xref	GARD:10900	Hereditary diffuse gastric adenocarcinoma	DOID	from_other_source
disease	DOID:0080767	autoimmune myocarditis	xref	GARD:9519	Autoimmune myocarditis	DOID	from_other_source
disease	DOID:0080768	pyridoxine-dependent epilepsy	xref	GARD:9298	Pyridoxine-dependent epilepsy	DOID	from_other_source
disease	DOID:0080776	partial androgen insensitivity syndrome	xref	GARD:5692	Partial androgen insensitivity syndrome	DOID	from_other_source
disease	DOID:0080778	transient infantile liver failure	xref	GARD:10593	Acute infantile liver failure due to synthesis defect of mtDNA-encoded proteins	DOID	from_other_source
disease	DOID:0080833	laryngomalacia	xref	GARD:6865	Congenital laryngomalacia	DOID	from_other_source
disease	DOID:0080836	growth hormone insensitivity syndrome with immune dysregulation 1	xref	GARD:3924	Growth hormone insensitivity syndrome	DOID	from_other_source
disease	DOID:0080849	ocular motor apraxia, Cogan type	xref	GARD:16	Oculomotor apraxia - Cogan type	DOID	from_other_source
disease	DOID:0080850	pemphigus foliaceus	xref	GARD:7354	Pemphigus foliaceus	DOID	from_other_source
disease	DOID:0080893	Bainbridge-Ropers syndrome	xref	GARD:13259	Asxl3-related disorder	DOID	from_other_source
disease	DOID:0080907	Cockayne syndrome A	xref	GARD:1415	Cockayne syndrome type 1	DOID	from_other_source
disease	DOID:0080908	Cockayne syndrome B	xref	GARD:1420	Cockayne syndrome type 2	DOID	from_other_source
disease	DOID:0080910	cerebrooculofacioskeletal syndrome	xref	GARD:6027	COFS syndrome	DOID	from_other_source
disease	DOID:0080921	bilateral frontal polymicrogyria	xref	GARD:10783	Bilateral frontal polymicrogyria	DOID	from_other_source
disease	DOID:0080922	complex cortical dysplasia with other brain malformations 14A	xref	GARD:10784	Bilateral frontoparietal polymicrogyria	DOID	from_other_source
disease	DOID:0080923	bilateral parasagittal parieto-occipital polymicrogyria	xref	GARD:10785	Bilateral parasagittal parieto-occipital polymicrogyria	DOID	from_other_source
disease	DOID:0080924	complex cortical dysplasia with other brain malformations 14B	xref	GARD:6011	Congenital bilateral perisylvian syndrome	DOID	from_other_source
disease	DOID:0080925	cytochrome P450 oxidoreductase deficiency	xref	GARD:12664	Congenital adrenal hyperplasia due to cytochrome P450 oxidoreductase deficiency	DOID	from_other_source
disease	DOID:0080926	7q11.23 duplication syndrome	xref	GARD:12076	7q11.23 microduplication syndrome	DOID	from_other_source
disease	DOID:0080942	anauxetic dysplasia	xref	GARD:9657	Anauxetic dysplasia	DOID	from_other_source
disease	DOID:0080954	arthrogryposis multiplex congenita	xref	GARD:777	Arthrogryposis multiplex congenita	DOID	from_other_source
disease	DOID:0080984	X-linked intellectual developmental disorder 109	xref	GARD:2378	FRAXE	DOID	from_other_source
disease	DOID:0080985	syndromic X-linked intellectual disorder Lujan-Fryns-type	xref	GARD:3307	X-linked intellectual disability with marfanoid habitus	DOID	from_other_source
disease	DOID:0080986	Ehlers-Danlos syndrome periodontal type 1	xref	GARD:12474	Ehlers-Danlos syndrome, periodontitis type	DOID	from_other_source
disease	DOID:0080987	Ehlers-Danlos syndrome periodontal type 2	xref	GARD:12474	Ehlers-Danlos syndrome, periodontitis type	DOID	from_other_source
disease	DOID:0080988	pretibial dystrophic epidermolysis bullosa	xref	GARD:2155	Pretibial dystrophic epidermolysis bullosa	DOID	from_other_source
disease	DOID:0080990	King Denborough syndrome	xref	GARD:8433	King Denborough syndrome	DOID	from_other_source
disease	DOID:0080991	congenital myopathy 1B	xref	GARD:10316	Congenital multicore myopathy with external ophthalmoplegia	DOID	from_other_source
disease	DOID:0081007	RNASET2-deficient cystic leukoencephalopathy	xref	GARD:13199	Cystic leukoencephalopathy without megalencephaly	DOID	from_other_source
disease	DOID:0081021	Tukel syndrome	xref	GARD:9814	Tukel syndrome	DOID	from_other_source
disease	DOID:0081022	cone dystrophy with supernormal rod responses	xref	GARD:10649	Cone dystrophy with supernormal rod response	DOID	from_other_source
disease	DOID:0081023	retinal cone dystrophy 4	xref	GARD:10650	Retinal cone dystrophy 4	DOID	from_other_source
disease	DOID:0081024	retinal cone dystrophy 1	xref	GARD:3196	Retinal cone dystrophy type 1	DOID	from_other_source
disease	DOID:0081025	achromatopsia 6	xref	GARD:10648	Achromatopsia 6	DOID	from_other_source
disease	DOID:0081041	B-cell prolymphocytic leukemia	xref	GARD:8223	B-cell prolymphocytic leukemia	DOID	from_other_source
disease	DOID:0081043	fetal akinesia deformation sequence syndrome X-linked	xref	GARD:2293	Fetal akinesia syndrome, X-linked	DOID	from_other_source
disease	DOID:0081044	frontonasal dysplasia	xref	GARD:2392	Frontonasal dysplasia	DOID	from_other_source
disease	DOID:0081055	central diabetes insipidus	xref	GARD:6015	Central diabetes insipidus	DOID	from_other_source
disease	DOID:0081072	craniofacial dysmorphism, skeletal anomalies, and mental retardation syndrome	xref	GARD:1210	Craniofacial dysmorphism, skeletal anomalies, and impaired intellectual development 1	DOID	from_other_source
disease	DOID:0081073	Teebi hypertelorism syndrome	xref	GARD:957	Teebi hypertelorism syndrome 1	DOID	from_other_source
disease	DOID:0081077	ectodermal dysplasia and immune deficiency	xref	GARD:9936	Ectodermal dysplasia and immune deficiency	DOID	from_other_source
disease	DOID:0081086	acute myeloid leukemia without maturation	xref	GARD:526	Acute myeloblastic leukemia without maturation	DOID	from_other_source
disease	DOID:0081100	spastic paraplegia with deafness	xref	GARD:5555	Spastic paraparesis-deafness syndrome	DOID	from_other_source
disease	DOID:0081108	keratosis palmoplantaris striata 1	xref	GARD:9172	Palmoplantar keratoderma i, striate, focal, or diffuse	DOID	from_other_source
disease	DOID:0081122	Catel Manzke syndrome	xref	GARD:28	Catel-Manzke syndrome	DOID	from_other_source
disease	DOID:0081123	X-linked mental retardation Gustavson type	xref	GARD:5611	Severe X-linked intellectual disability, Gustavson type	DOID	from_other_source
disease	DOID:0081127	mandibuloacral dysplasia	xref	GARD:11893	Mandibuloacral dysplasia	DOID	from_other_source
disease	DOID:0081128	mandibuloacral dysplasia type A lipodystrophy	xref	GARD:3374	Mandibuloacral dysplasia with type A lipodystrophy	DOID	from_other_source
disease	DOID:0081131	BH4-deficient hyperphenylalaninemia D	xref	GARD:2843	Pterin-4 alpha-carbinolamine dehydratase 1 deficiency	DOID	from_other_source
disease	DOID:0081132	tetrahydrobiopterin (BH4)-deficient hyperphenylalaninemia	xref	GARD:7751	Hyperphenylalaninemia due to tetrahydrobiopterin deficiency	DOID	from_other_source
disease	DOID:0081168	HMG-CoA synthase 2 deficiency	xref	GARD:2712	3-hydroxy-3-methylglutaryl-CoA synthase deficiency	DOID	from_other_source
disease	DOID:0081289	Antley-Bixler syndrome	xref	GARD:5826	Antley-Bixler syndrome	DOID	from_other_source
disease	DOID:0081296	oculopharyngodistal myopathy	xref	GARD:12592	Oculopharyngodistal myopathy	DOID	from_other_source
disease	DOID:0081317	multiple synostoses syndrome 1	xref	GARD:3836	Multiple synostosis syndrome	DOID	from_other_source
disease	DOID:0081318	multiple synostoses syndrome 2	xref	GARD:9916	Multiple synostoses syndrome 2	DOID	from_other_source
disease	DOID:0081322	contractures, pterygia, and spondylocarpotarsal fusion syndrome 1B	xref	GARD:7111	Autosomal recessive multiple pterygium syndrome	DOID	from_other_source
disease	DOID:0081326	oxoglutarate dehydrogenase deficiency	xref	GARD:617	Oxoglutaricaciduria	DOID	from_other_source
disease	DOID:0081333	Wiedemann-Rautenstrauch syndrome	xref	GARD:330	Neonatal pseudo-hydrocephalic progeroid syndrome	DOID	from_other_source
disease	DOID:0081334	Nestor-Guillermo progeria syndrome	xref	GARD:11008	Nestor-Guillermo progeria syndrome	DOID	from_other_source
disease	DOID:0081368	Paget's disease of bone 5	xref	GARD:2831	Hyperphosphatasemia with bone disease	DOID	from_other_source
disease	DOID:0081377	COX deficiency, benign infantile mitochondrial myopathy	xref	GARD:48	Mitochondrial complex IV deficiency, nuclear-type	DOID	from_other_source
disease	DOID:0081383	ataxia-oculomotor apraxia 4	xref	GARD:13111	Ataxia - oculomotor apraxia type 4	DOID	from_other_source
disease	DOID:0081386	TANGO2-related metabolic encephalopathy and arrythmias	xref	GARD:13423	Recurrent metabolic encephalomyopathic crises-rhabdomyolysis-cardiac arrhythmia-intellectual disability syndrome	DOID	from_other_source
disease	DOID:0081388	primary progressive aphasia	xref	GARD:8541	Primary progressive aphasia	DOID	from_other_source
disease	DOID:0081389	logopenic progressive aphasia	xref	GARD:10791	Logopenic progressive aphasia	DOID	from_other_source
disease	DOID:0081390	progressive non-fluent aphasia	xref	GARD:10793	Primary progressive non fluent aphasia	DOID	from_other_source
disease	DOID:0081391	semantic dementia	xref	GARD:10792	Semantic dementia	DOID	from_other_source
disease	DOID:0081394	Caroli syndrome	xref	GARD:6002	Caroli disease	DOID	from_other_source
disease	DOID:0081419	childhood-onset dystonia with optic atrophy and basal ganglia abnormalities	xref	GARD:13488	Dystonia, childhood-onset, with optic atrophy and basal ganglia abnormalities	DOID	from_other_source
disease	DOID:0081420	familial focal epilepsy with variable foci	xref	GARD:13295	Familial focal epilepsy with variable foci	DOID	from_other_source
disease	DOID:0081441	Nicolaides-Baraitser syndrome	xref	GARD:270	Nicolaides-Baraitser syndrome	DOID	from_other_source
disease	DOID:0081450	hyperimmunoglobulinemia D periodic fever syndrome	xref	GARD:2788	Hyperimmunoglobulin D with periodic fever	DOID	from_other_source
disease	DOID:0081451	PFAPA syndrome	xref	GARD:5657	PFAPA syndrome	DOID	from_other_source
disease	DOID:0090001	Fraser syndrome	xref	GARD:6465	Cryptophthalmos syndrome	DOID	from_other_source
disease	DOID:0090002	Tietz syndrome	xref	GARD:7772	Tietz syndrome	DOID	from_other_source
disease	DOID:0090005	Schwartz-Jampel syndrome 1	xref	GARD:250	Schwartz-Jampel syndrome	DOID	from_other_source
disease	DOID:0090006	renal coloboma syndrome	xref	GARD:4106	Renal coloboma syndrome	DOID	from_other_source
disease	DOID:0090015	Cenani-Lenz syndactyly syndrome	xref	GARD:5084	Cenani-Lenz syndactyly syndrome	DOID	from_other_source
disease	DOID:0090018	TNF receptor–associated periodic syndrome	xref	GARD:8457	TNF receptor-associated periodic fever syndrome (TRAPS)	DOID	from_other_source
disease	DOID:0090019	sitosterolemia	xref	GARD:7653	Sitosterolemia	DOID	from_other_source
disease	DOID:0090020	split hand-foot malformation	xref	GARD:6319	Ectrodactyly	DOID	from_other_source
disease	DOID:0090030	corticosteroid-binding globulin deficiency	xref	GARD:13101	Corticosteroid-binding globulin deficiency	DOID	from_other_source
disease	DOID:0090031	D-bifunctional protein deficiency	xref	GARD:4539	Bifunctional peroxisomal enzyme deficiency	DOID	from_other_source
disease	DOID:0090045	glucose transporter type 1 deficiency syndrome 2	xref	GARD:10541	Childhood onset GLUT1 deficiency syndrome 2	DOID	from_other_source
disease	DOID:0090048	dystonia 16	xref	GARD:10539	Dystonia 16	DOID	from_other_source
disease	DOID:0090053	episodic kinesigenic dyskinesia 1	xref	GARD:8721	Episodic kinesigenic dyskinesia	DOID	from_other_source
disease	DOID:0090057	X-linked dystonia-parkinsonism	xref	GARD:10533	X-linked dystonia-parkinsonism	DOID	from_other_source
disease	DOID:0090067	Fuhrmann syndrome	xref	GARD:2410	Fuhrmann syndrome	DOID	from_other_source
disease	DOID:0090106	BH4-deficient hyperphenylalaninemia A	xref	GARD:5682	6-Pyruvoyl-tetrahydrobiopterin synthase deficiency	DOID	from_other_source
disease	DOID:0090109	autosomal dominant hypocalcemia	xref	GARD:2877	Autosomal dominant hypocalcemia	DOID	from_other_source
disease	DOID:0090110	immune dysregulation-polyendocrinopathy-enteropathy-X-linked syndrome	xref	GARD:1850	Insulin-dependent diabetes mellitus secretory diarrhea syndrome	DOID	from_other_source
disease	DOID:0090112	Nasu-Hakola disease	xref	GARD:9921	Polycystic lipomembranous osteodysplasia with sclerosing leukoencephaly	DOID	from_other_source
disease	DOID:0090115	spinocerebellar ataxia with axonal neuropathy 1	xref	GARD:10000	Spinocerebellar ataxia, autosomal recessive, with axonal neuropathy 1	DOID	from_other_source
disease	DOID:0090116	spondylocarpotarsal synostosis syndrome	xref	GARD:4974	Spondylocarpotarsal synostosis syndrome	DOID	from_other_source
disease	DOID:0090117	thiamine-responsive megaloblastic anemia syndrome	xref	GARD:9210	Megaloblastic anemia, thiamine-responsive, with diabetes mellitus and sensorineural deafness	DOID	from_other_source
disease	DOID:0090118	congenital amegakaryocytic thrombocytopenia	xref	GARD:640	Congenital amegakaryocytic thrombocytopenia 1	DOID	from_other_source
disease	DOID:0090122	aromatase excess syndrome	xref	GARD:12949	Developmental and epileptic encephalopathy, 5	DOID	from_other_source
disease	DOID:0090123	aromatic L-amino acid decarboxylase deficiency	xref	GARD:770	Deficiency of aromatic-L-amino-acid decarboxylase	DOID	from_other_source
disease	DOID:0090128	Carvajal syndrome	xref	GARD:5595	Arrhythmogenic cardiomyopathy with wooly hair and keratoderma	DOID	from_other_source
disease	DOID:0090129	carnitine palmitoyltransferase I deficiency	xref	GARD:1120	Carnitine palmitoyl transferase 1A deficiency	DOID	from_other_source
disease	DOID:0090139	cortisone reductase deficiency	xref	GARD:9882	Cortisone reductase deficiency	DOID	from_other_source
disease	DOID:0090142	cystathioninuria	xref	GARD:2428	Cystathioninuria	DOID	from_other_source
disease	DOID:0090143	brachyolmia-amelogenesis imperfecta syndrome	xref	GARD:5478	Brachyolmia-amelogenesis imperfecta syndrome	DOID	from_other_source
disease	DOID:0090144	Donnai-Barrow syndrome	xref	GARD:1899	Donnai-Barrow syndrome	DOID	from_other_source
disease	DOID:0090145	dopamine beta-hydroxylase deficiency	xref	GARD:1903	Orthostatic hypotension 1	DOID	from_other_source
disease	DOID:0110007	achromatopsia 2	xref	GARD:9649	Achromatopsia 2	DOID	from_other_source
disease	DOID:0110008	achromatopsia 3	xref	GARD:9650	Achromatopsia 3	DOID	from_other_source
disease	DOID:0110030	alpha thalassemia-X-linked intellectual disability syndrome	xref	GARD:5864	Alpha thalassemia-X-linked intellectual disability syndrome	DOID	from_other_source
disease	DOID:0110032	Alport syndrome 3A	xref	GARD:624	Autosomal dominant Alport syndrome	DOID	from_other_source
disease	DOID:0110033	Alport syndrome 2	xref	GARD:625	Autosomal recessive Alport syndrome	DOID	from_other_source
disease	DOID:0110048	Alzheimer's disease 15	xref	GARD:7190	Alzheimer disease without neurofibrillary tangles	DOID	from_other_source
disease	DOID:0110057	amelogenesis imperfecta type 2A1	xref	GARD:9495	Amelogenesis imperfecta type 2A1	DOID	from_other_source
disease	DOID:0110123	Bardet-Biedl syndrome 1	xref	GARD:820	Bardet-Biedl syndrome 1	DOID	from_other_source
disease	DOID:0110124	Bardet-Biedl syndrome 2	xref	GARD:821	Bardet-Biedl syndrome 2	DOID	from_other_source
disease	DOID:0110125	Bardet-Biedl syndrome 3	xref	GARD:822	Bardet-Biedl syndrome 3	DOID	from_other_source
disease	DOID:0110126	Bardet-Biedl syndrome 4	xref	GARD:823	Bardet-Biedl syndrome 4	DOID	from_other_source
disease	DOID:0110127	Bardet-Biedl syndrome 5	xref	GARD:10204	Bardet-Biedl syndrome 5	DOID	from_other_source
disease	DOID:0110128	Bardet-Biedl syndrome 6	xref	GARD:10205	Bardet-Biedl syndrome 6	DOID	from_other_source
disease	DOID:0110129	Bardet-Biedl syndrome 7	xref	GARD:10206	Bardet-Biedl syndrome 7	DOID	from_other_source
disease	DOID:0110130	Bardet-Biedl syndrome 8	xref	GARD:10207	Bardet-Biedl syndrome 8	DOID	from_other_source
disease	DOID:0110131	Bardet-Biedl syndrome 9	xref	GARD:10208	Bardet-Biedl syndrome 9	DOID	from_other_source
disease	DOID:0110132	Bardet-Biedl syndrome 10	xref	GARD:10209	Bardet-Biedl syndrome 10	DOID	from_other_source
disease	DOID:0110133	Bardet-Biedl syndrome 11	xref	GARD:10210	Bardet-Biedl syndrome 11	DOID	from_other_source
disease	DOID:0110134	Bardet-Biedl syndrome 12	xref	GARD:10211	Bardet-Biedl syndrome 12	DOID	from_other_source
disease	DOID:0110144	Bartter disease type 3	xref	GARD:9659	Bartter disease type 3	DOID	from_other_source
disease	DOID:0110148	Charcot-Marie-Tooth disease type 1A	xref	GARD:1245	Charcot-Marie-Tooth disease, type IA	DOID	from_other_source
disease	DOID:0110153	Charcot-Marie-Tooth disease type 1E	xref	GARD:9190	Charcot-Marie-Tooth disease type 1E	DOID	from_other_source
disease	DOID:0110159	Charcot-Marie-Tooth disease type 2B	xref	GARD:9192	Charcot-Marie-Tooth disease type 2B	DOID	from_other_source
disease	DOID:0110169	Charcot-Marie-Tooth disease axonal type 2P	xref	GARD:12435	Charcot-Marie-Tooth disease axonal type 2P	DOID	from_other_source
disease	DOID:0110190	Charcot-Marie-Tooth disease type 4B2	xref	GARD:9200	Charcot-Marie-Tooth disease type 4B2	DOID	from_other_source
disease	DOID:0110220	Brugada syndrome 3	xref	GARD:10361	Brugada syndrome 3	DOID	from_other_source
disease	DOID:0110221	Brugada syndrome 4	xref	GARD:10362	Brugada syndrome 4	DOID	from_other_source
disease	DOID:0110334	osteogenesis imperfecta type 1	xref	GARD:8694	Osteogenesis imperfecta type I	DOID	from_other_source
disease	DOID:0110336	osteogenesis imperfecta type 8	xref	GARD:10152	Osteogenesis imperfecta type 8	DOID	from_other_source
disease	DOID:0110337	osteogenesis imperfecta type 7	xref	GARD:8701	Osteogenesis imperfecta type 7	DOID	from_other_source
disease	DOID:0110339	osteogenesis imperfecta type 3	xref	GARD:8695	Osteogenesis imperfecta type III	DOID	from_other_source
disease	DOID:0110340	osteogenesis imperfecta type 4	xref	GARD:8696	Osteogenesis imperfecta with normal sclerae, dominant form	DOID	from_other_source
disease	DOID:0110341	osteogenesis imperfecta type 2	xref	GARD:10142	Osteogenesis imperfecta, perinatal lethal	DOID	from_other_source
disease	DOID:0110344	osteogenesis imperfecta type 5	xref	GARD:8699	Osteogenesis imperfecta type 5	DOID	from_other_source
disease	DOID:0110349	osteogenesis imperfecta type 9	xref	GARD:10619	Osteogenesis imperfecta type 9	DOID	from_other_source
disease	DOID:0110350	osteogenesis imperfecta type 6	xref	GARD:8700	Osteogenesis imperfecta type 6	DOID	from_other_source
disease	DOID:0110510	autosomal recessive nonsyndromic deafness 55	xref	GARD:9919	Autosomal recessive nonsyndromic hearing loss 55	DOID	from_other_source
disease	DOID:0110554	autosomal dominant nonsyndromic deafness 24	xref	GARD:9166	Autosomal dominant nonsyndromic hearing loss 24	DOID	from_other_source
disease	DOID:0110579	autosomal dominant nonsyndromic deafness 53	xref	GARD:9934	Autosomal dominant nonsyndromic hearing loss 53	DOID	from_other_source
disease	DOID:0110633	rigid spine muscular dystrophy 1	xref	GARD:4723	Rigid spine syndrome	DOID	from_other_source
disease	DOID:0110645	long QT syndrome 2	xref	GARD:3285	Long QT syndrome 2	DOID	from_other_source
disease	DOID:0110646	long QT syndrome 3	xref	GARD:3286	Long QT syndrome 3	DOID	from_other_source
disease	DOID:0110647	long QT syndrome 5	xref	GARD:10433	Long QT syndrome 5	DOID	from_other_source
disease	DOID:0110648	long QT syndrome 6	xref	GARD:10434	Long QT syndrome 6	DOID	from_other_source
disease	DOID:0110650	long QT syndrome 9	xref	GARD:10435	Long QT syndrome 9	DOID	from_other_source
disease	DOID:0110651	long QT syndrome 10	xref	GARD:10436	Long QT syndrome 10	DOID	from_other_source
disease	DOID:0110652	long QT syndrome 11	xref	GARD:10437	Long QT syndrome 11	DOID	from_other_source
disease	DOID:0110711	congenital hypotrichosis with juvenile macular dystrophy	xref	GARD:3066	Congenital hypotrichosis with juvenile macular dystrophy	DOID	from_other_source
disease	DOID:0110721	neuronal ceroid lipofuscinosis 1	xref	GARD:1219	Neuronal ceroid lipofuscinosis 1	DOID	from_other_source
disease	DOID:0110722	neuronal ceroid lipofuscinosis 7	xref	GARD:1220	Neuronal ceroid lipofuscinosis 7	DOID	from_other_source
disease	DOID:0110724	neuronal ceroid lipofuscinosis 8 northern epilepsy variant	xref	GARD:4010	Neuronal ceroid lipofuscinosis 8 northern epilepsy variant	DOID	from_other_source
disease	DOID:0110725	neuronal ceroid lipofuscinosis 10	xref	GARD:1218	Neuronal ceroid lipofuscinosis 10	DOID	from_other_source
disease	DOID:0110726	neuronal ceroid lipofuscinosis 2	xref	GARD:3045	Neuronal ceroid lipofuscinosis 2	DOID	from_other_source
disease	DOID:0110728	neuronal ceroid lipofuscinosis 5	xref	GARD:1223	Neuronal ceroid lipofuscinosis 5	DOID	from_other_source
disease	DOID:0110729	neuronal ceroid lipofuscinosis 6A	xref	GARD:1224	Ceroid lipofuscinosis, neuronal, 6A	DOID	from_other_source
disease	DOID:0110731	neuronal ceroid lipofuscinosis 3	xref	GARD:5897	Neuronal ceroid lipofuscinosis 3	DOID	from_other_source
disease	DOID:0110733	neuronal ceroid lipofuscinosis 9	xref	GARD:6618	Neuronal ceroid lipofuscinosis 9	DOID	from_other_source
disease	DOID:0110734	neurodegeneration with brain iron accumulation	xref	GARD:11899	Neurodegeneration with brain iron accumulation	DOID	from_other_source
disease	DOID:0110763	hereditary spastic paraplegia 10	xref	GARD:9590	Hereditary spastic paraplegia 10	DOID	from_other_source
disease	DOID:0110764	hereditary spastic paraplegia 11	xref	GARD:4919	Hereditary spastic paraplegia 11	DOID	from_other_source
disease	DOID:0110765	hereditary spastic paraplegia 12	xref	GARD:9586	Hereditary spastic paraplegia 12	DOID	from_other_source
disease	DOID:0110766	hereditary spastic paraplegia 13	xref	GARD:9616	Hereditary spastic paraplegia 13	DOID	from_other_source
disease	DOID:0110767	hereditary spastic paraplegia 14	xref	GARD:9589	Hereditary spastic paraplegia 14	DOID	from_other_source
disease	DOID:0110768	hereditary spastic paraplegia 15	xref	GARD:9581	Hereditary spastic paraplegia 15	DOID	from_other_source
disease	DOID:0110769	hereditary spastic paraplegia 16	xref	GARD:9585	Hereditary spastic paraplegia 16	DOID	from_other_source
disease	DOID:0110770	hereditary spastic paraplegia 17	xref	GARD:4219	Hereditary spastic paraplegia 17	DOID	from_other_source
disease	DOID:0110771	hereditary spastic paraplegia 18	xref	GARD:4922	Hereditary spastic paraplegia 18	DOID	from_other_source
disease	DOID:0110772	hereditary spastic paraplegia 19	xref	GARD:9588	Hereditary spastic paraplegia 19	DOID	from_other_source
disease	DOID:0110773	hereditary spastic paraplegia 2	xref	GARD:4923	Hereditary spastic paraplegia 2	DOID	from_other_source
disease	DOID:0110774	hereditary spastic paraplegia 23	xref	GARD:336	Hereditary spastic paraplegia 23	DOID	from_other_source
disease	DOID:0110775	hereditary spastic paraplegia 24	xref	GARD:9296	Hereditary spastic paraplegia 24	DOID	from_other_source
disease	DOID:0110776	hereditary spastic paraplegia 25	xref	GARD:9582	Hereditary spastic paraplegia 25	DOID	from_other_source
disease	DOID:0110777	hereditary spastic paraplegia 26	xref	GARD:9587	Hereditary spastic paraplegia 26	DOID	from_other_source
disease	DOID:0110780	hereditary spastic paraplegia 29	xref	GARD:9729	Hereditary spastic paraplegia 29	DOID	from_other_source
disease	DOID:0110782	hereditary spastic paraplegia 31	xref	GARD:10817	Hereditary spastic paraplegia 31	DOID	from_other_source
disease	DOID:0110783	hereditary spastic paraplegia 32	xref	GARD:12749	Hereditary spastic paraplegia 32	DOID	from_other_source
disease	DOID:0110790	hereditary spastic paraplegia 39	xref	GARD:4924	Hereditary spastic paraplegia 39	DOID	from_other_source
disease	DOID:0110791	hereditary spastic paraplegia 3A	xref	GARD:5041	Hereditary spastic paraplegia 3A	DOID	from_other_source
disease	DOID:0110810	hereditary spastic paraplegia 5A	xref	GARD:4926	Hereditary spastic paraplegia 5A	DOID	from_other_source
disease	DOID:0110823	hereditary spastic paraplegia 8	xref	GARD:9591	Hereditary spastic paraplegia 8	DOID	from_other_source
disease	DOID:0110826	Usher syndrome type 1	xref	GARD:5435	Usher syndrome type 1	DOID	from_other_source
disease	DOID:0110828	Usher syndrome type 3	xref	GARD:5442	Usher syndrome type 3	DOID	from_other_source
disease	DOID:0110829	retinitis pigmentosa-deafness syndrome	xref	GARD:4684	Retinitis pigmentosa-deafness syndrome	DOID	from_other_source
disease	DOID:0110838	Usher syndrome type 2A	xref	GARD:5440	Usher syndrome type 2	DOID	from_other_source
disease	DOID:0110847	xeroderma pigmentosum variant type	xref	GARD:5630	Xeroderma pigmentosum variant type	DOID	from_other_source
disease	DOID:0110851	rhizomelic chondrodysplasia punctata type 1	xref	GARD:6049	Rhizomelic chondrodysplasia punctata type 1	DOID	from_other_source
disease	DOID:0110861	autosomal recessive polycystic kidney disease	xref	GARD:8378	Autosomal recessive polycystic kidney disease	DOID	from_other_source
disease	DOID:0110922	familial hemophagocytic lymphohistiocytosis 2	xref	GARD:9922	Familial hemophagocytic lymphohistiocytosis 2	DOID	from_other_source
disease	DOID:0110923	familial hemophagocytic lymphohistiocytosis 3	xref	GARD:9928	Familial hemophagocytic lymphohistiocytosis 3	DOID	from_other_source
disease	DOID:0110924	familial hemophagocytic lymphohistiocytosis 4	xref	GARD:9929	Familial hemophagocytic lymphohistiocytosis 4	DOID	from_other_source
disease	DOID:0110936	nemaline myopathy 5A	xref	GARD:8334	Nemaline myopathy 5	DOID	from_other_source
disease	DOID:0110938	autosomal dominant osteopetrosis 2	xref	GARD:383	Autosomal dominant osteopetrosis 2	DOID	from_other_source
disease	DOID:0110939	autosomal recessive osteopetrosis 5	xref	GARD:4153	Autosomal recessive osteopetrosis 5	DOID	from_other_source
disease	DOID:0110941	autosomal recessive osteopetrosis 3	xref	GARD:4154	Osteopetrosis with renal tubular acidosis	DOID	from_other_source
disease	DOID:0110942	autosomal recessive osteopetrosis 1	xref	GARD:2579	Autosomal recessive osteopetrosis 1	DOID	from_other_source
disease	DOID:0110943	autosomal recessive osteopetrosis 2	xref	GARD:4157	Autosomal recessive osteopetrosis 2	DOID	from_other_source
disease	DOID:0110944	autosomal recessive osteopetrosis 4	xref	GARD:5993	Autosomal recessive osteopetrosis 4	DOID	from_other_source
disease	DOID:0110945	autosomal recessive osteopetrosis 6	xref	GARD:4156	Autosomal recessive osteopetrosis 6	DOID	from_other_source
disease	DOID:0110946	autosomal recessive osteopetrosis 7	xref	GARD:10106	Autosomal recessive osteopetrosis 7	DOID	from_other_source
disease	DOID:0110947	Waardenburg syndrome type 2B	xref	GARD:5522	Waardenburg syndrome type 2B	DOID	from_other_source
disease	DOID:0110949	Waardenburg syndrome type 3	xref	GARD:5523	Waardenburg syndrome type 3	DOID	from_other_source
disease	DOID:0110950	Waardenburg syndrome type 2A	xref	GARD:5521	Waardenburg syndrome type 2A	DOID	from_other_source
disease	DOID:0110964	brachydactyly type A1	xref	GARD:978	Brachydactyly type A1	DOID	from_other_source
disease	DOID:0110965	brachydactyly type A2	xref	GARD:979	Type A2 brachydactyly	DOID	from_other_source
disease	DOID:0110967	brachydactyly type A4	xref	GARD:990	Brachydactyly type A4	DOID	from_other_source
disease	DOID:0110968	brachydactyly type A6	xref	GARD:983	Osebold-Remondini syndrome	DOID	from_other_source
disease	DOID:0110970	brachydactyly type C	xref	GARD:986	Brachydactyly type C	DOID	from_other_source
disease	DOID:0110979	Sugarman brachydactyly	xref	GARD:5058	Sugarman brachydactyly	DOID	from_other_source
disease	DOID:0110988	Joubert syndrome 2	xref	GARD:10167	Joubert syndrome 2	DOID	from_other_source
disease	DOID:0110999	Joubert syndrome 4	xref	GARD:10169	Joubert syndrome with renal defect	DOID	from_other_source
disease	DOID:0111005	cone-rod dystrophy 2	xref	GARD:6145	Cone-rod dystrophy 2	DOID	from_other_source
disease	DOID:0111009	cone-rod dystrophy 1	xref	GARD:10651	Cone-rod dystrophy 1	DOID	from_other_source
disease	DOID:0111011	cone-rod dystrophy 6	xref	GARD:10656	Cone-rod dystrophy 6	DOID	from_other_source
disease	DOID:0111013	cone-rod dystrophy 3	xref	GARD:10653	Cone-rod dystrophy 3	DOID	from_other_source
disease	DOID:0111028	hemochromatosis type 4	xref	GARD:10094	Hemochromatosis type 4	DOID	from_other_source
disease	DOID:0111030	hemochromatosis type 3	xref	GARD:10093	Hemochromatosis type 3	DOID	from_other_source
disease	DOID:0111034	hemochromatosis type 2	xref	GARD:10092	Juvenile hemochromatosis	DOID	from_other_source
disease	DOID:0111037	glycine N-methyltransferase deficiency	xref	GARD:10764	Glycine N-methyltransferase deficiency	DOID	from_other_source
disease	DOID:0111039	hypermethioninemia with deficiency of S-adenosylhomocysteine hydrolase	xref	GARD:13177	Hypermethioninemia with deficiency of S-adenosylhomocysteine hydrolase	DOID	from_other_source
disease	DOID:0111044	gray platelet syndrome	xref	GARD:2562	Gray platelet syndrome	DOID	from_other_source
disease	DOID:0111050	Quebec platelet disorder	xref	GARD:8345	Quebec platelet disorder	DOID	from_other_source
disease	DOID:0111052	Scott syndrome	xref	GARD:4777	SCOTT SYNDROME	DOID	from_other_source
disease	DOID:0111060	Ambras type hypertrichosis universalis congenita	xref	GARD:8206	Ambras type hypertrichosis universalis congenita	DOID	from_other_source
disease	DOID:0111063	hyperphosphatemic familial tumoral calcinosis	xref	GARD:10879	Familial hyperphosphatemic tumoral calcinosis/hyperphosphatemic hyperostosis syndrome	DOID	from_other_source
disease	DOID:0111065	autosomal recessive distal hereditary motor neuronopathy 2	xref	GARD:10133	Autosomal recessive distal spinal muscular atrophy 2	DOID	from_other_source
disease	DOID:0111068	congenital bile acid synthesis defect 4	xref	GARD:10046	Congenital bile acid synthesis defect 4	DOID	from_other_source
disease	DOID:0111069	congenital bile acid synthesis defect 2	xref	GARD:10045	Congenital bile acid synthesis defect 2	DOID	from_other_source
disease	DOID:0111071	congenital bile acid synthesis defect 1	xref	GARD:9813	Congenital bile acid synthesis defect 1	DOID	from_other_source
disease	DOID:0111077	congenital nonspherocytic hemolytic anemia 2	xref	GARD:7514	Pyruvate kinase deficiency of red cells	DOID	from_other_source
disease	DOID:0111079	birdshot chorioretinopathy	xref	GARD:5926	Birdshot chorioretinopathy	DOID	from_other_source
disease	DOID:0111135	congenital generalized lipodystrophy type 1	xref	GARD:84	Congenital generalized lipodystrophy type 1	DOID	from_other_source
disease	DOID:0111136	congenital generalized lipodystrophy type 2	xref	GARD:10212	Congenital generalized lipodystrophy type 2	DOID	from_other_source
disease	DOID:0111138	congenital generalized lipodystrophy type 4	xref	GARD:10937	Congenital generalized lipodystrophy type 4	DOID	from_other_source
disease	DOID:0111139	mitochondrial complex III deficiency	xref	GARD:8295	Mitochondrial complex III deficiency	DOID	from_other_source
disease	DOID:0111142	oligomeganephronia	xref	GARD:4066	Oligomeganephronia	DOID	from_other_source
disease	DOID:0111146	acquired von Willebrand syndrome	xref	GARD:5573	Acquired von willebrand syndrome	DOID	from_other_source
disease	DOID:0111147	angioimmunoblastic T-cell lymphoma	xref	GARD:11973	Angioimmunoblastic T-cell lymphoma	DOID	from_other_source
disease	DOID:0111153	congenital mirror movement disorder	xref	GARD:12551	Bimanual synkinesia	DOID	from_other_source
disease	DOID:0111157	Castleman disease	xref	GARD:12656	Castleman disease	DOID	from_other_source
disease	DOID:0111158	SADDAN	xref	GARD:9443	Severe achondroplasia-developmental delay-acanthosis nigricans syndrome	DOID	from_other_source
disease	DOID:0111165	molybdenum cofactor deficiency	xref	GARD:3705	Combined molybdoflavoprotein enzyme deficiency	DOID	from_other_source
disease	DOID:0111167	Dyggve-Melchior-Clausen disease	xref	GARD:6295	Dyggve-Melchior-Clausen syndrome	DOID	from_other_source
disease	DOID:0111168	sepiapterin reductase deficiency	xref	GARD:10365	Dopa-responsive dystonia due to sepiapterin reductase deficiency	DOID	from_other_source
disease	DOID:0111180	French Canadian Leigh disease	xref	GARD:8370	Congenital lactic acidosis, Saguenay-Lac-Saint-Jean type	DOID	from_other_source
disease	DOID:0111181	familial hemiplegic migraine 1	xref	GARD:2638	Migraine, familial hemiplegic, 1	DOID	from_other_source
disease	DOID:0111182	familial hemiplegic migraine 2	xref	GARD:10095	Migraine, familial hemiplegic, 2	DOID	from_other_source
disease	DOID:0111183	familial hemiplegic migraine 3	xref	GARD:10974	Migraine, familial hemiplegic, 3	DOID	from_other_source
disease	DOID:0111188	myofibrillar myopathy 9	xref	GARD:12591	Myopathy, myofibrillar, 9, with early respiratory failure	DOID	from_other_source
disease	DOID:0111216	autosomal recessive centronuclear myopathy	xref	GARD:12718	Autosomal recessive centronuclear myopathy	DOID	from_other_source
disease	DOID:0111217	autosomal dominant centronuclear myopathy	xref	GARD:12719	Autosomal dominant centronuclear myopathy	DOID	from_other_source
disease	DOID:0111225	centronuclear myopathy X-linked	xref	GARD:11925	Severe X-linked myotubular myopathy	DOID	from_other_source
disease	DOID:0111243	acromicric dysplasia	xref	GARD:7	Acromicric dysplasia	DOID	from_other_source
disease	DOID:0111244	palmoplantar keratoderma and congenital alopecia 1	xref	GARD:604	Autosomal dominant palmoplantar keratoderma and congenital alopecia	DOID	from_other_source
disease	DOID:0111246	amyotrophic lateral sclerosis-parkinsonism/dementia complex 1	xref	GARD:9239	Amyotrophic lateral sclerosis-parkinsonism-dementia complex	DOID	from_other_source
disease	DOID:0111247	hypertension and brachydactyly syndrome	xref	GARD:967	Brachydactyly-arterial hypertension syndrome	DOID	from_other_source
disease	DOID:0111248	cerebrocostomandibular syndrome	xref	GARD:6026	Cerebro-costo-mandibular syndrome	DOID	from_other_source
disease	DOID:0111249	uveal coloboma-cleft lip and palate-intellectual disability	xref	GARD:1440	Uveal coloboma-cleft lip and palate-intellectual disability	DOID	from_other_source
disease	DOID:0111252	vestibular schwannomatosis	xref	GARD:7193	Neurofibromatosis, type 2	DOID	from_other_source
disease	DOID:0111254	glutaric acidemia I	xref	GARD:6522	Glutaric aciduria, type 1	DOID	from_other_source
disease	DOID:0111255	McKusick-Kaufman syndrome	xref	GARD:3427	McKusick-Kaufman syndrome	DOID	from_other_source
disease	DOID:0111256	hyperferritinemia-cataract syndrome	xref	GARD:2806	Hereditary hyperferritinemia with congenital cataracts	DOID	from_other_source
disease	DOID:0111257	gamma-glutamyl transpeptidase deficiency	xref	GARD:10099	Gamma-Glutamyltransferase deficiency	DOID	from_other_source
disease	DOID:0111258	pentosuria	xref	GARD:418	Essential pentosuria	DOID	from_other_source
disease	DOID:0111259	postaxial acrofacial dysostosis	xref	GARD:8410	Miller syndrome	DOID	from_other_source
disease	DOID:0111261	fumarase deficiency	xref	GARD:6476	Fumarase deficiency	DOID	from_other_source
disease	DOID:0111262	infantile cerebral and cerebellar atrophy with postnatal progressive microcephaly	xref	GARD:10995	Infantile cerebral and cerebellar atrophy with postnatal progressive microcephaly	DOID	from_other_source
disease	DOID:0111263	combined malonic and methylmalonic acidemia	xref	GARD:10818	Combined malonic and methylmalonic acidemia	DOID	from_other_source
disease	DOID:0111265	Boucher-Neuhauser syndrome	xref	GARD:944	Ataxia-hypogonadism-choroidal dystrophy syndrome	DOID	from_other_source
disease	DOID:0111266	geroderma osteodysplasticum	xref	GARD:413	Geroderma osteodysplastica	DOID	from_other_source
disease	DOID:0111267	hyaline body myopathy	xref	GARD:7148	Hyaline body myopathy	DOID	from_other_source
disease	DOID:0111270	isolated sulfite oxidase deficiency	xref	GARD:5062	Sulfite oxidase deficiency	DOID	from_other_source
disease	DOID:0111271	Oliver-McFarlane syndrome	xref	GARD:5266	Trichomegaly-retina pigmentary degeneration-dwarfism syndrome	DOID	from_other_source
disease	DOID:0111272	occipital horn syndrome	xref	GARD:4017	Cutis laxa, X-linked	DOID	from_other_source
disease	DOID:0111273	NARP syndrome	xref	GARD:262	NARP syndrome	DOID	from_other_source
disease	DOID:0111274	CODAS syndrome	xref	GARD:1418	CODAS syndrome	DOID	from_other_source
disease	DOID:0111275	speech-language disorder-1	xref	GARD:12889	Childhood apraxia of speech	DOID	from_other_source
disease	DOID:0111277	mitochondrial trifunctional protein deficiency	xref	GARD:3684	Mitochondrial trifunctional protein deficiency	DOID	from_other_source
disease	DOID:0111278	histiocytosis-lymphadenopathy plus syndrome	xref	GARD:7588	Sinus histiocytosis with massive lymphadenopathy	DOID	from_other_source
disease	DOID:0111329	pyridoxamine 5'-phosphate oxidase deficiency	xref	GARD:10730	Pyridoxal phosphate-responsive seizures	DOID	from_other_source
disease	DOID:0111331	intellectual disability-severe speech delay-mild dysmorphism syndrome	xref	GARD:12501	Intellectual disability-severe speech delay-mild dysmorphism syndrome	DOID	from_other_source
disease	DOID:0111333	congenital myopathy 10A	xref	GARD:12199	MEGF10-related myopathy	DOID	from_other_source
disease	DOID:0111335	myopathy with extrapyramidal signs	xref	GARD:12978	Proximal myopathy with extrapyramidal signs	DOID	from_other_source
disease	DOID:0111336	craniofacial-deafness-hand syndrome	xref	GARD:1571	Craniofacial-deafness-hand syndrome	DOID	from_other_source
disease	DOID:0111337	Jackson-Weiss syndrome	xref	GARD:6796	Jackson-Weiss syndrome	DOID	from_other_source
disease	DOID:0111340	dominant optic atrophy plus syndrome	xref	GARD:5243	Autosomal dominant optic atrophy plus syndrome	DOID	from_other_source
disease	DOID:0111342	dermatopathia pigmentosa reticularis	xref	GARD:8550	Dermatopathia pigmentosa reticularis	DOID	from_other_source
disease	DOID:0111343	lateral meningocele syndrome	xref	GARD:9873	Lateral meningocele syndrome	DOID	from_other_source
disease	DOID:0111345	transient bullous dermolysis of the newborn	xref	GARD:10010	Transient bullous dermolysis of the newborn	DOID	from_other_source
disease	DOID:0111346	epidermolysis bullosa simplex 2F with mottled pigmentation	xref	GARD:9737	Epidermolysis bullosa simplex with mottled pigmentation	DOID	from_other_source
disease	DOID:0111350	Laurin-Sandrow syndrome	xref	GARD:155	Laurin-Sandrow syndrome	DOID	from_other_source
disease	DOID:0111357	adermatoglyphia	xref	GARD:12550	Adermatoglyphia	DOID	from_other_source
disease	DOID:0111358	Floating-Harbor syndrome	xref	GARD:6455	Floating-Harbor syndrome	DOID	from_other_source
disease	DOID:0111359	large congenital melanocytic nevus	xref	GARD:2469	Large congenital melanocytic nevus	DOID	from_other_source
disease	DOID:0111362	hawkinsinuria	xref	GARD:5668	Hawkinsinuria	DOID	from_other_source
disease	DOID:0111363	Heinz body anemia	xref	GARD:10718	Heinz body anemia	DOID	from_other_source
disease	DOID:0111367	Beukes hip dysplasia	xref	GARD:2690	Hip dysplasia, Beukes type	DOID	from_other_source
disease	DOID:0111375	fetal akinesia deformation sequence syndrome	xref	GARD:9634	Fetal akinesia deformation sequence	DOID	from_other_source
disease	DOID:0111380	solitary median maxillary central incisor	xref	GARD:4877	Solitary median maxillary central incisor syndrome	DOID	from_other_source
disease	DOID:0111381	IVIC syndrome	xref	GARD:269	Oculootoradial syndrome	DOID	from_other_source
disease	DOID:0111382	ischiocoxopodopatellar syndrome	xref	GARD:3030	Coxopodopatellar syndrome	DOID	from_other_source
disease	DOID:0111383	autosomal dominant keratitis	xref	GARD:3089	Autosomal dominant keratitis	DOID	from_other_source
disease	DOID:0111387	familial isolated hypoparathyroidism	xref	GARD:2910	Familial hypoparathyroidism	DOID	from_other_source
disease	DOID:0111389	mucopolysaccharidosis Ih/s	xref	GARD:12560	Mucopolysaccharidosis, MPS-I-H/S	DOID	from_other_source
disease	DOID:0111390	mucopolysaccharidosis Ih	xref	GARD:12559	Hurler syndrome	DOID	from_other_source
disease	DOID:0111391	mucopolysaccharidosis IVA	xref	GARD:3785	Mucopolysaccharidosis, MPS-IV-A	DOID	from_other_source
disease	DOID:0111393	mucopolysaccharidosis type IIIC	xref	GARD:7073	Mucopolysaccharidosis, MPS-III-C	DOID	from_other_source
disease	DOID:0111394	mucopolysaccharidosis type IIIB	xref	GARD:7072	Mucopolysaccharidosis, MPS-III-B	DOID	from_other_source
disease	DOID:0111396	congenital dyserythropoietic anemia type I	xref	GARD:2000	Congenital dyserythropoietic anemia, type I	DOID	from_other_source
disease	DOID:0111399	congenital dyserythropoietic anemia type IIIa	xref	GARD:2002	Congenital dyserythropoietic anemia, type III	DOID	from_other_source
disease	DOID:0111401	congenital dyserythropoietic anemia type II	xref	GARD:2001	Congenital dyserythropoietic anemia, type II	DOID	from_other_source
disease	DOID:0111402	mucopolysaccharidosis type IIID	xref	GARD:7074	Mucopolysaccharidosis, MPS-III-D	DOID	from_other_source
disease	DOID:0111404	Jalili syndrome	xref	GARD:1463	Jalili syndrome	DOID	from_other_source
disease	DOID:0111414	trichohepatoenteric syndrome	xref	GARD:5258	Trichohepatoenteric syndrome	DOID	from_other_source
disease	DOID:0111433	optic atrophy 3	xref	GARD:10203	Optic atrophy 3	DOID	from_other_source
disease	DOID:0111446	progressive myoclonus epilepsy 3	xref	GARD:2167	Progressive myoclonic epilepsy type 3	DOID	from_other_source
disease	DOID:0111449	progressive myoclonus epilepsy 6	xref	GARD:3872	Progressive myoclonic epilepsy type 6	DOID	from_other_source
disease	DOID:0111454	SHORT syndrome	xref	GARD:7633	SHORT syndrome	DOID	from_other_source
disease	DOID:0111455	GRACILE syndrome	xref	GARD:1	GRACILE syndrome	DOID	from_other_source
disease	DOID:0111456	Kaufman oculocerebrofacial syndrome	xref	GARD:3084	Oculocerebrofacial syndrome, Kaufman type	DOID	from_other_source
disease	DOID:0111457	STING-associated vasculopathy with onset in infancy	xref	GARD:12357	STING-associated vasculopathy with onset in infancy	DOID	from_other_source
disease	DOID:0111458	galactose epimerase deficiency	xref	GARD:5392	UDPglucose-4-epimerase deficiency	DOID	from_other_source
disease	DOID:0111459	classic galactosemia	xref	GARD:13639	Deficiency of UDPglucose-hexose-1-phosphate uridylyltransferase	DOID	from_other_source
disease	DOID:0111469	combined oxidative phosphorylation deficiency 16	xref	GARD:12892	Infantile hypertrophic cardiomyopathy due to MRPL44 deficiency	DOID	from_other_source
disease	DOID:0111493	combined oxidative phosphorylation deficiency 12	xref	GARD:13381	Leukoencephalopathy-thalamus and brainstem anomalies-high lactate syndrome	DOID	from_other_source
disease	DOID:0111505	palmoplantar keratoderma-deafness syndrome	xref	GARD:3094	Palmoplantar keratoderma-deafness syndrome	DOID	from_other_source
disease	DOID:0111506	palmoplantar keratoderma-esophageal carcinoma syndrome	xref	GARD:3102	Palmoplantar keratoderma-esophageal carcinoma syndrome	DOID	from_other_source
disease	DOID:0111507	Lenz-Majewski hyperostotic dwarfism	xref	GARD:3223	Lenz-Majewski hyperostosis syndrome	DOID	from_other_source
disease	DOID:0111508	Torrance type platyspondylic dysplasia	xref	GARD:4382	Platyspondylic dysplasia, Torrance type	DOID	from_other_source
disease	DOID:0111509	lymphedema-distichiasis syndrome	xref	GARD:333	Distichiasis-lymphedema syndrome	DOID	from_other_source
disease	DOID:0111510	Marshall syndrome	xref	GARD:6984	Marshall syndrome	DOID	from_other_source
disease	DOID:0111511	melanoma and neural system tumor syndrome	xref	GARD:8468	Melanoma and neural system tumor syndrome	DOID	from_other_source
disease	DOID:0111512	metachondromatosis	xref	GARD:3560	Metachondromatosis	DOID	from_other_source
disease	DOID:0111513	metaphyseal dysplasia-maxillary hypoplasia-brachydactyly syndrome	xref	GARD:3568	Metaphyseal dysplasia-maxillary hypoplasia-brachydacty syndrome	DOID	from_other_source
disease	DOID:0111514	metatropic dysplasia	xref	GARD:3571	Metatropic dysplasia	DOID	from_other_source
disease	DOID:0111527	spinal muscular atrophy with progressive myoclonic epilepsy	xref	GARD:3875	Spinal muscular atrophy-progressive myoclonic epilepsy syndrome	DOID	from_other_source
disease	DOID:0111528	Naegeli-Franceschetti-Jadassohn syndrome	xref	GARD:3912	Naegeli-Franceschetti-Jadassohn syndrome	DOID	from_other_source
disease	DOID:0111529	familial multiple nevi flammei	xref	GARD:3986	Familial multiple nevi flammei	DOID	from_other_source
disease	DOID:0111530	linear nevus sebaceous syndrome	xref	GARD:10291	Linear nevus sebaceous syndrome	DOID	from_other_source
disease	DOID:0111531	bilateral optic nerve hypoplasia	xref	GARD:8419	Isolated optic nerve hypoplasia	DOID	from_other_source
disease	DOID:0111532	osteoglophonic dysplasia	xref	GARD:4142	Osteoglophonic dysplasia	DOID	from_other_source
disease	DOID:0111533	gnathodiaphyseal dysplasia	xref	GARD:8698	Gnathodiaphyseal dysplasia	DOID	from_other_source
disease	DOID:0111534	multicentric carpotarsal osteolysis syndrome	xref	GARD:3818	Multicentric carpo-tarsal osteolysis with or without nephropathy	DOID	from_other_source
disease	DOID:0111535	progressive osseous heteroplasia	xref	GARD:109	Progressive osseous heteroplasia	DOID	from_other_source
disease	DOID:0111537	paroxysmal extreme pain disorder	xref	GARD:12854	Paroxysmal extreme pain disorder	DOID	from_other_source
disease	DOID:0111538	paramyotonia congenita of Von Eulenburg	xref	GARD:7325	Paramyotonia congenita of Von Eulenburg	DOID	from_other_source
disease	DOID:0111539	parastremmatic dwarfism	xref	GARD:4222	Parastremmatic dwarfism	DOID	from_other_source
disease	DOID:0111540	prolidase deficiency	xref	GARD:7473	Prolidase deficiency	DOID	from_other_source
disease	DOID:0111542	familial expansile osteolysis	xref	GARD:9168	Familial expansile osteolysis	DOID	from_other_source
disease	DOID:0111544	Guttmacher syndrome	xref	GARD:4470	Guttmacher syndrome	DOID	from_other_source
disease	DOID:0111545	familial male-limited precocious puberty	xref	GARD:4475	Gonadotropin-independent familial sexual precocity	DOID	from_other_source
disease	DOID:0111546	Currarino syndrome	xref	GARD:1626	Currarino triad	DOID	from_other_source
disease	DOID:0111548	ring dermoid of cornea	xref	GARD:9696	Ring dermoid of cornea	DOID	from_other_source
disease	DOID:0111550	scalp-ear-nipple syndrome	xref	GARD:159	Scalp-ear-nipple syndrome	DOID	from_other_source
disease	DOID:0111551	neurogenic scapuloperoneal syndrome Kaeser type	xref	GARD:10312	Neurogenic scapuloperoneal syndrome, Kaeser type	DOID	from_other_source
disease	DOID:0111552	scapuloperoneal spinal muscular atrophy	xref	GARD:10314	Scapuloperoneal spinal muscular atrophy	DOID	from_other_source
disease	DOID:0111553	spondyloepiphyseal dysplasia Maroteaux type	xref	GARD:994	Spondyloepimetaphyseal dysplasia, Maroteaux type	DOID	from_other_source
disease	DOID:0111554	spondylometaphyseal dysplasia Kozlowski type	xref	GARD:3047	Spondylometaphyseal dysplasia, Kozlowski type	DOID	from_other_source
disease	DOID:0111556	steatocystoma multiplex	xref	GARD:5003	Steatocystoma multiplex	DOID	from_other_source
disease	DOID:0111561	stiff skin syndrome	xref	GARD:5025	Stiff skin syndrome	DOID	from_other_source
disease	DOID:0111562	overhydrated hereditary stomatocytosis	xref	GARD:4183	Overhydrated hereditary stomatocytosis	DOID	from_other_source
disease	DOID:0111563	Sturge-Weber syndrome	xref	GARD:7706	Sturge-Weber syndrome	DOID	from_other_source
disease	DOID:0111564	hypoplastic or aplastic tibia with polydactyly	xref	GARD:8309	Tibia, hypoplasia or aplasia of, with polydactyly	DOID	from_other_source
disease	DOID:0111565	trichodontoosseous syndrome	xref	GARD:7799	Tricho-dento-osseous syndrome	DOID	from_other_source
disease	DOID:0111567	retinal vasculopathy with cerebral leukodystrophy	xref	GARD:1217	Retinal vasculopathy with cerebral leukoencephalopathy and systemic manifestations	DOID	from_other_source
disease	DOID:0111568	congenital vertical talus	xref	GARD:5488	Congenital vertical talus	DOID	from_other_source
disease	DOID:0111569	autosomal dominant vitreoretinochoroidopathy	xref	GARD:5507	Autosomal dominant vitreoretinochoroidopathy	DOID	from_other_source
disease	DOID:0111570	snowflake vitreoretinal degeneration	xref	GARD:9706	Snowflake vitreoretinal degeneration	DOID	from_other_source
disease	DOID:0111571	Weyers acrofacial dysostosis	xref	GARD:497	Curry-Hall syndrome	DOID	from_other_source
disease	DOID:0111572	familial woolly hair syndrome	xref	GARD:5597	Wooly hair	DOID	from_other_source
disease	DOID:0111575	dehydrated hereditary stomatocytosis	xref	GARD:5623	Xerocytosis	DOID	from_other_source
disease	DOID:0111578	Gillespie syndrome	xref	GARD:13	Gillespie syndrome	DOID	from_other_source
disease	DOID:0111580	Behr syndrome	xref	GARD:849	Abortive cerebellar ataxia	DOID	from_other_source
disease	DOID:0111581	C syndrome	xref	GARD:5978	C syndrome	DOID	from_other_source
disease	DOID:0111582	hereditary arterial and articular multiple calcification syndrome	xref	GARD:10762	Hereditary arterial and articular multiple calcification syndrome	DOID	from_other_source
disease	DOID:0111584	dilated cardiomyopathy-hypergonadotropic hypogonadism syndrome	xref	GARD:3373	Dilated cardiomyopathy-hypergonadotropic hypogonadism syndrome	DOID	from_other_source
disease	DOID:0111585	carnitine-acylcarnitine translocase deficiency	xref	GARD:1123	Carnitine acylcarnitine translocase deficiency	DOID	from_other_source
disease	DOID:0111586	Martsolf syndrome	xref	GARD:3406	Martsolf syndrome 1	DOID	from_other_source
disease	DOID:0111588	Greenberg dysplasia	xref	GARD:8754	Greenberg dysplasia	DOID	from_other_source
disease	DOID:0111589	COACH syndrome	xref	GARD:1410	COACH syndrome	DOID	from_other_source
disease	DOID:0111590	Cohen syndrome	xref	GARD:6126	Cohen syndrome	DOID	from_other_source
disease	DOID:0111591	congenital heart defects, hamartomas of tongue, and polysyndactyly	xref	GARD:4166	Heart defect - tongue hamartoma - polysyndactyly syndrome	DOID	from_other_source
disease	DOID:0111592	plasminogen deficiency type I	xref	GARD:4380	Plasminogen deficiency, type I	DOID	from_other_source
disease	DOID:0111596	distal arthrogryposis type 1	xref	GARD:787	Digitotalar dysmorphism	DOID	from_other_source
disease	DOID:0111603	distal arthrogryposis type 7	xref	GARD:2621	Hecht syndrome	DOID	from_other_source
disease	DOID:0111607	distal arthrogryposis type 3	xref	GARD:2553	Gordon syndrome	DOID	from_other_source
disease	DOID:0111608	distal arthrogryposis type 5	xref	GARD:4047	Arthrogryposis- oculomotor limitation-electroretinal anomalies syndrome	DOID	from_other_source
disease	DOID:0111609	distal arthrogryposis type 6	xref	GARD:784	Arthrogryposis-like hand anomaly-sensorineural deafness syndrome	DOID	from_other_source
disease	DOID:0111611	autosomal recessive spinocerebellar ataxia 4	xref	GARD:4952	Autosomal recessive cerebellar ataxia-saccadic intrusion syndrome	DOID	from_other_source
disease	DOID:0111617	autosomal recessive spinocerebellar ataxia 6	xref	GARD:4954	Infantile-onset autosomal recessive nonprogressive cerebellar ataxia	DOID	from_other_source
disease	DOID:0111618	autosomal recessive spinocerebellar ataxia 8	xref	GARD:12234	Autosomal recessive ataxia, Beauce type	DOID	from_other_source
disease	DOID:0111620	corneal dystrophy-perceptive deafness syndrome	xref	GARD:1529	Corneal dystrophy-perceptive deafness syndrome	DOID	from_other_source
disease	DOID:0111621	Temtamy syndrome	xref	GARD:5688	Temtamy syndrome	DOID	from_other_source
disease	DOID:0111622	ACTH-independent macronodular adrenal hyperplasia	xref	GARD:10824	Cushing syndrome due to macronodular adrenal hyperplasia	DOID	from_other_source
disease	DOID:0111626	D-glyceric aciduria	xref	GARD:234	D-Glyceric aciduria	DOID	from_other_source
disease	DOID:0111627	DOORS syndrome	xref	GARD:1685	DOORS syndrome	DOID	from_other_source
disease	DOID:0111628	high myopia-sensorineural deafness syndrome	xref	GARD:12844	High myopia-sensorineural deafness syndrome	DOID	from_other_source
disease	DOID:0111629	dihydropyrimidinase deficiency	xref	GARD:12347	Dihydropyrimidinase deficiency	DOID	from_other_source
disease	DOID:0111649	ectodermal dysplasia, ectrodactyly, and macular dystrophy syndrome	xref	GARD:2078	EEM syndrome	DOID	from_other_source
disease	DOID:0111668	Kohlschutter-Tonz syndrome	xref	GARD:3128	Amelocerebrohypohidrotic syndrome	DOID	from_other_source
disease	DOID:0111670	primary hyperoxaluria type 1	xref	GARD:2835	Primary hyperoxaluria, type I	DOID	from_other_source
disease	DOID:0111671	primary hyperoxaluria type 2	xref	GARD:2836	Primary hyperoxaluria, type II	DOID	from_other_source
disease	DOID:0111672	primary hyperoxaluria type 3	xref	GARD:10738	Primary hyperoxaluria type 3	DOID	from_other_source
disease	DOID:0111676	high molecular weight kininogen deficiency	xref	GARD:2684	High molecular weight kininogen deficiency	DOID	from_other_source
disease	DOID:0111678	hereditary folate malabsorption	xref	GARD:12983	Congenital defect of folate absorption	DOID	from_other_source
disease	DOID:0111679	glutamate formiminotransferase deficiency	xref	GARD:9279	Glutamate formiminotransferase deficiency	DOID	from_other_source
disease	DOID:0111683	neurofibromatosis-Noonan syndrome	xref	GARD:372	Neurofibromatosis-Noonan syndrome	DOID	from_other_source
disease	DOID:0111687	Potocki-Shaffer syndrome	xref	GARD:9762	Potocki-Shaffer syndrome	DOID	from_other_source
disease	DOID:0111699	Van den Ende-Gupta syndrome	xref	GARD:3382	Van den Ende-Gupta syndrome	DOID	from_other_source
disease	DOID:0111700	ankyrin-B-related cardiac arrhythmia	xref	GARD:13294	Cardiac arrhythmia, ankyrin-B-related	DOID	from_other_source
disease	DOID:0111702	loose anagen hair syndrome	xref	GARD:3287	Loose anagen hair syndrome	DOID	from_other_source
disease	DOID:0111703	familial hypertryptophanemia	xref	GARD:2871	Familial hypertryptophanemia	DOID	from_other_source
disease	DOID:0111705	oculoectodermal syndrome	xref	GARD:10366	Toriello-Lacassie-Droste syndrome	DOID	from_other_source
disease	DOID:0111707	Bothnian type palmoplantar keratoderma	xref	GARD:1862	Palmoplantar keratoderma, Bothnian type	DOID	from_other_source
disease	DOID:0111715	Schaaf-Yang syndrome	xref	GARD:13316	Schaaf-Yang syndrome	DOID	from_other_source
disease	DOID:0111723	Jacobsen Syndrome	xref	GARD:307	11q partial monosomy syndrome	DOID	from_other_source
disease	DOID:0111724	geleophysic dysplasia	xref	GARD:2449	Geleophysic dysplasia	DOID	from_other_source
disease	DOID:0111728	familial episodic pain syndrome	xref	GARD:12684	Familial episodic pain syndrome	DOID	from_other_source
disease	DOID:0111747	cerebellar ataxia type 9	xref	GARD:10481	Spinocerebellar ataxia 9	DOID	from_other_source
disease	DOID:0111760	46,XX sex reversal	xref	GARD:399	46,XX testicular disorder of sex development	DOID	from_other_source
disease	DOID:0111777	46,XY sex reversal 2	xref	GARD:9159	46,XY sex reversal 2	DOID	from_other_source
disease	DOID:0111779	X-linked panhypopituitarism	xref	GARD:6737	Panhypopituitarism, X-linked	DOID	from_other_source
disease	DOID:0111780	TARP syndrome	xref	GARD:10089	TARP syndrome	DOID	from_other_source
disease	DOID:0111783	otopalatodigital syndrome type 1	xref	GARD:5121	Oto-palato-digital syndrome, type I	DOID	from_other_source
disease	DOID:0111784	otopalatodigital syndrome type 2	xref	GARD:5802	Oto-palato-digital syndrome, type II	DOID	from_other_source
disease	DOID:0111785	frontometaphyseal dysplasia	xref	GARD:826	Frontometaphyseal dysplasia	DOID	from_other_source
disease	DOID:0111788	Melnick-Needles syndrome	xref	GARD:7011	Melnick-Needles syndrome	DOID	from_other_source
disease	DOID:0111789	Frank-Ter Haar syndrome	xref	GARD:5138	Frank-Ter Haar syndrome	DOID	from_other_source
disease	DOID:0111799	syndromic microphthalmia 1	xref	GARD:87	Lenz microphthalmia syndrome	DOID	from_other_source
disease	DOID:0111800	syndromic microphthalmia 12	xref	GARD:13235	Microphthalmia, syndromic 12	DOID	from_other_source
disease	DOID:0111801	syndromic microphthalmia 3	xref	GARD:1443	Anophthalmia/microphthalmia-esophageal atresia syndrome	DOID	from_other_source
disease	DOID:0111803	syndromic microphthalmia 8	xref	GARD:3693	MMEP syndrome	DOID	from_other_source
disease	DOID:0111805	syndromic microphthalmia 6	xref	GARD:3645	Microphthalmia with brain and digit anomalies	DOID	from_other_source
disease	DOID:0111806	syndromic microphthalmia 5	xref	GARD:3692	Syndromic microphthalmia type 5	DOID	from_other_source
disease	DOID:0111809	syndromic microphthalmia 2	xref	GARD:4628	Oculofaciocardiodental syndrome	DOID	from_other_source
disease	DOID:0111812	syndromic microphthalmia 10	xref	GARD:9292	Microphthalmia-brain atrophy syndrome	DOID	from_other_source
disease	DOID:0111813	syndactyly type 8	xref	GARD:3559	Syndactyly type 8	DOID	from_other_source
disease	DOID:0111816	syndactyly type 1	xref	GARD:5081	Syndactyly type 1	DOID	from_other_source
disease	DOID:0111817	syndactyly type 3	xref	GARD:5088	Syndactyly type 3	DOID	from_other_source
disease	DOID:0111818	syndactyly type 4	xref	GARD:4434	Syndactyly type 4	DOID	from_other_source
disease	DOID:0111819	syndactyly type 5	xref	GARD:5089	Syndactyly type 5	DOID	from_other_source
disease	DOID:0111821	ichthyosis follicularis-alopecia-photophobia syndrome 1	xref	GARD:2952	IFAP syndrome	DOID	from_other_source
disease	DOID:0111822	CHILD syndrome	xref	GARD:6039	Child syndrome	DOID	from_other_source
disease	DOID:0111826	Abruzzo-Erickson syndrome	xref	GARD:360	Abruzzo-Erickson syndrome	DOID	from_other_source
disease	DOID:0111827	X-linked spinal muscular atrophy 2	xref	GARD:8521	Infantile-onset X-linked spinal muscular atrophy	DOID	from_other_source
disease	DOID:0111830	X-linked spinocerebellar ataxia 2	xref	GARD:9978	Spinocerebellar ataxia, X-linked 2	DOID	from_other_source
disease	DOID:0111831	X-linked spinocerebellar ataxia 3	xref	GARD:9981	X-linked spinocerebellar ataxia type 3	DOID	from_other_source
disease	DOID:0111832	X-linked spinocerebellar ataxia 4	xref	GARD:9980	X-linked spinocerebellar ataxia type 4	DOID	from_other_source
disease	DOID:0111842	Keipert syndrome	xref	GARD:267	Keipert syndrome	DOID	from_other_source
disease	DOID:0111907	thrombophilia due to thrombin defect	xref	GARD:10815	Thrombophilia due to thrombin defect	DOID	from_other_source
disease	DOID:0111931	syndactyly-telecanthus-anogenital and renal malformations syndrome	xref	GARD:10295	Syndactyly-telecanthus-anogenital and renal malformations syndrome	DOID	from_other_source
disease	DOID:0111933	phosphoglycerate kinase 1 deficiency	xref	GARD:7389	Glycogen storage disease due to phosphoglycerate kinase 1 deficiency	DOID	from_other_source
disease	DOID:0111936	immunodeficiency 14	xref	GARD:11983	Activated PI3K-delta syndrome	DOID	from_other_source
disease	DOID:0111943	immunodeficiency 48	xref	GARD:387	Combined immunodeficiency due to ZAP70 deficiency	DOID	from_other_source
disease	DOID:0111947	immunodeficiency 21	xref	GARD:10934	Monocytopenia with susceptibility to infections	DOID	from_other_source
disease	DOID:0111951	immunodeficiency 40	xref	GARD:12653	DOCK2 deficiency	DOID	from_other_source
disease	DOID:0111953	immunodeficiency 23	xref	GARD:4331	Immunodeficiency 23	DOID	from_other_source
disease	DOID:0111987	immunodeficiency 13	xref	GARD:12375	Idiopathic CD4 lymphocytopenia	DOID	from_other_source
disease	DOID:0112011	mutilating palmoplantar keratoderma with periorificial keratotic plaques	xref	GARD:4075	Olmsted syndrome	DOID	from_other_source
disease	DOID:0112021	non-syndromic X-linked intellectual disability ARX-related	xref	GARD:5614	Intellectual disability, X-linked, with or without seizures, ARX-related	DOID	from_other_source
disease	DOID:0112025	female-restricted syndromic X-linked intellectual disability 99	xref	GARD:13638	X-linked female restricted facial dysmorphism-short stature-choanal atresia-intellectual disability	DOID	from_other_source
disease	DOID:0112027	non-syndromic X-linked intellectual disability 14	xref	GARD:8557	Intellectual disability, X-linked 14	DOID	from_other_source
disease	DOID:0112050	non-syndromic X-linked intellectual disability 63	xref	GARD:5613	Intellectual disability, X-linked 63	DOID	from_other_source
disease	DOID:0112107	McLeod syndrome	xref	GARD:10731	McLeod neuroacanthocytosis syndrome	DOID	from_other_source
disease	DOID:0112123	deafness, dystonia, and cerebral hypomyelination	xref	GARD:12472	CADDS	DOID	from_other_source
disease	DOID:0112128	X-linked severe congenital neutropenia	xref	GARD:3981	X-linked severe congenital neutropenia	DOID	from_other_source
disease	DOID:0112130	autosomal dominant severe congenital neutropenia	xref	GARD:9558	Autosomal dominant severe congenital neutropenia	DOID	from_other_source
disease	DOID:0112133	severe congenital neutropenia 3	xref	GARD:302	Kostmann syndrome	DOID	from_other_source
disease	DOID:0112150	X-linked spondyloepimetaphyseal dysplasia	xref	GARD:4979	X-linked spondyloepimetaphyseal dysplasia	DOID	from_other_source
disease	DOID:0112151	corpus callosum agenesis-abnormal genitalia syndrome	xref	GARD:4528	Corpus callosum agenesis-abnormal genitalia syndrome	DOID	from_other_source
disease	DOID:0112152	CHIME syndrome	xref	GARD:310	CHIME syndrome	DOID	from_other_source
disease	DOID:0112158	De Sanctis-Cacchione syndrome	xref	GARD:8276	DE SANCTIS-CACCHIONE SYNDROME	DOID	from_other_source
disease	DOID:0112171	wrinkly skin syndrome	xref	GARD:273	Wrinkly skin syndrome	DOID	from_other_source
disease	DOID:0112180	urocanase deficiency	xref	GARD:8539	Urocanate hydratase deficiency	DOID	from_other_source
disease	DOID:0112181	Schinzel type phocomelia	xref	GARD:9212	Schinzel phocomelia syndrome	DOID	from_other_source
disease	DOID:0112191	tetraamelia syndrome	xref	GARD:386	Tetraamelia-multiple malformations syndrome	DOID	from_other_source
disease	DOID:0112192	tetraamelia syndrome 1	xref	GARD:5148	Tetraamelia	DOID	from_other_source
disease	DOID:0112194	Filippi syndrome	xref	GARD:62	Filippi syndrome	DOID	from_other_source
disease	DOID:0112196	spondylometaepiphyseal dysplasia, short limb-hand type	xref	GARD:10616	Spondyloepimetaphyseal dysplasia-short limb-abnormal calcification syndrome	DOID	from_other_source
disease	DOID:0112197	spondyloepimetaphyseal dysplasia with joint laxity	xref	GARD:4982	Spondyloepimetaphyseal dysplasia with joint laxity	DOID	from_other_source
disease	DOID:0112224	chondrodysplasia with joint dislocations gPAPP type	xref	GARD:11009	Chondrodysplasia with joint dislocations, gPAPP type	DOID	from_other_source
disease	DOID:0112241	multiple benign circumferential skin creases on limbs	xref	GARD:3589	Michelin-tire baby	DOID	from_other_source
disease	DOID:0112246	glutaric acidemia type 3	xref	GARD:12469	Glutaryl-CoA oxidase deficiency	DOID	from_other_source
disease	DOID:0112248	17-beta hydroxysteroid dehydrogenase 3 deficiency	xref	GARD:5659	Testosterone 17-beta-dehydrogenase deficiency	DOID	from_other_source
disease	DOID:0112251	Ghosal hematodiaphyseal syndrome	xref	GARD:10297	Ghosal hematodiaphyseal dysplasia	DOID	from_other_source
disease	DOID:0112253	combined cellular and humoral immune defects with granulomas	xref	GARD:13587	Combined immunodeficiency with skin granulomas	DOID	from_other_source
disease	DOID:0112254	hepatic venoocclusive disease with immunodeficiency	xref	GARD:10083	Hepatic veno-occlusive disease-immunodeficiency syndrome	DOID	from_other_source
disease	DOID:0112256	homocystinuria-megaloblastic anemia cblG type	xref	GARD:3577	Methylcobalamin deficiency type cblG	DOID	from_other_source
disease	DOID:0112257	hydroxykynureninuria	xref	GARD:10039	Hydroxykynureninuria	DOID	from_other_source
disease	DOID:0112258	N-acetylglutamate synthase deficiency	xref	GARD:7158	Hyperammonemia, type III	DOID	from_other_source
disease	DOID:0112259	Leydig cell hypoplasia	xref	GARD:3244	Leydig cell hypoplasia	DOID	from_other_source
disease	DOID:0112262	leucine-sensitive hypoglycemia of infancy	xref	GARD:9915	Leucine-induced hypoglycemia	DOID	from_other_source
disease	DOID:0112264	Woodhouse-Sakati syndrome	xref	GARD:5592	Woodhouse-Sakati syndrome	DOID	from_other_source
disease	DOID:0112265	iminoglycinuria	xref	GARD:8424	Iminoglycinuria	DOID	from_other_source
disease	DOID:0112280	spondyloepiphyseal dysplasia	xref	GARD:7687	Spondyloepiphyseal dysplasia	DOID	from_other_source
disease	DOID:0112285	autosomal dominant spondyloepiphyseal dysplasia tarda	xref	GARD:10624	Spondyloepiphyseal dysplasia tarda, autosomal dominant	DOID	from_other_source
disease	DOID:0112287	spondyloepiphyseal dysplasia-brachydactyly and distinctive speech	xref	GARD:10629	Spondyloepiphyseal dysplasia, Cantu type	DOID	from_other_source
disease	DOID:0112296	spondylometaphyseal dysplasia Algerian type	xref	GARD:504	Spondylometaphyseal dysplasia, Schmidt type	DOID	from_other_source
disease	DOID:0112297	spondylometaphyseal dysplasia corner fracture type	xref	GARD:4991	Spondylometaphyseal dysplasia - Sutcliffe type	DOID	from_other_source
disease	DOID:0112298	spondylometaphyseal dysplasia Sedaghatian type	xref	GARD:4993	Spondylometaphyseal dysplasia, Sedaghatian type	DOID	from_other_source
disease	DOID:0112299	axial spondylometaphyseal dysplasia	xref	GARD:8720	Axial spondylometaphyseal dysplasia	DOID	from_other_source
disease	DOID:0112300	spondylometaphyseal dysplasia with cone-rod dystrophy	xref	GARD:10647	Spondylometaphyseal dysplasia-cone-rod dystrophy syndrome	DOID	from_other_source
disease	DOID:0112301	spondylometaphyseal dysplasia type A4	xref	GARD:458	Spondylometaphyseal dysplasia, A4 type	DOID	from_other_source
disease	DOID:0112302	spondylometaphyseal dysplasia East African type	xref	GARD:4992	Spondylometaphyseal dysplasia, East African type	DOID	from_other_source
disease	DOID:0112305	spondylometaphyseal dysplasia with bowed forearms and facial dysmorphism	xref	GARD:8719	Spondylometaphyseal dysplasia-bowed forearms-facial dysmorphism syndrome	DOID	from_other_source
disease	DOID:0112306	Mahvash Disease	xref	GARD:10460	GCGR-related hyperglucagonemia	DOID	from_other_source
disease	DOID:0112307	sarcosinemia	xref	GARD:158	Sarcosine dehydrogenase deficiency	DOID	from_other_source
disease	DOID:0112312	male infertility due to globozoospermia	xref	GARD:12502	Male infertility due to globozoospermia	DOID	from_other_source
disease	DOID:0112318	Schindler disease type 1	xref	GARD:116	Alpha-N-acetylgalactosaminidase deficiency type 1	DOID	from_other_source
disease	DOID:0112319	Kanzaki disease	xref	GARD:9161	Alpha-N-acetylgalactosaminidase deficiency type 2	DOID	from_other_source
disease	DOID:0112320	Schindler disease type 3	xref	GARD:3903	Alpha-N-acetylgalactosaminidase deficiency type 3	DOID	from_other_source
disease	DOID:0112322	pontocerebellar hypoplasia type 1	xref	GARD:10704	Congenital pontocerebellar hypoplasia type 1	DOID	from_other_source
disease	DOID:0112328	pontocerebellar hypoplasia type 2	xref	GARD:10705	Pontocerebellar hypoplasia type 2	DOID	from_other_source
disease	DOID:0112362	spondylocostal dysostosis 2	xref	GARD:6798	Autosomal recessive spondylocostal dysostosis	DOID	from_other_source
disease	DOID:10017	multiple endocrine neoplasia type 1	xref	GARD:3829	Multiple endocrine neoplasia, type 1	DOID	from_other_source
disease	DOID:10027	tabes dorsalis	xref	GARD:8730	Tabes dorsalis	DOID	from_other_source
disease	DOID:10041	dysplastic nevus syndrome	xref	GARD:9281	Familial atypical multiple mole melanoma syndrome	DOID	from_other_source
disease	DOID:10047	nodular malignant melanoma	xref	GARD:9961	Nodular malignant melanoma	DOID	from_other_source
disease	DOID:10073	syphilitic meningitis	xref	GARD:8731	Syphilitic meningitis	DOID	from_other_source
disease	DOID:10074	hymenolepiasis	xref	GARD:2787	Hymenolepiasis	DOID	from_other_source
disease	DOID:10075	diphyllobothriasis	xref	GARD:942	Diphyllobothriasis	DOID	from_other_source
disease	DOID:10079	cysticercosis	xref	GARD:8194	Cysticercosis	DOID	from_other_source
disease	DOID:10112	sleeping sickness	xref	GARD:7826	Human African trypanosomiasis	DOID	from_other_source
disease	DOID:10154	small intestine cancer	xref	GARD:9385	Malignant tumor of small intestine	DOID	from_other_source
disease	DOID:1019	osteomyelitis	xref	GARD:7286	Osteomyelitis	DOID	from_other_source
disease	DOID:1022	pinta disease	xref	GARD:7397	Pinta disease	DOID	from_other_source
disease	DOID:10223	dermatomyositis	xref	GARD:6263	Dermatomyositis	DOID	from_other_source
disease	DOID:1024	leprosy	xref	GARD:6886	Leprosy	DOID	from_other_source
disease	DOID:10241	thalassemia	xref	GARD:7756	Thalassemia	DOID	from_other_source
disease	DOID:10242	ehrlichiosis	xref	GARD:2092	Ehrlichiosis	DOID	from_other_source
disease	DOID:10320	asbestosis	xref	GARD:5852	Asbestosis	DOID	from_other_source
disease	DOID:10321	baritosis	xref	GARD:8371	Baritosis	DOID	from_other_source
disease	DOID:10323	byssinosis	xref	GARD:5976	Byssinosis	DOID	from_other_source
disease	DOID:10325	silicosis	xref	GARD:7647	Silicosis	DOID	from_other_source
disease	DOID:10331	kaolin pneumoconiosis	xref	GARD:8355	Kaolinosis	DOID	from_other_source
disease	DOID:10371	yaws	xref	GARD:7913	Yaws	DOID	from_other_source
disease	DOID:1040	chronic lymphocytic leukemia	xref	GARD:6104	B-cell chronic lymphocytic leukemia	DOID	from_other_source
disease	DOID:10426	Klippel-Feil syndrome	xref	GARD:10280	Klippel-Feil syndrome	DOID	from_other_source
disease	DOID:10485	esophageal atresia	xref	GARD:6381	Esophageal atresia/tracheoesophageal fistula	DOID	from_other_source
disease	DOID:10487	Hirschsprung's disease	xref	GARD:6660	Aganglionic megacolon	DOID	from_other_source
disease	DOID:10488	imperforate anus	xref	GARD:6769	Imperforate anus	DOID	from_other_source
disease	DOID:10534	stomach cancer	xref	GARD:7704	Gastric cancer	DOID	from_other_source
disease	DOID:10540	gastric lymphoma	xref	GARD:6485	Mucosa-associated lymphoma	DOID	from_other_source
disease	DOID:1056	oculocerebrorenal syndrome	xref	GARD:3295	Lowe syndrome	DOID	from_other_source
disease	DOID:10579	leukodystrophy	xref	GARD:6895	Leukodystrophy	DOID	from_other_source
disease	DOID:10581	metachromatic leukodystrophy	xref	GARD:3230	Metachromatic leukodystrophy	DOID	from_other_source
disease	DOID:10582	Refsum disease	xref	GARD:5691	Phytanic acid storage disease	DOID	from_other_source
disease	DOID:10584	retinitis pigmentosa	xref	GARD:5694	Retinitis pigmentosa	DOID	from_other_source
disease	DOID:10587	Krabbe disease	xref	GARD:6844	Galactosylceramide beta-galactosidase deficiency	DOID	from_other_source
disease	DOID:10595	Charcot-Marie-Tooth disease	xref	GARD:6034	Charcot-Marie-Tooth disease	DOID	from_other_source
disease	DOID:1060	Hartnup disease	xref	GARD:6569	Neutral 1 amino acid transport defect	DOID	from_other_source
disease	DOID:10609	rickets	xref	GARD:5700	Rickets	DOID	from_other_source
disease	DOID:10619	lymph node cancer	xref	GARD:6932	Lymph node neoplasm	DOID	from_other_source
disease	DOID:1062	Fanconi syndrome	xref	GARD:9118	Primary Fanconi syndrome	DOID	from_other_source
disease	DOID:10629	microphthalmia	xref	GARD:12085	Isolated anophthalmia-microphthalmia syndrome	DOID	from_other_source
disease	DOID:10632	Wolfram syndrome	xref	GARD:7898	Wolfram syndrome	DOID	from_other_source
disease	DOID:1064	cystinosis	xref	GARD:6236	Cystinosis	DOID	from_other_source
disease	DOID:10699	paragonimiasis	xref	GARD:9815	Infection by Paragonimus	DOID	from_other_source
disease	DOID:10772	thrombotic thrombocytopenic purpura	xref	GARD:9430	Upshaw-Schulman syndrome	DOID	from_other_source
disease	DOID:10773	bubonic plague	xref	GARD:183	Bubonic plague	DOID	from_other_source
disease	DOID:1081	mansonelliasis	xref	GARD:8216	Mansonelliasis	DOID	from_other_source
disease	DOID:1082	dirofilariasis	xref	GARD:11908	Dirofilariasis	DOID	from_other_source
disease	DOID:10841	Eastern equine encephalitis	xref	GARD:10821	Eastern equine encephalitis	DOID	from_other_source
disease	DOID:10843	Western equine encephalitis	xref	GARD:7888	Western equine encephalitis	DOID	from_other_source
disease	DOID:10844	Japanese encephalitis	xref	GARD:6797	Japanese encephalitis virus disease	DOID	from_other_source
disease	DOID:1089	tethered spinal cord syndrome	xref	GARD:4018	Primary tethered cord syndrome	DOID	from_other_source
disease	DOID:10907	microcephaly	xref	GARD:3603	Isolated congenital microcephaly	DOID	from_other_source
disease	DOID:10955	strongyloidiasis	xref	GARD:8195	Infection by Strongyloides	DOID	from_other_source
disease	DOID:10970	spastic quadriplegic cerebral palsy	xref	GARD:10447	Neurodevelopmental disorder with progressive spasticity and brain white matter abnormalities	DOID	from_other_source
disease	DOID:10983	Alport syndrome	xref	GARD:5785	Alport syndrome	DOID	from_other_source
disease	DOID:1099	alpha thalassemia	xref	GARD:621	Alpha Thalassemia	DOID	from_other_source
disease	DOID:10992	acute hemorrhagic leukoencephalitis	xref	GARD:8629	Acute hemorrhagic leukoencephalitis	DOID	from_other_source
disease	DOID:11042	Felty's syndrome	xref	GARD:8234	Felty syndrome	DOID	from_other_source
disease	DOID:11044	gastroschisis	xref	GARD:8661	Gastroschisis	DOID	from_other_source
disease	DOID:11049	meconium aspiration syndrome	xref	GARD:10494	Meconium aspiration syndrome	DOID	from_other_source
disease	DOID:11077	brucellosis	xref	GARD:5966	Brucellosis	DOID	from_other_source
disease	DOID:11100	Q fever	xref	GARD:7515	Q fever	DOID	from_other_source
disease	DOID:11123	IgA vasculitis	xref	GARD:8204	Immunoglobulin A vasculitis	DOID	from_other_source
disease	DOID:11198	DiGeorge syndrome	xref	GARD:10299	22q11.2 deletion syndrome	DOID	from_other_source
disease	DOID:11199	hypoparathyroidism	xref	GARD:6733	Hypoparathyroidism	DOID	from_other_source
disease	DOID:11260	rabies	xref	GARD:7516	Rabies	DOID	from_other_source
disease	DOID:11266	Hantavirus hemorrhagic fever with renal syndrome	xref	GARD:18689	Hemorrhagic fever-renal syndrome	DOID	from_other_source
disease	DOID:11285	tick paralysis	xref	GARD:7771	Tick paralysis	DOID	from_other_source
disease	DOID:11302	cercarial dermatitis	xref	GARD:9747	Cutaneous schistosomiasis	DOID	from_other_source
disease	DOID:11320	Kyasanur forest disease	xref	GARD:8257	Kyasanur forest disease	DOID	from_other_source
disease	DOID:11335	sarcoidosis	xref	GARD:7607	Sarcoidosis	DOID	from_other_source
disease	DOID:11337	Lemierre's syndrome	xref	GARD:6882	Necrobacillosis	DOID	from_other_source
disease	DOID:11338	tetanus	xref	GARD:5144	Tetanus	DOID	from_other_source
disease	DOID:11339	pneumocystosis	xref	GARD:4386	Pneumocystosis	DOID	from_other_source
disease	DOID:11379	gnathomiasis	xref	GARD:9286	Gnathomiasis	DOID	from_other_source
disease	DOID:1138	spinal meningioma	xref	GARD:10264	Spinal meningioma	DOID	from_other_source
disease	DOID:11405	diphtheria	xref	GARD:1875	Diphtheria	DOID	from_other_source
disease	DOID:11459	pseudotumor cerebri	xref	GARD:4561	Benign intracranial hypertension	DOID	from_other_source
disease	DOID:11486	Horner's syndrome	xref	GARD:6670	Congenital Horner syndrome	DOID	from_other_source
disease	DOID:11549	Adie syndrome	xref	GARD:5749	Holmes-Adie syndrome	DOID	from_other_source
disease	DOID:11555	Fuchs' endothelial dystrophy	xref	GARD:10018	Fuchs' endothelial dystrophy	DOID	from_other_source
disease	DOID:11589	familial dysautonomia	xref	GARD:7581	Familial dysautonomia	DOID	from_other_source
disease	DOID:11656	cicatricial pemphigoid	xref	GARD:5913	Benign mucous membrane pemphigoid	DOID	from_other_source
disease	DOID:11678	onchocerciasis	xref	GARD:7252	Onchocerciasis	DOID	from_other_source
disease	DOID:117	heart cancer	xref	GARD:2619	Neoplasm of the heart	DOID	from_other_source
disease	DOID:11722	myotonic dystrophy type 1	xref	GARD:8310	Steinert myotonic dystrophy syndrome	DOID	from_other_source
disease	DOID:11723	Duchenne muscular dystrophy	xref	GARD:6291	Duchenne muscular dystrophy	DOID	from_other_source
disease	DOID:11724	limb-girdle muscular dystrophy	xref	GARD:6907	Limb-girdle muscular dystrophy	DOID	from_other_source
disease	DOID:11725	Cornelia de Lange syndrome	xref	GARD:10109	De Lange syndrome	DOID	from_other_source
disease	DOID:11726	Emery-Dreifuss muscular dystrophy	xref	GARD:6329	Emery-Dreifuss muscular dystrophy	DOID	from_other_source
disease	DOID:11727	facioscapulohumeral muscular dystrophy	xref	GARD:9941	Facioscapulohumeral muscular dystrophy	DOID	from_other_source
disease	DOID:11760	Kohler's disease	xref	GARD:6842	Osteochondritis of tarsal/metatarsal bone	DOID	from_other_source
disease	DOID:11824	multicentric reticulohistiocytosis	xref	GARD:7103	Multicentric reticulohistiocytosis	DOID	from_other_source
disease	DOID:11843	coronary artery anomaly	xref	GARD:1534	Abnormal coronary artery morphology	DOID	from_other_source
disease	DOID:11870	Pick's disease	xref	GARD:7392	Behavioral variant of frontotemporal dementia	DOID	from_other_source
disease	DOID:119	vaginal cancer	xref	GARD:9348	Vaginal carcinoma	DOID	from_other_source
disease	DOID:11949	Creutzfeldt-Jakob disease	xref	GARD:6956	Creutzfeldt-Jakob disease, sporadic	DOID	from_other_source
disease	DOID:11975	coloboma of optic nerve	xref	GARD:13354	Morning glory syndrome	DOID	from_other_source
disease	DOID:11976	botulism	xref	GARD:943	Botulism	DOID	from_other_source
disease	DOID:11983	Prader-Willi syndrome	xref	GARD:5575	Prader-Willi syndrome	DOID	from_other_source
disease	DOID:12010	anterior ischemic optic neuropathy	xref	GARD:9790	Anterior ischemic optic neuropathy	DOID	from_other_source
disease	DOID:12030	panuveitis	xref	GARD:8577	Panuveitis	DOID	from_other_source
disease	DOID:12053	cryptococcosis	xref	GARD:6218	Cryptococcosis	DOID	from_other_source
disease	DOID:1206	Rett syndrome	xref	GARD:5696	Rett syndrome	DOID	from_other_source
disease	DOID:12098	trigeminal neuralgia	xref	GARD:7805	Trigeminal neuralgia	DOID	from_other_source
disease	DOID:12117	pulmonary alveolar microlithiasis	xref	GARD:11894	PULMONARY ALVEOLAR MICROLITHIASIS	DOID	from_other_source
disease	DOID:12132	granulomatosis with polyangiitis	xref	GARD:7880	Granulomatosis with polyangiitis	DOID	from_other_source
disease	DOID:12134	factor VIII deficiency	xref	GARD:6591	Hereditary factor VIII deficiency disease	DOID	from_other_source
disease	DOID:12148	alveolar echinococcosis	xref	GARD:207	Alveolar echinococcosis	DOID	from_other_source
disease	DOID:12156	arachnoiditis	xref	GARD:5839	Arachnoiditis	DOID	from_other_source
disease	DOID:12177	common variable immunodeficiency	xref	GARD:6140	Common variable immunodeficiency	DOID	from_other_source
disease	DOID:12205	dengue disease	xref	GARD:6254	Dengue disease	DOID	from_other_source
disease	DOID:12236	primary biliary cholangitis	xref	GARD:7459	Primary biliary cholangitis	DOID	from_other_source
disease	DOID:12241	beta thalassemia	xref	GARD:871	Beta Thalassemia	DOID	from_other_source
disease	DOID:12259	hemophilia B	xref	GARD:8732	Hereditary factor IX deficiency disease	DOID	from_other_source
disease	DOID:12270	coloboma	xref	GARD:1433	Lens coloboma	DOID	from_other_source
disease	DOID:12271	aniridia	xref	GARD:5816	Isolated aniridia	DOID	from_other_source
disease	DOID:12297	Vogt-Koyanagi-Harada disease	xref	GARD:7862	Vogt-Koyanagi-Harada disease	DOID	from_other_source
disease	DOID:12347	osteogenesis imperfecta	xref	GARD:1017	Osteogenesis imperfecta	DOID	from_other_source
disease	DOID:12365	malaria	xref	GARD:6961	Malaria	DOID	from_other_source
disease	DOID:12377	spinal muscular atrophy	xref	GARD:7674	Spinal muscular atrophy	DOID	from_other_source
disease	DOID:12385	shigellosis	xref	GARD:4818	Shigellosis	DOID	from_other_source
disease	DOID:12386	balantidiasis	xref	GARD:809	Balantidiasis	DOID	from_other_source
disease	DOID:12387	nephrogenic diabetes insipidus	xref	GARD:7178	Nephrogenic diabetes insipidus	DOID	from_other_source
disease	DOID:12449	aplastic anemia	xref	GARD:5836	Idiopathic aplastic anemia	DOID	from_other_source
disease	DOID:1245	vulva cancer	xref	GARD:9349	Vulvar carcinoma	DOID	from_other_source
disease	DOID:12526	tarsal tunnel syndrome	xref	GARD:7733	Tarsal tunnel syndrome	DOID	from_other_source
disease	DOID:12554	hemolytic-uremic syndrome	xref	GARD:6588	Shiga toxin-associated hemolytic uremic syndrome	DOID	from_other_source
disease	DOID:12558	chronic progressive external ophthalmoplegia	xref	GARD:4503	Progressive external ophthalmoplegia	DOID	from_other_source
disease	DOID:12574	posterior uveitis	xref	GARD:4457	Choroiditis	DOID	from_other_source
disease	DOID:12580	Cri-Du-Chat syndrome	xref	GARD:6213	5p partial monosomy syndrome	DOID	from_other_source
disease	DOID:12661	tooth ankylosis	xref	GARD:701	Ankylosis of tooth	DOID	from_other_source
disease	DOID:12662	paracoccidioidomycosis	xref	GARD:7323	Paracoccidioidomycosis	DOID	from_other_source
disease	DOID:12689	acoustic neuroma	xref	GARD:223	Acoustic neuroma	DOID	from_other_source
disease	DOID:12697	locked-in syndrome	xref	GARD:6919	Locked-in syndrome	DOID	from_other_source
disease	DOID:1270	hereditary hemorrhagic telangiectasia	xref	GARD:6626	Hereditary hemorrhagic telangiectasia	DOID	from_other_source
disease	DOID:12704	ataxia telangiectasia	xref	GARD:5862	Ataxia-telangiectasia syndrome	DOID	from_other_source
disease	DOID:12705	Friedreich ataxia	xref	GARD:6468	Friedreich ataxia	DOID	from_other_source
disease	DOID:12707	myoclonic cerebellar dyssynergia	xref	GARD:9256	Myoclonic cerebellar dyssynergia	DOID	from_other_source
disease	DOID:12712	nephronophthisis	xref	GARD:206	Nephronophthisis	DOID	from_other_source
disease	DOID:12714	Ellis-Van Creveld syndrome	xref	GARD:1301	Ellis-van Creveld syndrome	DOID	from_other_source
disease	DOID:12721	multiple epiphyseal dysplasia	xref	GARD:10756	Multiple epiphyseal dysplasia	DOID	from_other_source
disease	DOID:12731	pars planitis	xref	GARD:7339	Pars planitis	DOID	from_other_source
disease	DOID:12750	cyclosporiasis	xref	GARD:9528	Cyclosporiasis	DOID	from_other_source
disease	DOID:1278	tolosa-hunt syndrome	xref	GARD:7777	Tolosa-Hunt syndrome	DOID	from_other_source
disease	DOID:12798	mucopolysaccharidosis	xref	GARD:7065	Mucopolysaccharidosis	DOID	from_other_source
disease	DOID:12799	mucopolysaccharidosis II	xref	GARD:6675	Mucopolysaccharidosis, MPS-II	DOID	from_other_source
disease	DOID:12800	mucopolysaccharidosis VI	xref	GARD:7095	Mucopolysaccharidosis type 6	DOID	from_other_source
disease	DOID:12802	mucopolysaccharidosis I	xref	GARD:10335	Mucopolysaccharidosis type 1	DOID	from_other_source
disease	DOID:12841	ancylostomiasis	xref	GARD:9742	Ancylostomiasis	DOID	from_other_source
disease	DOID:12842	Guillain-Barre syndrome	xref	GARD:6554	Guillain-Barre syndrome	DOID	from_other_source
disease	DOID:12858	Huntington's disease	xref	GARD:6677	Huntington disease	DOID	from_other_source
disease	DOID:12889	Miller Fisher syndrome	xref	GARD:3668	Miller Fisher syndrome	DOID	from_other_source
disease	DOID:12900	Mikulicz disease	xref	GARD:7043	IgG4-related dacryoadenitis and sialadenitis	DOID	from_other_source
disease	DOID:12926	hypodermyiasis	xref	GARD:2883	Hypodermyiasis	DOID	from_other_source
disease	DOID:12929	endocardial fibroelastosis	xref	GARD:6336	Endocardial fibroelastosis	DOID	from_other_source
disease	DOID:12930	dilated cardiomyopathy	xref	GARD:221	Primary dilated cardiomyopathy	DOID	from_other_source
disease	DOID:12932	endomyocardial fibrosis	xref	GARD:6340	Endomyocardial fibrosis	DOID	from_other_source
disease	DOID:12934	Kearns-Sayre syndrome	xref	GARD:6817	Kearns-Sayre syndrome	DOID	from_other_source
disease	DOID:12961	Poland syndrome	xref	GARD:7412	Poland anomaly	DOID	from_other_source
disease	DOID:12971	hereditary spherocytosis	xref	GARD:6639	Hereditary spherocytosis	DOID	from_other_source
disease	DOID:13025	retinopathy of prematurity	xref	GARD:5695	Retinopathy of prematurity	DOID	from_other_source
disease	DOID:13096	Sneddon syndrome	xref	GARD:7664	Sneddon syndrome	DOID	from_other_source
disease	DOID:13099	Moyamoya disease	xref	GARD:7064	Moyamoya disease	DOID	from_other_source
disease	DOID:1312	focal segmental glomerulosclerosis	xref	GARD:6517	Focal segmental glomerulosclerosis	DOID	from_other_source
disease	DOID:13133	HELLP syndrome	xref	GARD:8528	HELLP syndrome	DOID	from_other_source
disease	DOID:13137	Werdnig-Hoffmann disease	xref	GARD:7883	Werdnig-Hoffmann disease	DOID	from_other_source
disease	DOID:13166	allergic bronchopulmonary aspergillosis	xref	GARD:602	Allergic bronchopulmonary aspergillosis	DOID	from_other_source
disease	DOID:13241	Behcet's disease	xref	GARD:848	Behcet disease	DOID	from_other_source
disease	DOID:13258	typhoid fever	xref	GARD:9564	Typhoid fever	DOID	from_other_source
disease	DOID:13268	porphyria	xref	GARD:10353	Inherited porphyria	DOID	from_other_source
disease	DOID:13269	hereditary coproporphyria	xref	GARD:6619	Hereditary coproporphyria	DOID	from_other_source
disease	DOID:13270	erythropoietic protoporphyria	xref	GARD:4527	Autosomal erythropoietic protoporphyria	DOID	from_other_source
disease	DOID:13271	cutaneous porphyria	xref	GARD:4446	Cutaneous porphyria	DOID	from_other_source
disease	DOID:13359	Ehlers-Danlos syndrome	xref	GARD:6322	Ehlers-Danlos syndrome	DOID	from_other_source
disease	DOID:13366	Stiff-Person syndrome	xref	GARD:5023	Stiff-person syndrome	DOID	from_other_source
disease	DOID:13372	alpha 1-antitrypsin deficiency	xref	GARD:5784	Alpha-1-antitrypsin deficiency	DOID	from_other_source
disease	DOID:13374	fibrodysplasia ossificans progressiva	xref	GARD:6445	Progressive myositis ossificans	DOID	from_other_source
disease	DOID:13378	Kawasaki disease	xref	GARD:6816	Acute febrile mucocutaneous lymph node syndrome	DOID	from_other_source
disease	DOID:1338	congenital dyserythropoietic anemia	xref	GARD:1999	Congenital dyserythropoietic anemia	DOID	from_other_source
disease	DOID:1339	Diamond-Blackfan anemia	xref	GARD:6274	Diamond-Blackfan anemia	DOID	from_other_source
disease	DOID:1340	pure red-cell aplasia	xref	GARD:7504	Pure red-cell aplasia	DOID	from_other_source
disease	DOID:13431	bejel	xref	GARD:5905	Bejel	DOID	from_other_source
disease	DOID:13450	coccidioidomycosis	xref	GARD:9525	Coccidioidomycosis	DOID	from_other_source
disease	DOID:13481	thanatophoric dysplasia	xref	GARD:85	Thanatophoric dysplasia	DOID	from_other_source
disease	DOID:13482	Proteus syndrome	xref	GARD:7475	Proteus syndrome	DOID	from_other_source
disease	DOID:13487	childhood disintegrative disease	xref	GARD:6040	Childhood disintegrative disorder	DOID	from_other_source
disease	DOID:13501	Moebius syndrome	xref	GARD:8549	Oromandibular-limb hypogenesis spectrum	DOID	from_other_source
disease	DOID:13515	tuberous sclerosis	xref	GARD:7830	Tuberous sclerosis syndrome	DOID	from_other_source
disease	DOID:13523	loiasis	xref	GARD:3283	Loiasis	DOID	from_other_source
disease	DOID:13533	osteopetrosis	xref	GARD:4155	Osteopetrosis	DOID	from_other_source
disease	DOID:13564	aspergillosis	xref	GARD:5856	Aspergillosis	DOID	from_other_source
disease	DOID:13608	biliary atresia	xref	GARD:12010	Biliary atresia	DOID	from_other_source
disease	DOID:13636	Fanconi anemia	xref	GARD:6425	Fanconi anemia	DOID	from_other_source
disease	DOID:13677	SAPHO syndrome	xref	GARD:7606	SAPHO syndrome	DOID	from_other_source
disease	DOID:13714	anodontia	xref	GARD:5818	Anodontia	DOID	from_other_source
disease	DOID:13774	Addison's disease	xref	GARD:5740	Autoimmune primary adrenal insufficiency	DOID	from_other_source
disease	DOID:13777	epidermodysplasia verruciformis	xref	GARD:6357	Epidermodysplasia verruciformis	DOID	from_other_source
disease	DOID:13778	chancroid	xref	GARD:9522	Chancroid	DOID	from_other_source
disease	DOID:13810	familial hypercholesterolemia	xref	GARD:10416	Homozygous familial hypercholesterolemia	DOID	from_other_source
disease	DOID:13832	patent ductus arteriosus	xref	GARD:7342	PDA1	DOID	from_other_source
disease	DOID:1386	abetalipoproteinemia	xref	GARD:5	Abetalipoproteinaemia	DOID	from_other_source
disease	DOID:1387	hypolipoproteinemia	xref	GARD:8394	Hypolipoproteinemia	DOID	from_other_source
disease	DOID:1388	Tangier disease	xref	GARD:7731	Tangier disease	DOID	from_other_source
disease	DOID:13945	CADASIL	xref	GARD:1049	Cerebral arteriopathy, autosomal dominant, with subcortical infarcts and leukoencephalopathy, type 1	DOID	from_other_source
disease	DOID:1395	schistosomiasis	xref	GARD:9687	Schistosomiasis	DOID	from_other_source
disease	DOID:13994	cleidocranial dysplasia	xref	GARD:6118	Cleidocranial dysostosis	DOID	from_other_source
disease	DOID:14039	POEMS syndrome	xref	GARD:7411	POEMS syndrome	DOID	from_other_source
disease	DOID:14080	glucocorticoid-remediable aldosteronism	xref	GARD:2790	Glucocorticoid-remediable aldosteronism	DOID	from_other_source
disease	DOID:14110	anus cancer	xref	GARD:9300	Anus cancer	DOID	from_other_source
disease	DOID:14116	multiple symmetric lipomatosis	xref	GARD:6957	Multiple symmetric lipomatosis	DOID	from_other_source
disease	DOID:14118	familial lipoprotein lipase deficiency	xref	GARD:12241	Hyperlipoproteinemia, type I	DOID	from_other_source
disease	DOID:1415	gyrate atrophy	xref	GARD:6556	Ornithine aminotransferase deficiency	DOID	from_other_source
disease	DOID:14175	von Hippel-Lindau disease	xref	GARD:7855	Von Hippel-Lindau syndrome	DOID	from_other_source
disease	DOID:14213	hypophosphatasia	xref	GARD:6734	Hypophosphatasia	DOID	from_other_source
disease	DOID:14218	dihydropyrimidine dehydrogenase deficiency	xref	GARD:19	Dihydropyrimidine dehydrogenase deficiency	DOID	from_other_source
disease	DOID:14219	renal tubular acidosis	xref	GARD:7552	Renal tubular acidosis	DOID	from_other_source
disease	DOID:14223	ochronosis	xref	GARD:7231	Ochronosis disorder	DOID	from_other_source
disease	DOID:14256	adult-onset Still's disease	xref	GARD:436	Adult-onset Still disease	DOID	from_other_source
disease	DOID:14261	fragile X syndrome	xref	GARD:6464	Fragile X syndrome	DOID	from_other_source
disease	DOID:14289	Ebstein anomaly	xref	GARD:6313	Ebstein anomaly	DOID	from_other_source
disease	DOID:14291	Noonan syndrome with multiple lentigines	xref	GARD:1100	Noonan syndrome with multiple lentigines	DOID	from_other_source
disease	DOID:1440	Machado-Joseph disease	xref	GARD:6801	Azorean disease	DOID	from_other_source
disease	DOID:14400	capillary leak syndrome	xref	GARD:1084	Capillary leak syndrome	DOID	from_other_source
disease	DOID:14415	Legg-Calve-Perthes disease	xref	GARD:6874	Legg-Calve-Perthes disease	DOID	from_other_source
disease	DOID:14418	dracunculiasis	xref	GARD:6286	Infection by Dracunculus medinensis	DOID	from_other_source
disease	DOID:14423	glossopharyngeal neuralgia	xref	GARD:6519	Glossopharyngeal neuralgia	DOID	from_other_source
disease	DOID:14447	gonadal dysgenesis	xref	GARD:2538	Gonadal dysgenesis	DOID	from_other_source
disease	DOID:14451	hyperkalemic periodic paralysis	xref	GARD:195	Hyperkalemic periodic paralysis	DOID	from_other_source
disease	DOID:14452	hypokalemic periodic paralysis	xref	GARD:5557	Westphal disease	DOID	from_other_source
disease	DOID:14452	hypokalemic periodic paralysis	xref	GARD:6729	Hypokalemic periodic paralysis	DOID	from_other_source
disease	DOID:14453	farmer's lung	xref	GARD:6427	Farmers lung	DOID	from_other_source
disease	DOID:14464	neuroleptic malignant syndrome	xref	GARD:7195	Neuroleptic malignant syndrome	DOID	from_other_source
disease	DOID:14472	hantavirus pulmonary syndrome	xref	GARD:69	Hantavirus pulmonary syndrome	DOID	from_other_source
disease	DOID:14484	sporotrichosis	xref	GARD:7692	Sporotrichosis	DOID	from_other_source
disease	DOID:14497	Wolman disease	xref	GARD:7899	Wolman disease	DOID	from_other_source
disease	DOID:14498	lipoid proteinosis	xref	GARD:3268	Lipid proteinosis	DOID	from_other_source
disease	DOID:14499	Fabry disease	xref	GARD:6400	Fabry disease	DOID	from_other_source
disease	DOID:14500	fucosidosis	xref	GARD:6473	Fucosidosis	DOID	from_other_source
disease	DOID:14501	Sjogren-Larsson syndrome	xref	GARD:7654	Sjögren-Larsson syndrome	DOID	from_other_source
disease	DOID:14502	cholesterol ester storage disease	xref	GARD:12099	Cholesteryl ester storage disease	DOID	from_other_source
disease	DOID:14503	neuronal ceroid lipofuscinosis	xref	GARD:10739	Neuronal ceroid lipofuscinosis	DOID	from_other_source
disease	DOID:14504	Niemann-Pick disease	xref	GARD:13334	Sphingomyelin/cholesterol lipidosis	DOID	from_other_source
disease	DOID:14515	WAGR syndrome	xref	GARD:5528	11p partial monosomy syndrome	DOID	from_other_source
disease	DOID:14525	Reye syndrome	xref	GARD:7570	Reye syndrome	DOID	from_other_source
disease	DOID:14669	acrodysostosis	xref	GARD:2015	Peripheral dysostosis	DOID	from_other_source
disease	DOID:14669	acrodysostosis	xref	GARD:5724	Acrodysostosis	DOID	from_other_source
disease	DOID:14670	hypertelorism, microtia, facial clefting syndrome	xref	GARD:897	Hypertelorism, microtia, facial clefting syndrome	DOID	from_other_source
disease	DOID:14671	multiple intestinal atresia	xref	GARD:3013	Multiple gastrointestinal atresias	DOID	from_other_source
disease	DOID:14679	VACTERL association	xref	GARD:5443	VATER association	DOID	from_other_source
disease	DOID:14681	Silver-Russell syndrome	xref	GARD:4870	Russell-Silver syndrome	DOID	from_other_source
disease	DOID:14683	Binder syndrome	xref	GARD:6992	Binder syndrome	DOID	from_other_source
disease	DOID:14686	Axenfeld-Rieger syndrome	xref	GARD:5701	Axenfeld-Rieger syndrome	DOID	from_other_source
disease	DOID:14687	diastrophic dysplasia	xref	GARD:6275	Diastrophic dysplasia	DOID	from_other_source
disease	DOID:14692	Smith-Lemli-Opitz syndrome	xref	GARD:5683	Smith-Lemli-Opitz syndrome	DOID	from_other_source
disease	DOID:14693	Clouston syndrome	xref	GARD:2056	Hidrotic ectodermal dysplasia syndrome	DOID	from_other_source
disease	DOID:14694	Johanson-Blizzard syndrome	xref	GARD:80	Johanson-Blizzard syndrome	DOID	from_other_source
disease	DOID:14695	galactokinase deficiency	xref	GARD:2422	Deficiency of galactokinase	DOID	from_other_source
disease	DOID:14701	propionic acidemia	xref	GARD:467	Propionic acidemia	DOID	from_other_source
disease	DOID:14702	branchiootorenal syndrome	xref	GARD:10147	Melnick-Fraser syndrome	DOID	from_other_source
disease	DOID:14705	Pfeiffer syndrome	xref	GARD:7380	Pfeiffer syndrome	DOID	from_other_source
disease	DOID:14711	FG syndrome	xref	GARD:2317	FG syndrome 1	DOID	from_other_source
disease	DOID:14717	centronuclear myopathy	xref	GARD:101	Centronuclear myopathy	DOID	from_other_source
disease	DOID:14723	beta-ketothiolase deficiency	xref	GARD:872	Deficiency of acetyl-CoA acetyltransferase	DOID	from_other_source
disease	DOID:14731	Weaver syndrome	xref	GARD:5545	Weaver-Williams syndrome	DOID	from_other_source
disease	DOID:14731	Weaver syndrome	xref	GARD:7878	Weaver syndrome	DOID	from_other_source
disease	DOID:14735	hereditary angioedema	xref	GARD:5979	Hereditary angioneurotic edema	DOID	from_other_source
disease	DOID:14737	craniofrontonasal syndrome	xref	GARD:1578	Craniofrontonasal syndrome	DOID	from_other_source
disease	DOID:14744	Partington syndrome	xref	GARD:4235	Partington syndrome	DOID	from_other_source
disease	DOID:14748	Sotos syndrome	xref	GARD:10091	Sotos syndrome	DOID	from_other_source
disease	DOID:14749	methylmalonic acidemia	xref	GARD:7033	Methylmalonic acidemia	DOID	from_other_source
disease	DOID:14753	isovaleric acidemia	xref	GARD:465	Isovaleryl-CoA dehydrogenase deficiency	DOID	from_other_source
disease	DOID:14755	argininosuccinic aciduria	xref	GARD:5843	Argininosuccinate lyase deficiency	DOID	from_other_source
disease	DOID:14756	vascular type Ehlers-Danlos syndrome	xref	GARD:2082	Ehlers-Danlos syndrome, type 4	DOID	from_other_source
disease	DOID:14757	Ehlers-Danlos syndrome hypermobility type	xref	GARD:2081	Ehlers-Danlos syndrome, type 3	DOID	from_other_source
disease	DOID:14761	Greig cephalopolysyndactyly syndrome	xref	GARD:6550	Greig cephalopolysyndactyly syndrome	DOID	from_other_source
disease	DOID:14764	Larsen syndrome	xref	GARD:6860	Larsen syndrome	DOID	from_other_source
disease	DOID:14766	renal agenesis	xref	GARD:9228	Renal agenesis	DOID	from_other_source
disease	DOID:14768	Saethre-Chotzen syndrome	xref	GARD:7598	Saethre-Chotzen syndrome	DOID	from_other_source
disease	DOID:14775	brittle cornea syndrome 1	xref	GARD:1019	Brittle cornea syndrome	DOID	from_other_source
disease	DOID:14780	KBG syndrome	xref	GARD:82	KBG syndrome	DOID	from_other_source
disease	DOID:14789	spondyloepiphyseal dysplasia congenita	xref	GARD:4987	Spondyloepiphyseal dysplasia congenita	DOID	from_other_source
disease	DOID:14791	Leber congenital amaurosis	xref	GARD:634	Leber congenital amaurosis	DOID	from_other_source
disease	DOID:14793	hypohidrotic ectodermal dysplasia	xref	GARD:76	Hypohidrotic ectodermal dysplasia	DOID	from_other_source
disease	DOID:14796	Dubowitz syndrome	xref	GARD:6290	Dubowitz syndrome	DOID	from_other_source
disease	DOID:14798	Blount's disease	xref	GARD:916	Tibia vara	DOID	from_other_source
disease	DOID:1485	cystic fibrosis	xref	GARD:6233	Cystic fibrosis	DOID	from_other_source
disease	DOID:1498	cholera	xref	GARD:6043	Cholera	DOID	from_other_source
disease	DOID:1540	parathyroid carcinoma	xref	GARD:7329	Parathyroid carcinoma	DOID	from_other_source
disease	DOID:1554	vibratory urticaria	xref	GARD:9806	Autosomal dominant vibratory urticaria	DOID	from_other_source
disease	DOID:1562	chromoblastomycosis	xref	GARD:1319	Chromomycosis	DOID	from_other_source
disease	DOID:1586	rheumatic fever	xref	GARD:5699	Rheumatic fever	DOID	from_other_source
disease	DOID:1614	male breast cancer	xref	GARD:9312	Carcinoma of male breast	DOID	from_other_source
disease	DOID:1660	malignant pineal area germ cell neoplasm	xref	GARD:12017	Malignant pineal area germ cell neoplasm	DOID	from_other_source
disease	DOID:1664	pineoblastoma	xref	GARD:9369	Pineoblastoma	DOID	from_other_source
disease	DOID:1700	X-linked ichthyosis	xref	GARD:7904	X-linked ichthyosis with steryl-sulfatase deficiency	DOID	from_other_source
disease	DOID:1702	ichthyosis vulgaris	xref	GARD:6752	Ichthyosis vulgaris	DOID	from_other_source
disease	DOID:1703	Richter's syndrome	xref	GARD:7578	Richter syndrome	DOID	from_other_source
disease	DOID:1752	ocular melanoma	xref	GARD:7236	Ocular melanoma	DOID	from_other_source
disease	DOID:1752	ocular melanoma	xref	GARD:8621	Uveal melanoma	DOID	from_other_source
disease	DOID:1761	Melkersson-Rosenthal syndrome	xref	GARD:7010	Melkersson-Rosenthal syndrome	DOID	from_other_source
disease	DOID:1785	pituitary cancer	xref	GARD:9371	Pituitary carcinoma	DOID	from_other_source
disease	DOID:1798	pancreatic endocrine carcinoma	xref	GARD:13034	Neuroendocrine tumor of pancreas	DOID	from_other_source
disease	DOID:1835	mononeuritis multiplex	xref	GARD:7056	Mononeuritis multiplex	DOID	from_other_source
disease	DOID:1838	Menkes disease	xref	GARD:1521	Menkes kinky-hair syndrome	DOID	from_other_source
disease	DOID:1852	intrahepatic cholestasis	xref	GARD:10214	Neonatal intrahepatic cholestasis due to citrin deficiency	DOID	from_other_source
disease	DOID:1856	cherubism 1	xref	GARD:6036	Fibrous dysplasia of jaw	DOID	from_other_source
disease	DOID:1858	McCune Albright syndrome	xref	GARD:6995	McCune-Albright syndrome	DOID	from_other_source
disease	DOID:1925	Coffin-Siris syndrome	xref	GARD:6124	Coffin-Siris syndrome	DOID	from_other_source
disease	DOID:1926	Gaucher's disease	xref	GARD:8233	Gaucher disease	DOID	from_other_source
disease	DOID:1927	sphingolipidosis	xref	GARD:7672	Sphingolipidosis	DOID	from_other_source
disease	DOID:1929	supravalvular aortic stenosis	xref	GARD:743	Supravalvar aortic stenosis	DOID	from_other_source
disease	DOID:1930	Laurence-Moon syndrome	xref	GARD:12635	Laurence-Moon syndrome	DOID	from_other_source
disease	DOID:1932	Angelman syndrome	xref	GARD:5810	Angelman syndrome	DOID	from_other_source
disease	DOID:1933	Rubinstein-Taybi syndrome	xref	GARD:7593	Rubinstein-Taybi syndrome	DOID	from_other_source
disease	DOID:1935	Bardet-Biedl syndrome	xref	GARD:6866	Bardet-Biedl syndrome	DOID	from_other_source
disease	DOID:1967	leiomyosarcoma	xref	GARD:6880	Leiomyosarcoma	DOID	from_other_source
disease	DOID:2048	autoimmune hepatitis	xref	GARD:5871	Autoimmune hepatitis	DOID	from_other_source
disease	DOID:2106	myotonia congenita	xref	GARD:12301	Thomsen and Becker disease	DOID	from_other_source
disease	DOID:2120	focal dermal hypoplasia	xref	GARD:6457	Focal dermal hypoplasia	DOID	from_other_source
disease	DOID:2121	ectodermal dysplasia	xref	GARD:6317	Ectodermal dysplasia	DOID	from_other_source
disease	DOID:2123	tularemia	xref	GARD:396	Tularemia	DOID	from_other_source
disease	DOID:2156	ovarian germ cell cancer	xref	GARD:9330	Malignant germ cell tumor of ovary	DOID	from_other_source
disease	DOID:2187	amelogenesis imperfecta	xref	GARD:5791	Amelogenesis imperfecta	DOID	from_other_source
disease	DOID:2211	factor XIII deficiency	xref	GARD:10766	Hereditary factor XIII deficiency disease	DOID	from_other_source
disease	DOID:2215	factor VII deficiency	xref	GARD:2238	Congenital factor VII deficiency	DOID	from_other_source
disease	DOID:2216	factor V deficiency	xref	GARD:2237	Congenital factor V deficiency	DOID	from_other_source
disease	DOID:2219	Glanzmann's thrombasthenia	xref	GARD:2478	Glanzmann thrombasthenia	DOID	from_other_source
disease	DOID:2222	factor X deficiency	xref	GARD:6404	Hereditary factor X deficiency disease	DOID	from_other_source
disease	DOID:2223	platelet storage pool deficiency	xref	GARD:5034	Storage pool disease of platelets	DOID	from_other_source
disease	DOID:2224	essential thrombocythemia	xref	GARD:6594	Essential thrombocythemia	DOID	from_other_source
disease	DOID:2229	factor XI deficiency	xref	GARD:9670	Hereditary factor XI deficiency disease	DOID	from_other_source
disease	DOID:2231	factor XII deficiency	xref	GARD:6558	Factor XII deficiency disease	DOID	from_other_source
disease	DOID:2236	congenital afibrinogenemia	xref	GARD:5761	Congenital afibrinogenemia	DOID	from_other_source
disease	DOID:2297	leptospirosis	xref	GARD:7881	Leptospirosis	DOID	from_other_source
disease	DOID:2312	nocardiosis	xref	GARD:7210	Nocardiosis	DOID	from_other_source
disease	DOID:2339	Crouzon syndrome	xref	GARD:6206	Crouzon syndrome	DOID	from_other_source
disease	DOID:2340	craniosynostosis	xref	GARD:6209	Craniosynostosis syndrome	DOID	from_other_source
disease	DOID:2365	West Nile encephalitis	xref	GARD:9959	West-Nile encephalitis	DOID	from_other_source
disease	DOID:2368	gangliosidosis	xref	GARD:12510	Gangliosidosis	DOID	from_other_source
disease	DOID:2373	hereditary elliptocytosis	xref	GARD:6621	Hereditary elliptocytosis	DOID	from_other_source
disease	DOID:2382	kernicterus	xref	GARD:6830	Bilirubin encephalopathy	DOID	from_other_source
disease	DOID:2411	granular cell tumor	xref	GARD:9618	Granular cell tumor	DOID	from_other_source
disease	DOID:2426	gangliocytoma	xref	GARD:10638	Gangliocytoma	DOID	from_other_source
disease	DOID:2449	acromegaly	xref	GARD:5725	Acromegaly	DOID	from_other_source
disease	DOID:2474	vernal conjunctivitis	xref	GARD:7854	Vernal keratoconjunctivitis	DOID	from_other_source
disease	DOID:2476	hereditary spastic paraplegia	xref	GARD:6637	Hereditary spastic paraplegia	DOID	from_other_source
disease	DOID:2508	Takayasu's arteritis	xref	GARD:7730	Takayasu arteritis	DOID	from_other_source
disease	DOID:2512	nevoid basal cell carcinoma syndrome	xref	GARD:7166	Gorlin syndrome	DOID	from_other_source
disease	DOID:2533	splenic infarction	xref	GARD:9973	Splenic infarction	DOID	from_other_source
disease	DOID:2538	Landau-Kleffner syndrome	xref	GARD:6855	Landau-Kleffner syndrome	DOID	from_other_source
disease	DOID:2556	relapsing polychondritis	xref	GARD:7417	Relapsing polychondritis	DOID	from_other_source
disease	DOID:2580	rhizomelic chondrodysplasia punctata	xref	GARD:13160	Rhizomelic chondrodysplasia punctata	DOID	from_other_source
disease	DOID:2581	chondrodysplasia punctata	xref	GARD:8542	Chondrodysplasia punctata	DOID	from_other_source
disease	DOID:2582	acatalasia	xref	GARD:363	Acatalasia	DOID	from_other_source
disease	DOID:2596	larynx cancer	xref	GARD:6862	Laryngeal carcinoma	DOID	from_other_source
disease	DOID:2626	choroid plexus papilloma	xref	GARD:4214	Choroid plexus papilloma	DOID	from_other_source
disease	DOID:2636	ovarian Brenner tumor	xref	GARD:9397	Ovarian Brenner tumor	DOID	from_other_source
disease	DOID:264	hemangiopericytoma	xref	GARD:2627	Hemangiopericytoma, malignant	DOID	from_other_source
disease	DOID:2649	chondroblastoma	xref	GARD:6047	Chondroblastoma	DOID	from_other_source
disease	DOID:2671	transitional cell carcinoma	xref	GARD:7794	Transitional cell carcinoma	DOID	from_other_source
disease	DOID:2679	dysembryoplastic neuroepithelial tumor	xref	GARD:10640	Dysembryoplastic neuroepithelial tumor	DOID	from_other_source
disease	DOID:268	liver angiosarcoma	xref	GARD:5813	Liver angiosarcoma	DOID	from_other_source
disease	DOID:2702	pigmented villonodular synovitis	xref	GARD:7396	Tenosynovial giant cell tumor, diffuse type	DOID	from_other_source
disease	DOID:2729	dyskeratosis congenita	xref	GARD:10905	Dyskeratosis congenita	DOID	from_other_source
disease	DOID:2730	epidermolysis bullosa	xref	GARD:6359	Epidermolysis bullosa	DOID	from_other_source
disease	DOID:2732	Rothmund-Thomson syndrome	xref	GARD:4392	Rothmund-Thomson syndrome	DOID	from_other_source
disease	DOID:2736	Hajdu-Cheney syndrome	xref	GARD:508	Hajdu-Cheney syndrome	DOID	from_other_source
disease	DOID:2738	pseudoxanthoma elasticum	xref	GARD:9643	Inherited pseudoxanthoma elasticum	DOID	from_other_source
disease	DOID:2746	glycogen storage disease V	xref	GARD:6528	Glycogen storage disease, type V	DOID	from_other_source
disease	DOID:2749	glycogen storage disease Ia	xref	GARD:7864	Glycogen storage disease due to glucose-6-phosphatase deficiency type IA	DOID	from_other_source
disease	DOID:2750	glycogen storage disease IV	xref	GARD:2520	Glycogen storage disease, type IV	DOID	from_other_source
disease	DOID:2752	glycogen storage disease II	xref	GARD:5714	Glycogen storage disease, type II	DOID	from_other_source
disease	DOID:2785	Dandy-Walker syndrome	xref	GARD:6242	Dandy-Walker syndrome	DOID	from_other_source
disease	DOID:2800	acute interstitial pneumonia	xref	GARD:12835	Acute interstitial pneumonia	DOID	from_other_source
disease	DOID:2842	Jervell-Lange Nielsen syndrome	xref	GARD:3048	Jervell and Lange-Nielsen syndrome	DOID	from_other_source
disease	DOID:285	hairy cell leukemia	xref	GARD:6560	Hairy cell leukemia	DOID	from_other_source
disease	DOID:2862	glucosephosphate dehydrogenase deficiency	xref	GARD:6520	Anemia, nonspherocytic hemolytic, due to G6PD deficiency	DOID	from_other_source
disease	DOID:2908	Treacher Collins syndrome	xref	GARD:9124	Treacher Collins syndrome	DOID	from_other_source
disease	DOID:2920	membranoproliferative glomerulonephritis	xref	GARD:11982	Primary membranoproliferative glomerulonephritis	DOID	from_other_source
disease	DOID:2921	glomerulonephritis	xref	GARD:6516	Glomerulonephritis	DOID	from_other_source
disease	DOID:2935	Chediak-Higashi syndrome	xref	GARD:6035	Chédiak-Higashi syndrome	DOID	from_other_source
disease	DOID:2945	severe acute respiratory syndrome	xref	GARD:9237	Severe acute respiratory syndrome	DOID	from_other_source
disease	DOID:2962	Cockayne syndrome	xref	GARD:6122	Cockayne syndrome	DOID	from_other_source
disease	DOID:2986	IgA glomerulonephritis	xref	GARD:863	IgA glomerulonephritis	DOID	from_other_source
disease	DOID:2987	familial Mediterranean fever	xref	GARD:6421	Familial Mediterranean fever	DOID	from_other_source
disease	DOID:2988	antiphospholipid syndrome	xref	GARD:5824	Antiphospholipid syndrome	DOID	from_other_source
disease	DOID:2997	Sertoli-Leydig cell tumor	xref	GARD:9967	Sertoli-Leydig cell tumor	DOID	from_other_source
disease	DOID:3012	Li-Fraumeni syndrome	xref	GARD:6902	Li-Fraumeni syndrome	DOID	from_other_source
disease	DOID:3025	acinar cell carcinoma	xref	GARD:8568	Acinar cell carcinoma	DOID	from_other_source
disease	DOID:3068	glioblastoma	xref	GARD:2491	Glioblastoma	DOID	from_other_source
disease	DOID:3071	gliosarcoma	xref	GARD:5653	Gliosarcoma	DOID	from_other_source
disease	DOID:3078	anaplastic astrocytoma	xref	GARD:5860	Astrocytoma, anaplastic	DOID	from_other_source
disease	DOID:3081	cystic lymphangioma	xref	GARD:6234	Cystic hygroma	DOID	from_other_source
disease	DOID:3121	gallbladder cancer	xref	GARD:9328	Gallbladder cancer	DOID	from_other_source
disease	DOID:3132	porphyria cutanea tarda	xref	GARD:7433	Porphyria cutanea tarda	DOID	from_other_source
disease	DOID:3140	scleredema adultorum	xref	GARD:5975	Scleredema	DOID	from_other_source
disease	DOID:3144	cutis laxa	xref	GARD:6227	Cutis laxa	DOID	from_other_source
disease	DOID:3181	oligodendroglioma	xref	GARD:9953	Oligodendroglioma	DOID	from_other_source
disease	DOID:3191	nemaline myopathy	xref	GARD:12033	Nemaline myopathy	DOID	from_other_source
disease	DOID:3209	junctional epidermolysis bullosa	xref	GARD:2152	Junctional epidermolysis bullosa	DOID	from_other_source
disease	DOID:3210	Pelizaeus-Merzbacher disease	xref	GARD:4265	Pelizaeus-Merzbacher disease	DOID	from_other_source
disease	DOID:3223	complex regional pain syndrome	xref	GARD:4647	Complex regional pain syndrome	DOID	from_other_source
disease	DOID:3246	embryonal rhabdomyosarcoma	xref	GARD:4702	Embryonal rhabdomyosarcoma	DOID	from_other_source
disease	DOID:3261	autosomal dominant hyper-IgE syndrome 1 with recurrent infections	xref	GARD:6800	Hyper-IgE recurrent infection syndrome 1, autosomal dominant	DOID	from_other_source
disease	DOID:3263	piebaldism	xref	GARD:4344	Piebaldism	DOID	from_other_source
disease	DOID:3265	chronic granulomatous disease	xref	GARD:6100	Chronic granulomatous disease	DOID	from_other_source
disease	DOID:327	syringomyelia	xref	GARD:7725	Syringomyelia	DOID	from_other_source
disease	DOID:3302	chordoma	xref	GARD:1303	Chordoma	DOID	from_other_source
disease	DOID:3308	embryonal carcinoma	xref	GARD:5140	Embryonal carcinoma	DOID	from_other_source
disease	DOID:3319	lymphangioleiomyomatosis	xref	GARD:3319	Lung lymphangioleiomyomatosis	DOID	from_other_source
disease	DOID:332	amyotrophic lateral sclerosis	xref	GARD:5786	Amyotrophic lateral sclerosis	DOID	from_other_source
disease	DOID:3320	Tay-Sachs disease	xref	GARD:7737	Tay-Sachs disease	DOID	from_other_source
disease	DOID:3322	GM1 gangliosidosis	xref	GARD:10891	GM1 gangliosidosis	DOID	from_other_source
disease	DOID:3323	Sandhoff disease	xref	GARD:7604	Sandhoff disease, infantile form	DOID	from_other_source
disease	DOID:3329	benign epilepsy with centrotemporal spikes	xref	GARD:10287	Self-limited epilepsy with centrotemporal spikes	DOID	from_other_source
disease	DOID:3343	glycoproteinosis	xref	GARD:10670	Glycoproteinosis	DOID	from_other_source
disease	DOID:3347	osteosarcoma	xref	GARD:7284	Bone osteosarcoma	DOID	from_other_source
disease	DOID:3355	fibrosarcoma	xref	GARD:2327	Fibrosarcoma	DOID	from_other_source
disease	DOID:3369	Ewing sarcoma	xref	GARD:6390	Ewing sarcoma	DOID	from_other_source
disease	DOID:3371	chondrosarcoma	xref	GARD:6004	Cartilage cancer	DOID	from_other_source
disease	DOID:3371	chondrosarcoma	xref	GARD:6055	Chondrosarcoma	DOID	from_other_source
disease	DOID:3382	liposarcoma	xref	GARD:6913	Liposarcoma	DOID	from_other_source
disease	DOID:3389	Papillon-Lefevre disease	xref	GARD:3100	Papillon-Lefèvre syndrome	DOID	from_other_source
disease	DOID:3413	alpha-mannosidosis	xref	GARD:6968	Deficiency of alpha-mannosidase	DOID	from_other_source
disease	DOID:3429	inclusion body myositis	xref	GARD:3896	Inclusion body myositis	DOID	from_other_source
disease	DOID:3486	necrobiosis lipoidica	xref	GARD:13040	Necrobiosis lipoidica	DOID	from_other_source
disease	DOID:349	systemic mastocytosis	xref	GARD:8616	Systemic mast cell disease	DOID	from_other_source
disease	DOID:3490	Noonan syndrome	xref	GARD:10955	Noonan syndrome	DOID	from_other_source
disease	DOID:3491	Turner syndrome	xref	GARD:7831	Turner syndrome	DOID	from_other_source
disease	DOID:3492	mixed connective tissue disease	xref	GARD:7051	Mixed connective tissue disease	DOID	from_other_source
disease	DOID:350	mastocytosis	xref	GARD:6987	Mastocytosis	DOID	from_other_source
disease	DOID:3507	dermatofibrosarcoma protuberans	xref	GARD:9569	Dermatofibrosarcoma protuberans	DOID	from_other_source
disease	DOID:3512	neurofibrosarcoma	xref	GARD:8211	Neurofibrosarcoma	DOID	from_other_source
disease	DOID:3529	congenital myopathy 1A	xref	GARD:6014	Central core myopathy	DOID	from_other_source
disease	DOID:3534	Lafora disease	xref	GARD:8214	Lafora disease	DOID	from_other_source
disease	DOID:3535	Unverricht-Lundborg syndrome	xref	GARD:3876	Unverricht-Lundborg syndrome	DOID	from_other_source
disease	DOID:3557	superior mesenteric artery syndrome	xref	GARD:7712	Superior mesenteric artery syndrome	DOID	from_other_source
disease	DOID:3559	pseudomyxoma peritonei	xref	GARD:7488	Pseudomyxoma peritonei	DOID	from_other_source
disease	DOID:3565	meningioma	xref	GARD:7015	Meningioma	DOID	from_other_source
disease	DOID:3594	choriocarcinoma	xref	GARD:6059	Choriocarcinoma	DOID	from_other_source
disease	DOID:3613	Canavan disease	xref	GARD:5984	Spongy degeneration of central nervous system	DOID	from_other_source
disease	DOID:3614	Kallmann syndrome	xref	GARD:10771	Hypogonadism with anosmia	DOID	from_other_source
disease	DOID:3635	congenital myasthenic syndrome	xref	GARD:11902	Congenital myasthenic syndrome	DOID	from_other_source
disease	DOID:3649	pyruvate decarboxylase deficiency	xref	GARD:4620	Pyruvate dehydrogenase E1-alpha deficiency	DOID	from_other_source
disease	DOID:3649	pyruvate decarboxylase deficiency	xref	GARD:7513	Pyruvate dehydrogenase complex deficiency	DOID	from_other_source
disease	DOID:3652	Leigh disease	xref	GARD:6877	Leigh syndrome	DOID	from_other_source
disease	DOID:3663	cutaneous mastocytosis	xref	GARD:7842	Cutaneous mastocytosis	DOID	from_other_source
disease	DOID:3665	diffuse cutaneous mastocytosis	xref	GARD:12686	Diffuse cutaneous mastocytosis	DOID	from_other_source
disease	DOID:3672	rhabdoid cancer	xref	GARD:7572	Rhabdoid tumor	DOID	from_other_source
disease	DOID:369	olfactory neuroblastoma	xref	GARD:2197	Esthesioneuroblastoma	DOID	from_other_source
disease	DOID:3753	Hermansky-Pudlak syndrome	xref	GARD:6643	Hermansky-Pudlak syndrome	DOID	from_other_source
disease	DOID:3762	cytochrome-c oxidase deficiency disease	xref	GARD:48	Mitochondrial complex IV deficiency, nuclear-type	DOID	from_other_source
disease	DOID:3764	Denys-Drash syndrome	xref	GARD:5576	Drash syndrome	DOID	from_other_source
disease	DOID:3783	Coffin-Lowry syndrome	xref	GARD:6123	Coffin-Lowry syndrome	DOID	from_other_source
disease	DOID:3805	porokeratosis	xref	GARD:10983	Disseminated superficial actinic porokeratosis	DOID	from_other_source
disease	DOID:3825	Shwartzman phenomenon	xref	GARD:7636	Shwartzman phenomenon	DOID	from_other_source
disease	DOID:3827	congenital diaphragmatic hernia	xref	GARD:1481	Congenital diaphragmatic hernia	DOID	from_other_source
disease	DOID:3840	craniopharyngioma	xref	GARD:10486	Craniopharyngioma	DOID	from_other_source
disease	DOID:3852	Peutz-Jeghers syndrome	xref	GARD:7378	Peutz-Jeghers syndrome	DOID	from_other_source
disease	DOID:3890	acute intermittent porphyria	xref	GARD:5732	Acute intermittent porphyria	DOID	from_other_source
disease	DOID:3892	insulinoma	xref	GARD:3010	Pancreatic insulin-producing neuroendocrine tumor	DOID	from_other_source
disease	DOID:3911	progeria	xref	GARD:7467	Hutchinson-Gilford syndrome	DOID	from_other_source
disease	DOID:3928	adiposis dolorosa	xref	GARD:5750	Lipomatosis dolorosa	DOID	from_other_source
disease	DOID:3948	adrenocortical carcinoma	xref	GARD:558	Adrenal cortex carcinoma	DOID	from_other_source
disease	DOID:3953	adrenal gland cancer	xref	GARD:5751	Adrenal gland cancer	DOID	from_other_source
disease	DOID:3965	Merkel cell carcinoma	xref	GARD:9266	Cutaneous neuroendocrine carcinoma	DOID	from_other_source
disease	DOID:3969	papillary thyroid carcinoma	xref	GARD:12027	Differentiated thyroid carcinoma	DOID	from_other_source
disease	DOID:3981	pantothenate kinase-associated neurodegeneration	xref	GARD:6564	Pigmentary pallidal degeneration	DOID	from_other_source
disease	DOID:3982	Meige syndrome	xref	GARD:7008	Blepharospasm-oromandibular dystonia syndrome	DOID	from_other_source
disease	DOID:399	tuberculosis	xref	GARD:7827	Tuberculosis	DOID	from_other_source
disease	DOID:4051	alveolar rhabdomyosarcoma	xref	GARD:4701	Alveolar rhabdomyosarcoma	DOID	from_other_source
disease	DOID:4154	dentinogenesis imperfecta	xref	GARD:6258	Dentinogenesis imperfecta	DOID	from_other_source
disease	DOID:418	systemic scleroderma	xref	GARD:9748	Systemic sclerosis	DOID	from_other_source
disease	DOID:4183	pseudopseudohypoparathyroidism	xref	GARD:7860	Pseudopseudohypoparathyroidism	DOID	from_other_source
disease	DOID:4184	pseudohypoparathyroidism	xref	GARD:10758	Pseudohypoparathyroidism	DOID	from_other_source
disease	DOID:4226	endometrial stromal sarcoma	xref	GARD:6339	Endometrial stromal sarcoma	DOID	from_other_source
disease	DOID:4239	alveolar soft part sarcoma	xref	GARD:5654	Alveolar soft part sarcoma	DOID	from_other_source
disease	DOID:4249	Gerstmann-Straussler-Scheinker syndrome	xref	GARD:7690	Gerstmann-Straussler-Scheinker syndrome	DOID	from_other_source
disease	DOID:4252	Alexander disease	xref	GARD:5774	Alexander disease	DOID	from_other_source
disease	DOID:4253	melorheostosis	xref	GARD:9474	Melorheostosis	DOID	from_other_source
disease	DOID:4257	Caffey disease	xref	GARD:1051	Infantile cortical hyperostosis	DOID	from_other_source
disease	DOID:4271	microsporidiosis	xref	GARD:3655	Microsporidiosis	DOID	from_other_source
disease	DOID:4325	Ebola virus disease	xref	GARD:2035	Ebola hemorrhagic fever	DOID	from_other_source
disease	DOID:4327	Marburg hemorrhagic fever	xref	GARD:9444	Marburg virus disease	DOID	from_other_source
disease	DOID:4329	Erdheim-Chester disease	xref	GARD:6369	Erdheim-Chester disease	DOID	from_other_source
disease	DOID:4330	non-Langerhans-cell histiocytosis	xref	GARD:8231	Non-Langerhans cell histiocytosis	DOID	from_other_source
disease	DOID:4331	burning mouth syndrome	xref	GARD:5974	Burning mouth syndrome	DOID	from_other_source
disease	DOID:4346	variegate porphyria	xref	GARD:7848	Variegate porphyria	DOID	from_other_source
disease	DOID:4367	apparent mineralocorticoid excess syndrome	xref	GARD:433	Apparent mineralocorticoid excess	DOID	from_other_source
disease	DOID:437	myasthenia gravis	xref	GARD:7122	Myasthenia gravis	DOID	from_other_source
disease	DOID:4371	Schnitzler syndrome	xref	GARD:12390	Schnitzler syndrome	DOID	from_other_source
disease	DOID:4394	reticulohistiocytic granuloma	xref	GARD:12967	Reticulohistiocytic granuloma	DOID	from_other_source
disease	DOID:4430	somatostatinoma	xref	GARD:4900	Somatostatinoma	DOID	from_other_source
disease	DOID:4438	central nervous system germinoma	xref	GARD:2005	Extragonadal germinoma	DOID	from_other_source
disease	DOID:445	Bartter disease	xref	GARD:5893	Bartter syndrome	DOID	from_other_source
disease	DOID:4450	renal cell carcinoma	xref	GARD:13215	Renal cell carcinoma	DOID	from_other_source
disease	DOID:4455	hereditary renal cell carcinoma	xref	GARD:9571	Hereditary clear cell renal cell carcinoma	DOID	from_other_source
disease	DOID:4464	collecting duct carcinoma	xref	GARD:9573	Collecting duct carcinoma	DOID	from_other_source
disease	DOID:4465	papillary renal cell carcinoma	xref	GARD:9572	Papillary renal cell carcinoma	DOID	from_other_source
disease	DOID:4467	clear cell renal cell carcinoma	xref	GARD:9574	Clear cell carcinoma of kidney	DOID	from_other_source
disease	DOID:4471	chromophobe renal cell carcinoma	xref	GARD:6064	Chromophobe renal cell carcinoma	DOID	from_other_source
disease	DOID:4480	achondroplasia	xref	GARD:8173	Achondroplasia	DOID	from_other_source
disease	DOID:4531	mucoepidermoid carcinoma	xref	GARD:10671	Mucoepidermoid carcinoma	DOID	from_other_source
disease	DOID:4534	Hallermann-Streiff syndrome	xref	GARD:288	Hallermann-Streiff syndrome	DOID	from_other_source
disease	DOID:4607	biliary tract cancer	xref	GARD:5924	Biliary tract cancer	DOID	from_other_source
disease	DOID:4607	biliary tract cancer	xref	GARD:9304	Cholangiocarcinoma	DOID	from_other_source
disease	DOID:4621	holoprosencephaly	xref	GARD:6665	Holoprosencephaly sequence	DOID	from_other_source
disease	DOID:4624	Ollier disease	xref	GARD:7251	Enchondromatosis	DOID	from_other_source
disease	DOID:4626	hydranencephaly	xref	GARD:6681	Hydranencephaly	DOID	from_other_source
disease	DOID:4644	epidermolysis bullosa simplex	xref	GARD:10752	Epidermolysis bullosa simplex	DOID	from_other_source
disease	DOID:4674	androgen insensitivity syndrome	xref	GARD:5803	Androgen resistance syndrome	DOID	from_other_source
disease	DOID:4680	breast metaplastic carcinoma	xref	GARD:10804	Metaplastic breast carcinoma	DOID	from_other_source
disease	DOID:4696	intraneural perineurioma	xref	GARD:10921	Intraneural perineurioma	DOID	from_other_source
disease	DOID:4697	perineurioma	xref	GARD:12698	Perineurioma	DOID	from_other_source
disease	DOID:4734	calciphylaxis	xref	GARD:5980	Calciphylaxis	DOID	from_other_source
disease	DOID:4752	multiple system atrophy	xref	GARD:7079	Multiple system atrophy	DOID	from_other_source
disease	DOID:4769	pleuropulmonary blastoma	xref	GARD:8757	Pleuropulmonary blastoma	DOID	from_other_source
disease	DOID:4773	congenital mesoblastic nephroma	xref	GARD:1493	Congenital mesoblastic nephroma	DOID	from_other_source
disease	DOID:4783	mesangial proliferative glomerulonephritis	xref	GARD:9580	Mesangial proliferative glomerulonephritis	DOID	from_other_source
disease	DOID:4810	cerebrotendinous xanthomatosis	xref	GARD:5622	Cholestanol storage disease	DOID	from_other_source
disease	DOID:4837	Gorham's disease	xref	GARD:6542	Gorham-Stout disease	DOID	from_other_source
disease	DOID:4851	pilocytic astrocytoma	xref	GARD:9808	Pilocytic astrocytoma	DOID	from_other_source
disease	DOID:4890	juvenile myoclonic epilepsy	xref	GARD:6808	Juvenile myoclonic epilepsy	DOID	from_other_source
disease	DOID:4927	Klatskin's tumor	xref	GARD:10175	Klatskin tumor	DOID	from_other_source
disease	DOID:4928	intrahepatic cholangiocarcinoma	xref	GARD:6042	Intrahepatic cholangiocarcinoma	DOID	from_other_source
disease	DOID:4933	apocrine carcinoma	xref	GARD:12138	Apocrine adenocarcinoma	DOID	from_other_source
disease	DOID:4952	postpoliomyelitis syndrome	xref	GARD:4454	Post poliomyelitis syndrome	DOID	from_other_source
disease	DOID:4953	poliomyelitis	xref	GARD:7413	Poliomyelitis	DOID	from_other_source
disease	DOID:4959	epidermolysis bullosa dystrophica	xref	GARD:2150	Epidermolysis bullosa dystrophica	DOID	from_other_source
disease	DOID:4968	Nelson syndrome	xref	GARD:7170	Nelson syndrome	DOID	from_other_source
disease	DOID:4969	Gerstmann syndrome	xref	GARD:8660	Gerstmann syndrome	DOID	from_other_source
disease	DOID:4971	myelofibrosis	xref	GARD:8618	Primary myelofibrosis	DOID	from_other_source
disease	DOID:4992	optic nerve glioma	xref	GARD:4107	Optic pathway glioma	DOID	from_other_source
disease	DOID:4997	Camurati-Engelmann disease	xref	GARD:1072	Diaphyseal dysplasia	DOID	from_other_source
disease	DOID:4998	trichorhinophalangeal syndrome type II	xref	GARD:7801	Langer-Giedion syndrome	DOID	from_other_source
disease	DOID:5041	esophageal cancer	xref	GARD:6383	Carcinoma of esophagus	DOID	from_other_source
disease	DOID:5052	melioidosis	xref	GARD:9546	Melioidosis	DOID	from_other_source
disease	DOID:5075	myxopapillary ependymoma	xref	GARD:10633	Myxopapillary ependymoma	DOID	from_other_source
disease	DOID:5077	subependymal giant cell astrocytoma	xref	GARD:10632	Subependymal giant-cell astrocytoma	DOID	from_other_source
disease	DOID:5078	ganglioglioma	xref	GARD:2430	Ganglioglioma	DOID	from_other_source
disease	DOID:5204	fructose-1,6-bisphosphatase deficiency	xref	GARD:2400	Fructose-biphosphatase deficiency	DOID	from_other_source
disease	DOID:5212	congenital disorder of glycosylation	xref	GARD:10307	Congenital disorder of glycosylation	DOID	from_other_source
disease	DOID:5213	chronic inflammatory demyelinating polyradiculoneuropathy	xref	GARD:6102	Chronic inflammatory demyelinating polyradiculoneuropathy	DOID	from_other_source
disease	DOID:5230	hepatoerythropoietic porphyria	xref	GARD:6169	Hepatoerythropoietic porphyria	DOID	from_other_source
disease	DOID:5241	hemangioblastoma	xref	GARD:8232	Hemangioblastoma	DOID	from_other_source
disease	DOID:5325	Roberts syndrome	xref	GARD:7387	Roberts-SC phocomelia syndrome	DOID	from_other_source
disease	DOID:5344	testicular yolk sac tumor	xref	GARD:348	Yolk sac tumor	DOID	from_other_source
disease	DOID:5363	myxoid liposarcoma	xref	GARD:7157	Myxoid/round cell liposarcoma	DOID	from_other_source
disease	DOID:5374	pilomatrixoma	xref	GARD:9452	Pilomatrixoma	DOID	from_other_source
disease	DOID:5379	hemoglobin E disease	xref	GARD:2641	Hemoglobin E disease	DOID	from_other_source
disease	DOID:5394	prolactinoma	xref	GARD:4508	Prolactin-producing pituitary gland adenoma	DOID	from_other_source
disease	DOID:5445	syringocystadenoma papilliferum	xref	GARD:5100	Syringocystadenoma papilliferum	DOID	from_other_source
disease	DOID:5453	pulmonary venoocclusive disease	xref	GARD:10153	Pulmonary venoocclusive disease	DOID	from_other_source
disease	DOID:5485	synovial sarcoma	xref	GARD:7721	Synovial sarcoma	DOID	from_other_source
disease	DOID:5520	head and neck squamous cell carcinoma	xref	GARD:8503	Squamous cell carcinoma of the head and neck	DOID	from_other_source
disease	DOID:5572	Beckwith-Wiedemann syndrome	xref	GARD:3343	Beckwith-Wiedemann syndrome	DOID	from_other_source
disease	DOID:5648	choroid plexus carcinoma	xref	GARD:8238	Choroid plexus carcinoma	DOID	from_other_source
disease	DOID:5677	malignant extragonadal nonseminomatous germ cell tumor	xref	GARD:10165	Nongerminomatous germ cell tumor	DOID	from_other_source
disease	DOID:5684	spondyloepimetaphyseal dysplasia, Sponastrime type	xref	GARD:4970	Sponastrime dysplasia	DOID	from_other_source
disease	DOID:5688	Werner syndrome	xref	GARD:7885	Werner syndrome	DOID	from_other_source
disease	DOID:5719	adrenal medulla cancer	xref	GARD:5755	Adrenal medulla cancer	DOID	from_other_source
disease	DOID:5728	diffuse peritoneal leiomyomatosis	xref	GARD:12843	Disseminated peritoneal leiomyomatosis	DOID	from_other_source
disease	DOID:5768	Nager acrofacial dysostosis	xref	GARD:498	Nager syndrome	DOID	from_other_source
disease	DOID:5773	oral submucous fibrosis	xref	GARD:7264	Oral submucous fibrosis	DOID	from_other_source
disease	DOID:5805	subvalvular aortic stenosis	xref	GARD:5052	Subvalvular aortic stenosis	DOID	from_other_source
disease	DOID:5810	adenosine deaminase deficiency	xref	GARD:5748	Severe combined immunodeficiency, autosomal recessive, T cell-negative, B cell-negative, NK cell-negative, due to adenosine deaminase deficiency	DOID	from_other_source
disease	DOID:5813	purine nucleoside phosphorylase deficiency	xref	GARD:4606	Purine-nucleoside phosphorylase deficiency	DOID	from_other_source
disease	DOID:5822	gray zone lymphoma	xref	GARD:10897	B-cell lymphoma, unclassifiable, with features intermediate between diffuse large b-cell lymphoma and classical Hodgkin lymphoma	DOID	from_other_source
disease	DOID:589	congenital hemolytic anemia	xref	GARD:6167	Familial hemolytic anemia	DOID	from_other_source
disease	DOID:5940	malignant peripheral nerve sheath tumor	xref	GARD:10872	Malignant peripheral nerve sheath tumor	DOID	from_other_source
disease	DOID:6128	gliomatosis cerebri	xref	GARD:6514	Gliomatosis cerebri	DOID	from_other_source
disease	DOID:6170	ovarian carcinosarcoma	xref	GARD:7296	Ovarian carcinosarcoma	DOID	from_other_source
disease	DOID:6171	uterine carcinosarcoma	xref	GARD:12335	Carcinosarcoma of the corpus uteri	DOID	from_other_source
disease	DOID:6179	ovarian small cell carcinoma	xref	GARD:10411	Ovarian small cell carcinoma	DOID	from_other_source
disease	DOID:6193	epithelioid sarcoma	xref	GARD:10181	Epithelioid sarcoma	DOID	from_other_source
disease	DOID:6196	reactive arthritis	xref	GARD:5693	Reactive arthritis	DOID	from_other_source
disease	DOID:627	severe combined immunodeficiency	xref	GARD:7628	Severe combined immunodeficiency disease	DOID	from_other_source
disease	DOID:6383	childhood brain stem glioma	xref	GARD:9306	Childhood brain stem glioma	DOID	from_other_source
disease	DOID:639	acute disseminated encephalomyelitis	xref	GARD:8639	Acute disseminated encephalomyelitis	DOID	from_other_source
disease	DOID:6406	double outlet right ventricle	xref	GARD:1908	Double outlet right ventricle	DOID	from_other_source
disease	DOID:6419	tetralogy of Fallot	xref	GARD:2245	Tetralogy of Fallot	DOID	from_other_source
disease	DOID:643	progressive multifocal leukoencephalopathy	xref	GARD:7468	Progressive multifocal leukoencephalopathy	DOID	from_other_source
disease	DOID:6457	Cowden syndrome	xref	GARD:6202	Cowden syndrome	DOID	from_other_source
disease	DOID:6458	cerebellar liponeurocytoma	xref	GARD:10642	Cerebellar liponeurocytoma	DOID	from_other_source
disease	DOID:648	kuru	xref	GARD:7617	Kuru	DOID	from_other_source
disease	DOID:6620	X-linked hyper IgM syndrome	xref	GARD:73	Hyper-IgM syndrome type 1	DOID	from_other_source
disease	DOID:6683	X-linked Aarskog syndrome	xref	GARD:4775	Faciodigitogenital syndrome	DOID	from_other_source
disease	DOID:6688	autoimmune lymphoproliferative syndrome	xref	GARD:8686	Autoimmune lymphoproliferative syndrome	DOID	from_other_source
disease	DOID:6691	Aagenaes syndrome	xref	GARD:370	Cholestasis-edema syndrome, Norwegian type	DOID	from_other_source
disease	DOID:672	spleen cancer	xref	GARD:7683	Spleen neoplasm	DOID	from_other_source
disease	DOID:678	progressive supranuclear palsy	xref	GARD:7471	Progressive supranuclear palsy	DOID	from_other_source
disease	DOID:6785	desmoplastic small round cell tumor	xref	GARD:6265	Desmoplastic small round cell tumor	DOID	from_other_source
disease	DOID:681	progressive bulbar palsy	xref	GARD:10928	Progressive bulbar palsy	DOID	from_other_source
disease	DOID:682	compartment syndrome	xref	GARD:6141	Compartment syndrome	DOID	from_other_source
disease	DOID:6823	pancreatoblastoma	xref	GARD:4210	Pancreatoblastoma	DOID	from_other_source
disease	DOID:687	hepatoblastoma	xref	GARD:2657	Hepatoblastoma	DOID	from_other_source
disease	DOID:7004	ACTH-secreting pituitary adenoma	xref	GARD:12867	Pituitary dependent hypercortisolism	DOID	from_other_source
disease	DOID:7033	anisakiasis	xref	GARD:693	Anisakiasis	DOID	from_other_source
disease	DOID:705	Leber hereditary optic neuropathy	xref	GARD:6870	Leber optic atrophy	DOID	from_other_source
disease	DOID:707	B-cell lymphoma	xref	GARD:5877	B-cell lymphoma	DOID	from_other_source
disease	DOID:7146	Langerhans cell sarcoma	xref	GARD:10491	Langerhans cell sarcoma	DOID	from_other_source
disease	DOID:718	autoimmune hemolytic anemia	xref	GARD:5870	Autoimmune hemolytic anemia	DOID	from_other_source
disease	DOID:7305	astroblastoma	xref	GARD:10635	Astroblastoma	DOID	from_other_source
disease	DOID:734	urethra cancer	xref	GARD:9390	Urethra cancer	DOID	from_other_source
disease	DOID:7365	Kimura disease	xref	GARD:6835	Kimura disease	DOID	from_other_source
disease	DOID:7400	Nijmegen breakage syndrome	xref	GARD:3904	Microcephaly, normal intelligence and immunodeficiency	DOID	from_other_source
disease	DOID:7427	anthrax disease	xref	GARD:8157	Anthrax infection	DOID	from_other_source
disease	DOID:7442	monoclonal gammopathy of uncertain significance	xref	GARD:7034	Monoclonal gammopathy of undetermined significance	DOID	from_other_source
disease	DOID:7566	eccrine porocarcinoma	xref	GARD:7431	Eccrine porocarcinoma	DOID	from_other_source
disease	DOID:758	visceral heterotaxy 5	xref	GARD:4883	Situs inversus	DOID	from_other_source
disease	DOID:768	retinoblastoma	xref	GARD:7563	Retinoblastoma	DOID	from_other_source
disease	DOID:769	neuroblastoma	xref	GARD:7185	Neuroblastoma	DOID	from_other_source
disease	DOID:7693	abdominal aortic aneurysm	xref	GARD:9181	Familial abdominal aortic aneurysm	DOID	from_other_source
disease	DOID:7765	Coats disease	xref	GARD:6121	Coats disease	DOID	from_other_source
disease	DOID:813	septic arthritis	xref	GARD:6781	Infective arthritis	DOID	from_other_source
disease	DOID:820	myocarditis	xref	GARD:7137	Myocarditis	DOID	from_other_source
disease	DOID:84	osteochondritis dissecans	xref	GARD:12703	Osteochondritis dissecans	DOID	from_other_source
disease	DOID:841	extrinsic allergic alveolitis	xref	GARD:12	Hypersensitivity pneumonitis	DOID	from_other_source
disease	DOID:8457	pellagra	xref	GARD:10014	Pellagra	DOID	from_other_source
disease	DOID:8461	Aicardi syndrome	xref	GARD:5764	Aicardi syndrome	DOID	from_other_source
disease	DOID:8472	localized scleroderma	xref	GARD:7058	Localized scleroderma	DOID	from_other_source
disease	DOID:8476	Whipple disease	xref	GARD:7889	Whipple's disease	DOID	from_other_source
disease	DOID:8478	actinomycosis	xref	GARD:5728	Actinomycotic infection	DOID	from_other_source
disease	DOID:8505	dermatitis herpetiformis	xref	GARD:1917	Dermatitis herpetiformis, familial	DOID	from_other_source
disease	DOID:8506	bullous pemphigoid	xref	GARD:5972	Bullous pemphigoid	DOID	from_other_source
disease	DOID:8533	hypopharynx cancer	xref	GARD:9334	Hypopharynx cancer	DOID	from_other_source
disease	DOID:8541	Sezary's disease	xref	GARD:7629	Sezary syndrome	DOID	from_other_source
disease	DOID:8545	malignant hyperthermia	xref	GARD:6964	Malignant hyperthermia of anesthesia	DOID	from_other_source
disease	DOID:8552	chronic myeloid leukemia	xref	GARD:6105	Chronic myelogenous leukemia, BCR-ABL1 positive	DOID	from_other_source
disease	DOID:8553	pyoderma gangrenosum	xref	GARD:7510	Pyoderma gangrenosum	DOID	from_other_source
disease	DOID:856	biotinidase deficiency	xref	GARD:894	Biotinidase deficiency	DOID	from_other_source
disease	DOID:8567	Hodgkin's lymphoma	xref	GARD:2714	Hodgkins lymphoma	DOID	from_other_source
disease	DOID:857	multiple carboxylase deficiency	xref	GARD:3824	Multiple carboxylase deficiency	DOID	from_other_source
disease	DOID:8584	Burkitt lymphoma	xref	GARD:5973	Burkitt lymphoma	DOID	from_other_source
disease	DOID:859	holocarboxylase synthetase deficiency	xref	GARD:2721	Holocarboxylase synthetase deficiency	DOID	from_other_source
disease	DOID:8632	Kaposi's sarcoma	xref	GARD:6814	Kaposi sarcoma	DOID	from_other_source
disease	DOID:8683	myeloid sarcoma	xref	GARD:12763	Myeloid sarcoma	DOID	from_other_source
disease	DOID:8691	mycosis fungoides	xref	GARD:3863	Mycosis fungoides	DOID	from_other_source
disease	DOID:8692	myeloid leukemia	xref	GARD:8226	Myeloid leukemia	DOID	from_other_source
disease	DOID:8712	neurofibromatosis	xref	GARD:10420	Neurofibromatosis	DOID	from_other_source
disease	DOID:876	pyomyositis	xref	GARD:4614	Pyomyositis	DOID	from_other_source
disease	DOID:8761	acute megakaryocytic leukemia	xref	GARD:524	Acute megakaryoblastic leukemia	DOID	from_other_source
disease	DOID:8781	rubella	xref	GARD:4742	Rubella	DOID	from_other_source
disease	DOID:8864	acute monocytic leukemia	xref	GARD:525	Acute monocytic leukemia	DOID	from_other_source
disease	DOID:8869	neuromyelitis optica	xref	GARD:6267	Neuromyelitis optica	DOID	from_other_source
disease	DOID:8886	chorioretinitis	xref	GARD:6060	Chorioretinitis	DOID	from_other_source
disease	DOID:891	progressive myoclonus epilepsy	xref	GARD:7140	Progressive myoclonic epilepsy	DOID	from_other_source
disease	DOID:893	Wilson disease	xref	GARD:7893	Wilson disease	DOID	from_other_source
disease	DOID:8931	Evans' syndrome	xref	GARD:6389	Evans syndrome	DOID	from_other_source
disease	DOID:8970	subacute sclerosing panencephalitis	xref	GARD:7708	Subacute sclerosing panencephalitis	DOID	from_other_source
disease	DOID:8986	narcolepsy	xref	GARD:7162	Cataplexy and narcolepsy	DOID	from_other_source
disease	DOID:8997	polycythemia vera	xref	GARD:7422	Acquired polycythemia vera	DOID	from_other_source
disease	DOID:905	Zellweger syndrome	xref	GARD:7917	Zellweger spectrum disorders	DOID	from_other_source
disease	DOID:9065	leishmaniasis	xref	GARD:6881	Leishmaniasis	DOID	from_other_source
disease	DOID:9072	lethal midline granuloma	xref	GARD:9622	T-cell and NK-cell neoplasm	DOID	from_other_source
disease	DOID:9119	acute myeloid leukemia	xref	GARD:12757	Acute myeloid leukemia	DOID	from_other_source
disease	DOID:9182	pemphigus	xref	GARD:7352	Pemphigus	DOID	from_other_source
disease	DOID:9210	Ramsay Hunt syndrome	xref	GARD:7525	Geniculate herpes zoster	DOID	from_other_source
disease	DOID:9212	pityriasis rubra pilaris	xref	GARD:7401	Pityriasis rubra pilaris	DOID	from_other_source
disease	DOID:9240	erythromelalgia	xref	GARD:6377	Primary erythromelalgia	DOID	from_other_source
disease	DOID:9245	Alagille syndrome	xref	GARD:804	Arteriohepatic dysplasia	DOID	from_other_source
disease	DOID:9248	Pallister-Hall syndrome	xref	GARD:7305	Pallister-Hall syndrome	DOID	from_other_source
disease	DOID:9250	acrocallosal syndrome	xref	GARD:5721	Acrocallosal syndrome	DOID	from_other_source
disease	DOID:9253	gastrointestinal stromal tumor	xref	GARD:8598	Gastrointestinal stromal tumor	DOID	from_other_source
disease	DOID:9255	frontotemporal dementia	xref	GARD:8436	Frontotemporal dementia	DOID	from_other_source
disease	DOID:9258	Waardenburg syndrome	xref	GARD:5525	Waardenburg syndrome	DOID	from_other_source
disease	DOID:9261	nasopharynx carcinoma	xref	GARD:7163	Nasopharyngeal carcinoma	DOID	from_other_source
disease	DOID:9263	homocystinuria	xref	GARD:10770	Homocystinuria	DOID	from_other_source
disease	DOID:9266	cystinuria	xref	GARD:6237	Cystinuria	DOID	from_other_source
disease	DOID:9267	urea cycle disorder	xref	GARD:7837	Disorder of the urea cycle metabolism	DOID	from_other_source
disease	DOID:9268	glycine encephalopathy	xref	GARD:7219	Glycine encephalopathy	DOID	from_other_source
disease	DOID:9269	maple syrup urine disease	xref	GARD:3228	Maple syrup urine disease	DOID	from_other_source
disease	DOID:9270	alkaptonuria	xref	GARD:5775	Alkaptonuria	DOID	from_other_source
disease	DOID:9271	ornithine carbamoyltransferase deficiency	xref	GARD:8391	Ornithine carbamoyltransferase deficiency	DOID	from_other_source
disease	DOID:9274	hyperlysinemia	xref	GARD:2828	Hyperlysinemia	DOID	from_other_source
disease	DOID:9280	carbamoyl phosphate synthetase I deficiency disease	xref	GARD:7269	Congenital hyperammonemia, type I	DOID	from_other_source
disease	DOID:9281	phenylketonuria	xref	GARD:7383	Phenylketonuria	DOID	from_other_source
disease	DOID:9375	Fuchs' heterochromic uveitis	xref	GARD:6791	Fuchs heterochromic iridocyclitis	DOID	from_other_source
disease	DOID:9378	glaucomatocyclitic crisis	xref	GARD:10737	Glaucomatocyclitic crisis	DOID	from_other_source
disease	DOID:9467	nail-patella syndrome	xref	GARD:7160	Nail-patella syndrome	DOID	from_other_source
disease	DOID:9470	bacterial meningitis	xref	GARD:5881	Bacterial meningitis	DOID	from_other_source
disease	DOID:9476	Sheehan syndrome	xref	GARD:7630	Sheehan syndrome	DOID	from_other_source
disease	DOID:9502	chronic eosinophilic pneumonia	xref	GARD:1130	Idiopathic chronic eosinophilic pneumonia	DOID	from_other_source
disease	DOID:9513	plasma cell leukemia	xref	GARD:9373	Plasma cell leukemia	DOID	from_other_source
disease	DOID:9521	Laron syndrome	xref	GARD:6859	Laron-type isolated somatotropin defect	DOID	from_other_source
disease	DOID:9538	multiple myeloma	xref	GARD:7108	Multiple myeloma	DOID	from_other_source
disease	DOID:9562	primary ciliary dyskinesia	xref	GARD:4484	Primary ciliary dyskinesia	DOID	from_other_source
disease	DOID:9565	dextrocardia	xref	GARD:1827	Dextrocardia	DOID	from_other_source
disease	DOID:9584	Venezuelan equine encephalitis	xref	GARD:6355	Venezuelan equine encephalitis virus infection	DOID	from_other_source
disease	DOID:9597	Krukenberg carcinoma	xref	GARD:8627	Krukenberg carcinoma	DOID	from_other_source
disease	DOID:962	neurofibroma	xref	GARD:7191	Neurofibroma	DOID	from_other_source
disease	DOID:9631	Pelger-Huet anomaly	xref	GARD:9148	Pelger-Huët anomaly	DOID	from_other_source
disease	DOID:9643	babesiosis	xref	GARD:5878	Babesiosis	DOID	from_other_source
disease	DOID:9672	noma	xref	GARD:4001	Cancrum oris	DOID	from_other_source
disease	DOID:9682	yellow fever	xref	GARD:7914	Yellow fever	DOID	from_other_source
disease	DOID:9699	ophthalmia neonatorum	xref	GARD:2546	Gonococcal conjunctivitis	DOID	from_other_source
disease	DOID:9808	Goodpasture syndrome	xref	GARD:2551	Anti-glomerular basement membrane disease	DOID	from_other_source
disease	DOID:9809	hypersensitivity vasculitis	xref	GARD:7851	Cutaneous leukocytoclastic angiitis	DOID	from_other_source
disease	DOID:9810	polyarteritis nodosa	xref	GARD:7360	Polyarteritis nodosa	DOID	from_other_source
disease	DOID:9821	choroideremia	xref	GARD:6061	Choroideremia	DOID	from_other_source
disease	DOID:9870	galactosemia	xref	GARD:2424	Galactosemia	DOID	from_other_source
disease	DOID:9883	Becker muscular dystrophy	xref	GARD:5900	Becker muscular dystrophy	DOID	from_other_source
disease	DOID:9884	muscular dystrophy	xref	GARD:7922	Muscular dystrophy	DOID	from_other_source
disease	DOID:990	congenital heart block	xref	GARD:6164	Congenital heart block	DOID	from_other_source
disease	DOID:992	Omsk hemorrhagic fever	xref	GARD:8254	Omsk hemorrhagic fever	DOID	from_other_source
disease	DOID:9931	Waterhouse-Friderichsen syndrome	xref	GARD:9449	Waterhouse-Friderichsen syndrome	DOID	from_other_source
disease	DOID:9952	acute lymphoblastic leukemia	xref	GARD:522	Acute lymphoid leukemia	DOID	from_other_source
disease	DOID:9955	hypoplastic left heart syndrome	xref	GARD:6739	Hypoplastic left heart syndrome	DOID	from_other_source
disease	DOID:998	eosinophilia-myalgia syndrome	xref	GARD:6345	Eosinophilia myalgia syndrome	DOID	from_other_source
disease	DOID:9986	orbit lymphoma	xref	GARD:9719	Orbital lymphoma	DOID	from_other_source
disease	DOID:999	hypereosinophilic syndrome	xref	GARD:2804	Hypereosinophilic syndrome	DOID	from_other_source
disease	DOID:9997	peripartum cardiomyopathy	xref	GARD:220	Peripartum cardiomyopathy	DOID	from_other_source
