pipeline,preferred_id,preferred_label,biolink_type,member_count,equivalent_ids,preferred_id_would_survive,needs_biolink_registration,unsupported_prefixes
disease,GARD:0000001,GRACILE syndrome,biolink:Disease,1,GARD:0000001,false,true,GARD
disease,GARD:0000003,Ablepharon macrostomia syndrome,biolink:Disease,1,GARD:0000003,false,true,GARD
disease,GARD:0000005,Abetalipoproteinaemia,biolink:Disease,1,GARD:0000005,false,true,GARD
disease,GARD:0000006,Acromesomelic dysplasia,biolink:Disease,1,GARD:0000006,false,true,GARD
disease,GARD:0000007,Acromicric dysplasia,biolink:Disease,1,GARD:0000007,false,true,GARD
disease,GARD:0000011,Alternating hemiplegia of childhood,biolink:Disease,1,GARD:0000011,false,true,GARD
disease,GARD:0000012,Hypersensitivity pneumonitis,biolink:Disease,1,GARD:0000012,false,true,GARD
disease,GARD:0000013,Gillespie syndrome,biolink:Disease,1,GARD:0000013,false,true,GARD
disease,GARD:0000016,Oculomotor apraxia - Cogan type,biolink:Disease,1,GARD:0000016,false,true,GARD
disease,GARD:0000017,Arachnoid cyst,biolink:Disease,1,GARD:0000017,false,true,GARD
disease,GARD:0000019,Dihydropyrimidine dehydrogenase deficiency,biolink:Disease,1,GARD:0000019,false,true,GARD
disease,GARD:0000022,Pili torti-deafness syndrome,biolink:Disease,1,GARD:0000022,false,true,GARD
disease,GARD:0000023,"Blepharophimosis, ptosis, and epicanthus inversus syndrome",biolink:Disease,1,GARD:0000023,false,true,GARD
disease,GARD:0000026,Cat eye syndrome,biolink:Disease,1,GARD:0000026,false,true,GARD
disease,GARD:0000027,Cat scratch disease,biolink:Disease,1,GARD:0000027,false,true,GARD
disease,GARD:0000028,Catel-Manzke syndrome,biolink:Disease,1,GARD:0000028,false,true,GARD
disease,GARD:0000029,CHARGE syndrome,biolink:Disease,1,GARD:0000029,false,true,GARD
disease,GARD:0000031,Serpiginous choroiditis,biolink:Disease,1,GARD:0000031,false,true,GARD
disease,GARD:0000035,Tetrasomy 18p,biolink:Disease,1,GARD:0000035,false,true,GARD
disease,GARD:0000039,WT limb-blood syndrome,biolink:Disease,1,GARD:0000039,false,true,GARD
disease,GARD:0000042,Tetrasomy 9p,biolink:Disease,1,GARD:0000042,false,true,GARD
disease,GARD:0000043,Mosaic trisomy 9,biolink:Disease,1,GARD:0000043,false,true,GARD
disease,GARD:0000044,Haim-Munk syndrome,biolink:Disease,1,GARD:0000044,false,true,GARD
disease,GARD:0000045,Congenital varicella syndrome,biolink:Disease,1,GARD:0000045,false,true,GARD
disease,GARD:0000046,Corticobasal degeneration disorder,biolink:Disease,1,GARD:0000046,false,true,GARD
disease,GARD:0000047,Crigler-Najjar syndrome type 1,biolink:Disease,1,GARD:0000047,false,true,GARD
disease,GARD:0000048,"Mitochondrial complex IV deficiency, nuclear-type",biolink:Disease,1,GARD:0000048,false,true,GARD
disease,GARD:0000049,De Barsy syndrome,biolink:Disease,1,GARD:0000049,false,true,GARD
disease,GARD:0000054,Duodenal atresia,biolink:Disease,1,GARD:0000054,false,true,GARD
disease,GARD:0000059,Spinocerebellar ataxia type 34,biolink:Disease,1,GARD:0000059,false,true,GARD
disease,GARD:0000060,Iridocorneal endothelial syndrome,biolink:Disease,1,GARD:0000060,false,true,GARD
disease,GARD:0000061,Femoral hypoplasia - unusual facies syndrome,biolink:Disease,1,GARD:0000061,false,true,GARD
disease,GARD:0000062,Filippi syndrome,biolink:Disease,1,GARD:0000062,false,true,GARD
disease,GARD:0000064,Fountain syndrome,biolink:Disease,1,GARD:0000064,false,true,GARD
disease,GARD:0000065,Galloway-Mowat syndrome,biolink:Disease,1,GARD:0000065,false,true,GARD
disease,GARD:0000068,Aglossia-adactyly syndrome,biolink:Disease,1,GARD:0000068,false,true,GARD
disease,GARD:0000069,Hantavirus pulmonary syndrome,biolink:Disease,1,GARD:0000069,false,true,GARD
disease,GARD:0000070,Kasabach-Merritt syndrome,biolink:Disease,1,GARD:0000070,false,true,GARD
disease,GARD:0000071,Human granulocytic anaplasmosis,biolink:Disease,1,GARD:0000071,false,true,GARD
disease,GARD:0000072,Human monocytic ehrlichiosis,biolink:Disease,1,GARD:0000072,false,true,GARD
disease,GARD:0000073,Hyper-IgM syndrome type 1,biolink:Disease,1,GARD:0000073,false,true,GARD
disease,GARD:0000076,Hypohidrotic ectodermal dysplasia,biolink:Disease,1,GARD:0000076,false,true,GARD
disease,GARD:0000079,"Metaphyseal chondrodysplasia, Jansen type",biolink:Disease,1,GARD:0000079,false,true,GARD
disease,GARD:0000080,Johanson-Blizzard syndrome,biolink:Disease,1,GARD:0000080,false,true,GARD
disease,GARD:0000081,"Intellectual disability, X-linked syndromic, Turner type",biolink:Disease,1,GARD:0000081,false,true,GARD
disease,GARD:0000082,KBG syndrome,biolink:Disease,1,GARD:0000082,false,true,GARD
disease,GARD:0000083,Autosomal dominant Kenny-Caffey syndrome,biolink:Disease,1,GARD:0000083,false,true,GARD
disease,GARD:0000084,Congenital generalized lipodystrophy type 1,biolink:Disease,1,GARD:0000084,false,true,GARD
disease,GARD:0000085,Thanatophoric dysplasia,biolink:Disease,1,GARD:0000085,false,true,GARD
disease,GARD:0000086,Chudley-McCullough syndrome,biolink:Disease,1,GARD:0000086,false,true,GARD
disease,GARD:0000087,Lenz microphthalmia syndrome,biolink:Disease,1,GARD:0000087,false,true,GARD
disease,GARD:0000088,Leri pleonosteosis,biolink:Disease,1,GARD:0000088,false,true,GARD
disease,GARD:0000089,Gastric non-hodgkin lymphoma,biolink:Disease,1,GARD:0000089,false,true,GARD
disease,GARD:0000091,Childhood malignant melanoma,biolink:Disease,1,GARD:0000091,false,true,GARD
disease,GARD:0000092,Acroerythrokeratoderma,biolink:Disease,1,GARD:0000092,false,true,GARD
disease,GARD:0000093,Monilethrix,biolink:Disease,1,GARD:0000093,false,true,GARD
disease,GARD:0000094,Mucolipidosis type IV,biolink:Disease,1,GARD:0000094,false,true,GARD
disease,GARD:0000095,Mulibrey nanism syndrome,biolink:Disease,1,GARD:0000095,false,true,GARD
disease,GARD:0000101,Centronuclear myopathy,biolink:Disease,1,GARD:0000101,false,true,GARD
disease,GARD:0000102,Neu-Laxova syndrome,biolink:Disease,1,GARD:0000102,false,true,GARD
disease,GARD:0000104,Ochoa syndrome,biolink:Disease,1,GARD:0000104,false,true,GARD
disease,GARD:0000105,Cross syndrome,biolink:Disease,1,GARD:0000105,false,true,GARD
disease,GARD:0000106,Oculocerebrocutaneous syndrome,biolink:Disease,1,GARD:0000106,false,true,GARD
disease,GARD:0000108,Adult polyglucosan body disease,biolink:Disease,1,GARD:0000108,false,true,GARD
disease,GARD:0000109,Progressive osseous heteroplasia,biolink:Disease,1,GARD:0000109,false,true,GARD
disease,GARD:0000111,Recurrent respiratory papillomatosis,biolink:Disease,1,GARD:0000111,false,true,GARD
disease,GARD:0000114,Charcot-Marie-Tooth disease X-linked recessive 5,biolink:Disease,1,GARD:0000114,false,true,GARD
disease,GARD:0000116,Alpha-N-acetylgalactosaminidase deficiency type 1,biolink:Disease,1,GARD:0000116,false,true,GARD
disease,GARD:0000117,Schinzel-Giedion syndrome,biolink:Disease,1,GARD:0000117,false,true,GARD
disease,GARD:0000118,Ulnar-mammary syndrome,biolink:Disease,1,GARD:0000118,false,true,GARD
disease,GARD:0000120,Sennetsu fever,biolink:Disease,1,GARD:0000120,false,true,GARD
disease,GARD:0000121,Focal facial dermal dysplasia type III,biolink:Disease,1,GARD:0000121,false,true,GARD
disease,GARD:0000122,Singleton-Merten syndrome,biolink:Disease,1,GARD:0000122,false,true,GARD
disease,GARD:0000125,Acrokerato-elastoidosis,biolink:Disease,1,GARD:0000125,false,true,GARD
disease,GARD:0000127,Summitt syndrome,biolink:Disease,1,GARD:0000127,false,true,GARD
disease,GARD:0000132,Primary cutaneous amyloidosis,biolink:Disease,1,GARD:0000132,false,true,GARD
disease,GARD:0000134,"Spondyloepimetaphyseal dysplasia, Strudwick type",biolink:Disease,1,GARD:0000134,false,true,GARD
disease,GARD:0000137,Dandy-Walker malformation with nasopharyngeal teratoma and diaphragmatic hernia,biolink:Disease,1,GARD:0000137,false,true,GARD
disease,GARD:0000139,Familial atrial myxoma,biolink:Disease,1,GARD:0000139,false,true,GARD
disease,GARD:0000140,Atresia of small intestine,biolink:Disease,1,GARD:0000140,false,true,GARD
disease,GARD:0000143,Hypertrichosis cubiti-short stature syndrome,biolink:Disease,1,GARD:0000143,false,true,GARD
disease,GARD:0000144,Prominent glabella-microcephaly-hypogenitalism syndrome,biolink:Disease,1,GARD:0000144,false,true,GARD
disease,GARD:0000155,Laurin-Sandrow syndrome,biolink:Disease,1,GARD:0000155,false,true,GARD
disease,GARD:0000156,Muscle eye brain disease,biolink:Disease,1,GARD:0000156,false,true,GARD
disease,GARD:0000157,Hirschsprung disease-hearing loss-polydactyly syndrome,biolink:Disease,1,GARD:0000157,false,true,GARD
disease,GARD:0000158,Sarcosine dehydrogenase deficiency,biolink:Disease,1,GARD:0000158,false,true,GARD
disease,GARD:0000159,Scalp-ear-nipple syndrome,biolink:Disease,1,GARD:0000159,false,true,GARD
disease,GARD:0000160,Satoyoshi syndrome,biolink:Disease,1,GARD:0000160,false,true,GARD
disease,GARD:0000162,Cleft palate-large ears-small head syndrome,biolink:Disease,1,GARD:0000162,false,true,GARD
disease,GARD:0000166,Schizencephaly,biolink:Disease,1,GARD:0000166,false,true,GARD
disease,GARD:0000169,Schneckenbecken dysplasia,biolink:Disease,1,GARD:0000169,false,true,GARD
disease,GARD:0000172,Macrocephaly-short stature-paraplegia syndrome,biolink:Disease,1,GARD:0000172,false,true,GARD
disease,GARD:0000175,"Sialic acid storage disease, severe infantile type",biolink:Disease,1,GARD:0000175,false,true,GARD
disease,GARD:0000176,Macrophagic myofasciitis,biolink:Disease,1,GARD:0000176,false,true,GARD
disease,GARD:0000177,Macrosomia-microphthalmia-cleft palate syndrome,biolink:Disease,1,GARD:0000177,false,true,GARD
disease,GARD:0000178,MOMO syndrome,biolink:Disease,1,GARD:0000178,false,true,GARD
disease,GARD:0000180,Macrothrombocytopenia and granulocyte inclusions with or without nephritis or sensorineural hearing loss,biolink:Disease,1,GARD:0000180,false,true,GARD
disease,GARD:0000181,Stargardt disease,biolink:Disease,1,GARD:0000181,false,true,GARD
disease,GARD:0000182,Vitelliform macular dystrophy 2,biolink:Disease,1,GARD:0000182,false,true,GARD
disease,GARD:0000183,Bubonic plague,biolink:Disease,1,GARD:0000183,false,true,GARD
disease,GARD:0000184,Yellow nail syndrome,biolink:Disease,1,GARD:0000184,false,true,GARD
disease,GARD:0000192,Karandikar Maria Kamble syndrome,biolink:Disease,1,GARD:0000192,false,true,GARD
disease,GARD:0000193,Opitz G/BBB syndrome,biolink:Disease,1,GARD:0000193,false,true,GARD
disease,GARD:0000194,Gamma-aminobutyric acid transaminase deficiency,biolink:Disease,1,GARD:0000194,false,true,GARD
disease,GARD:0000195,Hyperkalemic periodic paralysis,biolink:Disease,1,GARD:0000195,false,true,GARD
disease,GARD:0000198,Kugelberg-Welander disease,biolink:Disease,1,GARD:0000198,false,true,GARD
disease,GARD:0000200,Central serous chorioretinopathy,biolink:Disease,1,GARD:0000200,false,true,GARD
disease,GARD:0000201,Ascher syndrome,biolink:Disease,1,GARD:0000201,false,true,GARD
disease,GARD:0000204,Dieterich disease,biolink:Disease,1,GARD:0000204,false,true,GARD
disease,GARD:0000206,Nephronophthisis,biolink:Disease,1,GARD:0000206,false,true,GARD
disease,GARD:0000207,Alveolar echinococcosis,biolink:Disease,1,GARD:0000207,false,true,GARD
disease,GARD:0000212,"Oculodental syndrome, Rutherfurd type",biolink:Disease,1,GARD:0000212,false,true,GARD
disease,GARD:0000213,Axial mesodermal dysplasia spectrum,biolink:Disease,1,GARD:0000213,false,true,GARD
disease,GARD:0000215,Familial caudal dysgenesis,biolink:Disease,1,GARD:0000215,false,true,GARD
disease,GARD:0000216,"Camptodactyly, myopia, and fibrosis of the medial rectus muscle of eye",biolink:Disease,1,GARD:0000216,false,true,GARD
disease,GARD:0000218,Rotor syndrome,biolink:Disease,1,GARD:0000218,false,true,GARD
disease,GARD:0000220,Peripartum cardiomyopathy,biolink:Disease,1,GARD:0000220,false,true,GARD
disease,GARD:0000221,Primary dilated cardiomyopathy,biolink:Disease,1,GARD:0000221,false,true,GARD
disease,GARD:0000223,Acoustic neuroma,biolink:Disease,1,GARD:0000223,false,true,GARD
disease,GARD:0000224,Radio-renal syndrome,biolink:Disease,1,GARD:0000224,false,true,GARD
disease,GARD:0000225,Radial hemimelia,biolink:Disease,1,GARD:0000225,false,true,GARD
disease,GARD:0000226,Rabson-Mendenhall syndrome,biolink:Disease,1,GARD:0000226,false,true,GARD
disease,GARD:0000229,Gomez Lopez Hernandez syndrome,biolink:Disease,1,GARD:0000229,false,true,GARD
disease,GARD:0000230,Microcephaly-deafness-intellectual disability syndrome,biolink:Disease,1,GARD:0000230,false,true,GARD
disease,GARD:0000231,Vanishing white matter disease,biolink:Disease,1,GARD:0000231,false,true,GARD
disease,GARD:0000232,Medullary sponge kidney,biolink:Disease,1,GARD:0000232,false,true,GARD
disease,GARD:0000234,D-Glyceric aciduria,biolink:Disease,1,GARD:0000234,false,true,GARD
disease,GARD:0000236,Hydrocephalus-blue sclerae-nephropathy syndrome,biolink:Disease,1,GARD:0000236,false,true,GARD
disease,GARD:0000237,Dahlberg-Borer-Newcomer syndrome,biolink:Disease,1,GARD:0000237,false,true,GARD
disease,GARD:0000238,Odontomatosis-aortae esophagus stenosis syndrome,biolink:Disease,1,GARD:0000238,false,true,GARD
disease,GARD:0000239,Say-Barber-Miller syndrome,biolink:Disease,1,GARD:0000239,false,true,GARD
disease,GARD:0000241,Scalp defects-postaxial polydactyly syndrome,biolink:Disease,1,GARD:0000241,false,true,GARD
disease,GARD:0000242,Say-field-Coldwell syndrome,biolink:Disease,1,GARD:0000242,false,true,GARD
disease,GARD:0000243,Trigonocephaly-short stature-developmental delay syndrome,biolink:Disease,1,GARD:0000243,false,true,GARD
disease,GARD:0000246,Schisis association,biolink:Disease,1,GARD:0000246,false,true,GARD
disease,GARD:0000247,SCARF syndrome,biolink:Disease,1,GARD:0000247,false,true,GARD
disease,GARD:0000248,Cataract-deafness-hypogonadism syndrome,biolink:Disease,1,GARD:0000248,false,true,GARD
disease,GARD:0000249,"Craniodiaphyseal dysplasia, autosomal dominant",biolink:Disease,1,GARD:0000249,false,true,GARD
disease,GARD:0000250,Schwartz-Jampel syndrome,biolink:Disease,1,GARD:0000250,false,true,GARD
disease,GARD:0000257,Intellectual disability-balding-patella luxation-acromicria syndrome,biolink:Disease,1,GARD:0000257,false,true,GARD
disease,GARD:0000258,Radial hypoplasia-triphalangeal thumbs-hypospadias-maxillary diastema syndrome,biolink:Disease,1,GARD:0000258,false,true,GARD
disease,GARD:0000259,Nephrogenic diabetes insipidus-intracranial calcification syndrome,biolink:Disease,1,GARD:0000259,false,true,GARD
disease,GARD:0000262,NARP syndrome,biolink:Disease,1,GARD:0000262,false,true,GARD
disease,GARD:0000264,Lowry-Wood syndrome,biolink:Disease,1,GARD:0000264,false,true,GARD
disease,GARD:0000265,Trichodental syndrome,biolink:Disease,1,GARD:0000265,false,true,GARD
disease,GARD:0000267,Keipert syndrome,biolink:Disease,1,GARD:0000267,false,true,GARD
disease,GARD:0000269,Oculootoradial syndrome,biolink:Disease,1,GARD:0000269,false,true,GARD
disease,GARD:0000270,Nicolaides-Baraitser syndrome,biolink:Disease,1,GARD:0000270,false,true,GARD
disease,GARD:0000272,VACTERL with hydrocephalus,biolink:Disease,1,GARD:0000272,false,true,GARD
disease,GARD:0000273,Wrinkly skin syndrome,biolink:Disease,1,GARD:0000273,false,true,GARD
disease,GARD:0000274,X-linked immunoneurologic disorder,biolink:Disease,1,GARD:0000274,false,true,GARD
disease,GARD:0000276,Hypogonadotropic hypogonadism 12 with or without anosmia,biolink:Disease,1,GARD:0000276,false,true,GARD
disease,GARD:0000277,Pilodental dysplasia-refractive errors syndrome,biolink:Disease,1,GARD:0000277,false,true,GARD
disease,GARD:0000280,"Hidrotic ectodermal dysplasia, Halal type",biolink:Disease,1,GARD:0000280,false,true,GARD
disease,GARD:0000282,Lethal osteosclerotic bone dysplasia,biolink:Disease,1,GARD:0000282,false,true,GARD
disease,GARD:0000284,Lymphedema-atrial septal defects-facial changes syndrome,biolink:Disease,1,GARD:0000284,false,true,GARD
disease,GARD:0000287,Acrofrontofacionasal dysostosis type 2,biolink:Disease,1,GARD:0000287,false,true,GARD
disease,GARD:0000288,Hallermann-Streiff syndrome,biolink:Disease,1,GARD:0000288,false,true,GARD
disease,GARD:0000290,Dennis-Fairhurst-Moore syndrome,biolink:Disease,1,GARD:0000290,false,true,GARD
disease,GARD:0000292,Ichthyosis-alopecia-eclabion-ectropion-intellectual disability syndrome,biolink:Disease,1,GARD:0000292,false,true,GARD
disease,GARD:0000296,Short tarsus-absence of lower eyelashes syndrome,biolink:Disease,1,GARD:0000296,false,true,GARD
disease,GARD:0000298,Hypergonadotropic hypogonadism-cataract syndrome,biolink:Disease,1,GARD:0000298,false,true,GARD
disease,GARD:0000299,Late-onset localized junctional epidermolysis bullosa-intellectual disability syndrome,biolink:Disease,1,GARD:0000299,false,true,GARD
disease,GARD:0000301,Generalized resistance to thyroid hormone,biolink:Disease,1,GARD:0000301,false,true,GARD
disease,GARD:0000302,Kostmann syndrome,biolink:Disease,1,GARD:0000302,false,true,GARD
disease,GARD:0000303,Jeune syndrome situs inversus,biolink:Disease,1,GARD:0000303,false,true,GARD
disease,GARD:0000304,Blau syndrome,biolink:Disease,1,GARD:0000304,false,true,GARD
disease,GARD:0000305,Conductive deafness-ptosis-skeletal anomalies syndrome,biolink:Disease,1,GARD:0000305,false,true,GARD
disease,GARD:0000306,Camptodactyly-arthropathy-coxa vara-pericarditis syndrome,biolink:Disease,1,GARD:0000306,false,true,GARD
disease,GARD:0000307,11q partial monosomy syndrome,biolink:Disease,1,GARD:0000307,false,true,GARD
disease,GARD:0000310,CHIME syndrome,biolink:Disease,1,GARD:0000310,false,true,GARD
disease,GARD:0000312,Robinow syndrome,biolink:Disease,1,GARD:0000312,false,true,GARD
disease,GARD:0000314,Saccharopinuria,biolink:Disease,1,GARD:0000314,false,true,GARD
disease,GARD:0000317,Sacral hemangiomas multiple congenital abnormalities,biolink:Disease,1,GARD:0000317,false,true,GARD
disease,GARD:0000319,Sacrococcygeal teratoma,biolink:Disease,1,GARD:0000319,false,true,GARD
disease,GARD:0000320,Fibulo-ulnar hypoplasia-renal anomalies syndrome,biolink:Disease,1,GARD:0000320,false,true,GARD
disease,GARD:0000321,Nail-patella-like renal disease,biolink:Disease,1,GARD:0000321,false,true,GARD
disease,GARD:0000322,Renal dysplasia and retinal aplasia,biolink:Disease,1,GARD:0000322,false,true,GARD
disease,GARD:0000324,Hypogonadotropic hypogonadism-frontoparietal alopecia syndrome,biolink:Disease,1,GARD:0000324,false,true,GARD
disease,GARD:0000325,Twin-to-twin transfusion,biolink:Disease,1,GARD:0000325,false,true,GARD
disease,GARD:0000328,Wandering spleen,biolink:Disease,1,GARD:0000328,false,true,GARD
disease,GARD:0000329,Eosinophilic cellulitis,biolink:Disease,1,GARD:0000329,false,true,GARD
disease,GARD:0000330,Neonatal pseudo-hydrocephalic progeroid syndrome,biolink:Disease,1,GARD:0000330,false,true,GARD
disease,GARD:0000331,Yunis-Varon syndrome,biolink:Disease,1,GARD:0000331,false,true,GARD
disease,GARD:0000332,Beare-Stevenson cutis gyrata syndrome,biolink:Disease,1,GARD:0000332,false,true,GARD
disease,GARD:0000333,Distichiasis-lymphedema syndrome,biolink:Disease,1,GARD:0000333,false,true,GARD
disease,GARD:0000334,Symmetrical dyschromatosis of extremities,biolink:Disease,1,GARD:0000334,false,true,GARD
disease,GARD:0000336,Hereditary spastic paraplegia 23,biolink:Disease,1,GARD:0000336,false,true,GARD
disease,GARD:0000338,Zerres Rietschel Majewski syndrome,biolink:Disease,1,GARD:0000338,false,true,GARD
disease,GARD:0000341,Young syndrome,biolink:Disease,1,GARD:0000341,false,true,GARD
disease,GARD:0000343,Pontocerebellar hypoplasia type 4,biolink:Disease,1,GARD:0000343,false,true,GARD
disease,GARD:0000344,Holoprosencephaly-postaxial polydactyly syndrome,biolink:Disease,1,GARD:0000344,false,true,GARD
disease,GARD:0000345,X-linked intellectual disability-hypogonadism-ichthyosis-obesity-short stature syndrome,biolink:Disease,1,GARD:0000345,false,true,GARD
disease,GARD:0000346,Hoyeraal-Hreidarsson syndrome,biolink:Disease,1,GARD:0000346,false,true,GARD
disease,GARD:0000347,Pancreatic hypoplasia-diabetes-congenital heart disease syndrome,biolink:Disease,1,GARD:0000347,false,true,GARD
disease,GARD:0000348,Yolk sac tumor,biolink:Disease,1,GARD:0000348,false,true,GARD
disease,GARD:0000349,Neuroaxonal dystrophy renal tubular acidosis,biolink:Disease,1,GARD:0000349,false,true,GARD
disease,GARD:0000350,Skeletal dysplasia-epilepsy-short stature syndrome,biolink:Disease,1,GARD:0000350,false,true,GARD
disease,GARD:0000351,Dacryocystitis-osteopoikilosis syndrome,biolink:Disease,1,GARD:0000351,false,true,GARD
disease,GARD:0000353,Kozlowski Warren Fisher syndrome,biolink:Disease,1,GARD:0000353,false,true,GARD
disease,GARD:0000354,Osteopenia-intellectual disability-sparse hair syndrome,biolink:Disease,1,GARD:0000354,false,true,GARD
disease,GARD:0000358,Pallister-W syndrome,biolink:Disease,1,GARD:0000358,false,true,GARD
disease,GARD:0000359,Cranioectodermal dysplasia,biolink:Disease,1,GARD:0000359,false,true,GARD
disease,GARD:0000360,Abruzzo-Erickson syndrome,biolink:Disease,1,GARD:0000360,false,true,GARD
disease,GARD:0000361,Acalvaria,biolink:Disease,1,GARD:0000361,false,true,GARD
disease,GARD:0000363,Acatalasia,biolink:Disease,1,GARD:0000363,false,true,GARD
disease,GARD:0000364,Aplasia of the nose,biolink:Disease,1,GARD:0000364,false,true,GARD
disease,GARD:0000365,Aromatase deficiency,biolink:Disease,1,GARD:0000365,false,true,GARD
disease,GARD:0000366,Arnold stickler bourne syndrome,biolink:Disease,1,GARD:0000366,false,true,GARD
disease,GARD:0000368,Laryngo-onycho-cutaneous syndrome,biolink:Disease,1,GARD:0000368,false,true,GARD
disease,GARD:0000369,Choroideremia-deafness-obesity syndrome,biolink:Disease,1,GARD:0000369,false,true,GARD
disease,GARD:0000370,"Cholestasis-edema syndrome, Norwegian type",biolink:Disease,1,GARD:0000370,false,true,GARD
disease,GARD:0000371,Qazi Markouizos syndrome,biolink:Disease,1,GARD:0000371,false,true,GARD
disease,GARD:0000372,Neurofibromatosis-Noonan syndrome,biolink:Disease,1,GARD:0000372,false,true,GARD
disease,GARD:0000373,Folliculitis decalvans,biolink:Disease,1,GARD:0000373,false,true,GARD
disease,GARD:0000374,Pectus excavatum-macrocephaly-dysplastic nails syndrome,biolink:Disease,1,GARD:0000374,false,true,GARD
disease,GARD:0000375,Cleft lip/palate-ectodermal dysplasia syndrome,biolink:Disease,1,GARD:0000375,false,true,GARD
disease,GARD:0000376,Acheiropodia,biolink:Disease,1,GARD:0000376,false,true,GARD
disease,GARD:0000377,"Adactylia, unilateral",biolink:Disease,1,GARD:0000377,false,true,GARD
disease,GARD:0000378,Johnson neuroectodermal syndrome,biolink:Disease,1,GARD:0000378,false,true,GARD
disease,GARD:0000379,Renal tubular dysgenesis,biolink:Disease,1,GARD:0000379,false,true,GARD
disease,GARD:0000380,Knobloch syndrome 1,biolink:Disease,1,GARD:0000380,false,true,GARD
disease,GARD:0000381,Arachnodactyly-abnormal ossification-intellectual disability syndrome,biolink:Disease,1,GARD:0000381,false,true,GARD
disease,GARD:0000383,Autosomal dominant osteopetrosis 2,biolink:Disease,1,GARD:0000383,false,true,GARD
disease,GARD:0000384,ADULT syndrome,biolink:Disease,1,GARD:0000384,false,true,GARD
disease,GARD:0000385,Zimmermann-Laband syndrome,biolink:Disease,1,GARD:0000385,false,true,GARD
disease,GARD:0000386,Tetraamelia-multiple malformations syndrome,biolink:Disease,1,GARD:0000386,false,true,GARD
disease,GARD:0000387,Combined immunodeficiency due to ZAP70 deficiency,biolink:Disease,1,GARD:0000387,false,true,GARD
disease,GARD:0000390,Worth disease,biolink:Disease,1,GARD:0000390,false,true,GARD
disease,GARD:0000391,Axial osteosclerosis,biolink:Disease,1,GARD:0000391,false,true,GARD
disease,GARD:0000393,Tungiasis,biolink:Disease,1,GARD:0000393,false,true,GARD
disease,GARD:0000394,Radioulnar synostosis-microcephaly-scoliosis syndrome,biolink:Disease,1,GARD:0000394,false,true,GARD
disease,GARD:0000395,Retinal degeneration-nanophthalmos-glaucoma syndrome,biolink:Disease,1,GARD:0000395,false,true,GARD
disease,GARD:0000396,Tularemia,biolink:Disease,1,GARD:0000396,false,true,GARD
disease,GARD:0000398,Bagatelle Cassidy syndrome,biolink:Disease,1,GARD:0000398,false,true,GARD
disease,GARD:0000399,"46,XX testicular disorder of sex development",biolink:Disease,1,GARD:0000399,false,true,GARD
disease,GARD:0000400,GAPO syndrome,biolink:Disease,1,GARD:0000400,false,true,GARD
disease,GARD:0000404,Osteoporosis-oculocutaneous hypopigmentation syndrome,biolink:Disease,1,GARD:0000404,false,true,GARD
disease,GARD:0000405,Subaortic stenosis-short stature syndrome,biolink:Disease,1,GARD:0000405,false,true,GARD
disease,GARD:0000406,Foveal hypoplasia-presenile cataract syndrome,biolink:Disease,1,GARD:0000406,false,true,GARD
disease,GARD:0000407,Ermine phenotype,biolink:Disease,1,GARD:0000407,false,true,GARD
disease,GARD:0000408,Short stature due to growth hormone qualitative anomaly,biolink:Disease,1,GARD:0000408,false,true,GARD
disease,GARD:0000409,Pachygyria-intellectual disability-epilepsy syndrome,biolink:Disease,1,GARD:0000409,false,true,GARD
disease,GARD:0000411,Sanjad sakati syndrome,biolink:Disease,1,GARD:0000411,false,true,GARD
disease,GARD:0000412,Cheilitis glandularis,biolink:Disease,1,GARD:0000412,false,true,GARD
disease,GARD:0000413,Geroderma osteodysplastica,biolink:Disease,1,GARD:0000413,false,true,GARD
disease,GARD:0000414,Bamforth-Lazarus syndrome,biolink:Disease,1,GARD:0000414,false,true,GARD
disease,GARD:0000415,Pseudoprogeria syndrome,biolink:Disease,1,GARD:0000415,false,true,GARD
disease,GARD:0000418,Essential pentosuria,biolink:Disease,1,GARD:0000418,false,true,GARD
disease,GARD:0000420,Mismatch repair cancer syndrome 1,biolink:Disease,1,GARD:0000420,false,true,GARD
disease,GARD:0000424,XK aprosencephaly,biolink:Disease,1,GARD:0000424,false,true,GARD
disease,GARD:0000425,Tufted angioma of skin,biolink:Disease,1,GARD:0000425,false,true,GARD
disease,GARD:0000427,Ptosis-vocal cord paralysis syndrome,biolink:Disease,1,GARD:0000427,false,true,GARD
disease,GARD:0000428,Craniofrontonasal dysplasia-Poland anomaly syndrome,biolink:Disease,1,GARD:0000428,false,true,GARD
disease,GARD:0000429,Amniotic band syndrome,biolink:Disease,1,GARD:0000429,false,true,GARD
disease,GARD:0000431,Microtia-Anotia,biolink:Disease,1,GARD:0000431,false,true,GARD
disease,GARD:0000433,Apparent mineralocorticoid excess,biolink:Disease,1,GARD:0000433,false,true,GARD
disease,GARD:0000434,X-linked hydrocephalus syndrome,biolink:Disease,1,GARD:0000434,false,true,GARD
disease,GARD:0000435,Cleft lip-retinopathy syndrome,biolink:Disease,1,GARD:0000435,false,true,GARD
disease,GARD:0000436,Adult-onset Still disease,biolink:Disease,1,GARD:0000436,false,true,GARD
disease,GARD:0000438,Autosomal recessive limb-girdle muscular dystrophy type 2D,biolink:Disease,1,GARD:0000438,false,true,GARD
disease,GARD:0000439,Abdominal cystic lymphangioma,biolink:Disease,1,GARD:0000439,false,true,GARD
disease,GARD:0000448,Vici syndrome,biolink:Disease,1,GARD:0000448,false,true,GARD
disease,GARD:0000453,Acanthosis nigricans-insulin resistance-muscle cramps-acral enlargement syndrome,biolink:Disease,1,GARD:0000453,false,true,GARD
disease,GARD:0000454,Accessory pancreas,biolink:Disease,1,GARD:0000454,false,true,GARD
disease,GARD:0000456,Achalasia microcephaly syndrome,biolink:Disease,1,GARD:0000456,false,true,GARD
disease,GARD:0000457,Glucocorticoid deficiency with achalasia,biolink:Disease,1,GARD:0000457,false,true,GARD
disease,GARD:0000458,"Spondylometaphyseal dysplasia, A4 type",biolink:Disease,1,GARD:0000458,false,true,GARD
disease,GARD:0000460,"Achondrogenesis, type IB",biolink:Disease,1,GARD:0000460,false,true,GARD
disease,GARD:0000465,Isovaleryl-CoA dehydrogenase deficiency,biolink:Disease,1,GARD:0000465,false,true,GARD
disease,GARD:0000467,Propionic acidemia,biolink:Disease,1,GARD:0000467,false,true,GARD
disease,GARD:0000469,Ackerman syndrome,biolink:Disease,1,GARD:0000469,false,true,GARD
disease,GARD:0000480,Acro-renal-mandibular syndrome,biolink:Disease,1,GARD:0000480,false,true,GARD
disease,GARD:0000484,Acrofrontofacionasal dysostosis,biolink:Disease,1,GARD:0000484,false,true,GARD
disease,GARD:0000491,Prata-Liberal-Goncalves syndrome,biolink:Disease,1,GARD:0000491,false,true,GARD
disease,GARD:0000494,"Acrofacial dysostosis, Catania type",biolink:Disease,1,GARD:0000494,false,true,GARD
disease,GARD:0000496,Acrofacial dysostosis Rodriguez type,biolink:Disease,1,GARD:0000496,false,true,GARD
disease,GARD:0000497,Curry-Hall syndrome,biolink:Disease,1,GARD:0000497,false,true,GARD
disease,GARD:0000498,Nager syndrome,biolink:Disease,1,GARD:0000498,false,true,GARD
disease,GARD:0000499,"Acrofacial dysostosis, Palagonia type",biolink:Disease,1,GARD:0000499,false,true,GARD
disease,GARD:0000501,Acromegaloid facial appearance syndrome,biolink:Disease,1,GARD:0000501,false,true,GARD
disease,GARD:0000504,"Spondylometaphyseal dysplasia, Schmidt type",biolink:Disease,1,GARD:0000504,false,true,GARD
disease,GARD:0000505,"Acromesomelic dysplasia, Campailla Martinelli type",biolink:Disease,1,GARD:0000505,false,true,GARD
disease,GARD:0000506,"Acromesomelic dysplasia 2C, Hunter-Thompson type",biolink:Disease,1,GARD:0000506,false,true,GARD
disease,GARD:0000507,"Acromesomelic dysplasia 1, Maroteaux type",biolink:Disease,1,GARD:0000507,false,true,GARD
disease,GARD:0000508,Hajdu-Cheney syndrome,biolink:Disease,1,GARD:0000508,false,true,GARD
disease,GARD:0000511,Acropectororenal dysplasia,biolink:Disease,1,GARD:0000511,false,true,GARD
disease,GARD:0000512,Acropectorovertebral dysplasia,biolink:Disease,1,GARD:0000512,false,true,GARD
disease,GARD:0000514,Acrorenal syndrome,biolink:Disease,1,GARD:0000514,false,true,GARD
disease,GARD:0000519,Idiopathic acute eosinophilic pneumonia,biolink:Disease,1,GARD:0000519,false,true,GARD
disease,GARD:0000521,Acute febrile neutrophilic dermatosis,biolink:Disease,1,GARD:0000521,false,true,GARD
disease,GARD:0000522,Acute lymphoid leukemia,biolink:Disease,1,GARD:0000522,false,true,GARD
disease,GARD:0000524,Acute megakaryoblastic leukemia,biolink:Disease,1,GARD:0000524,false,true,GARD
disease,GARD:0000525,Acute monocytic leukemia,biolink:Disease,1,GARD:0000525,false,true,GARD
disease,GARD:0000526,Acute myeloblastic leukemia without maturation,biolink:Disease,1,GARD:0000526,false,true,GARD
disease,GARD:0000527,Acute myeloblastic leukemia with maturation,biolink:Disease,1,GARD:0000527,false,true,GARD
disease,GARD:0000529,Acute myelomonocytic leukemia M4,biolink:Disease,1,GARD:0000529,false,true,GARD
disease,GARD:0000536,Acute myeloid leukemia with abnormal bone marrow eosinophils inv(16)(p13q22) or t(16;16)(p13;q22),biolink:Disease,1,GARD:0000536,false,true,GARD
disease,GARD:0000538,Acute promyelocytic leukemia,biolink:Disease,1,GARD:0000538,false,true,GARD
disease,GARD:0000540,Medium-chain acyl-coenzyme A dehydrogenase deficiency,biolink:Disease,1,GARD:0000540,false,true,GARD
disease,GARD:0000546,Adenine phosphoribosyltransferase deficiency,biolink:Disease,1,GARD:0000546,false,true,GARD
disease,GARD:0000547,Adenosine monophosphate deaminase deficiency,biolink:Disease,1,GARD:0000547,false,true,GARD
disease,GARD:0000548,"Adenosine triphosphatase deficiency, anemia due to",biolink:Disease,1,GARD:0000548,false,true,GARD
disease,GARD:0000550,Adenylosuccinate lyase deficiency,biolink:Disease,1,GARD:0000550,false,true,GARD
disease,GARD:0000555,"Congenital adrenal hypoplasia, X-linked",biolink:Disease,1,GARD:0000555,false,true,GARD
disease,GARD:0000558,Adrenal cortex carcinoma,biolink:Disease,1,GARD:0000558,false,true,GARD
disease,GARD:0000562,Adrenomyodystrophy,biolink:Disease,1,GARD:0000562,false,true,GARD
disease,GARD:0000575,Aicardi Goutieres syndrome,biolink:Disease,1,GARD:0000575,false,true,GARD
disease,GARD:0000583,Short stature-webbed neck-heart disease syndrome,biolink:Disease,1,GARD:0000583,false,true,GARD
disease,GARD:0000584,Hirschsprung disease-nail hypoplasia-dysmorphism syndrome,biolink:Disease,1,GARD:0000584,false,true,GARD
disease,GARD:0000586,Al Gazali Khidr Prem Chandran syndrome,biolink:Disease,1,GARD:0000586,false,true,GARD
disease,GARD:0000587,Osteogenesis imperfecta-retinopathy-seizures-intellectual disability syndrome,biolink:Disease,1,GARD:0000587,false,true,GARD
disease,GARD:0000588,Alar cartilages hypoplasia-coloboma-telecanthus syndrome,biolink:Disease,1,GARD:0000588,false,true,GARD
disease,GARD:0000589,Albinism-hearing loss syndrome,biolink:Disease,1,GARD:0000589,false,true,GARD
disease,GARD:0000592,Ocular albinism with late-onset sensorineural deafness,biolink:Disease,1,GARD:0000592,false,true,GARD
disease,GARD:0000594,Oculocutaneous albinism type 1B,biolink:Disease,1,GARD:0000594,false,true,GARD
disease,GARD:0000600,HNSHA due to aldolase A deficiency,biolink:Disease,1,GARD:0000600,false,true,GARD
disease,GARD:0000602,Allergic bronchopulmonary aspergillosis,biolink:Disease,1,GARD:0000602,false,true,GARD
disease,GARD:0000604,Autosomal dominant palmoplantar keratoderma and congenital alopecia,biolink:Disease,1,GARD:0000604,false,true,GARD
disease,GARD:0000605,Alopecia - contractures - dwarfism - intellectual disability syndrome,biolink:Disease,1,GARD:0000605,false,true,GARD
disease,GARD:0000606,Moynahan syndrome,biolink:Disease,1,GARD:0000606,false,true,GARD
disease,GARD:0000607,Alopecia-epilepsy-pyorrhea-intellectual disability syndrome,biolink:Disease,1,GARD:0000607,false,true,GARD
disease,GARD:0000612,Alopecia - intellectual disability syndrome,biolink:Disease,1,GARD:0000612,false,true,GARD
disease,GARD:0000613,Alopecia totalis,biolink:Disease,1,GARD:0000613,false,true,GARD
disease,GARD:0000614,Alopecia universalis congenita,biolink:Disease,1,GARD:0000614,false,true,GARD
disease,GARD:0000615,Alopecia universalis onychodystrophy vitiligo,biolink:Disease,1,GARD:0000615,false,true,GARD
disease,GARD:0000617,Oxoglutaricaciduria,biolink:Disease,1,GARD:0000617,false,true,GARD
disease,GARD:0000621,Alpha Thalassemia,biolink:Disease,1,GARD:0000621,false,true,GARD
disease,GARD:0000624,Autosomal dominant Alport syndrome,biolink:Disease,1,GARD:0000624,false,true,GARD
disease,GARD:0000625,Autosomal recessive Alport syndrome,biolink:Disease,1,GARD:0000625,false,true,GARD
disease,GARD:0000634,Leber congenital amaurosis,biolink:Disease,1,GARD:0000634,false,true,GARD
disease,GARD:0000636,Leber congenital amaurosis 2,biolink:Disease,1,GARD:0000636,false,true,GARD
disease,GARD:0000637,Amaurosis-hypertrichosis syndrome,biolink:Disease,1,GARD:0000637,false,true,GARD
disease,GARD:0000640,Congenital amegakaryocytic thrombocytopenia 1,biolink:Disease,1,GARD:0000640,false,true,GARD
disease,GARD:0000645,Amelogenesis imperfecta type 1,biolink:Disease,1,GARD:0000645,false,true,GARD
disease,GARD:0000646,Amelogenesis imperfecta type 1G,biolink:Disease,1,GARD:0000646,false,true,GARD
disease,GARD:0000647,Ameloonychohypohidrotic syndrome,biolink:Disease,1,GARD:0000647,false,true,GARD
disease,GARD:0000654,Encephalopathy due to beta-mercaptolactate-cysteine disulfiduria,biolink:Disease,1,GARD:0000654,false,true,GARD
disease,GARD:0000664,Thyroid gland undifferentiated (anaplastic) carcinoma,biolink:Disease,1,GARD:0000664,false,true,GARD
disease,GARD:0000668,X-linked sideroblastic anemia with ataxia,biolink:Disease,1,GARD:0000668,false,true,GARD
disease,GARD:0000669,"Neural tube defects, X-linked",biolink:Disease,1,GARD:0000669,false,true,GARD
disease,GARD:0000670,Aneurysm of sinus of Valsalva,biolink:Disease,1,GARD:0000670,false,true,GARD
disease,GARD:0000671,Angel-shaped phalango-epiphyseal dysplasia,biolink:Disease,1,GARD:0000671,false,true,GARD
disease,GARD:0000676,Hereditary neurocutaneous angiomata,biolink:Disease,1,GARD:0000676,false,true,GARD
disease,GARD:0000683,Angiostrongyliasis,biolink:Disease,1,GARD:0000683,false,true,GARD
disease,GARD:0000685,Aniridia-absent patella syndrome,biolink:Disease,1,GARD:0000685,false,true,GARD
disease,GARD:0000689,Aniridia-ptosis-intellectual disability-familial obesity syndrome,biolink:Disease,1,GARD:0000689,false,true,GARD
disease,GARD:0000690,Aniridia-renal agenesis-psychomotor retardation syndrome,biolink:Disease,1,GARD:0000690,false,true,GARD
disease,GARD:0000693,Anisakiasis,biolink:Disease,1,GARD:0000693,false,true,GARD
disease,GARD:0000696,Ankyloblepharon filiforme adnatum-cleft palate syndrome,biolink:Disease,1,GARD:0000696,false,true,GARD
disease,GARD:0000697,Ankyloblepharon filiforme-imperforate anus syndrome,biolink:Disease,1,GARD:0000697,false,true,GARD
disease,GARD:0000701,Ankylosis of tooth,biolink:Disease,1,GARD:0000701,false,true,GARD
disease,GARD:0000705,Annular pancreas,biolink:Disease,1,GARD:0000705,false,true,GARD
disease,GARD:0000710,Anonychia-onychodystrophy syndrome,biolink:Disease,1,GARD:0000710,false,true,GARD
disease,GARD:0000711,Anonychia-onychodystrophy with brachydactyly type b and ectrodactyly,biolink:Disease,1,GARD:0000711,false,true,GARD
disease,GARD:0000713,Matthew-Wood syndrome,biolink:Disease,1,GARD:0000713,false,true,GARD
disease,GARD:0000717,Anophthalmia-megalocornea-cardiopathy-skeletal anomalies syndrome,biolink:Disease,1,GARD:0000717,false,true,GARD
disease,GARD:0000719,Anophthalmia plus syndrome,biolink:Disease,1,GARD:0000719,false,true,GARD
disease,GARD:0000722,Microphthalmia with limb anomalies,biolink:Disease,1,GARD:0000722,false,true,GARD
disease,GARD:0000730,Anti-HLA hyperimmunization,biolink:Disease,1,GARD:0000730,false,true,GARD
disease,GARD:0000731,Alpha-2-plasmin inhibitor deficiency,biolink:Disease,1,GARD:0000731,false,true,GARD
disease,GARD:0000735,Antisynthetase syndrome,biolink:Disease,1,GARD:0000735,false,true,GARD
disease,GARD:0000738,Congenital aortopulmonary window,biolink:Disease,1,GARD:0000738,false,true,GARD
disease,GARD:0000739,Aortic arch anomaly-facial dysmorphism-intellectual disability syndrome,biolink:Disease,1,GARD:0000739,false,true,GARD
disease,GARD:0000740,Aortic arch interruption,biolink:Disease,1,GARD:0000740,false,true,GARD
disease,GARD:0000741,Aortic arch defects,biolink:Disease,1,GARD:0000741,false,true,GARD
disease,GARD:0000743,Supravalvar aortic stenosis,biolink:Disease,1,GARD:0000743,false,true,GARD
disease,GARD:0000748,Aphalangy-syndactyly-microcephaly syndrome,biolink:Disease,1,GARD:0000748,false,true,GARD
disease,GARD:0000753,Aplasia cutis congenita-intestinal lymphangiectasia syndrome,biolink:Disease,1,GARD:0000753,false,true,GARD
disease,GARD:0000754,Recessive aplasia cutis congenita of limbs,biolink:Disease,1,GARD:0000754,false,true,GARD
disease,GARD:0000756,Aplasia cutis-myopia syndrome,biolink:Disease,1,GARD:0000756,false,true,GARD
disease,GARD:0000759,Familial apolipoprotein C-II deficiency,biolink:Disease,1,GARD:0000759,false,true,GARD
disease,GARD:0000764,Arachnodactyly-intellectual disability-dysmorphism syndrome,biolink:Disease,1,GARD:0000764,false,true,GARD
disease,GARD:0000770,Deficiency of aromatic-L-amino-acid decarboxylase,biolink:Disease,1,GARD:0000770,false,true,GARD
disease,GARD:0000774,Arterial tortuosity syndrome,biolink:Disease,1,GARD:0000774,false,true,GARD
disease,GARD:0000777,Arthrogryposis multiplex congenita,biolink:Disease,1,GARD:0000777,false,true,GARD
disease,GARD:0000779,Arthrogryposis due to muscular dystrophy,biolink:Disease,1,GARD:0000779,false,true,GARD
disease,GARD:0000784,Arthrogryposis-like hand anomaly-sensorineural deafness syndrome,biolink:Disease,1,GARD:0000784,false,true,GARD
disease,GARD:0000787,Digitotalar dysmorphism,biolink:Disease,1,GARD:0000787,false,true,GARD
disease,GARD:0000790,"Arthrogryposis multiplex congenita 2, neurogenic type",biolink:Disease,1,GARD:0000790,false,true,GARD
disease,GARD:0000792,Arthrogryposis multiplex congenita-whistling face syndrome,biolink:Disease,1,GARD:0000792,false,true,GARD
disease,GARD:0000794,Arthrogryposis with renal dysfunction and cholestasis syndrome,biolink:Disease,1,GARD:0000794,false,true,GARD
disease,GARD:0000802,Familial atrioventricular septal defect,biolink:Disease,1,GARD:0000802,false,true,GARD
disease,GARD:0000804,Arteriohepatic dysplasia,biolink:Disease,1,GARD:0000804,false,true,GARD
disease,GARD:0000806,Spastic paraplegia-facial-cutaneous lesions syndrome,biolink:Disease,1,GARD:0000806,false,true,GARD
disease,GARD:0000809,Balantidiasis,biolink:Disease,1,GARD:0000809,false,true,GARD
disease,GARD:0000812,"Bird-headed dwarfism with progressive ataxia, insulin-resistant diabetes, goiter, and primary gonadal insufficiency",biolink:Disease,1,GARD:0000812,false,true,GARD
disease,GARD:0000813,Banki syndrome,biolink:Disease,1,GARD:0000813,false,true,GARD
disease,GARD:0000816,Orofacial-digital syndrome IV,biolink:Disease,1,GARD:0000816,false,true,GARD
disease,GARD:0000819,Barber-Say syndrome,biolink:Disease,1,GARD:0000819,false,true,GARD
disease,GARD:0000820,Bardet-Biedl syndrome 1,biolink:Disease,1,GARD:0000820,false,true,GARD
disease,GARD:0000821,Bardet-Biedl syndrome 2,biolink:Disease,1,GARD:0000821,false,true,GARD
disease,GARD:0000822,Bardet-Biedl syndrome 3,biolink:Disease,1,GARD:0000822,false,true,GARD
disease,GARD:0000823,Bardet-Biedl syndrome 4,biolink:Disease,1,GARD:0000823,false,true,GARD
disease,GARD:0000824,MHC class II deficiency,biolink:Disease,1,GARD:0000824,false,true,GARD
disease,GARD:0000826,Frontometaphyseal dysplasia,biolink:Disease,1,GARD:0000826,false,true,GARD
disease,GARD:0000835,Congenital muscular dystrophy-infantile cataract-hypogonadism syndrome,biolink:Disease,1,GARD:0000835,false,true,GARD
disease,GARD:0000836,Epilepsy-microcephaly-skeletal dysplasia syndrome,biolink:Disease,1,GARD:0000836,false,true,GARD
disease,GARD:0000838,Follicular atrophoderma and basal cell epitheliomata,biolink:Disease,1,GARD:0000838,false,true,GARD
disease,GARD:0000842,Diffuse idiopathic skeletal hyperostosis,biolink:Disease,1,GARD:0000842,false,true,GARD
disease,GARD:0000846,Beemer-Ertbruggen syndrome,biolink:Disease,1,GARD:0000846,false,true,GARD
disease,GARD:0000848,Behcet disease,biolink:Disease,1,GARD:0000848,false,true,GARD
disease,GARD:0000849,Abortive cerebellar ataxia,biolink:Disease,1,GARD:0000849,false,true,GARD
disease,GARD:0000853,Cloverleaf skull-asphyxiating thoracic dysplasia syndrome,biolink:Disease,1,GARD:0000853,false,true,GARD
disease,GARD:0000856,Benign familial neonatal-infantile seizures 1,biolink:Disease,1,GARD:0000856,false,true,GARD
disease,GARD:0000857,Benign familial infantile epilepsy,biolink:Disease,1,GARD:0000857,false,true,GARD
disease,GARD:0000860,Cryptorchidism-arachnodactyly-intellectual disability syndrome,biolink:Disease,1,GARD:0000860,false,true,GARD
disease,GARD:0000863,IgA glomerulonephritis,biolink:Disease,1,GARD:0000863,false,true,GARD
disease,GARD:0000867,Chronic beryllium disease,biolink:Disease,1,GARD:0000867,false,true,GARD
disease,GARD:0000869,Beta-D-mannosidosis,biolink:Disease,1,GARD:0000869,false,true,GARD
disease,GARD:0000871,Beta Thalassemia,biolink:Disease,1,GARD:0000871,false,true,GARD
disease,GARD:0000872,Deficiency of acetyl-CoA acetyltransferase,biolink:Disease,1,GARD:0000872,false,true,GARD
disease,GARD:0000873,Bethlem myopathy,biolink:Disease,1,GARD:0000873,false,true,GARD
disease,GARD:0000882,Biemond syndrome type 2,biolink:Disease,1,GARD:0000882,false,true,GARD
disease,GARD:0000884,Bifid nose,biolink:Disease,1,GARD:0000884,false,true,GARD
disease,GARD:0000893,Fallot complex-intellectual disability-growth delay syndrome,biolink:Disease,1,GARD:0000893,false,true,GARD
disease,GARD:0000894,Biotinidase deficiency,biolink:Disease,1,GARD:0000894,false,true,GARD
disease,GARD:0000895,"Bird headed-dwarfism, Montreal type",biolink:Disease,1,GARD:0000895,false,true,GARD
disease,GARD:0000897,"Hypertelorism, microtia, facial clefting syndrome",biolink:Disease,1,GARD:0000897,false,true,GARD
disease,GARD:0000905,Blepharophimosis-ptosis-esotropia-syndactyly-short stature syndrome,biolink:Disease,1,GARD:0000905,false,true,GARD
disease,GARD:0000912,Blepharoptosis-myopia-ectopia lentis syndrome,biolink:Disease,1,GARD:0000912,false,true,GARD
disease,GARD:0000914,Chondrodysplasia Blomstrand type,biolink:Disease,1,GARD:0000914,false,true,GARD
disease,GARD:0000915,Bloom syndrome,biolink:Disease,1,GARD:0000915,false,true,GARD
disease,GARD:0000916,Tibia vara,biolink:Disease,1,GARD:0000916,false,true,GARD
disease,GARD:0000917,Cone monochromatism,biolink:Disease,1,GARD:0000917,false,true,GARD
disease,GARD:0000918,Brachymorphism-onychodysplasia-dysphalangism syndrome,biolink:Disease,1,GARD:0000918,false,true,GARD
disease,GARD:0000922,"Bone dysplasia, lethal Holmgren type",biolink:Disease,1,GARD:0000922,false,true,GARD
disease,GARD:0000932,"Hyperhidrosis, premature cavities and premolar aplasia",biolink:Disease,1,GARD:0000932,false,true,GARD
disease,GARD:0000933,Boomerang dysplasia,biolink:Disease,1,GARD:0000933,false,true,GARD
disease,GARD:0000936,Borjeson-Forssman-Lehmann syndrome,biolink:Disease,1,GARD:0000936,false,true,GARD
disease,GARD:0000938,"Uncombable hair, retinal pigmentary dystrophy, dental anomaly and brachydactyly syndrome",biolink:Disease,1,GARD:0000938,false,true,GARD
disease,GARD:0000942,Diphyllobothriasis,biolink:Disease,1,GARD:0000942,false,true,GARD
disease,GARD:0000943,Botulism,biolink:Disease,1,GARD:0000943,false,true,GARD
disease,GARD:0000944,Ataxia-hypogonadism-choroidal dystrophy syndrome,biolink:Disease,1,GARD:0000944,false,true,GARD
disease,GARD:0000953,Congenital bowing of long bones,biolink:Disease,1,GARD:0000953,false,true,GARD
disease,GARD:0000954,Boylan dew greco syndrome,biolink:Disease,1,GARD:0000954,false,true,GARD
disease,GARD:0000955,Elsahy-Waters syndrome,biolink:Disease,1,GARD:0000955,false,true,GARD
disease,GARD:0000957,Teebi hypertelorism syndrome 1,biolink:Disease,1,GARD:0000957,false,true,GARD
disease,GARD:0000958,Fine-Lubinsky syndrome,biolink:Disease,1,GARD:0000958,false,true,GARD
disease,GARD:0000960,"Brachydactylous dwarfism, Mseleni type",biolink:Disease,1,GARD:0000960,false,true,GARD
disease,GARD:0000966,Brachydactyly-elbow wrist dysplasia syndrome,biolink:Disease,1,GARD:0000966,false,true,GARD
disease,GARD:0000967,Brachydactyly-arterial hypertension syndrome,biolink:Disease,1,GARD:0000967,false,true,GARD
disease,GARD:0000968,Brachydactyly-long thumb syndrome,biolink:Disease,1,GARD:0000968,false,true,GARD
disease,GARD:0000971,Brachydactyly-nystagmus-cerebellar ataxia syndrome,biolink:Disease,1,GARD:0000971,false,true,GARD
disease,GARD:0000972,Brachydactyly-preaxial hallux varus syndrome,biolink:Disease,1,GARD:0000972,false,true,GARD
disease,GARD:0000978,Brachydactyly type A1,biolink:Disease,1,GARD:0000978,false,true,GARD
disease,GARD:0000979,Type A2 brachydactyly,biolink:Disease,1,GARD:0000979,false,true,GARD
disease,GARD:0000982,Type A5 brachydactyly,biolink:Disease,1,GARD:0000982,false,true,GARD
disease,GARD:0000983,Osebold-Remondini syndrome,biolink:Disease,1,GARD:0000983,false,true,GARD
disease,GARD:0000984,Brachydactyly type A7,biolink:Disease,1,GARD:0000984,false,true,GARD
disease,GARD:0000985,Brachydactyly type B,biolink:Disease,1,GARD:0000985,false,true,GARD
disease,GARD:0000986,Brachydactyly type C,biolink:Disease,1,GARD:0000986,false,true,GARD
disease,GARD:0000987,Brachydactyly type E,biolink:Disease,1,GARD:0000987,false,true,GARD
disease,GARD:0000990,Brachydactyly type A4,biolink:Disease,1,GARD:0000990,false,true,GARD
disease,GARD:0000992,Oculoosteocutaneous syndrome,biolink:Disease,1,GARD:0000992,false,true,GARD
disease,GARD:0000994,"Spondyloepimetaphyseal dysplasia, Maroteaux type",biolink:Disease,1,GARD:0000994,false,true,GARD
disease,GARD:0000998,Craniosynostosis-Dandy-Walker malformation-hydrocephalus syndrome,biolink:Disease,1,GARD:0000998,false,true,GARD
disease,GARD:0001002,X-linked mandibulofacial dysostosis,biolink:Disease,1,GARD:0001002,false,true,GARD
disease,GARD:0001017,Osteogenesis imperfecta,biolink:Disease,1,GARD:0001017,false,true,GARD
disease,GARD:0001019,Brittle cornea syndrome,biolink:Disease,1,GARD:0001019,false,true,GARD
disease,GARD:0001025,Bronchogenic cyst,biolink:Disease,1,GARD:0001025,false,true,GARD
disease,GARD:0001029,Bruck syndrome,biolink:Disease,1,GARD:0001029,false,true,GARD
disease,GARD:0001030,Brugada syndrome,biolink:Disease,1,GARD:0001030,false,true,GARD
disease,GARD:0001033,X-linked agammaglobulinemia,biolink:Disease,1,GARD:0001033,false,true,GARD
disease,GARD:0001037,Primary basilar invagination,biolink:Disease,1,GARD:0001037,false,true,GARD
disease,GARD:0001038,"Bullous dystrophy, macular type",biolink:Disease,1,GARD:0001038,false,true,GARD
disease,GARD:0001039,Autosomal dominant epidermolytic ichthyosis,biolink:Disease,1,GARD:0001039,false,true,GARD
disease,GARD:0001049,"Cerebral arteriopathy, autosomal dominant, with subcortical infarcts and leukoencephalopathy, type 1",biolink:Disease,1,GARD:0001049,false,true,GARD
disease,GARD:0001051,Infantile cortical hyperostosis,biolink:Disease,1,GARD:0001051,false,true,GARD
disease,GARD:0001052,Cataract-hypertrichosis-intellectual disability syndrome,biolink:Disease,1,GARD:0001052,false,true,GARD
disease,GARD:0001053,Limited cutaneous systemic sclerosis,biolink:Disease,1,GARD:0001053,false,true,GARD
disease,GARD:0001057,Autosomal recessive limb-girdle muscular dystrophy type 2A,biolink:Disease,1,GARD:0001057,false,true,GARD
disease,GARD:0001058,X-linked calvarial hyperostosis,biolink:Disease,1,GARD:0001058,false,true,GARD
disease,GARD:0001061,"Campomelia, Cumming type",biolink:Disease,1,GARD:0001061,false,true,GARD
disease,GARD:0001062,Camptobrachydactyly,biolink:Disease,1,GARD:0001062,false,true,GARD
disease,GARD:0001063,Idiopathic camptocormia,biolink:Disease,1,GARD:0001063,false,true,GARD
disease,GARD:0001064,Camptodactyly with fibrous tissue hyperplasia and skeletal dysplasia,biolink:Disease,1,GARD:0001064,false,true,GARD
disease,GARD:0001067,"Camptodactyly syndrome, Guadalajara type 1",biolink:Disease,1,GARD:0001067,false,true,GARD
disease,GARD:0001068,"Camptodactyly syndrome, Guadalajara type 2",biolink:Disease,1,GARD:0001068,false,true,GARD
disease,GARD:0001069,Camptodactyly-taurinuria syndrome,biolink:Disease,1,GARD:0001069,false,true,GARD
disease,GARD:0001071,"Camptomelic syndrome, long-limb type",biolink:Disease,1,GARD:0001071,false,true,GARD
disease,GARD:0001072,Diaphyseal dysplasia,biolink:Disease,1,GARD:0001072,false,true,GARD
disease,GARD:0001076,Disseminated candidiasis,biolink:Disease,1,GARD:0001076,false,true,GARD
disease,GARD:0001077,Chronic mucocutaneous candidiasis,biolink:Disease,1,GARD:0001077,false,true,GARD
disease,GARD:0001078,Hypogonadism-mitral valve prolapse-intellectual disability syndrome,biolink:Disease,1,GARD:0001078,false,true,GARD
disease,GARD:0001084,Capillary leak syndrome,biolink:Disease,1,GARD:0001084,false,true,GARD
disease,GARD:0001093,"Progressive familial heart block, type 1A",biolink:Disease,1,GARD:0001093,false,true,GARD
disease,GARD:0001094,Cardiac diverticulum,biolink:Disease,1,GARD:0001094,false,true,GARD
disease,GARD:0001096,"Cardiac valvular dysplasia, X-linked",biolink:Disease,1,GARD:0001096,false,true,GARD
disease,GARD:0001100,Noonan syndrome with multiple lentigines,biolink:Disease,1,GARD:0001100,false,true,GARD
disease,GARD:0001102,Cardiomyopathy-cataract-hip spine disease syndrome,biolink:Disease,1,GARD:0001102,false,true,GARD
disease,GARD:0001107,Cardiomyopathy due to anthracyclines,biolink:Disease,1,GARD:0001107,false,true,GARD
disease,GARD:0001118,3MC syndrome,biolink:Disease,1,GARD:0001118,false,true,GARD
disease,GARD:0001119,Carney complex,biolink:Disease,1,GARD:0001119,false,true,GARD
disease,GARD:0001120,Carnitine palmitoyl transferase 1A deficiency,biolink:Disease,1,GARD:0001120,false,true,GARD
disease,GARD:0001121,Carnitine palmitoyltransferase II deficiency,biolink:Disease,1,GARD:0001121,false,true,GARD
disease,GARD:0001123,Carnitine acylcarnitine translocase deficiency,biolink:Disease,1,GARD:0001123,false,true,GARD
disease,GARD:0001128,Carpotarsal osteochondromatosis,biolink:Disease,1,GARD:0001128,false,true,GARD
disease,GARD:0001130,Idiopathic chronic eosinophilic pneumonia,biolink:Disease,1,GARD:0001130,false,true,GARD
disease,GARD:0001133,"X-linked intellectual disability, Stocco dos Santos type",biolink:Disease,1,GARD:0001133,false,true,GARD
disease,GARD:0001139,Autosomal recessive palmoplantar keratoderma and congenital alopecia,biolink:Disease,1,GARD:0001139,false,true,GARD
disease,GARD:0001140,Early-onset anterior polar cataract,biolink:Disease,1,GARD:0001140,false,true,GARD
disease,GARD:0001141,Cataract-ataxia-deafness syndrome,biolink:Disease,1,GARD:0001141,false,true,GARD
disease,GARD:0001142,Sengers syndrome,biolink:Disease,1,GARD:0001142,false,true,GARD
disease,GARD:0001144,Cataract 4 multiple types,biolink:Disease,1,GARD:0001144,false,true,GARD
disease,GARD:0001145,Congenital cataract-ichthyosis syndrome,biolink:Disease,1,GARD:0001145,false,true,GARD
disease,GARD:0001146,Cataract 8 multiple types,biolink:Disease,1,GARD:0001146,false,true,GARD
disease,GARD:0001150,Cataract 46 juvenile-onset,biolink:Disease,1,GARD:0001150,false,true,GARD
disease,GARD:0001155,Cataract - microcornea syndrome,biolink:Disease,1,GARD:0001155,false,true,GARD
disease,GARD:0001159,Congenital total cataract,biolink:Disease,1,GARD:0001159,false,true,GARD
disease,GARD:0001160,Cataract-glaucoma syndrome,biolink:Disease,1,GARD:0001160,false,true,GARD
disease,GARD:0001163,Caudal appendage-deafness syndrome,biolink:Disease,1,GARD:0001163,false,true,GARD
disease,GARD:0001164,Caudal duplication,biolink:Disease,1,GARD:0001164,false,true,GARD
disease,GARD:0001167,Acrocardiofacial syndrome,biolink:Disease,1,GARD:0001167,false,true,GARD
disease,GARD:0001188,Cerebellar ataxia-areflexia-pes cavus-optic atrophy-sensorineural hearing loss syndrome,biolink:Disease,1,GARD:0001188,false,true,GARD
disease,GARD:0001189,Cerebellar ataxia-ectodermal dysplasia syndrome,biolink:Disease,1,GARD:0001189,false,true,GARD
disease,GARD:0001191,Autosomal recessive progressive external ophthalmoplegia,biolink:Disease,1,GARD:0001191,false,true,GARD
disease,GARD:0001196,Cerebellar hypoplasia-tapetoretinal degeneration syndrome,biolink:Disease,1,GARD:0001196,false,true,GARD
disease,GARD:0001199,Autosomal recessive spinocerebellar ataxia 2,biolink:Disease,1,GARD:0001199,false,true,GARD
disease,GARD:0001200,Hydrocephaly-cerebellar agenesis syndrome,biolink:Disease,1,GARD:0001200,false,true,GARD
disease,GARD:0001206,Cerebral gigantism-jaw cysts syndrome,biolink:Disease,1,GARD:0001206,false,true,GARD
disease,GARD:0001210,"Craniofacial dysmorphism, skeletal anomalies, and impaired intellectual development 1",biolink:Disease,1,GARD:0001210,false,true,GARD
disease,GARD:0001217,Retinal vasculopathy with cerebral leukoencephalopathy and systemic manifestations,biolink:Disease,1,GARD:0001217,false,true,GARD
disease,GARD:0001218,Neuronal ceroid lipofuscinosis 10,biolink:Disease,1,GARD:0001218,false,true,GARD
disease,GARD:0001219,Neuronal ceroid lipofuscinosis 1,biolink:Disease,1,GARD:0001219,false,true,GARD
disease,GARD:0001220,Neuronal ceroid lipofuscinosis 7,biolink:Disease,1,GARD:0001220,false,true,GARD
disease,GARD:0001222,"Ceroid lipofuscinosis, neuronal, 4 (Kufs type)",biolink:Disease,1,GARD:0001222,false,true,GARD
disease,GARD:0001223,Neuronal ceroid lipofuscinosis 5,biolink:Disease,1,GARD:0001223,false,true,GARD
disease,GARD:0001224,"Ceroid lipofuscinosis, neuronal, 6A",biolink:Disease,1,GARD:0001224,false,true,GARD
disease,GARD:0001226,Cervical hypertrichosis-peripheral neuropathy syndrome,biolink:Disease,1,GARD:0001226,false,true,GARD
disease,GARD:0001233,"Curly hair, ankyloblepharon, nail dysplasia syndrome",biolink:Disease,1,GARD:0001233,false,true,GARD
disease,GARD:0001234,Hypogonadotropic hypogonadism-retinitis pigmentosa syndrome,biolink:Disease,1,GARD:0001234,false,true,GARD
disease,GARD:0001235,Multifocal atrial tachycardia,biolink:Disease,1,GARD:0001235,false,true,GARD
disease,GARD:0001237,Char syndrome,biolink:Disease,1,GARD:0001237,false,true,GARD
disease,GARD:0001240,Charcot-Marie-Tooth disease X-linked recessive 4,biolink:Disease,1,GARD:0001240,false,true,GARD
disease,GARD:0001243,Charcot-Marie-Tooth disease X-linked recessive 2,biolink:Disease,1,GARD:0001243,false,true,GARD
disease,GARD:0001244,Charcot-Marie-Tooth disease X-linked recessive 3,biolink:Disease,1,GARD:0001244,false,true,GARD
disease,GARD:0001245,"Charcot-Marie-Tooth disease, type IA",biolink:Disease,1,GARD:0001245,false,true,GARD
disease,GARD:0001246,Charcot-Marie-Tooth disease type 1B,biolink:Disease,1,GARD:0001246,false,true,GARD
disease,GARD:0001247,Charcot-Marie-Tooth disease type 1C,biolink:Disease,1,GARD:0001247,false,true,GARD
disease,GARD:0001248,Charcot-Marie-Tooth disease type 2A1,biolink:Disease,1,GARD:0001248,false,true,GARD
disease,GARD:0001250,Charcot-Marie-Tooth disease axonal type 2C,biolink:Disease,1,GARD:0001250,false,true,GARD
disease,GARD:0001251,Charcot-Marie-Tooth disease type 2D,biolink:Disease,1,GARD:0001251,false,true,GARD
disease,GARD:0001252,Charcot-Marie-Tooth disease type 4A,biolink:Disease,1,GARD:0001252,false,true,GARD
disease,GARD:0001253,Charcot-Marie-Tooth disease type 4B1,biolink:Disease,1,GARD:0001253,false,true,GARD
disease,GARD:0001258,Charcot-Marie-Tooth disease X-linked dominant 1,biolink:Disease,1,GARD:0001258,false,true,GARD
disease,GARD:0001261,Charlie M syndrome,biolink:Disease,1,GARD:0001261,false,true,GARD
disease,GARD:0001274,Pierre Robin syndrome-faciodigital anomaly syndrome,biolink:Disease,1,GARD:0001274,false,true,GARD
disease,GARD:0001280,Primary sclerosing cholangitis,biolink:Disease,1,GARD:0001280,false,true,GARD
disease,GARD:0001288,Progressive familial intrahepatic cholestasis type 2,biolink:Disease,1,GARD:0001288,false,true,GARD
disease,GARD:0001289,Progressive familial intrahepatic cholestasis type 3,biolink:Disease,1,GARD:0001289,false,true,GARD
disease,GARD:0001292,Chondrocalcinosis 2,biolink:Disease,1,GARD:0001292,false,true,GARD
disease,GARD:0001296,X-linked chondrodysplasia punctata 1,biolink:Disease,1,GARD:0001296,false,true,GARD
disease,GARD:0001298,Autosomal dominant chondrodysplasia punctata,biolink:Disease,1,GARD:0001298,false,true,GARD
disease,GARD:0001300,Grebe syndrome,biolink:Disease,1,GARD:0001300,false,true,GARD
disease,GARD:0001301,Ellis-van Creveld syndrome,biolink:Disease,1,GARD:0001301,false,true,GARD
disease,GARD:0001303,Chordoma,biolink:Disease,1,GARD:0001303,false,true,GARD
disease,GARD:0001305,"Chorea, benign familial",biolink:Disease,1,GARD:0001305,false,true,GARD
disease,GARD:0001313,Infantile choroidocerebral calcification syndrome,biolink:Disease,1,GARD:0001313,false,true,GARD
disease,GARD:0001319,Chromomycosis,biolink:Disease,1,GARD:0001319,false,true,GARD
disease,GARD:0001320,Ring chromosome 1,biolink:Disease,1,GARD:0001320,false,true,GARD
disease,GARD:0001322,Ring chromosome 10,biolink:Disease,1,GARD:0001322,false,true,GARD
disease,GARD:0001323,Distal monosomy 10p,biolink:Disease,1,GARD:0001323,false,true,GARD
disease,GARD:0001325,Ring chromosome 12,biolink:Disease,1,GARD:0001325,false,true,GARD
disease,GARD:0001327,Mosaic trisomy 14,biolink:Disease,1,GARD:0001327,false,true,GARD
disease,GARD:0001328,Ring chromosome 15,biolink:Disease,1,GARD:0001328,false,true,GARD
disease,GARD:0001333,Ring chromosome 19,biolink:Disease,1,GARD:0001333,false,true,GARD
disease,GARD:0001334,Ring chromosome 20 syndrome,biolink:Disease,1,GARD:0001334,false,true,GARD
disease,GARD:0001336,Ring chromosome 22,biolink:Disease,1,GARD:0001336,false,true,GARD
disease,GARD:0001339,Ring chromosome 4 syndrome,biolink:Disease,1,GARD:0001339,false,true,GARD
disease,GARD:0001345,Ring chromosome 7,biolink:Disease,1,GARD:0001345,false,true,GARD
disease,GARD:0001347,Chromosome 8-derived supernumerary ring/marker,biolink:Disease,1,GARD:0001347,false,true,GARD
disease,GARD:0001348,Ring chromosome 9,biolink:Disease,1,GARD:0001348,false,true,GARD
disease,GARD:0001356,"Chronic infantile neurological, cutaneous and articular syndrome",biolink:Disease,1,GARD:0001356,false,true,GARD
disease,GARD:0001358,Intellectual disability-myopathy-short stature-endocrine defect syndrome,biolink:Disease,1,GARD:0001358,false,true,GARD
disease,GARD:0001359,Chylous ascites,biolink:Disease,1,GARD:0001359,false,true,GARD
disease,GARD:0001360,Rutland ciliary disorientation syndrome,biolink:Disease,1,GARD:0001360,false,true,GARD
disease,GARD:0001361,Ciliary dyskinesia with transposition of ciliary microtubules,biolink:Disease,1,GARD:0001361,false,true,GARD
disease,GARD:0001369,Tibial aplasia-ectrodactyly syndrome,biolink:Disease,1,GARD:0001369,false,true,GARD
disease,GARD:0001391,Cleft palate-lateral synechia syndrome,biolink:Disease,1,GARD:0001391,false,true,GARD
disease,GARD:0001392,Cleft palate-short stature-vertebral anomalies syndrome,biolink:Disease,1,GARD:0001392,false,true,GARD
disease,GARD:0001393,Cleft palate-stapes fixation-oligodontia syndrome,biolink:Disease,1,GARD:0001393,false,true,GARD
disease,GARD:0001394,"Cleft palate with or without ankyloglossia, X-linked",biolink:Disease,1,GARD:0001394,false,true,GARD
disease,GARD:0001402,"Thanatophoric dysplasia, type 2",biolink:Disease,1,GARD:0001402,false,true,GARD
disease,GARD:0001410,COACH syndrome,biolink:Disease,1,GARD:0001410,false,true,GARD
disease,GARD:0001415,Cockayne syndrome type 1,biolink:Disease,1,GARD:0001415,false,true,GARD
disease,GARD:0001417,Cockayne syndrome type 3,biolink:Disease,1,GARD:0001417,false,true,GARD
disease,GARD:0001418,CODAS syndrome,biolink:Disease,1,GARD:0001418,false,true,GARD
disease,GARD:0001420,Cockayne syndrome type 2,biolink:Disease,1,GARD:0001420,false,true,GARD
disease,GARD:0001421,Cogan syndrome,biolink:Disease,1,GARD:0001421,false,true,GARD
disease,GARD:0001425,Cole-Carpenter syndrome,biolink:Disease,1,GARD:0001425,false,true,GARD
disease,GARD:0001428,Dislocation of the hip-dysmorphism syndrome,biolink:Disease,1,GARD:0001428,false,true,GARD
disease,GARD:0001433,Lens coloboma,biolink:Disease,1,GARD:0001433,false,true,GARD
disease,GARD:0001434,Iris coloboma,biolink:Disease,1,GARD:0001434,false,true,GARD
disease,GARD:0001436,Coloboma of macula,biolink:Disease,1,GARD:0001436,false,true,GARD
disease,GARD:0001437,Coloboma of macula-brachydactyly type B syndrome,biolink:Disease,1,GARD:0001437,false,true,GARD
disease,GARD:0001438,Coloboma of optic nerve,biolink:Disease,1,GARD:0001438,false,true,GARD
disease,GARD:0001440,Uveal coloboma-cleft lip and palate-intellectual disability,biolink:Disease,1,GARD:0001440,false,true,GARD
disease,GARD:0001443,Anophthalmia/microphthalmia-esophageal atresia syndrome,biolink:Disease,1,GARD:0001443,false,true,GARD
disease,GARD:0001446,Congenital atresia of colon,biolink:Disease,1,GARD:0001446,false,true,GARD
disease,GARD:0001452,Complement component 2 deficiency,biolink:Disease,1,GARD:0001452,false,true,GARD
disease,GARD:0001454,Complete atrioventricular canal,biolink:Disease,1,GARD:0001454,false,true,GARD
disease,GARD:0001460,Conductive deafness-malformed external ear syndrome,biolink:Disease,1,GARD:0001460,false,true,GARD
disease,GARD:0001462,X-linked cone-rod dystrophy 2,biolink:Disease,1,GARD:0001462,false,true,GARD
disease,GARD:0001463,Jalili syndrome,biolink:Disease,1,GARD:0001463,false,true,GARD
disease,GARD:0001465,Congenital lipoid adrenal hyperplasia due to STAR deficency,biolink:Disease,1,GARD:0001465,false,true,GARD
disease,GARD:0001467,Congenital adrenal hyperplasia,biolink:Disease,1,GARD:0001467,false,true,GARD
disease,GARD:0001469,Deficiency of steroid 17-alpha-monooxygenase,biolink:Disease,1,GARD:0001469,false,true,GARD
disease,GARD:0001474,"Neuronopathy, distal hereditary motor, autosomal dominant 8",biolink:Disease,1,GARD:0001474,false,true,GARD
disease,GARD:0001475,Congenital bronchobiliary fistula,biolink:Disease,1,GARD:0001475,false,true,GARD
disease,GARD:0001480,Fetal cytomegalovirus syndrome,biolink:Disease,1,GARD:0001480,false,true,GARD
disease,GARD:0001481,Congenital diaphragmatic hernia,biolink:Disease,1,GARD:0001481,false,true,GARD
disease,GARD:0001487,Congenital hypothyroidism,biolink:Disease,1,GARD:0001487,false,true,GARD
disease,GARD:0001489,Congenital ichthyosis-microcephalus-tetraplegia syndrome,biolink:Disease,1,GARD:0001489,false,true,GARD
disease,GARD:0001493,Congenital mesoblastic nephroma,biolink:Disease,1,GARD:0001493,false,true,GARD
disease,GARD:0001496,Congenital mitral stenosis,biolink:Disease,1,GARD:0001496,false,true,GARD
disease,GARD:0001500,Finnish congenital nephrotic syndrome,biolink:Disease,1,GARD:0001500,false,true,GARD
disease,GARD:0001502,Short bowel syndrome,biolink:Disease,1,GARD:0001502,false,true,GARD
disease,GARD:0001503,Short femur,biolink:Disease,1,GARD:0001503,false,true,GARD
disease,GARD:0001512,Hereditary continuous muscle fiber activity,biolink:Disease,1,GARD:0001512,false,true,GARD
disease,GARD:0001515,Contractures-ectodermal dysplasia-cleft lip/palate syndrome,biolink:Disease,1,GARD:0001515,false,true,GARD
disease,GARD:0001516,Lethal tight skin contracture syndrome,biolink:Disease,1,GARD:0001516,false,true,GARD
disease,GARD:0001519,Benign neonatal seizures,biolink:Disease,1,GARD:0001519,false,true,GARD
disease,GARD:0001521,Menkes kinky-hair syndrome,biolink:Disease,1,GARD:0001521,false,true,GARD
disease,GARD:0001522,Familial benign copper deficiency,biolink:Disease,1,GARD:0001522,false,true,GARD
disease,GARD:0001525,Corneal-cerebellar syndrome,biolink:Disease,1,GARD:0001525,false,true,GARD
disease,GARD:0001529,Corneal dystrophy-perceptive deafness syndrome,biolink:Disease,1,GARD:0001529,false,true,GARD
disease,GARD:0001531,Stern-Lubinsky-Durrie syndrome,biolink:Disease,1,GARD:0001531,false,true,GARD
disease,GARD:0001532,"Coronal synostosis, syndactyly and jejunal atresia",biolink:Disease,1,GARD:0001532,false,true,GARD
disease,GARD:0001533,Coronary artery fistula,biolink:Disease,1,GARD:0001533,false,true,GARD
disease,GARD:0001537,Agenesis of the corpus callosum with peripheral neuropathy,biolink:Disease,1,GARD:0001537,false,true,GARD
disease,GARD:0001544,Congenitally corrected transposition of the great arteries,biolink:Disease,1,GARD:0001544,false,true,GARD
disease,GARD:0001548,Cortical blindness-intellectual disability-polydactyly syndrome,biolink:Disease,1,GARD:0001548,false,true,GARD
disease,GARD:0001550,Costello syndrome,biolink:Disease,1,GARD:0001550,false,true,GARD
disease,GARD:0001551,Congenitally short costocoracoid ligament,biolink:Disease,1,GARD:0001551,false,true,GARD
disease,GARD:0001553,Tricho-oculo-dermo-vertebral syndrome,biolink:Disease,1,GARD:0001553,false,true,GARD
disease,GARD:0001554,Cote katsantoni syndrome,biolink:Disease,1,GARD:0001554,false,true,GARD
disease,GARD:0001555,Pelviscapular dysplasia,biolink:Disease,1,GARD:0001555,false,true,GARD
disease,GARD:0001558,Coxoauricular syndrome,biolink:Disease,1,GARD:0001558,false,true,GARD
disease,GARD:0001561,Crandall syndrome,biolink:Disease,1,GARD:0001561,false,true,GARD
disease,GARD:0001564,Cranioosteoarthropathy,biolink:Disease,1,GARD:0001564,false,true,GARD
disease,GARD:0001571,Craniofacial-deafness-hand syndrome,biolink:Disease,1,GARD:0001571,false,true,GARD
disease,GARD:0001575,Craniofacial dyssynostosis,biolink:Disease,1,GARD:0001575,false,true,GARD
disease,GARD:0001578,Craniofrontonasal syndrome,biolink:Disease,1,GARD:0001578,false,true,GARD
disease,GARD:0001581,"Craniometaphyseal dysplasia, autosomal dominant",biolink:Disease,1,GARD:0001581,false,true,GARD
disease,GARD:0001582,"Craniometaphyseal dysplasia, autosomal recessive",biolink:Disease,1,GARD:0001582,false,true,GARD
disease,GARD:0001583,Craniomicromelic syndrome,biolink:Disease,1,GARD:0001583,false,true,GARD
disease,GARD:0001591,Craniosynostosis contractures cleft,biolink:Disease,1,GARD:0001591,false,true,GARD
disease,GARD:0001601,"Craniosynostosis, Philadelphia type",biolink:Disease,1,GARD:0001601,false,true,GARD
disease,GARD:0001602,Baller-Gerold syndrome,biolink:Disease,1,GARD:0001602,false,true,GARD
disease,GARD:0001605,Craniotelencephalic dysplasia,biolink:Disease,1,GARD:0001605,false,true,GARD
disease,GARD:0001608,Creatine transporter deficiency,biolink:Disease,1,GARD:0001608,false,true,GARD
disease,GARD:0001609,Creeping myiasis,biolink:Disease,1,GARD:0001609,false,true,GARD
disease,GARD:0001611,Cold-induced sweating syndrome 1,biolink:Disease,1,GARD:0001611,false,true,GARD
disease,GARD:0001613,Familial exudative vitreoretinopathy,biolink:Disease,1,GARD:0001613,false,true,GARD
disease,GARD:0001614,Cataract-nephropathy-encephalopathy syndrome,biolink:Disease,1,GARD:0001614,false,true,GARD
disease,GARD:0001616,"Crossed polydactyly, type I",biolink:Disease,1,GARD:0001616,false,true,GARD
disease,GARD:0001617,Crossed polysyndactyly,biolink:Disease,1,GARD:0001617,false,true,GARD
disease,GARD:0001620,Bronchiolitis obliterans organizing pneumonia,biolink:Disease,1,GARD:0001620,false,true,GARD
disease,GARD:0001626,Currarino triad,biolink:Disease,1,GARD:0001626,false,true,GARD
disease,GARD:0001629,Cutaneous larva migrans,biolink:Disease,1,GARD:0001629,false,true,GARD
disease,GARD:0001633,Cutaneous photosensitivity-lethal colitis syndrome,biolink:Disease,1,GARD:0001633,false,true,GARD
disease,GARD:0001638,Cutis laxa with osteodystrophy,biolink:Disease,1,GARD:0001638,false,true,GARD
disease,GARD:0001639,"Cutis laxa, autosomal dominant",biolink:Disease,1,GARD:0001639,false,true,GARD
disease,GARD:0001641,Autosomal recessive cutis laxa type 2B,biolink:Disease,1,GARD:0001641,false,true,GARD
disease,GARD:0001643,Cutis gyrata of scalp,biolink:Disease,1,GARD:0001643,false,true,GARD
disease,GARD:0001646,Thyrocerebrorenal syndrome,biolink:Disease,1,GARD:0001646,false,true,GARD
disease,GARD:0001666,Hydrocephaly-tall stature-joint laxity syndrome,biolink:Disease,1,GARD:0001666,false,true,GARD
disease,GARD:0001669,Dandy-Walker malformation-postaxial polydactyly syndrome,biolink:Disease,1,GARD:0001669,false,true,GARD
disease,GARD:0001671,Multinodular goiter-cystic kidney-polydactyly syndrome,biolink:Disease,1,GARD:0001671,false,true,GARD
disease,GARD:0001680,Symbrachydactyly of hands and feet,biolink:Disease,1,GARD:0001680,false,true,GARD
disease,GARD:0001684,Deafness-ear malformation-facial palsy syndrome,biolink:Disease,1,GARD:0001684,false,true,GARD
disease,GARD:0001685,DOORS syndrome,biolink:Disease,1,GARD:0001685,false,true,GARD
disease,GARD:0001686,Deafness-craniofacial syndrome,biolink:Disease,1,GARD:0001686,false,true,GARD
disease,GARD:0001688,Deafness-epiphyseal dysplasia-short stature syndrome,biolink:Disease,1,GARD:0001688,false,true,GARD
disease,GARD:0001691,Deafness-hypogonadism syndrome,biolink:Disease,1,GARD:0001691,false,true,GARD
disease,GARD:0001695,Lowe-Kohn-Cohen syndrome,biolink:Disease,1,GARD:0001695,false,true,GARD
disease,GARD:0001696,Autosomal dominant isolated somatotropin deficiency,biolink:Disease,1,GARD:0001696,false,true,GARD
disease,GARD:0001697,Autosomal recessive nonsyndromic hearing loss 1A,biolink:Disease,1,GARD:0001697,false,true,GARD
disease,GARD:0001698,Deafness-oligodontia syndrome,biolink:Disease,1,GARD:0001698,false,true,GARD
disease,GARD:0001705,Deafness-vitiligo-achalasia syndrome,biolink:Disease,1,GARD:0001705,false,true,GARD
disease,GARD:0001708,Autosomal dominant nonsyndromic hearing loss 23,biolink:Disease,1,GARD:0001708,false,true,GARD
disease,GARD:0001722,Erythrokeratoderma en cocardes,biolink:Disease,1,GARD:0001722,false,true,GARD
disease,GARD:0001727,Delayed membranous cranial ossification,biolink:Disease,1,GARD:0001727,false,true,GARD
disease,GARD:0001802,Demodicidosis,biolink:Disease,1,GARD:0001802,false,true,GARD
disease,GARD:0001806,Dentin dysplasia type II,biolink:Disease,1,GARD:0001806,false,true,GARD
disease,GARD:0001807,Dentin dysplasia type I,biolink:Disease,1,GARD:0001807,false,true,GARD
disease,GARD:0001808,Dentin dysplasia-sclerotic bones syndrome,biolink:Disease,1,GARD:0001808,false,true,GARD
disease,GARD:0001810,Radioulnar synostosis-developmental delay-hypotonia syndrome,biolink:Disease,1,GARD:0001810,false,true,GARD
disease,GARD:0001813,Dermatoleukodystrophy,biolink:Disease,1,GARD:0001813,false,true,GARD
disease,GARD:0001814,"Dermatoosteolysis, Kirghizian type",biolink:Disease,1,GARD:0001814,false,true,GARD
disease,GARD:0001815,Francois syndrome,biolink:Disease,1,GARD:0001815,false,true,GARD
disease,GARD:0001816,Dermo-odonto dysplasia,biolink:Disease,1,GARD:0001816,false,true,GARD
disease,GARD:0001818,Desbuquois syndrome,biolink:Disease,1,GARD:0001818,false,true,GARD
disease,GARD:0001820,Desmoid tumor,biolink:Disease,1,GARD:0001820,false,true,GARD
disease,GARD:0001823,Familial developmental dysphasia,biolink:Disease,1,GARD:0001823,false,true,GARD
disease,GARD:0001827,Dextrocardia,biolink:Disease,1,GARD:0001827,false,true,GARD
disease,GARD:0001839,"Diabetes mellitus, transient neonatal, 1",biolink:Disease,1,GARD:0001839,false,true,GARD
disease,GARD:0001850,Insulin-dependent diabetes mellitus secretory diarrhea syndrome,biolink:Disease,1,GARD:0001850,false,true,GARD
disease,GARD:0001851,Diastematomyelia,biolink:Disease,1,GARD:0001851,false,true,GARD
disease,GARD:0001854,Hyperdibasic aminoaciduria type 1,biolink:Disease,1,GARD:0001854,false,true,GARD
disease,GARD:0001855,Dicarboxylic aminoaciduria,biolink:Disease,1,GARD:0001855,false,true,GARD
disease,GARD:0001861,Diffuse neonatal hemangiomatosis,biolink:Disease,1,GARD:0001861,false,true,GARD
disease,GARD:0001862,"Palmoplantar keratoderma, Bothnian type",biolink:Disease,1,GARD:0001862,false,true,GARD
disease,GARD:0001872,Diphallia,biolink:Disease,1,GARD:0001872,false,true,GARD
disease,GARD:0001874,Deficiency of bisphosphoglycerate mutase,biolink:Disease,1,GARD:0001874,false,true,GARD
disease,GARD:0001875,Diphtheria,biolink:Disease,1,GARD:0001875,false,true,GARD
disease,GARD:0001876,Diprosopus,biolink:Disease,1,GARD:0001876,false,true,GARD
disease,GARD:0001878,"Chromosome 1, uniparental disomy 1q12 q21",biolink:Disease,1,GARD:0001878,false,true,GARD
disease,GARD:0001883,Perifolliculitis capitis abscedens et suffodiens,biolink:Disease,1,GARD:0001883,false,true,GARD
disease,GARD:0001886,Myofibrillar myopathy 4,biolink:Disease,1,GARD:0001886,false,true,GARD
disease,GARD:0001887,Distal myopathy with vocal cord weakness,biolink:Disease,1,GARD:0001887,false,true,GARD
disease,GARD:0001891,Distomatosis,biolink:Disease,1,GARD:0001891,false,true,GARD
disease,GARD:0001894,Von Voss-Cherstvoy syndrome,biolink:Disease,1,GARD:0001894,false,true,GARD
disease,GARD:0001896,Isolated cleft palate,biolink:Disease,1,GARD:0001896,false,true,GARD
disease,GARD:0001898,Early-onset zonular cataract,biolink:Disease,1,GARD:0001898,false,true,GARD
disease,GARD:0001899,Donnai-Barrow syndrome,biolink:Disease,1,GARD:0001899,false,true,GARD
disease,GARD:0001902,Autosomal recessive DOPA responsive dystonia,biolink:Disease,1,GARD:0001902,false,true,GARD
disease,GARD:0001903,Orthostatic hypotension 1,biolink:Disease,1,GARD:0001903,false,true,GARD
disease,GARD:0001904,Subcortical band heterotopia,biolink:Disease,1,GARD:0001904,false,true,GARD
disease,GARD:0001907,Double outlet left ventricle,biolink:Disease,1,GARD:0001907,false,true,GARD
disease,GARD:0001908,Double outlet right ventricle,biolink:Disease,1,GARD:0001908,false,true,GARD
disease,GARD:0001910,Double uterus-hemivagina-renal agenesis syndrome,biolink:Disease,1,GARD:0001910,false,true,GARD
disease,GARD:0001912,Doyne honeycomb retinal dystrophy,biolink:Disease,1,GARD:0001912,false,true,GARD
disease,GARD:0001913,Drachtman Weinblatt Sitarz syndrome,biolink:Disease,1,GARD:0001913,false,true,GARD
disease,GARD:0001917,"Dermatitis herpetiformis, familial",biolink:Disease,1,GARD:0001917,false,true,GARD
disease,GARD:0001975,Duplication of urethra,biolink:Disease,1,GARD:0001975,false,true,GARD
disease,GARD:0001993,"Ichthyosis, cerebellar degeneration and hepatosplenomegaly",biolink:Disease,1,GARD:0001993,false,true,GARD
disease,GARD:0001994,Dyschondrosteosis-nephritis syndrome,biolink:Disease,1,GARD:0001994,false,true,GARD
disease,GARD:0001996,Dyschromatosis universalis hereditaria,biolink:Disease,1,GARD:0001996,false,true,GARD
disease,GARD:0001998,Dysequilibrium syndrome,biolink:Disease,1,GARD:0001998,false,true,GARD
disease,GARD:0001999,Congenital dyserythropoietic anemia,biolink:Disease,1,GARD:0001999,false,true,GARD
disease,GARD:0002000,"Congenital dyserythropoietic anemia, type I",biolink:Disease,1,GARD:0002000,false,true,GARD
disease,GARD:0002001,"Congenital dyserythropoietic anemia, type II",biolink:Disease,1,GARD:0002001,false,true,GARD
disease,GARD:0002002,"Congenital dyserythropoietic anemia, type III",biolink:Disease,1,GARD:0002002,false,true,GARD
disease,GARD:0002003,Neuromuscular disease caused by qualitative or quantitative defects of dysferlin,biolink:Disease,1,GARD:0002003,false,true,GARD
disease,GARD:0002004,Familial dysfibrinogenemia,biolink:Disease,1,GARD:0002004,false,true,GARD
disease,GARD:0002005,Extragonadal germinoma,biolink:Disease,1,GARD:0002005,false,true,GARD
disease,GARD:0002007,"Dyskeratosis congenita, X-linked",biolink:Disease,1,GARD:0002007,false,true,GARD
disease,GARD:0002009,Dysmorphism-cleft palate-loose skin syndrome,biolink:Disease,1,GARD:0002009,false,true,GARD
disease,GARD:0002012,Dysosteosclerosis,biolink:Disease,1,GARD:0002012,false,true,GARD
disease,GARD:0002015,Peripheral dysostosis,biolink:Disease,1,GARD:0002015,false,true,GARD
disease,GARD:0002016,Osteosclerosis - Stanescu type,biolink:Disease,1,GARD:0002016,false,true,GARD
disease,GARD:0002019,Dysplasia epiphysealis hemimelica,biolink:Disease,1,GARD:0002019,false,true,GARD
disease,GARD:0002022,"Dysplastic cortical hyperostosis, Kozlowski-Tsuruta type",biolink:Disease,1,GARD:0002022,false,true,GARD
disease,GARD:0002026,Lethal Kniest-like syndrome,biolink:Disease,1,GARD:0002026,false,true,GARD
disease,GARD:0002027,Early-onset generalized limb-onset dystonia,biolink:Disease,1,GARD:0002027,false,true,GARD
disease,GARD:0002028,Torsion dystonia 2,biolink:Disease,1,GARD:0002028,false,true,GARD
disease,GARD:0002033,Meier-Gorlin syndrome,biolink:Disease,1,GARD:0002033,false,true,GARD
disease,GARD:0002035,Ebola hemorrhagic fever,biolink:Disease,1,GARD:0002035,false,true,GARD
disease,GARD:0002040,Ectodermal dysplasia alopecia preaxial polydactyly,biolink:Disease,1,GARD:0002040,false,true,GARD
disease,GARD:0002044,Leukomelanoderma-infantilism-intellectual disability-hypodontia-hypotrichosis syndrome,biolink:Disease,1,GARD:0002044,false,true,GARD
disease,GARD:0002045,Ectodermal dysplasia-blindness syndrome,biolink:Disease,1,GARD:0002045,false,true,GARD
disease,GARD:0002048,Autosomal dominant hypohidrotic ectodermal dysplasia,biolink:Disease,1,GARD:0002048,false,true,GARD
disease,GARD:0002049,Hypohidrotic ectodermal dysplasia-hypothyroidism-ciliary dyskinesia syndrome,biolink:Disease,1,GARD:0002049,false,true,GARD
disease,GARD:0002055,"Ectodermal dysplasia, trichoodontoonychial type",biolink:Disease,1,GARD:0002055,false,true,GARD
disease,GARD:0002056,Hidrotic ectodermal dysplasia syndrome,biolink:Disease,1,GARD:0002056,false,true,GARD
disease,GARD:0002057,Autosomal recessive hypohidrotic ectodermal dysplasia syndrome,biolink:Disease,1,GARD:0002057,false,true,GARD
disease,GARD:0002060,"Ectopia lentis 2, isolated, autosomal recessive",biolink:Disease,1,GARD:0002060,false,true,GARD
disease,GARD:0002068,Ectrodactyly-polydactyly syndrome,biolink:Disease,1,GARD:0002068,false,true,GARD
disease,GARD:0002071,Blepharocheilodontic syndrome,biolink:Disease,1,GARD:0002071,false,true,GARD
disease,GARD:0002074,Edinburgh malformation syndrome,biolink:Disease,1,GARD:0002074,false,true,GARD
disease,GARD:0002076,Ectrodactyly-ectodermal dysplasia-clefting syndrome,biolink:Disease,1,GARD:0002076,false,true,GARD
disease,GARD:0002078,EEM syndrome,biolink:Disease,1,GARD:0002078,false,true,GARD
disease,GARD:0002081,"Ehlers-Danlos syndrome, type 3",biolink:Disease,1,GARD:0002081,false,true,GARD
disease,GARD:0002082,"Ehlers-Danlos syndrome, type 4",biolink:Disease,1,GARD:0002082,false,true,GARD
disease,GARD:0002084,"Ehlers-Danlos syndrome, arthrochalasia type",biolink:Disease,1,GARD:0002084,false,true,GARD
disease,GARD:0002088,"Ehlers-Danlos syndrome, classic type",biolink:Disease,1,GARD:0002088,false,true,GARD
disease,GARD:0002089,"Ehlers-Danlos syndrome, dermatosparaxis type",biolink:Disease,1,GARD:0002089,false,true,GARD
disease,GARD:0002092,Ehrlichiosis,biolink:Disease,1,GARD:0002092,false,true,GARD
disease,GARD:0002096,Acrocephalopolydactyly,biolink:Disease,1,GARD:0002096,false,true,GARD
disease,GARD:0002098,Microcephaly-cardiac defect-lung malsegmentation syndrome,biolink:Disease,1,GARD:0002098,false,true,GARD
disease,GARD:0002104,Congenital lobar emphysema,biolink:Disease,1,GARD:0002104,false,true,GARD
disease,GARD:0002108,Encephalocraniocutaneous lipomatosis,biolink:Disease,1,GARD:0002108,false,true,GARD
disease,GARD:0002113,Bonnemann-Meinecke-Reich syndrome,biolink:Disease,1,GARD:0002113,false,true,GARD
disease,GARD:0002123,Eng-Strom syndrome,biolink:Disease,1,GARD:0002123,false,true,GARD
disease,GARD:0002125,Glycogen storage disease due to muscle beta-enolase deficiency,biolink:Disease,1,GARD:0002125,false,true,GARD
disease,GARD:0002130,Congenital enterovirus infection,biolink:Disease,1,GARD:0002130,false,true,GARD
disease,GARD:0002137,"Epidermolysis bullosa simplex 5B, with muscular dystrophy",biolink:Disease,1,GARD:0002137,false,true,GARD
disease,GARD:0002139,Generalized dominant dystrophic epidermolysis bullosa,biolink:Disease,1,GARD:0002139,false,true,GARD
disease,GARD:0002141,"Epidermolysis bullosa simplex 1A, generalized severe",biolink:Disease,1,GARD:0002141,false,true,GARD
disease,GARD:0002143,Junctional epidermolysis bullosa inversa,biolink:Disease,1,GARD:0002143,false,true,GARD
disease,GARD:0002146,"Epidermolysis bullosa simplex 1C, localized",biolink:Disease,1,GARD:0002146,false,true,GARD
disease,GARD:0002147,"Epidermolysis bullosa simplex, Koebner type",biolink:Disease,1,GARD:0002147,false,true,GARD
disease,GARD:0002148,"Epidermolysis bullosa simplex, Ogna type",biolink:Disease,1,GARD:0002148,false,true,GARD
disease,GARD:0002150,Epidermolysis bullosa dystrophica,biolink:Disease,1,GARD:0002150,false,true,GARD
disease,GARD:0002152,Junctional epidermolysis bullosa,biolink:Disease,1,GARD:0002152,false,true,GARD
disease,GARD:0002153,Junctional epidermolysis bullosa gravis of Herlitz,biolink:Disease,1,GARD:0002153,false,true,GARD
disease,GARD:0002155,Pretibial dystrophic epidermolysis bullosa,biolink:Disease,1,GARD:0002155,false,true,GARD
disease,GARD:0002162,Juvenile absence epilepsy,biolink:Disease,1,GARD:0002162,false,true,GARD
disease,GARD:0002166,Celiac disease-epilepsy-cerebral calcification syndrome,biolink:Disease,1,GARD:0002166,false,true,GARD
disease,GARD:0002167,Progressive myoclonic epilepsy type 3,biolink:Disease,1,GARD:0002167,false,true,GARD
disease,GARD:0002168,Epilepsy-telangiectasia syndrome,biolink:Disease,1,GARD:0002168,false,true,GARD
disease,GARD:0002170,Self-limited childhood occipital epilepsy,biolink:Disease,1,GARD:0002170,false,true,GARD
disease,GARD:0002173,Familial partial epilepsy,biolink:Disease,1,GARD:0002173,false,true,GARD
disease,GARD:0002178,Epiphyseal dysplasia-hearing loss-dysmorphism syndrome,biolink:Disease,1,GARD:0002178,false,true,GARD
disease,GARD:0002180,Multiple epiphyseal dysplasia type 1,biolink:Disease,1,GARD:0002180,false,true,GARD
disease,GARD:0002183,Acute posterior multifocal placoid pigment epitheliopathy,biolink:Disease,1,GARD:0002183,false,true,GARD
disease,GARD:0002188,Erosive pustular dermatosis of the scalp,biolink:Disease,1,GARD:0002188,false,true,GARD
disease,GARD:0002191,Complement component 5 deficiency,biolink:Disease,1,GARD:0002191,false,true,GARD
disease,GARD:0002192,Congenital lethal erythroderma,biolink:Disease,1,GARD:0002192,false,true,GARD
disease,GARD:0002195,Thickened earlobes-conductive deafness syndrome,biolink:Disease,1,GARD:0002195,false,true,GARD
disease,GARD:0002197,Esthesioneuroblastoma,biolink:Disease,1,GARD:0002197,false,true,GARD
disease,GARD:0002198,Ethylmalonic encephalopathy,biolink:Disease,1,GARD:0002198,false,true,GARD
disease,GARD:0002202,Exostoses-anetodermia-brachydactyly type E syndrome,biolink:Disease,1,GARD:0002202,false,true,GARD
disease,GARD:0002204,"Exostoses, multiple, type 1",biolink:Disease,1,GARD:0002204,false,true,GARD
disease,GARD:0002205,"Exostoses, multiple, type 2",biolink:Disease,1,GARD:0002205,false,true,GARD
disease,GARD:0002206,"Exostoses, multiple, type III",biolink:Disease,1,GARD:0002206,false,true,GARD
disease,GARD:0002207,Exstrophy-epispadias complex,biolink:Disease,1,GARD:0002207,false,true,GARD
disease,GARD:0002213,Extrasystoles-short stature-hyperpigmentation-microcephaly syndrome,biolink:Disease,1,GARD:0002213,false,true,GARD
disease,GARD:0002216,Eyebrow duplication-syndactyly syndrome,biolink:Disease,1,GARD:0002216,false,true,GARD
disease,GARD:0002221,Facial dysmorphism-anorexia-cachexia-eye and skin anomalies syndrome,biolink:Disease,1,GARD:0002221,false,true,GARD
disease,GARD:0002222,Facial dysmorphism-macrocephaly-myopia-Dandy-Walker malformation syndrome,biolink:Disease,1,GARD:0002222,false,true,GARD
disease,GARD:0002228,Faciothoracogenital syndrome,biolink:Disease,1,GARD:0002228,false,true,GARD
disease,GARD:0002229,Lethal faciocardiomelic dysplasia,biolink:Disease,1,GARD:0002229,false,true,GARD
disease,GARD:0002230,Faciocardiorenal syndrome,biolink:Disease,1,GARD:0002230,false,true,GARD
disease,GARD:0002237,Congenital factor V deficiency,biolink:Disease,1,GARD:0002237,false,true,GARD
disease,GARD:0002238,Congenital factor VII deficiency,biolink:Disease,1,GARD:0002238,false,true,GARD
disease,GARD:0002245,Tetralogy of Fallot,biolink:Disease,1,GARD:0002245,false,true,GARD
disease,GARD:0002249,Familial thoracic aortic aneurysm and aortic dissection,biolink:Disease,1,GARD:0002249,false,true,GARD
disease,GARD:0002250,Band heterotopia of brain,biolink:Disease,1,GARD:0002250,false,true,GARD
disease,GARD:0002252,Non-acquired combined pituitary hormone deficiency,biolink:Disease,1,GARD:0002252,false,true,GARD
disease,GARD:0002254,Familial nasal acilia,biolink:Disease,1,GARD:0002254,false,true,GARD
disease,GARD:0002256,Polydactyly of an index finger,biolink:Disease,1,GARD:0002256,false,true,GARD
disease,GARD:0002257,Autosomal dominant epilepsy with auditory features,biolink:Disease,1,GARD:0002257,false,true,GARD
disease,GARD:0002258,Familial porencephaly,biolink:Disease,1,GARD:0002258,false,true,GARD
disease,GARD:0002263,Familial ventricular tachycardia,biolink:Disease,1,GARD:0002263,false,true,GARD
disease,GARD:0002268,Fanconi-Bickel syndrome,biolink:Disease,1,GARD:0002268,false,true,GARD
disease,GARD:0002276,Posterior fusion of lumbosacral vertebrae-blepharoptosis syndrome,biolink:Disease,1,GARD:0002276,false,true,GARD
disease,GARD:0002279,Atherosclerosis-deafness-diabetes-epilepsy-nephropathy syndrome,biolink:Disease,1,GARD:0002279,false,true,GARD
disease,GARD:0002285,Gollop-Wolfgang complex,biolink:Disease,1,GARD:0002285,false,true,GARD
disease,GARD:0002286,Femur-fibula-ulna complex,biolink:Disease,1,GARD:0002286,false,true,GARD
disease,GARD:0002287,Ataxia-photosensitivity-short stature syndrome,biolink:Disease,1,GARD:0002287,false,true,GARD
disease,GARD:0002293,"Fetal akinesia syndrome, X-linked",biolink:Disease,1,GARD:0002293,false,true,GARD
disease,GARD:0002295,Fetal and neonatal alloimmune thrombocytopenia,biolink:Disease,1,GARD:0002295,false,true,GARD
disease,GARD:0002302,Fetal enterovirus syndrome,biolink:Disease,1,GARD:0002302,false,true,GARD
disease,GARD:0002304,Fetal iodine syndrome,biolink:Disease,1,GARD:0002304,false,true,GARD
disease,GARD:0002309,Fetal parainfluenza virus type 3 syndrome,biolink:Disease,1,GARD:0002309,false,true,GARD
disease,GARD:0002317,FG syndrome 1,biolink:Disease,1,GARD:0002317,false,true,GARD
disease,GARD:0002320,Hereditary factor I deficiency disease,biolink:Disease,1,GARD:0002320,false,true,GARD
disease,GARD:0002321,Fibrochondrogenesis,biolink:Disease,1,GARD:0002321,false,true,GARD
disease,GARD:0002322,Birt-Hogg-Dube syndrome 1,biolink:Disease,1,GARD:0002322,false,true,GARD
disease,GARD:0002324,Gingival fibromatosis-hypertrichosis syndrome,biolink:Disease,1,GARD:0002324,false,true,GARD
disease,GARD:0002327,Fibrosarcoma,biolink:Disease,1,GARD:0002327,false,true,GARD
disease,GARD:0002331,Fibular aplasia-ectrodactyly syndrome,biolink:Disease,1,GARD:0002331,false,true,GARD
disease,GARD:0002336,Basan syndrome,biolink:Disease,1,GARD:0002336,false,true,GARD
disease,GARD:0002339,Finnish type amyloidosis,biolink:Disease,1,GARD:0002339,false,true,GARD
disease,GARD:0002342,Spastic paraplegia-nephritis-deafness syndrome,biolink:Disease,1,GARD:0002342,false,true,GARD
disease,GARD:0002344,Paraplegia-intellectual disability-hyperkeratosis syndrome,biolink:Disease,1,GARD:0002344,false,true,GARD
disease,GARD:0002346,FLOTCH syndrome,biolink:Disease,1,GARD:0002346,false,true,GARD
disease,GARD:0002347,Flynn-Aird syndrome,biolink:Disease,1,GARD:0002347,false,true,GARD
disease,GARD:0002351,Foix chavany Marie syndrome,biolink:Disease,1,GARD:0002351,false,true,GARD
disease,GARD:0002355,Follicular ichthyosis,biolink:Disease,1,GARD:0002355,false,true,GARD
disease,GARD:0002356,Follicular lymphoma,biolink:Disease,1,GARD:0002356,false,true,GARD
disease,GARD:0002362,Cardiospondylocarpofacial syndrome,biolink:Disease,1,GARD:0002362,false,true,GARD
disease,GARD:0002365,Polycystic ovaries-urethral sphincter dysfunction syndrome,biolink:Disease,1,GARD:0002365,false,true,GARD
disease,GARD:0002371,Franceschini Vardeu Guala syndrome,biolink:Disease,1,GARD:0002371,false,true,GARD
disease,GARD:0002375,Frasier syndrome,biolink:Disease,1,GARD:0002375,false,true,GARD
disease,GARD:0002378,FRAXE,biolink:Disease,1,GARD:0002378,false,true,GARD
disease,GARD:0002380,Freiberg disease,biolink:Disease,1,GARD:0002380,false,true,GARD
disease,GARD:0002381,Odontotrichomelic syndrome,biolink:Disease,1,GARD:0002381,false,true,GARD
disease,GARD:0002384,Frias syndrome,biolink:Disease,1,GARD:0002384,false,true,GARD
disease,GARD:0002390,Gollop syndrome,biolink:Disease,1,GARD:0002390,false,true,GARD
disease,GARD:0002392,Frontonasal dysplasia,biolink:Disease,1,GARD:0002392,false,true,GARD
disease,GARD:0002397,Diaphragmatic defect-limb deficiency-skull defect syndrome,biolink:Disease,1,GARD:0002397,false,true,GARD
disease,GARD:0002400,Fructose-biphosphatase deficiency,biolink:Disease,1,GARD:0002400,false,true,GARD
disease,GARD:0002408,Upper limb mesomelic dysplasia,biolink:Disease,1,GARD:0002408,false,true,GARD
disease,GARD:0002409,Fryns Smeets Thiry syndrome,biolink:Disease,1,GARD:0002409,false,true,GARD
disease,GARD:0002410,Fuhrmann syndrome,biolink:Disease,1,GARD:0002410,false,true,GARD
disease,GARD:0002411,Fukuda-Miyanomae-Nakata syndrome,biolink:Disease,1,GARD:0002411,false,true,GARD
disease,GARD:0002417,"Muscular atrophy, ataxia, retinitis pigmentosa, and diabetes mellitus",biolink:Disease,1,GARD:0002417,false,true,GARD
disease,GARD:0002418,Furuncular myiasis,biolink:Disease,1,GARD:0002418,false,true,GARD
disease,GARD:0002419,Fused mandibular incisors,biolink:Disease,1,GARD:0002419,false,true,GARD
disease,GARD:0002422,Deficiency of galactokinase,biolink:Disease,1,GARD:0002422,false,true,GARD
disease,GARD:0002424,Galactosemia,biolink:Disease,1,GARD:0002424,false,true,GARD
disease,GARD:0002427,Growth delay-hydrocephaly-lung hypoplasia syndrome,biolink:Disease,1,GARD:0002427,false,true,GARD
disease,GARD:0002428,Cystathioninuria,biolink:Disease,1,GARD:0002428,false,true,GARD
disease,GARD:0002429,Autosomal recessive limb-girdle muscular dystrophy type 2C,biolink:Disease,1,GARD:0002429,false,true,GARD
disease,GARD:0002430,Ganglioglioma,biolink:Disease,1,GARD:0002430,false,true,GARD
disease,GARD:0002431,GM1 gangliosidosis type 3,biolink:Disease,1,GARD:0002431,false,true,GARD
disease,GARD:0002432,X-linked diffuse leiomyomatosis-Alport syndrome,biolink:Disease,1,GARD:0002432,false,true,GARD
disease,GARD:0002436,Gastric mucosal hypertrophy,biolink:Disease,1,GARD:0002436,false,true,GARD
disease,GARD:0002437,Digestive system neuroendocrine neoplasm,biolink:Disease,1,GARD:0002437,false,true,GARD
disease,GARD:0002438,Gastrocutaneous syndrome,biolink:Disease,1,GARD:0002438,false,true,GARD
disease,GARD:0002441,Gaucher disease type I,biolink:Disease,1,GARD:0002441,false,true,GARD
disease,GARD:0002442,Gaucher disease type II,biolink:Disease,1,GARD:0002442,false,true,GARD
disease,GARD:0002443,Gaucher disease type III,biolink:Disease,1,GARD:0002443,false,true,GARD
disease,GARD:0002449,Geleophysic dysplasia,biolink:Disease,1,GARD:0002449,false,true,GARD
disease,GARD:0002451,Gemignani syndrome,biolink:Disease,1,GARD:0002451,false,true,GARD
disease,GARD:0002452,"Weill-Marchesani syndrome 2, dominant",biolink:Disease,1,GARD:0002452,false,true,GARD
disease,GARD:0002454,Holoprosencephaly-craniosynostosis syndrome,biolink:Disease,1,GARD:0002454,false,true,GARD
disease,GARD:0002460,Genito-palato-cardiac syndrome,biolink:Disease,1,GARD:0002460,false,true,GARD
disease,GARD:0002469,Large congenital melanocytic nevus,biolink:Disease,1,GARD:0002469,false,true,GARD
disease,GARD:0002470,Bernard Soulier syndrome,biolink:Disease,1,GARD:0002470,false,true,GARD
disease,GARD:0002474,"Fibromatosis, gingival, 2",biolink:Disease,1,GARD:0002474,false,true,GARD
disease,GARD:0002475,"Fibromatosis, gingival, 4",biolink:Disease,1,GARD:0002475,false,true,GARD
disease,GARD:0002478,Glanzmann thrombasthenia,biolink:Disease,1,GARD:0002478,false,true,GARD
disease,GARD:0002483,Glaucoma-sleep apnea syndrome,biolink:Disease,1,GARD:0002483,false,true,GARD
disease,GARD:0002484,Glaucoma type 1C,biolink:Disease,1,GARD:0002484,false,true,GARD
disease,GARD:0002486,Hereditary glaucoma,biolink:Disease,1,GARD:0002486,false,true,GARD
disease,GARD:0002490,"Glaucoma 3, primary infantile, B",biolink:Disease,1,GARD:0002490,false,true,GARD
disease,GARD:0002491,Glioblastoma,biolink:Disease,1,GARD:0002491,false,true,GARD
disease,GARD:0002492,Hypotrichosis-lymphedema-telangiectasia-renal defect syndrome,biolink:Disease,1,GARD:0002492,false,true,GARD
disease,GARD:0002496,Glucagonoma syndrome,biolink:Disease,1,GARD:0002496,false,true,GARD
disease,GARD:0002498,Familial glucocorticoid deficiency,biolink:Disease,1,GARD:0002498,false,true,GARD
disease,GARD:0002499,Glucocorticoid resistance,biolink:Disease,1,GARD:0002499,false,true,GARD
disease,GARD:0002501,Glycogen storage disease type 1 due to SLC37A4 mutation,biolink:Disease,1,GARD:0002501,false,true,GARD
disease,GARD:0002513,Glycogen storage disorder due to hepatic glycogen synthase deficiency,biolink:Disease,1,GARD:0002513,false,true,GARD
disease,GARD:0002515,Glucose-6-phosphate transport defect,biolink:Disease,1,GARD:0002515,false,true,GARD
disease,GARD:0002520,"Glycogen storage disease, type IV",biolink:Disease,1,GARD:0002520,false,true,GARD
disease,GARD:0002521,Sandhoff disease,biolink:Disease,1,GARD:0002521,false,true,GARD
disease,GARD:0002523,GMS syndrome,biolink:Disease,1,GARD:0002523,false,true,GARD
disease,GARD:0002538,Gonadal dysgenesis,biolink:Disease,1,GARD:0002538,false,true,GARD
disease,GARD:0002539,Mixed gonadal dysgenesis,biolink:Disease,1,GARD:0002539,false,true,GARD
disease,GARD:0002541,XY type gonadal dysgenesis-associated anomalies syndrome,biolink:Disease,1,GARD:0002541,false,true,GARD
disease,GARD:0002542,Perrault syndrome,biolink:Disease,1,GARD:0002542,false,true,GARD
disease,GARD:0002546,Gonococcal conjunctivitis,biolink:Disease,1,GARD:0002546,false,true,GARD
disease,GARD:0002549,Acrocephalosyndactyly type V,biolink:Disease,1,GARD:0002549,false,true,GARD
disease,GARD:0002551,Anti-glomerular basement membrane disease,biolink:Disease,1,GARD:0002551,false,true,GARD
disease,GARD:0002553,Gordon syndrome,biolink:Disease,1,GARD:0002553,false,true,GARD
disease,GARD:0002557,Graham-Boyle-Troxell syndrome,biolink:Disease,1,GARD:0002557,false,true,GARD
disease,GARD:0002559,Grant syndrome,biolink:Disease,1,GARD:0002559,false,true,GARD
disease,GARD:0002562,Gray platelet syndrome,biolink:Disease,1,GARD:0002562,false,true,GARD
disease,GARD:0002566,Griscelli syndrome type 1,biolink:Disease,1,GARD:0002566,false,true,GARD
disease,GARD:0002568,Deafness-small bowel diverticulosis-neuropathy syndrome,biolink:Disease,1,GARD:0002568,false,true,GARD
disease,GARD:0002572,Myhre syndrome,biolink:Disease,1,GARD:0002572,false,true,GARD
disease,GARD:0002576,Grubben-de Cock-Borghgraef syndrome,biolink:Disease,1,GARD:0002576,false,true,GARD
disease,GARD:0002578,Deficiency of guanidinoacetate methyltransferase,biolink:Disease,1,GARD:0002578,false,true,GARD
disease,GARD:0002579,Autosomal recessive osteopetrosis 1,biolink:Disease,1,GARD:0002579,false,true,GARD
disease,GARD:0002580,X-linked corneal dermoid,biolink:Disease,1,GARD:0002580,false,true,GARD
disease,GARD:0002586,Hall-Riggs syndrome,biolink:Disease,1,GARD:0002586,false,true,GARD
disease,GARD:0002589,Polyneuropathy-hand defect syndrome,biolink:Disease,1,GARD:0002589,false,true,GARD
disease,GARD:0002593,Emery-Nelson syndrome,biolink:Disease,1,GARD:0002593,false,true,GARD
disease,GARD:0002594,Hand-foot-genital syndrome,biolink:Disease,1,GARD:0002594,false,true,GARD
disease,GARD:0002597,Extensor tendons of finger anomalies,biolink:Disease,1,GARD:0002597,false,true,GARD
disease,GARD:0002598,Parana hard-skin syndrome,biolink:Disease,1,GARD:0002598,false,true,GARD
disease,GARD:0002599,Walker-Warburg congenital muscular dystrophy,biolink:Disease,1,GARD:0002599,false,true,GARD
disease,GARD:0002600,Early onset cerebellar ataxia with retained tendon reflexes,biolink:Disease,1,GARD:0002600,false,true,GARD
disease,GARD:0002601,Harrod syndrome,biolink:Disease,1,GARD:0002601,false,true,GARD
disease,GARD:0002604,Hashimoto-Pritzker syndrome,biolink:Disease,1,GARD:0002604,false,true,GARD
disease,GARD:0002605,Short stature-craniofacial anomalies-genital hypoplasia syndrome,biolink:Disease,1,GARD:0002605,false,true,GARD
disease,GARD:0002610,Progressive familial heart block type IB,biolink:Disease,1,GARD:0002610,false,true,GARD
disease,GARD:0002613,Heart defects-limb shortening syndrome,biolink:Disease,1,GARD:0002613,false,true,GARD
disease,GARD:0002614,Heart-hand syndrome type 3,biolink:Disease,1,GARD:0002614,false,true,GARD
disease,GARD:0002620,HEC syndrome,biolink:Disease,1,GARD:0002620,false,true,GARD
disease,GARD:0002621,Hecht syndrome,biolink:Disease,1,GARD:0002621,false,true,GARD
disease,GARD:0002622,"Fibular aplasia, tibial campomelia, and oligosyndactyly syndrome",biolink:Disease,1,GARD:0002622,false,true,GARD
disease,GARD:0002627,"Hemangiopericytoma, malignant",biolink:Disease,1,GARD:0002627,false,true,GARD
disease,GARD:0002630,Isolated hemihyperplasia,biolink:Disease,1,GARD:0002630,false,true,GARD
disease,GARD:0002633,Bencze syndrome,biolink:Disease,1,GARD:0002633,false,true,GARD
disease,GARD:0002637,Hemimegalencephaly,biolink:Disease,1,GARD:0002637,false,true,GARD
disease,GARD:0002641,Hemoglobin E disease,biolink:Disease,1,GARD:0002641,false,true,GARD
disease,GARD:0002642,Lethal hemolytic anemia-genital anomalies syndrome,biolink:Disease,1,GARD:0002642,false,true,GARD
disease,GARD:0002650,Heparin-induced thrombocytopenia,biolink:Disease,1,GARD:0002650,false,true,GARD
disease,GARD:0002651,Liver mesenchymal hamartoma,biolink:Disease,1,GARD:0002651,false,true,GARD
disease,GARD:0002657,Hepatoblastoma,biolink:Disease,1,GARD:0002657,false,true,GARD
disease,GARD:0002658,Tyrosinemia type I,biolink:Disease,1,GARD:0002658,false,true,GARD
disease,GARD:0002659,Hereditary methemoglobinemia,biolink:Disease,1,GARD:0002659,false,true,GARD
disease,GARD:0002669,Congenital herpes virus infection,biolink:Disease,1,GARD:0002669,false,true,GARD
disease,GARD:0002682,"Hidrotic ectodermal dysplasia, Christianson-Fourie type",biolink:Disease,1,GARD:0002682,false,true,GARD
disease,GARD:0002684,High molecular weight kininogen deficiency,biolink:Disease,1,GARD:0002684,false,true,GARD
disease,GARD:0002690,"Hip dysplasia, Beukes type",biolink:Disease,1,GARD:0002690,false,true,GARD
disease,GARD:0002695,Hirschsprung disease-ganglioneuroblastoma syndrome,biolink:Disease,1,GARD:0002695,false,true,GARD
disease,GARD:0002700,Hirschsprung disease-type D brachydactyly syndrome,biolink:Disease,1,GARD:0002700,false,true,GARD
disease,GARD:0002706,Junctional ectopic tachycardia,biolink:Disease,1,GARD:0002706,false,true,GARD
disease,GARD:0002708,Histidine transport defect,biolink:Disease,1,GARD:0002708,false,true,GARD
disease,GARD:0002712,3-hydroxy-3-methylglutaryl-CoA synthase deficiency,biolink:Disease,1,GARD:0002712,false,true,GARD
disease,GARD:0002714,Hodgkins lymphoma,biolink:Disease,1,GARD:0002714,false,true,GARD
disease,GARD:0002720,Holoacardius amorphus,biolink:Disease,1,GARD:0002720,false,true,GARD
disease,GARD:0002721,Holocarboxylase synthetase deficiency,biolink:Disease,1,GARD:0002721,false,true,GARD
disease,GARD:0002725,Hartsfield-Bixler-Demyer syndrome,biolink:Disease,1,GARD:0002725,false,true,GARD
disease,GARD:0002727,Holoprosencephaly-radial heart renal anomalies syndrome,biolink:Disease,1,GARD:0002727,false,true,GARD
disease,GARD:0002728,Holzgreve-Wagner-Rehder syndrome,biolink:Disease,1,GARD:0002728,false,true,GARD
disease,GARD:0002730,Homocarnosinosis,biolink:Disease,1,GARD:0002730,false,true,GARD
disease,GARD:0002734,Homocystinuria due to methylene tetrahydrofolate reductase deficiency,biolink:Disease,1,GARD:0002734,false,true,GARD
disease,GARD:0002736,Hordnes Engebretsen Knudtson syndrome,biolink:Disease,1,GARD:0002736,false,true,GARD
disease,GARD:0002742,Atrioventricular defect-blepharophimosis-radial and anal defect syndrome,biolink:Disease,1,GARD:0002742,false,true,GARD
disease,GARD:0002748,Humeroradial synostosis,biolink:Disease,1,GARD:0002748,false,true,GARD
disease,GARD:0002749,Humero-radio-ulnar synostosis,biolink:Disease,1,GARD:0002749,false,true,GARD
disease,GARD:0002750,Humerus trochlea aplasia,biolink:Disease,1,GARD:0002750,false,true,GARD
disease,GARD:0002754,Hunter-McAlpine craniosynostosis,biolink:Disease,1,GARD:0002754,false,true,GARD
disease,GARD:0002756,Trigonocephaly-broad thumbs syndrome,biolink:Disease,1,GARD:0002756,false,true,GARD
disease,GARD:0002764,Cystic echinococcosis,biolink:Disease,1,GARD:0002764,false,true,GARD
disease,GARD:0002765,X-linked intellectual disability-plagiocephaly syndrome,biolink:Disease,1,GARD:0002765,false,true,GARD
disease,GARD:0002775,Hydrocephalus-obesity-hypogonadism syndrome,biolink:Disease,1,GARD:0002775,false,true,GARD
disease,GARD:0002783,Hydrops fetalis,biolink:Disease,1,GARD:0002783,false,true,GARD
disease,GARD:0002787,Hymenolepiasis,biolink:Disease,1,GARD:0002787,false,true,GARD
disease,GARD:0002788,Hyperimmunoglobulin D with periodic fever,biolink:Disease,1,GARD:0002788,false,true,GARD
disease,GARD:0002789,Familial hyperaldosteronism type II,biolink:Disease,1,GARD:0002789,false,true,GARD
disease,GARD:0002790,Glucocorticoid-remediable aldosteronism,biolink:Disease,1,GARD:0002790,false,true,GARD
disease,GARD:0002791,Lucey-Driscoll syndrome,biolink:Disease,1,GARD:0002791,false,true,GARD
disease,GARD:0002793,Dubin-Johnson syndrome,biolink:Disease,1,GARD:0002793,false,true,GARD
disease,GARD:0002796,Familial hypocalciuric hypercalcemia 1,biolink:Disease,1,GARD:0002796,false,true,GARD
disease,GARD:0002804,Hypereosinophilic syndrome,biolink:Disease,1,GARD:0002804,false,true,GARD
disease,GARD:0002806,Hereditary hyperferritinemia with congenital cataracts,biolink:Disease,1,GARD:0002806,false,true,GARD
disease,GARD:0002807,Isolated glycerol kinase deficiency,biolink:Disease,1,GARD:0002807,false,true,GARD
disease,GARD:0002811,Premature ovarian failure 1,biolink:Disease,1,GARD:0002811,false,true,GARD
disease,GARD:0002816,Combined immunodeficiency due to DOCK8 deficiency,biolink:Disease,1,GARD:0002816,false,true,GARD
disease,GARD:0002818,Hyperinsulinism due to glucokinase deficiency,biolink:Disease,1,GARD:0002818,false,true,GARD
disease,GARD:0002824,Hyperkeratosis lenticularis perstans,biolink:Disease,1,GARD:0002824,false,true,GARD
disease,GARD:0002826,"Epidermolytic palmoplantar keratoderma, 1",biolink:Disease,1,GARD:0002826,false,true,GARD
disease,GARD:0002828,Hyperlysinemia,biolink:Disease,1,GARD:0002828,false,true,GARD
disease,GARD:0002830,Hyperornithinemia-hyperammonemia-homocitrullinuria syndrome,biolink:Disease,1,GARD:0002830,false,true,GARD
disease,GARD:0002831,Hyperphosphatasemia with bone disease,biolink:Disease,1,GARD:0002831,false,true,GARD
disease,GARD:0002833,Hyperphosphatasemia tarda,biolink:Disease,1,GARD:0002833,false,true,GARD
disease,GARD:0002835,"Primary hyperoxaluria, type I",biolink:Disease,1,GARD:0002835,false,true,GARD
disease,GARD:0002836,"Primary hyperoxaluria, type II",biolink:Disease,1,GARD:0002836,false,true,GARD
disease,GARD:0002838,Neonatal severe primary hyperparathyroidism,biolink:Disease,1,GARD:0002838,false,true,GARD
disease,GARD:0002843,Pterin-4 alpha-carbinolamine dehydratase 1 deficiency,biolink:Disease,1,GARD:0002843,false,true,GARD
disease,GARD:0002844,GTP cyclohydrolase I deficiency with hyperphenylalaninemia,biolink:Disease,1,GARD:0002844,false,true,GARD
disease,GARD:0002847,Hyperprolinemia,biolink:Disease,1,GARD:0002847,false,true,GARD
disease,GARD:0002856,Maternal hyperthermia induced birth defects,biolink:Disease,1,GARD:0002856,false,true,GARD
disease,GARD:0002858,Familial hyperthyroidism due to mutations in TSH receptor,biolink:Disease,1,GARD:0002858,false,true,GARD
disease,GARD:0002863,X-linked congenital generalized hypertrichosis,biolink:Disease,1,GARD:0002863,false,true,GARD
disease,GARD:0002864,Acquired hypertrichosis lanuginosa,biolink:Disease,1,GARD:0002864,false,true,GARD
disease,GARD:0002865,Hypertrichosis lanuginosa congenita,biolink:Disease,1,GARD:0002865,false,true,GARD
disease,GARD:0002871,Familial hypertryptophanemia,biolink:Disease,1,GARD:0002871,false,true,GARD
disease,GARD:0002876,Familial hypobetalipoproteinemia 1,biolink:Disease,1,GARD:0002876,false,true,GARD
disease,GARD:0002877,Autosomal dominant hypocalcemia,biolink:Disease,1,GARD:0002877,false,true,GARD
disease,GARD:0002878,Familial hypocalciuric hypercalcemia 3,biolink:Disease,1,GARD:0002878,false,true,GARD
disease,GARD:0002882,Achondrogenesis,biolink:Disease,1,GARD:0002882,false,true,GARD
disease,GARD:0002883,Hypodermyiasis,biolink:Disease,1,GARD:0002883,false,true,GARD
disease,GARD:0002887,Familial hypofibrinogenemia,biolink:Disease,1,GARD:0002887,false,true,GARD
disease,GARD:0002897,Hypogonadotropic hypogonadism 7 with or without anosmia,biolink:Disease,1,GARD:0002897,false,true,GARD
disease,GARD:0002906,Primary hypomagnesemia,biolink:Disease,1,GARD:0002906,false,true,GARD
disease,GARD:0002907,Hypomandibular faciocranial dysostosis,biolink:Disease,1,GARD:0002907,false,true,GARD
disease,GARD:0002908,Mullerian duct anomalies-limb anomalies syndrome,biolink:Disease,1,GARD:0002908,false,true,GARD
disease,GARD:0002910,Familial hypoparathyroidism,biolink:Disease,1,GARD:0002910,false,true,GARD
disease,GARD:0002911,"Hypoparathyroidism, deafness, renal disease syndrome",biolink:Disease,1,GARD:0002911,false,true,GARD
disease,GARD:0002922,Hypoplastic right heart syndrome,biolink:Disease,1,GARD:0002922,false,true,GARD
disease,GARD:0002926,Congenital prothrombin deficiency,biolink:Disease,1,GARD:0002926,false,true,GARD
disease,GARD:0002928,"Hypospadias-intellectual disability, Goldblatt type syndrome",biolink:Disease,1,GARD:0002928,false,true,GARD
disease,GARD:0002930,Schilbach-Rott syndrome,biolink:Disease,1,GARD:0002930,false,true,GARD
disease,GARD:0002934,Congenital hypothalamic hamartoma syndrome,biolink:Disease,1,GARD:0002934,false,true,GARD
disease,GARD:0002938,Hypothyroidism due to iodide transport defect,biolink:Disease,1,GARD:0002938,false,true,GARD
disease,GARD:0002943,Hypoxanthine-guanine phosphoribosyltransferase deficiency,biolink:Disease,1,GARD:0002943,false,true,GARD
disease,GARD:0002945,"Centromeric instability of chromosomes 1,9 and 16 and immunodeficiency",biolink:Disease,1,GARD:0002945,false,true,GARD
disease,GARD:0002946,Autosomal recessive keratitis-ichthyosis-deafness syndrome,biolink:Disease,1,GARD:0002946,false,true,GARD
disease,GARD:0002952,IFAP syndrome,biolink:Disease,1,GARD:0002952,false,true,GARD
disease,GARD:0002954,Ichthyosis hystrix of Curth-Macklin,biolink:Disease,1,GARD:0002954,false,true,GARD
disease,GARD:0002960,Ichthyosis-oral and digital anomalies syndrome,biolink:Disease,1,GARD:0002960,false,true,GARD
disease,GARD:0002966,Ichthyosis bullosa of Siemens,biolink:Disease,1,GARD:0002966,false,true,GARD
disease,GARD:0002967,Ichthyosis linearis circumflexa,biolink:Disease,1,GARD:0002967,false,true,GARD
disease,GARD:0002978,Anterior segment dysgenesis 3,biolink:Disease,1,GARD:0002978,false,true,GARD
disease,GARD:0002981,Immotile cilia syndrome due to defective radial spokes,biolink:Disease,1,GARD:0002981,false,true,GARD
disease,GARD:0002982,Immotile cilia syndrome due to excessively long cilia,biolink:Disease,1,GARD:0002982,false,true,GARD
disease,GARD:0002984,"Immune deficiency, familial variable",biolink:Disease,1,GARD:0002984,false,true,GARD
disease,GARD:0002988,Short-limb skeletal dysplasia with severe combined immunodeficiency,biolink:Disease,1,GARD:0002988,false,true,GARD
disease,GARD:0002989,Imperforate oropharynx-costo vertebral anomalies syndrome,biolink:Disease,1,GARD:0002989,false,true,GARD
disease,GARD:0002992,Ito hypomelanosis,biolink:Disease,1,GARD:0002992,false,true,GARD
disease,GARD:0002995,Infant epilepsy with migrant focal crisis,biolink:Disease,1,GARD:0002995,false,true,GARD
disease,GARD:0002998,Infantile myofibromatosis,biolink:Disease,1,GARD:0002998,false,true,GARD
disease,GARD:0003002,Infantile spasms-broad thumbs syndrome,biolink:Disease,1,GARD:0003002,false,true,GARD
disease,GARD:0003005,Infundibulopelvic stenosis-multicystic kidney syndrome,biolink:Disease,1,GARD:0003005,false,true,GARD
disease,GARD:0003006,Hereditary insensitivity to pain with anhidrosis,biolink:Disease,1,GARD:0003006,false,true,GARD
disease,GARD:0003007,Mosaic variegated aneuploidy syndrome,biolink:Disease,1,GARD:0003007,false,true,GARD
disease,GARD:0003008,Insulin-resistant diabetes mellitus AND acanthosis nigricans,biolink:Disease,1,GARD:0003008,false,true,GARD
disease,GARD:0003009,Insulin-resistance syndrome type B,biolink:Disease,1,GARD:0003009,false,true,GARD
disease,GARD:0003010,Pancreatic insulin-producing neuroendocrine tumor,biolink:Disease,1,GARD:0003010,false,true,GARD
disease,GARD:0003012,Internal carotid agenesis,biolink:Disease,1,GARD:0003012,false,true,GARD
disease,GARD:0003013,Multiple gastrointestinal atresias,biolink:Disease,1,GARD:0003013,false,true,GARD
disease,GARD:0003017,"Intestinal pseudoobstruction, neuronal, chronic idiopathic, X-linked",biolink:Disease,1,GARD:0003017,false,true,GARD
disease,GARD:0003020,Cerebral arteriovenous malformation,biolink:Disease,1,GARD:0003020,false,true,GARD
disease,GARD:0003024,Hereditary intrinsic factor deficiency,biolink:Disease,1,GARD:0003024,false,true,GARD
disease,GARD:0003026,Anterior segment dysgenesis 4,biolink:Disease,1,GARD:0003026,false,true,GARD
disease,GARD:0003030,Coxopodopatellar syndrome,biolink:Disease,1,GARD:0003030,false,true,GARD
disease,GARD:0003033,Isosporiasis,biolink:Disease,1,GARD:0003033,false,true,GARD
disease,GARD:0003045,Neuronal ceroid lipofuscinosis 2,biolink:Disease,1,GARD:0003045,false,true,GARD
disease,GARD:0003047,"Spondylometaphyseal dysplasia, Kozlowski type",biolink:Disease,1,GARD:0003047,false,true,GARD
disease,GARD:0003048,Jervell and Lange-Nielsen syndrome,biolink:Disease,1,GARD:0003048,false,true,GARD
disease,GARD:0003049,Jeune thoracic dystrophy,biolink:Disease,1,GARD:0003049,false,true,GARD
disease,GARD:0003051,Aphalangy-hemivertebrae-urogenital-intestinal dysgenesis syndrome,biolink:Disease,1,GARD:0003051,false,true,GARD
disease,GARD:0003053,"Arthrogryposis-hyperkeratosis syndrome, lethal form",biolink:Disease,1,GARD:0003053,false,true,GARD
disease,GARD:0003054,"Ehlers-Danlos syndrome, familial joint laxity type",biolink:Disease,1,GARD:0003054,false,true,GARD
disease,GARD:0003055,Jones hersh yusk syndrome,biolink:Disease,1,GARD:0003055,false,true,GARD
disease,GARD:0003056,Gingival fibromatosis-progressive deafness syndrome,biolink:Disease,1,GARD:0003056,false,true,GARD
disease,GARD:0003060,Juberg-Hayward syndrome,biolink:Disease,1,GARD:0003060,false,true,GARD
disease,GARD:0003061,Judge Misch wright syndrome,biolink:Disease,1,GARD:0003061,false,true,GARD
disease,GARD:0003062,"Anterior chamber cleavage disorder, cerebellar hypoplasia, hypothyroidism, and tracheal stenosis",biolink:Disease,1,GARD:0003062,false,true,GARD
disease,GARD:0003065,Juvenile polyposis syndrome,biolink:Disease,1,GARD:0003065,false,true,GARD
disease,GARD:0003066,Congenital hypotrichosis with juvenile macular dystrophy,biolink:Disease,1,GARD:0003066,false,true,GARD
disease,GARD:0003068,Juvenile temporal arteritis,biolink:Disease,1,GARD:0003068,false,true,GARD
disease,GARD:0003070,Hypogonadotropic hypogonadism 2 with or without anosmia,biolink:Disease,1,GARD:0003070,false,true,GARD
disease,GARD:0003071,Hypogonadotropic hypogonadism 1 with or without anosmia,biolink:Disease,1,GARD:0003071,false,true,GARD
disease,GARD:0003073,Hypogonadotropic hypogonadism 3 with or without anosmia,biolink:Disease,1,GARD:0003073,false,true,GARD
disease,GARD:0003074,"Mesomelic dysplasia, Kantaputra type",biolink:Disease,1,GARD:0003074,false,true,GARD
disease,GARD:0003075,Acrocraniofacial dysostosis,biolink:Disease,1,GARD:0003075,false,true,GARD
disease,GARD:0003077,Kaposiform hemangioendothelioma,biolink:Disease,1,GARD:0003077,false,true,GARD
disease,GARD:0003078,Kapur-Toriello syndrome,biolink:Disease,1,GARD:0003078,false,true,GARD
disease,GARD:0003084,"Oculocerebrofacial syndrome, Kaufman type",biolink:Disease,1,GARD:0003084,false,true,GARD
disease,GARD:0003086,PAGOD syndrome,biolink:Disease,1,GARD:0003086,false,true,GARD
disease,GARD:0003089,Autosomal dominant keratitis,biolink:Disease,1,GARD:0003089,false,true,GARD
disease,GARD:0003090,Multiple self-healing squamous epithelioma,biolink:Disease,1,GARD:0003090,false,true,GARD
disease,GARD:0003092,Mutilating keratoderma,biolink:Disease,1,GARD:0003092,false,true,GARD
disease,GARD:0003094,Palmoplantar keratoderma-deafness syndrome,biolink:Disease,1,GARD:0003094,false,true,GARD
disease,GARD:0003095,Palmoplantar keratoderma-spastic paralysis syndrome,biolink:Disease,1,GARD:0003095,false,true,GARD
disease,GARD:0003096,Transgrediens et progrediens palmoplantar keratoderma,biolink:Disease,1,GARD:0003096,false,true,GARD
disease,GARD:0003098,Focal palmoplantar and gingival keratoderma,biolink:Disease,1,GARD:0003098,false,true,GARD
disease,GARD:0003099,Keratosis follicularis-dwarfism-cerebral atrophy syndrome,biolink:Disease,1,GARD:0003099,false,true,GARD
disease,GARD:0003100,Papillon-Lefèvre syndrome,biolink:Disease,1,GARD:0003100,false,true,GARD
disease,GARD:0003102,Palmoplantar keratoderma-esophageal carcinoma syndrome,biolink:Disease,1,GARD:0003102,false,true,GARD
disease,GARD:0003103,Punctate palmoplantar keratoderma type 1,biolink:Disease,1,GARD:0003103,false,true,GARD
disease,GARD:0003105,Tyrosinemia type II,biolink:Disease,1,GARD:0003105,false,true,GARD
disease,GARD:0003109,Kerion celsi,biolink:Disease,1,GARD:0003109,false,true,GARD
disease,GARD:0003112,Anaplastic large cell lymphoma,biolink:Disease,1,GARD:0003112,false,true,GARD
disease,GARD:0003113,Keratitis ichthyosis and deafness syndrome,biolink:Disease,1,GARD:0003113,false,true,GARD
disease,GARD:0003115,Cloverleaf skull syndrome,biolink:Disease,1,GARD:0003115,false,true,GARD
disease,GARD:0003117,Kleine-Levin syndrome,biolink:Disease,1,GARD:0003117,false,true,GARD
disease,GARD:0003118,Hallux varus-preaxial polysyndactyly syndrome,biolink:Disease,1,GARD:0003118,false,true,GARD
disease,GARD:0003122,Angioosteohypertrophic syndrome,biolink:Disease,1,GARD:0003122,false,true,GARD
disease,GARD:0003123,Klumpke-Déjerine paralysis,biolink:Disease,1,GARD:0003123,false,true,GARD
disease,GARD:0003124,Lethal Kniest-like dysplasia,biolink:Disease,1,GARD:0003124,false,true,GARD
disease,GARD:0003125,"Knuckle pads, deafness AND leukonychia syndrome",biolink:Disease,1,GARD:0003125,false,true,GARD
disease,GARD:0003126,"Familial partial lipodystrophy, Dunnigan type",biolink:Disease,1,GARD:0003126,false,true,GARD
disease,GARD:0003128,Amelocerebrohypohidrotic syndrome,biolink:Disease,1,GARD:0003128,false,true,GARD
disease,GARD:0003129,Hereditary hyperekplexia,biolink:Disease,1,GARD:0003129,false,true,GARD
disease,GARD:0003134,Kotzot-Richter syndrome,biolink:Disease,1,GARD:0003134,false,true,GARD
disease,GARD:0003141,Intellectual disability-polydactyly-uncombable hair syndrome,biolink:Disease,1,GARD:0003141,false,true,GARD
disease,GARD:0003150,Arthrogryposis-like syndrome,biolink:Disease,1,GARD:0003150,false,true,GARD
disease,GARD:0003152,Kuster syndrome,biolink:Disease,1,GARD:0003152,false,true,GARD
disease,GARD:0003159,Glycogen storage disease due to lactate dehydrogenase deficiency,biolink:Disease,1,GARD:0003159,false,true,GARD
disease,GARD:0003160,Glycogen storage disease due to lactate dehydrogenase M-subunit deficiency,biolink:Disease,1,GARD:0003160,false,true,GARD
disease,GARD:0003161,Glycogen storage disease due to lactate dehydrogenase H-subunit deficiency,biolink:Disease,1,GARD:0003161,false,true,GARD
disease,GARD:0003163,Mitochondrial DNA depletion syndrome 9,biolink:Disease,1,GARD:0003163,false,true,GARD
disease,GARD:0003169,Lambert syndrome,biolink:Disease,1,GARD:0003169,false,true,GARD
disease,GARD:0003170,Autosomal recessive congenital ichthyosis 1,biolink:Disease,1,GARD:0003170,false,true,GARD
disease,GARD:0003178,"Malignant lymphoma, large B-cell, diffuse",biolink:Disease,1,GARD:0003178,false,true,GARD
disease,GARD:0003181,Lethal Larsen-like syndrome,biolink:Disease,1,GARD:0003181,false,true,GARD
disease,GARD:0003188,Laryngotracheoesophageal cleft,biolink:Disease,1,GARD:0003188,false,true,GARD
disease,GARD:0003191,Laryngocele,biolink:Disease,1,GARD:0003191,false,true,GARD
disease,GARD:0003194,Laryngeal atresia,biolink:Disease,1,GARD:0003194,false,true,GARD
disease,GARD:0003195,Graham Little-Piccardi-Lassueur syndrome,biolink:Disease,1,GARD:0003195,false,true,GARD
disease,GARD:0003196,Retinal cone dystrophy type 1,biolink:Disease,1,GARD:0003196,false,true,GARD
disease,GARD:0003198,"Laterality defects, autosomal dominant",biolink:Disease,1,GARD:0003198,false,true,GARD
disease,GARD:0003203,Early-onset parkinsonism-intellectual disability syndrome,biolink:Disease,1,GARD:0003203,false,true,GARD
disease,GARD:0003212,Branchiooculofacial syndrome,biolink:Disease,1,GARD:0003212,false,true,GARD
disease,GARD:0003223,Lenz-Majewski hyperostosis syndrome,biolink:Disease,1,GARD:0003223,false,true,GARD
disease,GARD:0003224,Leri-Weill dyschondrosteosis,biolink:Disease,1,GARD:0003224,false,true,GARD
disease,GARD:0003226,"Lethal chondrodysplasia, Seller type",biolink:Disease,1,GARD:0003226,false,true,GARD
disease,GARD:0003227,Lethal congenital contracture syndrome 1,biolink:Disease,1,GARD:0003227,false,true,GARD
disease,GARD:0003228,Maple syrup urine disease,biolink:Disease,1,GARD:0003228,false,true,GARD
disease,GARD:0003230,Metachromatic leukodystrophy,biolink:Disease,1,GARD:0003230,false,true,GARD
disease,GARD:0003231,Ravine syndrome,biolink:Disease,1,GARD:0003231,false,true,GARD
disease,GARD:0003232,Leukoencephalopathy-palmoplantar keratoderma syndrome,biolink:Disease,1,GARD:0003232,false,true,GARD
disease,GARD:0003236,Ophthalmoplegia-intellectual disability-lingua scrotalis syndrome,biolink:Disease,1,GARD:0003236,false,true,GARD
disease,GARD:0003242,Autosomal dominant popliteal pterygium syndrome,biolink:Disease,1,GARD:0003242,false,true,GARD
disease,GARD:0003244,Leydig cell hypoplasia,biolink:Disease,1,GARD:0003244,false,true,GARD
disease,GARD:0003247,Lichen planopilaris,biolink:Disease,1,GARD:0003247,false,true,GARD
disease,GARD:0003248,Lichtenstein syndrome,biolink:Disease,1,GARD:0003248,false,true,GARD
disease,GARD:0003249,Iida Kannari syndrome,biolink:Disease,1,GARD:0003249,false,true,GARD
disease,GARD:0003251,Limb body wall complex,biolink:Disease,1,GARD:0003251,false,true,GARD
disease,GARD:0003252,Split hand-foot malformation 3,biolink:Disease,1,GARD:0003252,false,true,GARD
disease,GARD:0003259,Linear verrucous nevus syndrome,biolink:Disease,1,GARD:0003259,false,true,GARD
disease,GARD:0003262,Neutral lipid storage disease,biolink:Disease,1,GARD:0003262,false,true,GARD
disease,GARD:0003263,Pyruvate dehydrogenase E3 deficiency,biolink:Disease,1,GARD:0003263,false,true,GARD
disease,GARD:0003268,Lipid proteinosis,biolink:Disease,1,GARD:0003268,false,true,GARD
disease,GARD:0003277,Cobblestone lissencephaly,biolink:Disease,1,GARD:0003277,false,true,GARD
disease,GARD:0003283,Loiasis,biolink:Disease,1,GARD:0003283,false,true,GARD
disease,GARD:0003285,Long QT syndrome 2,biolink:Disease,1,GARD:0003285,false,true,GARD
disease,GARD:0003286,Long QT syndrome 3,biolink:Disease,1,GARD:0003286,false,true,GARD
disease,GARD:0003287,Loose anagen hair syndrome,biolink:Disease,1,GARD:0003287,false,true,GARD
disease,GARD:0003295,Lowe syndrome,biolink:Disease,1,GARD:0003295,false,true,GARD
disease,GARD:0003300,Lowry-MacLean syndrome,biolink:Disease,1,GARD:0003300,false,true,GARD
disease,GARD:0003303,Cystic fibrosis-gastritis-megaloblastic anemia syndrome,biolink:Disease,1,GARD:0003303,false,true,GARD
disease,GARD:0003307,X-linked intellectual disability with marfanoid habitus,biolink:Disease,1,GARD:0003307,false,true,GARD
disease,GARD:0003314,Cerebellar ataxia-hypogonadism syndrome,biolink:Disease,1,GARD:0003314,false,true,GARD
disease,GARD:0003318,Hennekam lymphangiectasia-lymphedema syndrome,biolink:Disease,1,GARD:0003318,false,true,GARD
disease,GARD:0003319,Lung lymphangioleiomyomatosis,biolink:Disease,1,GARD:0003319,false,true,GARD
disease,GARD:0003321,Filarial elephantiasis,biolink:Disease,1,GARD:0003321,false,true,GARD
disease,GARD:0003324,Lymphedema praecox,biolink:Disease,1,GARD:0003324,false,true,GARD
disease,GARD:0003328,Hereditary lymphedema type I,biolink:Disease,1,GARD:0003328,false,true,GARD
disease,GARD:0003329,Lymphoblastic lymphoma,biolink:Disease,1,GARD:0003329,false,true,GARD
disease,GARD:0003335,Lysinuric protein intolerance,biolink:Disease,1,GARD:0003335,false,true,GARD
disease,GARD:0003342,Macroglossia,biolink:Disease,1,GARD:0003342,false,true,GARD
disease,GARD:0003343,Beckwith-Wiedemann syndrome,biolink:Disease,1,GARD:0003343,false,true,GARD
disease,GARD:0003347,Hypo- and hypermelanotic cutaneous macules-retarded growth-intellectual disability syndrome,biolink:Disease,1,GARD:0003347,false,true,GARD
disease,GARD:0003348,"Blepharophimosis - intellectual disability syndrome, Ohdo type",biolink:Disease,1,GARD:0003348,false,true,GARD
disease,GARD:0003350,Renal hypomagnesemia 2,biolink:Disease,1,GARD:0003350,false,true,GARD
disease,GARD:0003356,Male pseudohermaphroditism due to defective lh molecule,biolink:Disease,1,GARD:0003356,false,true,GARD
disease,GARD:0003360,Malignant germ cell tumor,biolink:Disease,1,GARD:0003360,false,true,GARD
disease,GARD:0003361,Multiple pterygium-malignant hyperthermia syndrome,biolink:Disease,1,GARD:0003361,false,true,GARD
disease,GARD:0003371,Deficiency of malonyl-CoA decarboxylase,biolink:Disease,1,GARD:0003371,false,true,GARD
disease,GARD:0003373,Dilated cardiomyopathy-hypergonadotropic hypogonadism syndrome,biolink:Disease,1,GARD:0003373,false,true,GARD
disease,GARD:0003374,Mandibuloacral dysplasia with type A lipodystrophy,biolink:Disease,1,GARD:0003374,false,true,GARD
disease,GARD:0003378,Lung agenesis-heart defect-thumb anomalies syndrome,biolink:Disease,1,GARD:0003378,false,true,GARD
disease,GARD:0003382,Van den Ende-Gupta syndrome,biolink:Disease,1,GARD:0003382,false,true,GARD
disease,GARD:0003388,Marfanoid habitus-autosomal recessive intellectual disability syndrome,biolink:Disease,1,GARD:0003388,false,true,GARD
disease,GARD:0003390,Marie Unna syndrome,biolink:Disease,1,GARD:0003390,false,true,GARD
disease,GARD:0003395,Oculotrichoanal syndrome,biolink:Disease,1,GARD:0003395,false,true,GARD
disease,GARD:0003396,Osteocraniostenosis,biolink:Disease,1,GARD:0003396,false,true,GARD
disease,GARD:0003399,Lethal recessive chondrodysplasia,biolink:Disease,1,GARD:0003399,false,true,GARD
disease,GARD:0003401,"Diverticulosis of bowel, hernia, and retinal detachment",biolink:Disease,1,GARD:0003401,false,true,GARD
disease,GARD:0003406,Martsolf syndrome 1,biolink:Disease,1,GARD:0003406,false,true,GARD
disease,GARD:0003407,Massa casaer ceulemans syndrome,biolink:Disease,1,GARD:0003407,false,true,GARD
disease,GARD:0003409,Hennekam-Beemer syndrome,biolink:Disease,1,GARD:0003409,false,true,GARD
disease,GARD:0003413,Maternal phenylketonuria,biolink:Disease,1,GARD:0003413,false,true,GARD
disease,GARD:0003424,McDonough syndrome,biolink:Disease,1,GARD:0003424,false,true,GARD
disease,GARD:0003426,"Familial scaphocephaly syndrome, McGillivray type",biolink:Disease,1,GARD:0003426,false,true,GARD
disease,GARD:0003427,McKusick-Kaufman syndrome,biolink:Disease,1,GARD:0003427,false,true,GARD
disease,GARD:0003430,Cleft lip/palate-intestinal malrotation-cardiopathy syndrome,biolink:Disease,1,GARD:0003430,false,true,GARD
disease,GARD:0003432,Meacham syndrome,biolink:Disease,1,GARD:0003432,false,true,GARD
disease,GARD:0003436,Meckel-Gruber syndrome,biolink:Disease,1,GARD:0003436,false,true,GARD
disease,GARD:0003438,Dysraphism-cleft lip/palate-limb reduction defects syndrome,biolink:Disease,1,GARD:0003438,false,true,GARD
disease,GARD:0003439,Pai syndrome,biolink:Disease,1,GARD:0003439,false,true,GARD
disease,GARD:0003440,Median nodule of the upper lip,biolink:Disease,1,GARD:0003440,false,true,GARD
disease,GARD:0003443,Hereditary hollow viscus myopathy,biolink:Disease,1,GARD:0003443,false,true,GARD
disease,GARD:0003445,Megalencephalic leukoencephalopathy with subcortical cysts,biolink:Disease,1,GARD:0003445,false,true,GARD
disease,GARD:0003448,Megalocornea-intellectual disability syndrome,biolink:Disease,1,GARD:0003448,false,true,GARD
disease,GARD:0003449,Delayed speech-facial asymmetry-strabismus-ear lobe creases syndrome,biolink:Disease,1,GARD:0003449,false,true,GARD
disease,GARD:0003450,Mehta lewis patton syndrome,biolink:Disease,1,GARD:0003450,false,true,GARD
disease,GARD:0003451,Renal hypomagnesemia 5 with ocular involvement,biolink:Disease,1,GARD:0003451,false,true,GARD
disease,GARD:0003460,Familial melanoma,biolink:Disease,1,GARD:0003460,false,true,GARD
disease,GARD:0003462,Melhem-Fahl syndrome,biolink:Disease,1,GARD:0003462,false,true,GARD
disease,GARD:0003475,Myelomeningocele,biolink:Disease,1,GARD:0003475,false,true,GARD
disease,GARD:0003480,Cerebrooculonasal syndrome,biolink:Disease,1,GARD:0003480,false,true,GARD
disease,GARD:0003482,Severe microbrachycephaly-intellectual disability-athetoid cerebral palsy syndrome,biolink:Disease,1,GARD:0003482,false,true,GARD
disease,GARD:0003485,"Intellectual disability, Buenos-Aires type",biolink:Disease,1,GARD:0003485,false,true,GARD
disease,GARD:0003491,Hernández-Aguirre Negrete syndrome,biolink:Disease,1,GARD:0003491,false,true,GARD
disease,GARD:0003505,Severe intellectual disability-progressive spastic diplegia syndrome,biolink:Disease,1,GARD:0003505,false,true,GARD
disease,GARD:0003506,X-linked intellectual disability-psychosis-macroorchidism syndrome,biolink:Disease,1,GARD:0003506,false,true,GARD
disease,GARD:0003514,Intellectual disability-short stature-hypertelorism syndrome,biolink:Disease,1,GARD:0003514,false,true,GARD
disease,GARD:0003519,Metaphyseal acroscyphodysplasia,biolink:Disease,1,GARD:0003519,false,true,GARD
disease,GARD:0003520,Skeletal dysplasia-intellectual disability syndrome,biolink:Disease,1,GARD:0003520,false,true,GARD
disease,GARD:0003521,"Intellectual disability-hypotonic facies syndrome, X-linked, 1",biolink:Disease,1,GARD:0003521,false,true,GARD
disease,GARD:0003523,Intellectual disability-spasticity-ectrodactyly syndrome,biolink:Disease,1,GARD:0003523,false,true,GARD
disease,GARD:0003524,Mietens syndrome,biolink:Disease,1,GARD:0003524,false,true,GARD
disease,GARD:0003530,"Intellectual disability, Wolff type",biolink:Disease,1,GARD:0003530,false,true,GARD
disease,GARD:0003531,Brunner syndrome,biolink:Disease,1,GARD:0003531,false,true,GARD
disease,GARD:0003537,Atkin-Flaitz syndrome,biolink:Disease,1,GARD:0003537,false,true,GARD
disease,GARD:0003552,Mesomelic dwarfism-cleft palate-camptodactyly syndrome,biolink:Disease,1,GARD:0003552,false,true,GARD
disease,GARD:0003553,Langer mesomelic dysplasia syndrome,biolink:Disease,1,GARD:0003553,false,true,GARD
disease,GARD:0003554,"Mesomelic dwarfism, Nievergelt type",biolink:Disease,1,GARD:0003554,false,true,GARD
disease,GARD:0003555,"Mesomelic dwarfism, Reinhardt-Pfeiffer type",biolink:Disease,1,GARD:0003555,false,true,GARD
disease,GARD:0003559,Syndactyly type 8,biolink:Disease,1,GARD:0003559,false,true,GARD
disease,GARD:0003560,Metachondromatosis,biolink:Disease,1,GARD:0003560,false,true,GARD
disease,GARD:0003562,Metaphyseal anadysplasia,biolink:Disease,1,GARD:0003562,false,true,GARD
disease,GARD:0003563,"Metaphyseal chondrodysplasia, Spahr type",biolink:Disease,1,GARD:0003563,false,true,GARD
disease,GARD:0003566,Metaphyseal dysostosis-intellectual disability-conductive deafness syndrome,biolink:Disease,1,GARD:0003566,false,true,GARD
disease,GARD:0003568,Metaphyseal dysplasia-maxillary hypoplasia-brachydacty syndrome,biolink:Disease,1,GARD:0003568,false,true,GARD
disease,GARD:0003571,Metatropic dysplasia,biolink:Disease,1,GARD:0003571,false,true,GARD
disease,GARD:0003575,Fetal methylmercury syndrome,biolink:Disease,1,GARD:0003575,false,true,GARD
disease,GARD:0003577,Methylcobalamin deficiency type cblG,biolink:Disease,1,GARD:0003577,false,true,GARD
disease,GARD:0003579,Methylmalonic aciduria and homocystinuria,biolink:Disease,1,GARD:0003579,false,true,GARD
disease,GARD:0003586,Methylmalonic aciduria due to methylmalonyl-CoA mutase deficiency,biolink:Disease,1,GARD:0003586,false,true,GARD
disease,GARD:0003588,Mevalonic aciduria,biolink:Disease,1,GARD:0003588,false,true,GARD
disease,GARD:0003589,Michelin-tire baby,biolink:Disease,1,GARD:0003589,false,true,GARD
disease,GARD:0003596,Microbrachycephaly-ptosis-cleft lip syndrome,biolink:Disease,1,GARD:0003596,false,true,GARD
disease,GARD:0003602,"Microcephalic primordial dwarfism, Toriello type",biolink:Disease,1,GARD:0003602,false,true,GARD
disease,GARD:0003603,Isolated congenital microcephaly,biolink:Disease,1,GARD:0003603,false,true,GARD
disease,GARD:0003604,Microcephaly-albinism-digital anomalies syndrome,biolink:Disease,1,GARD:0003604,false,true,GARD
disease,GARD:0003605,Autosomal dominant primary microcephaly,biolink:Disease,1,GARD:0003605,false,true,GARD
disease,GARD:0003607,Microcephaly-brain defect-spasticity-hypernatremia syndrome,biolink:Disease,1,GARD:0003607,false,true,GARD
disease,GARD:0003609,Microcephalus cardiomyopathy syndrome,biolink:Disease,1,GARD:0003609,false,true,GARD
disease,GARD:0003610,Microcephaly-cervical spine fusion anomalies syndrome,biolink:Disease,1,GARD:0003610,false,true,GARD
disease,GARD:0003611,Microcephaly and chorioretinopathy,biolink:Disease,1,GARD:0003611,false,true,GARD
disease,GARD:0003615,Microcephaly-glomerulonephritis-marfanoid habitus syndrome,biolink:Disease,1,GARD:0003615,false,true,GARD
disease,GARD:0003617,Mikati-Najjar-Sahli syndrome,biolink:Disease,1,GARD:0003617,false,true,GARD
disease,GARD:0003622,"Microcephaly with or without chorioretinopathy, lymphedema, or intellectual disability",biolink:Disease,1,GARD:0003622,false,true,GARD
disease,GARD:0003627,"Microcephaly-microcornea syndrome, Seemanova type",biolink:Disease,1,GARD:0003627,false,true,GARD
disease,GARD:0003628,Microcephaly micropenis convulsions,biolink:Disease,1,GARD:0003628,false,true,GARD
disease,GARD:0003630,Isolated microcephaly,biolink:Disease,1,GARD:0003630,false,true,GARD
disease,GARD:0003635,Congenital miosis,biolink:Disease,1,GARD:0003635,false,true,GARD
disease,GARD:0003637,Microcornea-glaucoma-absent frontal sinuses syndrome,biolink:Disease,1,GARD:0003637,false,true,GARD
disease,GARD:0003638,Microdontia hypodontia short stature,biolink:Disease,1,GARD:0003638,false,true,GARD
disease,GARD:0003640,Microgastria-limb reduction defect syndrome,biolink:Disease,1,GARD:0003640,false,true,GARD
disease,GARD:0003643,Autosomal dominant omodysplasia,biolink:Disease,1,GARD:0003643,false,true,GARD
disease,GARD:0003644,"Microphthalmia, isolated, with coloboma",biolink:Disease,1,GARD:0003644,false,true,GARD
disease,GARD:0003645,Microphthalmia with brain and digit anomalies,biolink:Disease,1,GARD:0003645,false,true,GARD
disease,GARD:0003650,Microphthalmia microtia fetal akinesia,biolink:Disease,1,GARD:0003650,false,true,GARD
disease,GARD:0003652,Microscopic polyangiitis,biolink:Disease,1,GARD:0003652,false,true,GARD
disease,GARD:0003653,Oculoauriculovertebral spectrum with radial defects,biolink:Disease,1,GARD:0003653,false,true,GARD
disease,GARD:0003655,Microsporidiosis,biolink:Disease,1,GARD:0003655,false,true,GARD
disease,GARD:0003659,Linear skin defects with multiple congenital anomalies,biolink:Disease,1,GARD:0003659,false,true,GARD
disease,GARD:0003668,Miller Fisher syndrome,biolink:Disease,1,GARD:0003668,false,true,GARD
disease,GARD:0003669,Miller Dieker syndrome,biolink:Disease,1,GARD:0003669,false,true,GARD
disease,GARD:0003671,Maternally-inherited Leigh syndrome,biolink:Disease,1,GARD:0003671,false,true,GARD
disease,GARD:0003672,Hemolytic anemia due to hexokinase deficiency,biolink:Disease,1,GARD:0003672,false,true,GARD
disease,GARD:0003681,"Mitochondrial DNA depletion syndrome, encephalomyopathic form with methylmalonic aciduria",biolink:Disease,1,GARD:0003681,false,true,GARD
disease,GARD:0003682,Mitochondrial myopathy-lactic acidosis-deafness syndrome,biolink:Disease,1,GARD:0003682,false,true,GARD
disease,GARD:0003684,Mitochondrial trifunctional protein deficiency,biolink:Disease,1,GARD:0003684,false,true,GARD
disease,GARD:0003685,Mitral atresia disorder,biolink:Disease,1,GARD:0003685,false,true,GARD
disease,GARD:0003687,Familial mitral valve prolapse,biolink:Disease,1,GARD:0003687,false,true,GARD
disease,GARD:0003688,MVP1,biolink:Disease,1,GARD:0003688,false,true,GARD
disease,GARD:0003690,Melorheostosis with osteopoikilosis,biolink:Disease,1,GARD:0003690,false,true,GARD
disease,GARD:0003692,Syndromic microphthalmia type 5,biolink:Disease,1,GARD:0003692,false,true,GARD
disease,GARD:0003693,MMEP syndrome,biolink:Disease,1,GARD:0003693,false,true,GARD
disease,GARD:0003697,Maturity-onset diabetes of the young,biolink:Disease,1,GARD:0003697,false,true,GARD
disease,GARD:0003698,Moebius syndrome-axonal neuropathy-hypogonadotropic hypogonadism syndrome,biolink:Disease,1,GARD:0003698,false,true,GARD
disease,GARD:0003699,Fryns syndrome,biolink:Disease,1,GARD:0003699,false,true,GARD
disease,GARD:0003701,Mohr syndrome,biolink:Disease,1,GARD:0003701,false,true,GARD
disease,GARD:0003704,Choroidal atrophy-alopecia syndrome,biolink:Disease,1,GARD:0003704,false,true,GARD
disease,GARD:0003705,Combined molybdoflavoprotein enzyme deficiency,biolink:Disease,1,GARD:0003705,false,true,GARD
disease,GARD:0003707,Tetramelic monodactyly,biolink:Disease,1,GARD:0003707,false,true,GARD
disease,GARD:0003711,Distal 10q deletion syndrome,biolink:Disease,1,GARD:0003711,false,true,GARD
disease,GARD:0003726,Chromosome 18 mosaic monosomy,biolink:Disease,1,GARD:0003726,false,true,GARD
disease,GARD:0003738,Chromosome 1q41-q42 deletion syndrome,biolink:Disease,1,GARD:0003738,false,true,GARD
disease,GARD:0003746,2q24 microdeletion syndrome,biolink:Disease,1,GARD:0003746,false,true,GARD
disease,GARD:0003750,3p- syndrome,biolink:Disease,1,GARD:0003750,false,true,GARD
disease,GARD:0003764,Chromosome 6q24-q25 deletion syndrome,biolink:Disease,1,GARD:0003764,false,true,GARD
disease,GARD:0003769,8p23.1 microdeletion syndrome,biolink:Disease,1,GARD:0003769,false,true,GARD
disease,GARD:0003773,Chromosome 9p deletion syndrome,biolink:Disease,1,GARD:0003773,false,true,GARD
disease,GARD:0003785,"Mucopolysaccharidosis, MPS-IV-A",biolink:Disease,1,GARD:0003785,false,true,GARD
disease,GARD:0003786,"Mucopolysaccharidosis, MPS-IV-B",biolink:Disease,1,GARD:0003786,false,true,GARD
disease,GARD:0003787,VIPoma,biolink:Disease,1,GARD:0003787,false,true,GARD
disease,GARD:0003788,Holoprosencephaly-hypokinesia-congenital contractures syndrome,biolink:Disease,1,GARD:0003788,false,true,GARD
disease,GARD:0003791,Peripheral motor neuropathy-dysautonomia syndrome,biolink:Disease,1,GARD:0003791,false,true,GARD
disease,GARD:0003793,Congenital tracheobronchomegaly,biolink:Disease,1,GARD:0003793,false,true,GARD
disease,GARD:0003795,Spastic ataxia-corneal dystrophy syndrome,biolink:Disease,1,GARD:0003795,false,true,GARD
disease,GARD:0003807,Sanfilippo syndrome,biolink:Disease,1,GARD:0003807,false,true,GARD
disease,GARD:0003818,Multicentric carpo-tarsal osteolysis with or without nephropathy,biolink:Disease,1,GARD:0003818,false,true,GARD
disease,GARD:0003824,Multiple carboxylase deficiency,biolink:Disease,1,GARD:0003824,false,true,GARD
disease,GARD:0003829,"Multiple endocrine neoplasia, type 1",biolink:Disease,1,GARD:0003829,false,true,GARD
disease,GARD:0003830,"Multiple endocrine neoplasia, type 2",biolink:Disease,1,GARD:0003830,false,true,GARD
disease,GARD:0003831,Familial multiple fibrofolliculoma,biolink:Disease,1,GARD:0003831,false,true,GARD
disease,GARD:0003834,Lethal multiple pterygium syndrome,biolink:Disease,1,GARD:0003834,false,true,GARD
disease,GARD:0003836,Multiple synostosis syndrome,biolink:Disease,1,GARD:0003836,false,true,GARD
disease,GARD:0003843,Merosin deficient congenital muscular dystrophy,biolink:Disease,1,GARD:0003843,false,true,GARD
disease,GARD:0003844,Sarcotubular myopathy,biolink:Disease,1,GARD:0003844,false,true,GARD
disease,GARD:0003851,Autosomal recessive limb-girdle muscular dystrophy type 2E,biolink:Disease,1,GARD:0003851,false,true,GARD
disease,GARD:0003854,Muscular dystrophy-white matter spongiosis syndrome,biolink:Disease,1,GARD:0003854,false,true,GARD
disease,GARD:0003858,Glycogen storage disease IXd,biolink:Disease,1,GARD:0003858,false,true,GARD
disease,GARD:0003862,Mycetoma,biolink:Disease,1,GARD:0003862,false,true,GARD
disease,GARD:0003863,Mycosis fungoides,biolink:Disease,1,GARD:0003863,false,true,GARD
disease,GARD:0003865,Ataxia-pancytopenia syndrome,biolink:Disease,1,GARD:0003865,false,true,GARD
disease,GARD:0003868,Myeloperoxidase deficiency,biolink:Disease,1,GARD:0003868,false,true,GARD
disease,GARD:0003872,Progressive myoclonic epilepsy type 6,biolink:Disease,1,GARD:0003872,false,true,GARD
disease,GARD:0003873,Myoclonus-cerebellar ataxia-deafness syndrome,biolink:Disease,1,GARD:0003873,false,true,GARD
disease,GARD:0003875,Spinal muscular atrophy-progressive myoclonic epilepsy syndrome,biolink:Disease,1,GARD:0003875,false,true,GARD
disease,GARD:0003876,Unverricht-Lundborg syndrome,biolink:Disease,1,GARD:0003876,false,true,GARD
disease,GARD:0003879,"Myoglobinuria, recurrent",biolink:Disease,1,GARD:0003879,false,true,GARD
disease,GARD:0003881,Mitochondrial myopathy with diabetes,biolink:Disease,1,GARD:0003881,false,true,GARD
disease,GARD:0003884,Myopathy with tubular aggregates,biolink:Disease,1,GARD:0003884,false,true,GARD
disease,GARD:0003885,"Myopathy, lactic acidosis, and sideroblastic anemia",biolink:Disease,1,GARD:0003885,false,true,GARD
disease,GARD:0003889,Congenital nonprogressive myopathy with Moebius and Robin sequences,biolink:Disease,1,GARD:0003889,false,true,GARD
disease,GARD:0003892,X-linked myopathy with excessive autophagy,biolink:Disease,1,GARD:0003892,false,true,GARD
disease,GARD:0003896,Inclusion body myositis,biolink:Disease,1,GARD:0003896,false,true,GARD
disease,GARD:0003902,N syndrome,biolink:Disease,1,GARD:0003902,false,true,GARD
disease,GARD:0003903,Alpha-N-acetylgalactosaminidase deficiency type 3,biolink:Disease,1,GARD:0003903,false,true,GARD
disease,GARD:0003904,"Microcephaly, normal intelligence and immunodeficiency",biolink:Disease,1,GARD:0003904,false,true,GARD
disease,GARD:0003908,Mitochondrial complex I deficiency,biolink:Disease,1,GARD:0003908,false,true,GARD
disease,GARD:0003909,Methemoglobin reductase deficiency,biolink:Disease,1,GARD:0003909,false,true,GARD
disease,GARD:0003912,Naegeli-Franceschetti-Jadassohn syndrome,biolink:Disease,1,GARD:0003912,false,true,GARD
disease,GARD:0003916,Proteasome-associated autoinflammatory syndrome 1,biolink:Disease,1,GARD:0003916,false,true,GARD
disease,GARD:0003919,Isolated growth hormone deficiency type IB,biolink:Disease,1,GARD:0003919,false,true,GARD
disease,GARD:0003921,X-linked agammaglobulinemia with growth hormone deficiency,biolink:Disease,1,GARD:0003921,false,true,GARD
disease,GARD:0003924,Growth hormone insensitivity syndrome,biolink:Disease,1,GARD:0003924,false,true,GARD
disease,GARD:0003927,Nasopalpebral lipoma-coloboma syndrome,biolink:Disease,1,GARD:0003927,false,true,GARD
disease,GARD:0003928,"Visceral neuropathy, familial, 1, autosomal recessive",biolink:Disease,1,GARD:0003928,false,true,GARD
disease,GARD:0003929,Nathalie syndrome,biolink:Disease,1,GARD:0003929,false,true,GARD
disease,GARD:0003931,Rheumatoid factor-negative juvenile idiopathic arthritis,biolink:Disease,1,GARD:0003931,false,true,GARD
disease,GARD:0003936,Perlman syndrome,biolink:Disease,1,GARD:0003936,false,true,GARD
disease,GARD:0003940,Nephropathy - deafness - hyperparathyroidism syndrome,biolink:Disease,1,GARD:0003940,false,true,GARD
disease,GARD:0003943,Nephrosis-deafness-urinary tract-digital malformations syndrome,biolink:Disease,1,GARD:0003943,false,true,GARD
disease,GARD:0003946,Familial idiopathic steroid-resistant nephrotic syndrome,biolink:Disease,1,GARD:0003946,false,true,GARD
disease,GARD:0003947,Congenital isolated hyperinsulinism,biolink:Disease,1,GARD:0003947,false,true,GARD
disease,GARD:0003949,"Encephalopathy, recurrent, of childhood",biolink:Disease,1,GARD:0003949,false,true,GARD
disease,GARD:0003953,Combined deficiency of sialidase AND beta galactosidase,biolink:Disease,1,GARD:0003953,false,true,GARD
disease,GARD:0003955,Amyotrophic neuralgia,biolink:Disease,1,GARD:0003955,false,true,GARD
disease,GARD:0003956,Chorea-acanthocytosis,biolink:Disease,1,GARD:0003956,false,true,GARD
disease,GARD:0003957,Infantile neuroaxonal dystrophy,biolink:Disease,1,GARD:0003957,false,true,GARD
disease,GARD:0003959,Neuroectodermal-endocrine syndrome,biolink:Disease,1,GARD:0003959,false,true,GARD
disease,GARD:0003963,Neuroepithelioma,biolink:Disease,1,GARD:0003963,false,true,GARD
disease,GARD:0003964,Neurofaciodigitorenal syndrome,biolink:Disease,1,GARD:0003964,false,true,GARD
disease,GARD:0003967,"Cafe au lait spots, multiple",biolink:Disease,1,GARD:0003967,false,true,GARD
disease,GARD:0003971,Neuronal intranuclear inclusion disease,biolink:Disease,1,GARD:0003971,false,true,GARD
disease,GARD:0003972,Mitochondrial DNA depletion syndrome 6 (hepatocerebral type),biolink:Disease,1,GARD:0003972,false,true,GARD
disease,GARD:0003973,Charcot-Marie-Tooth disease type 4D,biolink:Disease,1,GARD:0003973,false,true,GARD
disease,GARD:0003976,Hereditary sensory and autonomic neuropathy type 2,biolink:Disease,1,GARD:0003976,false,true,GARD
disease,GARD:0003979,Triglyceride storage disease with ichthyosis,biolink:Disease,1,GARD:0003979,false,true,GARD
disease,GARD:0003981,X-linked severe congenital neutropenia,biolink:Disease,1,GARD:0003981,false,true,GARD
disease,GARD:0003982,Neutropenia-monocytopenia-deafness syndrome,biolink:Disease,1,GARD:0003982,false,true,GARD
disease,GARD:0003986,Familial multiple nevi flammei,biolink:Disease,1,GARD:0003986,false,true,GARD
disease,GARD:0003992,"Niemann-Pick disease, type C2",biolink:Disease,1,GARD:0003992,false,true,GARD
disease,GARD:0003994,Night blindness-skeletal anomalies-dysmorphism syndrome,biolink:Disease,1,GARD:0003994,false,true,GARD
disease,GARD:0003995,X-linked congenital stationary night blindness,biolink:Disease,1,GARD:0003995,false,true,GARD
disease,GARD:0003999,Ectopia lentis-chorioretinal dystrophy-myopia syndrome,biolink:Disease,1,GARD:0003999,false,true,GARD
disease,GARD:0004001,Cancrum oris,biolink:Disease,1,GARD:0004001,false,true,GARD
disease,GARD:0004010,Neuronal ceroid lipofuscinosis 8 northern epilepsy variant,biolink:Disease,1,GARD:0004010,false,true,GARD
disease,GARD:0004011,Norum disease,biolink:Disease,1,GARD:0004011,false,true,GARD
disease,GARD:0004014,Port-wine nevi-mega cisterna magna-hydrocephalus syndrome,biolink:Disease,1,GARD:0004014,false,true,GARD
disease,GARD:0004017,"Cutis laxa, X-linked",biolink:Disease,1,GARD:0004017,false,true,GARD
disease,GARD:0004018,Primary tethered cord syndrome,biolink:Disease,1,GARD:0004018,false,true,GARD
disease,GARD:0004021,Behrens Baumann dust syndrome,biolink:Disease,1,GARD:0004021,false,true,GARD
disease,GARD:0004031,Oculoauriculofrontonasal syndrome,biolink:Disease,1,GARD:0004031,false,true,GARD
disease,GARD:0004034,Oculocerebral hypopigmentation syndrome of Preus,biolink:Disease,1,GARD:0004034,false,true,GARD
disease,GARD:0004037,Oculocutaneous albinism type 1,biolink:Disease,1,GARD:0004037,false,true,GARD
disease,GARD:0004038,Tyrosinase-positive oculocutaneous albinism,biolink:Disease,1,GARD:0004038,false,true,GARD
disease,GARD:0004039,Oculocutaneous albinism type 3,biolink:Disease,1,GARD:0004039,false,true,GARD
disease,GARD:0004046,Oculomaxillofacial dysostosis,biolink:Disease,1,GARD:0004046,false,true,GARD
disease,GARD:0004047,Arthrogryposis- oculomotor limitation-electroretinal anomalies syndrome,biolink:Disease,1,GARD:0004047,false,true,GARD
disease,GARD:0004050,Oculorenocerebellar syndrome,biolink:Disease,1,GARD:0004050,false,true,GARD
disease,GARD:0004051,Odonto-onycho dysplasia-alopecia syndrome,biolink:Disease,1,GARD:0004051,false,true,GARD
disease,GARD:0004053,Odontomicronychial dysplasia,biolink:Disease,1,GARD:0004053,false,true,GARD
disease,GARD:0004054,Odonto-onycho-dermal dysplasia,biolink:Disease,1,GARD:0004054,false,true,GARD
disease,GARD:0004060,Orofaciodigital syndrome VIII,biolink:Disease,1,GARD:0004060,false,true,GARD
disease,GARD:0004061,Orofaciodigital syndrome X,biolink:Disease,1,GARD:0004061,false,true,GARD
disease,GARD:0004062,Infantile onset spinocerebellar ataxia,biolink:Disease,1,GARD:0004062,false,true,GARD
disease,GARD:0004064,Au-Kline syndrome,biolink:Disease,1,GARD:0004064,false,true,GARD
disease,GARD:0004065,Postaxial tetramelic oligodactyly,biolink:Disease,1,GARD:0004065,false,true,GARD
disease,GARD:0004066,Oligomeganephronia,biolink:Disease,1,GARD:0004066,false,true,GARD
disease,GARD:0004069,Oliver syndrome,biolink:Disease,1,GARD:0004069,false,true,GARD
disease,GARD:0004070,Olivopontocerebellar atrophy-deafness syndrome,biolink:Disease,1,GARD:0004070,false,true,GARD
disease,GARD:0004071,Spinocerebellar ataxia type 1,biolink:Disease,1,GARD:0004071,false,true,GARD
disease,GARD:0004072,Spinocerebellar ataxia type 2,biolink:Disease,1,GARD:0004072,false,true,GARD
disease,GARD:0004075,Olmsted syndrome,biolink:Disease,1,GARD:0004075,false,true,GARD
disease,GARD:0004076,Autosomal recessive omodysplasia,biolink:Disease,1,GARD:0004076,false,true,GARD
disease,GARD:0004079,Lethal omphalocele-cleft palate syndrome,biolink:Disease,1,GARD:0004079,false,true,GARD
disease,GARD:0004080,Cloacal exstrophy,biolink:Disease,1,GARD:0004080,false,true,GARD
disease,GARD:0004081,Omphalomesenteric cyst,biolink:Disease,1,GARD:0004081,false,true,GARD
disease,GARD:0004083,Cooks syndrome,biolink:Disease,1,GARD:0004083,false,true,GARD
disease,GARD:0004085,Poikiloderma with neutropenia,biolink:Disease,1,GARD:0004085,false,true,GARD
disease,GARD:0004098,Opsismodysplasia,biolink:Disease,1,GARD:0004098,false,true,GARD
disease,GARD:0004106,Renal coloboma syndrome,biolink:Disease,1,GARD:0004106,false,true,GARD
disease,GARD:0004107,Optic pathway glioma,biolink:Disease,1,GARD:0004107,false,true,GARD
disease,GARD:0004116,Oromandibular-limb hypogenesis syndrome,biolink:Disease,1,GARD:0004116,false,true,GARD
disease,GARD:0004118,Orofaciodigital syndrome XI,biolink:Disease,1,GARD:0004118,false,true,GARD
disease,GARD:0004119,Syndromic X-linked intellectual disability Shashi type,biolink:Disease,1,GARD:0004119,false,true,GARD
disease,GARD:0004120,Orofaciodigital syndrome V,biolink:Disease,1,GARD:0004120,false,true,GARD
disease,GARD:0004121,Orofaciodigital syndrome I,biolink:Disease,1,GARD:0004121,false,true,GARD
disease,GARD:0004129,OSLAM syndrome,biolink:Disease,1,GARD:0004129,false,true,GARD
disease,GARD:0004130,Otospondylomegaepiphyseal dysplasia,biolink:Disease,1,GARD:0004130,false,true,GARD
disease,GARD:0004131,Familial osteoarthropathy of the fingers,biolink:Disease,1,GARD:0004131,false,true,GARD
disease,GARD:0004133,"Short stature and advanced bone age, with or without early-onset osteoarthritis and/or osteochondritis dissecans",biolink:Disease,1,GARD:0004133,false,true,GARD
disease,GARD:0004136,"Familial osteodysplasia, Anderson type",biolink:Disease,1,GARD:0004136,false,true,GARD
disease,GARD:0004139,Congenital osteogenesis imperfecta-microcephaly-cataracts syndrome,biolink:Disease,1,GARD:0004139,false,true,GARD
disease,GARD:0004142,Osteoglophonic dysplasia,biolink:Disease,1,GARD:0004142,false,true,GARD
disease,GARD:0004148,Osteopathia striata with cranial sclerosis,biolink:Disease,1,GARD:0004148,false,true,GARD
disease,GARD:0004151,Autosomal dominant osteopetrosis 1,biolink:Disease,1,GARD:0004151,false,true,GARD
disease,GARD:0004153,Autosomal recessive osteopetrosis 5,biolink:Disease,1,GARD:0004153,false,true,GARD
disease,GARD:0004154,Osteopetrosis with renal tubular acidosis,biolink:Disease,1,GARD:0004154,false,true,GARD
disease,GARD:0004155,Osteopetrosis,biolink:Disease,1,GARD:0004155,false,true,GARD
disease,GARD:0004156,Autosomal recessive osteopetrosis 6,biolink:Disease,1,GARD:0004156,false,true,GARD
disease,GARD:0004157,Autosomal recessive osteopetrosis 2,biolink:Disease,1,GARD:0004157,false,true,GARD
disease,GARD:0004160,Osteoporosis with pseudoglioma,biolink:Disease,1,GARD:0004160,false,true,GARD
disease,GARD:0004166,Heart defect - tongue hamartoma - polysyndactyly syndrome,biolink:Disease,1,GARD:0004166,false,true,GARD
disease,GARD:0004168,Otodental syndrome,biolink:Disease,1,GARD:0004168,false,true,GARD
disease,GARD:0004169,Otofaciocervical syndrome,biolink:Disease,1,GARD:0004169,false,true,GARD
disease,GARD:0004170,Otoonychoperoneal syndrome,biolink:Disease,1,GARD:0004170,false,true,GARD
disease,GARD:0004176,Benign paroxysmal tonic upgaze of childhood with ataxia,biolink:Disease,1,GARD:0004176,false,true,GARD
disease,GARD:0004183,Overhydrated hereditary stomatocytosis,biolink:Disease,1,GARD:0004183,false,true,GARD
disease,GARD:0004189,Pacman dysplasia,biolink:Disease,1,GARD:0004189,false,true,GARD
disease,GARD:0004191,Paget disease of bone 3,biolink:Disease,1,GARD:0004191,false,true,GARD
disease,GARD:0004192,Extramammary Paget disease,biolink:Disease,1,GARD:0004192,false,true,GARD
disease,GARD:0004195,Pagon stephan syndrome,biolink:Disease,1,GARD:0004195,false,true,GARD
disease,GARD:0004199,Palmer pagon syndrome,biolink:Disease,1,GARD:0004199,false,true,GARD
disease,GARD:0004203,Pancreatic agenesis,biolink:Disease,1,GARD:0004203,false,true,GARD
disease,GARD:0004204,Adenoma of pancreas,biolink:Disease,1,GARD:0004204,false,true,GARD
disease,GARD:0004206,Familial pancreatic carcinoma,biolink:Disease,1,GARD:0004206,false,true,GARD
disease,GARD:0004210,Pancreatoblastoma,biolink:Disease,1,GARD:0004210,false,true,GARD
disease,GARD:0004213,Polyostotic fibrous dysplasia of bone,biolink:Disease,1,GARD:0004213,false,true,GARD
disease,GARD:0004214,Choroid plexus papilloma,biolink:Disease,1,GARD:0004214,false,true,GARD
disease,GARD:0004215,Parainfluenza virus type 3 infectious disease,biolink:Disease,1,GARD:0004215,false,true,GARD
disease,GARD:0004218,Paraomphalocele,biolink:Disease,1,GARD:0004218,false,true,GARD
disease,GARD:0004219,Hereditary spastic paraplegia 17,biolink:Disease,1,GARD:0004219,false,true,GARD
disease,GARD:0004222,Parastremmatic dwarfism,biolink:Disease,1,GARD:0004222,false,true,GARD
disease,GARD:0004223,PARC syndrome,biolink:Disease,1,GARD:0004223,false,true,GARD
disease,GARD:0004224,Paris-Trousseau thrombocytopenia,biolink:Disease,1,GARD:0004224,false,true,GARD
disease,GARD:0004227,Paroxysmal familial ventricular fibrillation,biolink:Disease,1,GARD:0004227,false,true,GARD
disease,GARD:0004228,Neuralgic amyotrophy,biolink:Disease,1,GARD:0004228,false,true,GARD
disease,GARD:0004229,Partial atrioventricular canal,biolink:Disease,1,GARD:0004229,false,true,GARD
disease,GARD:0004235,Partington syndrome,biolink:Disease,1,GARD:0004235,false,true,GARD
disease,GARD:0004236,Fetal parvovirus syndrome,biolink:Disease,1,GARD:0004236,false,true,GARD
disease,GARD:0004238,Blepharonasofacial malformation syndrome,biolink:Disease,1,GARD:0004238,false,true,GARD
disease,GARD:0004259,"Pseudoleprechaunism syndrome, Patterson type",biolink:Disease,1,GARD:0004259,false,true,GARD
disease,GARD:0004260,Patterson-Stevenson-Fontaine syndrome,biolink:Disease,1,GARD:0004260,false,true,GARD
disease,GARD:0004261,Oligoarticular juvenile idiopathic arthritis,biolink:Disease,1,GARD:0004261,false,true,GARD
disease,GARD:0004264,PEHO syndrome,biolink:Disease,1,GARD:0004264,false,true,GARD
disease,GARD:0004265,Pelizaeus-Merzbacher disease,biolink:Disease,1,GARD:0004265,false,true,GARD
disease,GARD:0004266,Hypomyelinating leukodystrophy 3,biolink:Disease,1,GARD:0004266,false,true,GARD
disease,GARD:0004267,Pellagra-like syndrome,biolink:Disease,1,GARD:0004267,false,true,GARD
disease,GARD:0004269,Pelvic dysplasia-arthrogryposis of lower limbs syndrome,biolink:Disease,1,GARD:0004269,false,true,GARD
disease,GARD:0004271,Pendred syndrome,biolink:Disease,1,GARD:0004271,false,true,GARD
disease,GARD:0004272,Penile agenesis,biolink:Disease,1,GARD:0004272,false,true,GARD
disease,GARD:0004273,Penoscrotal transposition,biolink:Disease,1,GARD:0004273,false,true,GARD
disease,GARD:0004276,Acroosteolysis-keloid-like lesions-premature aging syndrome,biolink:Disease,1,GARD:0004276,false,true,GARD
disease,GARD:0004278,"Phosphoenolpyruvate carboxykinase deficiency, cytosolic",biolink:Disease,1,GARD:0004278,false,true,GARD
disease,GARD:0004279,"Phosphoenolpyruvate carboxykinase deficiency, mitochondrial",biolink:Disease,1,GARD:0004279,false,true,GARD
disease,GARD:0004291,Alopecia-intellectual disability syndrome 2,biolink:Disease,1,GARD:0004291,false,true,GARD
disease,GARD:0004299,Autosomal recessive distal osteolysis syndrome,biolink:Disease,1,GARD:0004299,false,true,GARD
disease,GARD:0004302,Mesomelia-synostoses syndrome,biolink:Disease,1,GARD:0004302,false,true,GARD
disease,GARD:0004303,Deafness-genital anomalies-metacarpal and metatarsal synostosis syndrome,biolink:Disease,1,GARD:0004303,false,true,GARD
disease,GARD:0004304,Preaxial polydactyly-colobomata-intellectual disability syndrome,biolink:Disease,1,GARD:0004304,false,true,GARD
disease,GARD:0004305,Pfeiffer-Palm-Teller syndrome,biolink:Disease,1,GARD:0004305,false,true,GARD
disease,GARD:0004311,Phakomatosis pigmentokeratotica,biolink:Disease,1,GARD:0004311,false,true,GARD
disease,GARD:0004312,Port-wine stain with oculocutaneous melanosis,biolink:Disease,1,GARD:0004312,false,true,GARD
disease,GARD:0004319,Dihydropteridine reductase deficiency,biolink:Disease,1,GARD:0004319,false,true,GARD
disease,GARD:0004323,Phocomelia-ectrodactyly-deafness-sinus arrhythmia syndrome,biolink:Disease,1,GARD:0004323,false,true,GARD
disease,GARD:0004329,PGM1-congenital disorder of glycosylation,biolink:Disease,1,GARD:0004329,false,true,GARD
disease,GARD:0004331,Immunodeficiency 23,biolink:Disease,1,GARD:0004331,false,true,GARD
disease,GARD:0004337,Phosphoribosylpyrophosphate synthetase superactivity,biolink:Disease,1,GARD:0004337,false,true,GARD
disease,GARD:0004344,Piebaldism,biolink:Disease,1,GARD:0004344,false,true,GARD
disease,GARD:0004346,Autosomal dominant cerebellar ataxia,biolink:Disease,1,GARD:0004346,false,true,GARD
disease,GARD:0004347,Isolated Pierre-Robin syndrome,biolink:Disease,1,GARD:0004347,false,true,GARD
disease,GARD:0004356,Pigment dispersion syndrome,biolink:Disease,1,GARD:0004356,false,true,GARD
disease,GARD:0004357,Late-onset retinal degeneration,biolink:Disease,1,GARD:0004357,false,true,GARD
disease,GARD:0004358,"T-cell immunodeficiency, congenital alopecia, and nail dystrophy",biolink:Disease,1,GARD:0004358,false,true,GARD
disease,GARD:0004359,Pili annulati,biolink:Disease,1,GARD:0004359,false,true,GARD
disease,GARD:0004361,Pili torti,biolink:Disease,1,GARD:0004361,false,true,GARD
disease,GARD:0004362,Pili torti-developmental delay-neurological abnormalities syndrome,biolink:Disease,1,GARD:0004362,false,true,GARD
disease,GARD:0004364,Pili torti-onychodysplasia syndrome,biolink:Disease,1,GARD:0004364,false,true,GARD
disease,GARD:0004365,Ophthalmomandibulomelic dysplasia,biolink:Disease,1,GARD:0004365,false,true,GARD
disease,GARD:0004369,Trichodermodysplasia-dental alterations syndrome,biolink:Disease,1,GARD:0004369,false,true,GARD
disease,GARD:0004372,Pitt-Hopkins syndrome,biolink:Disease,1,GARD:0004372,false,true,GARD
disease,GARD:0004375,Thumb stiffness-brachydactyly-intellectual disability syndrome,biolink:Disease,1,GARD:0004375,false,true,GARD
disease,GARD:0004380,"Plasminogen deficiency, type I",biolink:Disease,1,GARD:0004380,false,true,GARD
disease,GARD:0004381,Congenital plasminogen activator inhibitor type 1 deficiency,biolink:Disease,1,GARD:0004381,false,true,GARD
disease,GARD:0004382,"Platyspondylic dysplasia, Torrance type",biolink:Disease,1,GARD:0004382,false,true,GARD
disease,GARD:0004386,Pneumocystosis,biolink:Disease,1,GARD:0004386,false,true,GARD
disease,GARD:0004391,Kindler syndrome,biolink:Disease,1,GARD:0004391,false,true,GARD
disease,GARD:0004392,Rothmund-Thomson syndrome,biolink:Disease,1,GARD:0004392,false,true,GARD
disease,GARD:0004412,Orofaciodigital syndrome type 6,biolink:Disease,1,GARD:0004412,false,true,GARD
disease,GARD:0004413,Polydactyly-myopia syndrome,biolink:Disease,1,GARD:0004413,false,true,GARD
disease,GARD:0004417,Polydactyly of a biphalangeal thumb,biolink:Disease,1,GARD:0004417,false,true,GARD
disease,GARD:0004421,Catecholaminergic polymorphic ventricular tachycardia,biolink:Disease,1,GARD:0004421,false,true,GARD
disease,GARD:0004424,Polyneuropathy-intellectual disability-acromicria-premature menopause syndrome,biolink:Disease,1,GARD:0004424,false,true,GARD
disease,GARD:0004427,Cronkhite-Canada syndrome,biolink:Disease,1,GARD:0004427,false,true,GARD
disease,GARD:0004428,Polysyndactyly-cardiac malformation syndrome,biolink:Disease,1,GARD:0004428,false,true,GARD
disease,GARD:0004434,Syndactyly type 4,biolink:Disease,1,GARD:0004434,false,true,GARD
disease,GARD:0004436,Bartsocas-Papas syndrome 1,biolink:Disease,1,GARD:0004436,false,true,GARD
disease,GARD:0004437,Porencephaly-cerebellar hypoplasia-internal malformations syndrome,biolink:Disease,1,GARD:0004437,false,true,GARD
disease,GARD:0004438,Porokeratosis of Mibelli,biolink:Disease,1,GARD:0004438,false,true,GARD
disease,GARD:0004439,Punctate palmoplantar keratoderma type 2,biolink:Disease,1,GARD:0004439,false,true,GARD
disease,GARD:0004446,Cutaneous porphyria,biolink:Disease,1,GARD:0004446,false,true,GARD
disease,GARD:0004454,Post poliomyelitis syndrome,biolink:Disease,1,GARD:0004454,false,true,GARD
disease,GARD:0004457,Choroiditis,biolink:Disease,1,GARD:0004457,false,true,GARD
disease,GARD:0004459,Potassium-aggravated myotonia,biolink:Disease,1,GARD:0004459,false,true,GARD
disease,GARD:0004465,PHAVER syndrome,biolink:Disease,1,GARD:0004465,false,true,GARD
disease,GARD:0004470,Guttmacher syndrome,biolink:Disease,1,GARD:0004470,false,true,GARD
disease,GARD:0004475,Gonadotropin-independent familial sexual precocity,biolink:Disease,1,GARD:0004475,false,true,GARD
disease,GARD:0004477,Inherited prekallikrein deficiency,biolink:Disease,1,GARD:0004477,false,true,GARD
disease,GARD:0004478,"Premature aging syndrome, Okamoto type",biolink:Disease,1,GARD:0004478,false,true,GARD
disease,GARD:0004482,Prieto syndrome,biolink:Disease,1,GARD:0004482,false,true,GARD
disease,GARD:0004483,Griscelli syndrome type 2,biolink:Disease,1,GARD:0004483,false,true,GARD
disease,GARD:0004484,Primary ciliary dyskinesia,biolink:Disease,1,GARD:0004484,false,true,GARD
disease,GARD:0004485,Juvenile primary lateral sclerosis,biolink:Disease,1,GARD:0004485,false,true,GARD
disease,GARD:0004488,Primrose syndrome,biolink:Disease,1,GARD:0004488,false,true,GARD
disease,GARD:0004494,Progeroid short stature with pigmented nevi,biolink:Disease,1,GARD:0004494,false,true,GARD
disease,GARD:0004497,Fontaine progeroid syndrome,biolink:Disease,1,GARD:0004497,false,true,GARD
disease,GARD:0004500,Acromelanosis,biolink:Disease,1,GARD:0004500,false,true,GARD
disease,GARD:0004503,Progressive external ophthalmoplegia,biolink:Disease,1,GARD:0004503,false,true,GARD
disease,GARD:0004504,X-linked mixed hearing loss with perilymphatic gusher,biolink:Disease,1,GARD:0004504,false,true,GARD
disease,GARD:0004507,Atypical progressive supranuclear palsy syndrome,biolink:Disease,1,GARD:0004507,false,true,GARD
disease,GARD:0004508,Prolactin-producing pituitary gland adenoma,biolink:Disease,1,GARD:0004508,false,true,GARD
disease,GARD:0004509,Proliferating trichilemmal cyst,biolink:Disease,1,GARD:0004509,false,true,GARD
disease,GARD:0004513,"Properdin deficiency, X-linked",biolink:Disease,1,GARD:0004513,false,true,GARD
disease,GARD:0004518,Aprosencephaly cerebellar dysgenesis,biolink:Disease,1,GARD:0004518,false,true,GARD
disease,GARD:0004520,Familial prostate carcinoma,biolink:Disease,1,GARD:0004520,false,true,GARD
disease,GARD:0004522,Transcobalamin I deficiency,biolink:Disease,1,GARD:0004522,false,true,GARD
disease,GARD:0004527,Autosomal erythropoietic protoporphyria,biolink:Disease,1,GARD:0004527,false,true,GARD
disease,GARD:0004528,Corpus callosum agenesis-abnormal genitalia syndrome,biolink:Disease,1,GARD:0004528,false,true,GARD
disease,GARD:0004531,Proximal spinal muscular atrophy,biolink:Disease,1,GARD:0004531,false,true,GARD
disease,GARD:0004536,Pseudopelade of Brocq,biolink:Disease,1,GARD:0004536,false,true,GARD
disease,GARD:0004539,Bifunctional peroxisomal enzyme deficiency,biolink:Disease,1,GARD:0004539,false,true,GARD
disease,GARD:0004540,Pseudoachondroplastic spondyloepiphyseal dysplasia syndrome,biolink:Disease,1,GARD:0004540,false,true,GARD
disease,GARD:0004543,Acyl-CoA oxidase deficiency,biolink:Disease,1,GARD:0004543,false,true,GARD
disease,GARD:0004544,Pseudoaminopterin syndrome,biolink:Disease,1,GARD:0004544,false,true,GARD
disease,GARD:0004550,Disorder of sex development-intellectual disability syndrome,biolink:Disease,1,GARD:0004550,false,true,GARD
disease,GARD:0004552,"Pseudohypoaldosteronism, type IB1, autosomal recessive",biolink:Disease,1,GARD:0004552,false,true,GARD
disease,GARD:0004553,"Pseudohypoaldosteronism, type 2",biolink:Disease,1,GARD:0004553,false,true,GARD
disease,GARD:0004559,Acrootoocular syndrome,biolink:Disease,1,GARD:0004559,false,true,GARD
disease,GARD:0004561,Benign intracranial hypertension,biolink:Disease,1,GARD:0004561,false,true,GARD
disease,GARD:0004568,Pterygium colli-intellectual disability-digital anomalies syndrome,biolink:Disease,1,GARD:0004568,false,true,GARD
disease,GARD:0004569,Familial pterygium of the conjunctiva,biolink:Disease,1,GARD:0004569,false,true,GARD
disease,GARD:0004570,Antecubital pterygium syndrome,biolink:Disease,1,GARD:0004570,false,true,GARD
disease,GARD:0004573,X-linked lethal multiple pterygium syndrome,biolink:Disease,1,GARD:0004573,false,true,GARD
disease,GARD:0004577,Ptosis-strabismus-ectopic pupils syndrome,biolink:Disease,1,GARD:0004577,false,true,GARD
disease,GARD:0004582,Hereditary pulmonary alveolar proteinosis,biolink:Disease,1,GARD:0004582,false,true,GARD
disease,GARD:0004586,Pulmonary artery coming from the aorta,biolink:Disease,1,GARD:0004586,false,true,GARD
disease,GARD:0004588,Pulmonary atresia with ventricular septal defect,biolink:Disease,1,GARD:0004588,false,true,GARD
disease,GARD:0004589,Pulmonary branch stenosis,biolink:Disease,1,GARD:0004589,false,true,GARD
disease,GARD:0004593,Congenital pulmonary sequestration,biolink:Disease,1,GARD:0004593,false,true,GARD
disease,GARD:0004594,Supravalvular pulmonary stenosis,biolink:Disease,1,GARD:0004594,false,true,GARD
disease,GARD:0004597,Pulmonary valve agenesis,biolink:Disease,1,GARD:0004597,false,true,GARD
disease,GARD:0004598,Congenital pulmonary veins atresia or stenosis,biolink:Disease,1,GARD:0004598,false,true,GARD
disease,GARD:0004599,Congenital pulmonary venous return anomaly,biolink:Disease,1,GARD:0004599,false,true,GARD
disease,GARD:0004600,Pulmonary atresia with intact ventricular septum,biolink:Disease,1,GARD:0004600,false,true,GARD
disease,GARD:0004603,Punctate acrokeratoderma freckle-like pigmentation,biolink:Disease,1,GARD:0004603,false,true,GARD
disease,GARD:0004606,Purine-nucleoside phosphorylase deficiency,biolink:Disease,1,GARD:0004606,false,true,GARD
disease,GARD:0004607,Acquired thrombotic thrombocytopenic purpura,biolink:Disease,1,GARD:0004607,false,true,GARD
disease,GARD:0004610,Pyknoachondrogenesis,biolink:Disease,1,GARD:0004610,false,true,GARD
disease,GARD:0004611,Pyknodysostosis,biolink:Disease,1,GARD:0004611,false,true,GARD
disease,GARD:0004612,Pyle metaphyseal dysplasia,biolink:Disease,1,GARD:0004612,false,true,GARD
disease,GARD:0004614,Pyomyositis,biolink:Disease,1,GARD:0004614,false,true,GARD
disease,GARD:0004619,"Pyropoikilocytosis, hereditary",biolink:Disease,1,GARD:0004619,false,true,GARD
disease,GARD:0004620,Pyruvate dehydrogenase E1-alpha deficiency,biolink:Disease,1,GARD:0004620,false,true,GARD
disease,GARD:0004624,Radial defect robin sequence,biolink:Disease,1,GARD:0004624,false,true,GARD
disease,GARD:0004627,Choanal atresia with radial ray hypoplasia,biolink:Disease,1,GARD:0004627,false,true,GARD
disease,GARD:0004628,Oculofaciocardiodental syndrome,biolink:Disease,1,GARD:0004628,false,true,GARD
disease,GARD:0004633,Absent radius-anogenital anomalies syndrome,biolink:Disease,1,GARD:0004633,false,true,GARD
disease,GARD:0004634,Leukocyte adhesion deficiency type II,biolink:Disease,1,GARD:0004634,false,true,GARD
disease,GARD:0004635,Vascular hyalinosis,biolink:Disease,1,GARD:0004635,false,true,GARD
disease,GARD:0004636,Ramos-Arroyo syndrome,biolink:Disease,1,GARD:0004636,false,true,GARD
disease,GARD:0004637,Rapadilino syndrome,biolink:Disease,1,GARD:0004637,false,true,GARD
disease,GARD:0004638,External auditory canal atresia-vertical talus-hypertelorism syndrome,biolink:Disease,1,GARD:0004638,false,true,GARD
disease,GARD:0004641,Ichthyosis-intellectual disability-dwarfism-renal impairment syndrome,biolink:Disease,1,GARD:0004641,false,true,GARD
disease,GARD:0004644,Ataxia - deafness - intellectual disability syndrome,biolink:Disease,1,GARD:0004644,false,true,GARD
disease,GARD:0004647,Complex regional pain syndrome,biolink:Disease,1,GARD:0004647,false,true,GARD
disease,GARD:0004655,Renal caliceal diverticuli-deafness syndrome,biolink:Disease,1,GARD:0004655,false,true,GARD
disease,GARD:0004664,Renal-genital-middle ear anomalies,biolink:Disease,1,GARD:0004664,false,true,GARD
disease,GARD:0004665,NPHP3-related Meckel-like syndrome,biolink:Disease,1,GARD:0004665,false,true,GARD
disease,GARD:0004666,Autosomal recessive distal renal tubular acidosis,biolink:Disease,1,GARD:0004666,false,true,GARD
disease,GARD:0004667,Distal renal tubular acidosis,biolink:Disease,1,GARD:0004667,false,true,GARD
disease,GARD:0004668,Autosomal dominant distal renal tubular acidosis,biolink:Disease,1,GARD:0004668,false,true,GARD
disease,GARD:0004680,X-linked retinal dysplasia,biolink:Disease,1,GARD:0004680,false,true,GARD
disease,GARD:0004683,Retinitis pigmentosa-intellectual disability-deafness-hypogenitalism syndrome,biolink:Disease,1,GARD:0004683,false,true,GARD
disease,GARD:0004685,Retinohepatoendocrinologic syndrome,biolink:Disease,1,GARD:0004685,false,true,GARD
disease,GARD:0004690,Juvenile retinoschisis,biolink:Disease,1,GARD:0004690,false,true,GARD
disease,GARD:0004694,Atypical Rett syndrome,biolink:Disease,1,GARD:0004694,false,true,GARD
disease,GARD:0004695,Revesz syndrome,biolink:Disease,1,GARD:0004695,false,true,GARD
disease,GARD:0004697,Reynolds syndrome,biolink:Disease,1,GARD:0004697,false,true,GARD
disease,GARD:0004701,Alveolar rhabdomyosarcoma,biolink:Disease,1,GARD:0004701,false,true,GARD
disease,GARD:0004702,Embryonal rhabdomyosarcoma,biolink:Disease,1,GARD:0004702,false,true,GARD
disease,GARD:0004703,"Rhizomelic dysplasia, Patterson-Lowry type",biolink:Disease,1,GARD:0004703,false,true,GARD
disease,GARD:0004704,Polymyalgia rheumatica,biolink:Disease,1,GARD:0004704,false,true,GARD
disease,GARD:0004705,"Rhizomelic syndrome, Urbach type",biolink:Disease,1,GARD:0004705,false,true,GARD
disease,GARD:0004709,Richieri Costa-da Silva syndrome,biolink:Disease,1,GARD:0004709,false,true,GARD
disease,GARD:0004718,Richieri Costa-Pereira syndrome,biolink:Disease,1,GARD:0004718,false,true,GARD
disease,GARD:0004721,Isolated right ventricular hypoplasia,biolink:Disease,1,GARD:0004721,false,true,GARD
disease,GARD:0004722,8q22.1 microdeletion syndrome,biolink:Disease,1,GARD:0004722,false,true,GARD
disease,GARD:0004723,Rigid spine syndrome,biolink:Disease,1,GARD:0004723,false,true,GARD
disease,GARD:0004724,Ring chromosome 17,biolink:Disease,1,GARD:0004724,false,true,GARD
disease,GARD:0004729,Robin sequence-oligodactyly syndrome,biolink:Disease,1,GARD:0004729,false,true,GARD
disease,GARD:0004732,Autosomal dominant deafness - onychodystrophy syndrome,biolink:Disease,1,GARD:0004732,false,true,GARD
disease,GARD:0004733,Roch-Leri mesosomatous lipomatosis,biolink:Disease,1,GARD:0004733,false,true,GARD
disease,GARD:0004737,Mayer Rokitansky Kuster Hauser syndrome type 1,biolink:Disease,1,GARD:0004737,false,true,GARD
disease,GARD:0004738,Rombo syndrome,biolink:Disease,1,GARD:0004738,false,true,GARD
disease,GARD:0004739,Short stature-heart defect-craniofacial anomalies syndrome,biolink:Disease,1,GARD:0004739,false,true,GARD
disease,GARD:0004740,Ulna metaphyseal dysplasia syndrome,biolink:Disease,1,GARD:0004740,false,true,GARD
disease,GARD:0004741,Roussy-Lévy syndrome,biolink:Disease,1,GARD:0004741,false,true,GARD
disease,GARD:0004742,Rubella,biolink:Disease,1,GARD:0004742,false,true,GARD
disease,GARD:0004744,Congenital rubella syndrome,biolink:Disease,1,GARD:0004744,false,true,GARD
disease,GARD:0004748,Ruvalcaba syndrome,biolink:Disease,1,GARD:0004748,false,true,GARD
disease,GARD:0004752,Kousseff syndrome,biolink:Disease,1,GARD:0004752,false,true,GARD
disease,GARD:0004766,Childhood-onset schizophrenia,biolink:Disease,1,GARD:0004766,false,true,GARD
disease,GARD:0004767,Schwannoma,biolink:Disease,1,GARD:0004767,false,true,GARD
disease,GARD:0004768,Schwannomatosis,biolink:Disease,1,GARD:0004768,false,true,GARD
disease,GARD:0004769,Ullrich congenital muscular dystrophy,biolink:Disease,1,GARD:0004769,false,true,GARD
disease,GARD:0004771,Sclerosteosis,biolink:Disease,1,GARD:0004771,false,true,GARD
disease,GARD:0004774,Succinyl-CoA acetoacetate transferase deficiency,biolink:Disease,1,GARD:0004774,false,true,GARD
disease,GARD:0004775,Faciodigitogenital syndrome,biolink:Disease,1,GARD:0004775,false,true,GARD
disease,GARD:0004776,Craniodigital syndrome and intellectual disability syndrome,biolink:Disease,1,GARD:0004776,false,true,GARD
disease,GARD:0004777,SCOTT SYNDROME,biolink:Disease,1,GARD:0004777,false,true,GARD
disease,GARD:0004778,Facial dysmorphism-shawl scrotum-joint laxity syndrome,biolink:Disease,1,GARD:0004778,false,true,GARD
disease,GARD:0004791,Renal hypodysplasia/aplasia 1,biolink:Disease,1,GARD:0004791,false,true,GARD
disease,GARD:0004792,Testicular seminoma,biolink:Disease,1,GARD:0004792,false,true,GARD
disease,GARD:0004815,Spontaneous periodic hypothermia,biolink:Disease,1,GARD:0004815,false,true,GARD
disease,GARD:0004818,Shigellosis,biolink:Disease,1,GARD:0004818,false,true,GARD
disease,GARD:0004822,Deficiency of butyryl-CoA dehydrogenase,biolink:Disease,1,GARD:0004822,false,true,GARD
disease,GARD:0004827,"Lethal short-limb skeletal dysplasia, Al Gazali type",biolink:Disease,1,GARD:0004827,false,true,GARD
disease,GARD:0004832,Type IV short rib polydactyly syndrome,biolink:Disease,1,GARD:0004832,false,true,GARD
disease,GARD:0004833,"Short rib-polydactyly syndrome, Majewski type",biolink:Disease,1,GARD:0004833,false,true,GARD
disease,GARD:0004838,"Short stature, Brussels type",biolink:Disease,1,GARD:0004838,false,true,GARD
disease,GARD:0004841,Thong Douglas Ferrante syndrome,biolink:Disease,1,GARD:0004841,false,true,GARD
disease,GARD:0004856,Short stature-wormian bones-dextrocardia syndrome,biolink:Disease,1,GARD:0004856,false,true,GARD
disease,GARD:0004861,Shprintzen-Goldberg syndrome,biolink:Disease,1,GARD:0004861,false,true,GARD
disease,GARD:0004863,Shwachman syndrome,biolink:Disease,1,GARD:0004863,false,true,GARD
disease,GARD:0004865,Sialuria,biolink:Disease,1,GARD:0004865,false,true,GARD
disease,GARD:0004867,Siegler-Brewer-Carey syndrome,biolink:Disease,1,GARD:0004867,false,true,GARD
disease,GARD:0004869,Sillence syndrome,biolink:Disease,1,GARD:0004869,false,true,GARD
disease,GARD:0004870,Russell-Silver syndrome,biolink:Disease,1,GARD:0004870,false,true,GARD
disease,GARD:0004873,Flat face-microstomia-ear anomaly syndrome,biolink:Disease,1,GARD:0004873,false,true,GARD
disease,GARD:0004877,Solitary median maxillary central incisor syndrome,biolink:Disease,1,GARD:0004877,false,true,GARD
disease,GARD:0004879,Progressive familial heart block type II,biolink:Disease,1,GARD:0004879,false,true,GARD
disease,GARD:0004880,Sinus node disease and myopia,biolink:Disease,1,GARD:0004880,false,true,GARD
disease,GARD:0004881,Multiple endocrine neoplasia type 2A,biolink:Disease,1,GARD:0004881,false,true,GARD
disease,GARD:0004883,Situs inversus,biolink:Disease,1,GARD:0004883,false,true,GARD
disease,GARD:0004886,Mononen-Karnes-Senac syndrome,biolink:Disease,1,GARD:0004886,false,true,GARD
disease,GARD:0004891,"Spondyloepimetaphyseal dysplasia, Bieganski type",biolink:Disease,1,GARD:0004891,false,true,GARD
disease,GARD:0004898,Soft tissue sarcoma,biolink:Disease,1,GARD:0004898,false,true,GARD
disease,GARD:0004899,Male hypergonadotropic hypogonadism-intellectual disability-skeletal anomalies syndrome,biolink:Disease,1,GARD:0004899,false,true,GARD
disease,GARD:0004900,Somatostatinoma,biolink:Disease,1,GARD:0004900,false,true,GARD
disease,GARD:0004905,Congenital heart defect-round face-developmental delay syndrome,biolink:Disease,1,GARD:0004905,false,true,GARD
disease,GARD:0004908,Torticollis,biolink:Disease,1,GARD:0004908,false,true,GARD
disease,GARD:0004910,Charlevoix-Saguenay spastic ataxia,biolink:Disease,1,GARD:0004910,false,true,GARD
disease,GARD:0004914,Infantile-onset ascending hereditary spastic paralysis,biolink:Disease,1,GARD:0004914,false,true,GARD
disease,GARD:0004915,Spastic paraplegia-epilepsy-intellectual disability syndrome,biolink:Disease,1,GARD:0004915,false,true,GARD
disease,GARD:0004918,Spastic paraplegia-precocious puberty syndrome,biolink:Disease,1,GARD:0004918,false,true,GARD
disease,GARD:0004919,Hereditary spastic paraplegia 11,biolink:Disease,1,GARD:0004919,false,true,GARD
disease,GARD:0004921,Spastic paraplegia-neuropathy-poikiloderma syndrome,biolink:Disease,1,GARD:0004921,false,true,GARD
disease,GARD:0004922,Hereditary spastic paraplegia 18,biolink:Disease,1,GARD:0004922,false,true,GARD
disease,GARD:0004923,Hereditary spastic paraplegia 2,biolink:Disease,1,GARD:0004923,false,true,GARD
disease,GARD:0004924,Hereditary spastic paraplegia 39,biolink:Disease,1,GARD:0004924,false,true,GARD
disease,GARD:0004925,Hereditary spastic paraplegia 4,biolink:Disease,1,GARD:0004925,false,true,GARD
disease,GARD:0004926,Hereditary spastic paraplegia 5A,biolink:Disease,1,GARD:0004926,false,true,GARD
disease,GARD:0004927,Hereditary spastic paraplegia 7,biolink:Disease,1,GARD:0004927,false,true,GARD
disease,GARD:0004928,Hereditary spastic paraplegia 6,biolink:Disease,1,GARD:0004928,false,true,GARD
disease,GARD:0004931,Spastic paraplegia-glaucoma-intellectual disability syndrome,biolink:Disease,1,GARD:0004931,false,true,GARD
disease,GARD:0004932,Spastic tetraplegia-retinitis pigmentosa-intellectual disability syndrome,biolink:Disease,1,GARD:0004932,false,true,GARD
disease,GARD:0004936,Weill-Marchesani syndrome,biolink:Disease,1,GARD:0004936,false,true,GARD
disease,GARD:0004938,Juvenile neuronal ceroid lipofuscinosis,biolink:Disease,1,GARD:0004938,false,true,GARD
disease,GARD:0004940,Spina bifida-hypospadias syndrome,biolink:Disease,1,GARD:0004940,false,true,GARD
disease,GARD:0004942,Spinal atrophy-ophthalmoplegia-pyramidal syndrome,biolink:Disease,1,GARD:0004942,false,true,GARD
disease,GARD:0004945,"Spinal muscular atrophy, type II",biolink:Disease,1,GARD:0004945,false,true,GARD
disease,GARD:0004947,Spinal muscular atrophy with congenital bone fractures 1,biolink:Disease,1,GARD:0004947,false,true,GARD
disease,GARD:0004950,Spinocerebellar ataxia type 30,biolink:Disease,1,GARD:0004950,false,true,GARD
disease,GARD:0004952,Autosomal recessive cerebellar ataxia-saccadic intrusion syndrome,biolink:Disease,1,GARD:0004952,false,true,GARD
disease,GARD:0004953,Spinocerebellar ataxia type 5,biolink:Disease,1,GARD:0004953,false,true,GARD
disease,GARD:0004954,Infantile-onset autosomal recessive nonprogressive cerebellar ataxia,biolink:Disease,1,GARD:0004954,false,true,GARD
disease,GARD:0004956,Spinocerebellar ataxia type 8,biolink:Disease,1,GARD:0004956,false,true,GARD
disease,GARD:0004958,Spinocerebellar ataxia-dysmorphism syndrome,biolink:Disease,1,GARD:0004958,false,true,GARD
disease,GARD:0004963,Splenogonadal fusion-limb defects-micrognathia syndrome,biolink:Disease,1,GARD:0004963,false,true,GARD
disease,GARD:0004967,Karsch-Neugebauer syndrome,biolink:Disease,1,GARD:0004967,false,true,GARD
disease,GARD:0004969,Czeizel-Losonci syndrome,biolink:Disease,1,GARD:0004969,false,true,GARD
disease,GARD:0004970,Sponastrime dysplasia,biolink:Disease,1,GARD:0004970,false,true,GARD
disease,GARD:0004972,Spondylocamptodactyly syndrome,biolink:Disease,1,GARD:0004972,false,true,GARD
disease,GARD:0004974,Spondylocarpotarsal synostosis syndrome,biolink:Disease,1,GARD:0004974,false,true,GARD
disease,GARD:0004978,Spondyloenchondrodysplasia with immune dysregulation,biolink:Disease,1,GARD:0004978,false,true,GARD
disease,GARD:0004979,X-linked spondyloepimetaphyseal dysplasia,biolink:Disease,1,GARD:0004979,false,true,GARD
disease,GARD:0004980,"Spondyloepimetaphyseal dysplasia, Shohat type",biolink:Disease,1,GARD:0004980,false,true,GARD
disease,GARD:0004982,Spondyloepimetaphyseal dysplasia with joint laxity,biolink:Disease,1,GARD:0004982,false,true,GARD
disease,GARD:0004984,Schimke immuno-osseous dysplasia,biolink:Disease,1,GARD:0004984,false,true,GARD
disease,GARD:0004985,"Spondyloepiphyseal dysplasia tarda, X-linked",biolink:Disease,1,GARD:0004985,false,true,GARD
disease,GARD:0004987,Spondyloepiphyseal dysplasia congenita,biolink:Disease,1,GARD:0004987,false,true,GARD
disease,GARD:0004991,Spondylometaphyseal dysplasia - Sutcliffe type,biolink:Disease,1,GARD:0004991,false,true,GARD
disease,GARD:0004992,"Spondylometaphyseal dysplasia, East African type",biolink:Disease,1,GARD:0004992,false,true,GARD
disease,GARD:0004993,"Spondylometaphyseal dysplasia, Sedaghatian type",biolink:Disease,1,GARD:0004993,false,true,GARD
disease,GARD:0004994,Spondyloperipheral dysplasia,biolink:Disease,1,GARD:0004994,false,true,GARD
disease,GARD:0004997,Familial spontaneous pneumothorax,biolink:Disease,1,GARD:0004997,false,true,GARD
disease,GARD:0005003,Steatocystoma multiplex,biolink:Disease,1,GARD:0005003,false,true,GARD
disease,GARD:0005004,Steatocystoma multiplex-natal teeth syndrome,biolink:Disease,1,GARD:0005004,false,true,GARD
disease,GARD:0005012,Sternal cleft,biolink:Disease,1,GARD:0005012,false,true,GARD
disease,GARD:0005015,Steroid dehydrogenase deficiency-dental anomalies syndrome,biolink:Disease,1,GARD:0005015,false,true,GARD
disease,GARD:0005021,"Otospondylomegaepiphyseal dysplasia, autosomal dominant",biolink:Disease,1,GARD:0005021,false,true,GARD
disease,GARD:0005023,Stiff-person syndrome,biolink:Disease,1,GARD:0005023,false,true,GARD
disease,GARD:0005025,Stiff skin syndrome,biolink:Disease,1,GARD:0005025,false,true,GARD
disease,GARD:0005026,Stimmler syndrome,biolink:Disease,1,GARD:0005026,false,true,GARD
disease,GARD:0005027,Non-eruption of teeth-maxillary hypoplasia-genu valgum syndrome,biolink:Disease,1,GARD:0005027,false,true,GARD
disease,GARD:0005029,Arthrogryposis-ectodermal dysplasia-other anomalies syndrome,biolink:Disease,1,GARD:0005029,false,true,GARD
disease,GARD:0005034,Storage pool disease of platelets,biolink:Disease,1,GARD:0005034,false,true,GARD
disease,GARD:0005036,Brachydactyly-mesomelia-intellectual disability-heart defects syndrome,biolink:Disease,1,GARD:0005036,false,true,GARD
disease,GARD:0005040,Infantile bilateral striatal necrosis,biolink:Disease,1,GARD:0005040,false,true,GARD
disease,GARD:0005041,Hereditary spastic paraplegia 3A,biolink:Disease,1,GARD:0005041,false,true,GARD
disease,GARD:0005045,Stüve-Wiedemann syndrome 1,biolink:Disease,1,GARD:0005045,false,true,GARD
disease,GARD:0005049,Classic lissencephaly,biolink:Disease,1,GARD:0005049,false,true,GARD
disease,GARD:0005050,Subependymal nodular heterotopia,biolink:Disease,1,GARD:0005050,false,true,GARD
disease,GARD:0005051,Subpulmonary stenosis,biolink:Disease,1,GARD:0005051,false,true,GARD
disease,GARD:0005052,Subvalvular aortic stenosis,biolink:Disease,1,GARD:0005052,false,true,GARD
disease,GARD:0005053,"Mitochondrial complex II deficiency, nuclear type 1",biolink:Disease,1,GARD:0005053,false,true,GARD
disease,GARD:0005058,Sugarman brachydactyly,biolink:Disease,1,GARD:0005058,false,true,GARD
disease,GARD:0005061,Multiple sulfatase deficiency,biolink:Disease,1,GARD:0005061,false,true,GARD
disease,GARD:0005062,Sulfite oxidase deficiency,biolink:Disease,1,GARD:0005062,false,true,GARD
disease,GARD:0005068,"Pure gonadal dysgenesis 46,XY",biolink:Disease,1,GARD:0005068,false,true,GARD
disease,GARD:0005070,Symmetrical thalamic calcifications,biolink:Disease,1,GARD:0005070,false,true,GARD
disease,GARD:0005074,Distal symphalangism,biolink:Disease,1,GARD:0005074,false,true,GARD
disease,GARD:0005077,Symphalangism with multiple anomalies of hands and feet,biolink:Disease,1,GARD:0005077,false,true,GARD
disease,GARD:0005081,Syndactyly type 1,biolink:Disease,1,GARD:0005081,false,true,GARD
disease,GARD:0005084,Cenani-Lenz syndactyly syndrome,biolink:Disease,1,GARD:0005084,false,true,GARD
disease,GARD:0005087,Synpolydactyly,biolink:Disease,1,GARD:0005087,false,true,GARD
disease,GARD:0005088,Syndactyly type 3,biolink:Disease,1,GARD:0005088,false,true,GARD
disease,GARD:0005089,Syndactyly type 5,biolink:Disease,1,GARD:0005089,false,true,GARD
disease,GARD:0005090,Syndactyly-polydactyly-ear lobe syndrome,biolink:Disease,1,GARD:0005090,false,true,GARD
disease,GARD:0005091,Syngnathia-cleft palate syndrome,biolink:Disease,1,GARD:0005091,false,true,GARD
disease,GARD:0005092,Syngnathia multiple anomalies,biolink:Disease,1,GARD:0005092,false,true,GARD
disease,GARD:0005100,Syringocystadenoma papilliferum,biolink:Disease,1,GARD:0005100,false,true,GARD
disease,GARD:0005104,Renal carnitine transport defect,biolink:Disease,1,GARD:0005104,false,true,GARD
disease,GARD:0005106,Necrotizing vasculitis,biolink:Disease,1,GARD:0005106,false,true,GARD
disease,GARD:0005109,Berk-Tabatznik syndrome,biolink:Disease,1,GARD:0005109,false,true,GARD
disease,GARD:0005116,Radial aplasia-thrombocytopenia syndrome,biolink:Disease,1,GARD:0005116,false,true,GARD
disease,GARD:0005118,Taurodontia-absent teeth-sparse hair syndrome,biolink:Disease,1,GARD:0005118,false,true,GARD
disease,GARD:0005120,Microcephalic osteodysplastic primordial dwarfism types I and III,biolink:Disease,1,GARD:0005120,false,true,GARD
disease,GARD:0005121,"Oto-palato-digital syndrome, type I",biolink:Disease,1,GARD:0005121,false,true,GARD
disease,GARD:0005123,Anonychia-microcephaly syndrome,biolink:Disease,1,GARD:0005123,false,true,GARD
disease,GARD:0005124,Autosomal recessive faciodigitogenital syndrome,biolink:Disease,1,GARD:0005124,false,true,GARD
disease,GARD:0005125,Teebi-Shaltout syndrome,biolink:Disease,1,GARD:0005125,false,true,GARD
disease,GARD:0005126,Trigonocephaly-bifid nose-acral anomalies syndrome,biolink:Disease,1,GARD:0005126,false,true,GARD
disease,GARD:0005128,Tel Hashomer camptodactyly syndrome,biolink:Disease,1,GARD:0005128,false,true,GARD
disease,GARD:0005133,Piebald trait-neurologic defects syndrome,biolink:Disease,1,GARD:0005133,false,true,GARD
disease,GARD:0005135,Temporal lobe epilepsy,biolink:Disease,1,GARD:0005135,false,true,GARD
disease,GARD:0005138,Frank-Ter Haar syndrome,biolink:Disease,1,GARD:0005138,false,true,GARD
disease,GARD:0005140,Embryonal carcinoma,biolink:Disease,1,GARD:0005140,false,true,GARD
disease,GARD:0005144,Tetanus,biolink:Disease,1,GARD:0005144,false,true,GARD
disease,GARD:0005148,Tetraamelia,biolink:Disease,1,GARD:0005148,false,true,GARD
disease,GARD:0005151,Tetraploidy syndrome,biolink:Disease,1,GARD:0005151,false,true,GARD
disease,GARD:0005153,Duplication/inversion 15q11,biolink:Disease,1,GARD:0005153,false,true,GARD
disease,GARD:0005158,Thakker-Donnai syndrome,biolink:Disease,1,GARD:0005158,false,true,GARD
disease,GARD:0005170,Progressive deafness with stapes fixation,biolink:Disease,1,GARD:0005170,false,true,GARD
disease,GARD:0005173,Thiopurine S-methyltransferase deficiency,biolink:Disease,1,GARD:0005173,false,true,GARD
disease,GARD:0005175,Thomas syndrome,biolink:Disease,1,GARD:0005175,false,true,GARD
disease,GARD:0005176,Thrombocytopenia 1,biolink:Disease,1,GARD:0005176,false,true,GARD
disease,GARD:0005177,Hepatic fibrosis-renal cysts-intellectual disability syndrome,biolink:Disease,1,GARD:0005177,false,true,GARD
disease,GARD:0005180,Thoracic dysplasia-hydrocephalus syndrome,biolink:Disease,1,GARD:0005180,false,true,GARD
disease,GARD:0005181,Thoraco-abdominal enteric duplication,biolink:Disease,1,GARD:0005181,false,true,GARD
disease,GARD:0005186,Diffuse nonepidermolytic palmoplantar keratoderma,biolink:Disease,1,GARD:0005186,false,true,GARD
disease,GARD:0005188,Stormorken syndrome,biolink:Disease,1,GARD:0005188,false,true,GARD
disease,GARD:0005191,Thrombocytopenia 2,biolink:Disease,1,GARD:0005191,false,true,GARD
disease,GARD:0005194,Autoimmune thrombocytopenic purpura,biolink:Disease,1,GARD:0005194,false,true,GARD
disease,GARD:0005195,Familial thrombomodulin anomalies,biolink:Disease,1,GARD:0005195,false,true,GARD
disease,GARD:0005199,Thumb deformity-alopecia-pigmentation anomaly syndrome,biolink:Disease,1,GARD:0005199,false,true,GARD
disease,GARD:0005201,Thymic epithelial neoplasm,biolink:Disease,1,GARD:0005201,false,true,GARD
disease,GARD:0005202,Thymic-renal-anal-lung dysplasia,biolink:Disease,1,GARD:0005202,false,true,GARD
disease,GARD:0005204,Familial thyroglossal duct cyst,biolink:Disease,1,GARD:0005204,false,true,GARD
disease,GARD:0005206,"Thyroid cancer, nonmedullary, 2",biolink:Disease,1,GARD:0005206,false,true,GARD
disease,GARD:0005210,Absent tibia-polydactyly-arachnoid cyst syndrome,biolink:Disease,1,GARD:0005210,false,true,GARD
disease,GARD:0005216,Tick-borne encephalitis,biolink:Disease,1,GARD:0005216,false,true,GARD
disease,GARD:0005221,Hereditary liability to pressure palsies,biolink:Disease,1,GARD:0005221,false,true,GARD
disease,GARD:0005225,Toriello-Carey syndrome,biolink:Disease,1,GARD:0005225,false,true,GARD
disease,GARD:0005230,Torticollis-keloids-cryptorchidism-renal dysplasia syndrome,biolink:Disease,1,GARD:0005230,false,true,GARD
disease,GARD:0005231,Skin fragility-woolly hair-palmoplantar keratoderma syndrome,biolink:Disease,1,GARD:0005231,false,true,GARD
disease,GARD:0005232,Weismann-Netter syndrome,biolink:Disease,1,GARD:0005232,false,true,GARD
disease,GARD:0005233,Tracheal agenesis,biolink:Disease,1,GARD:0005233,false,true,GARD
disease,GARD:0005235,Tracheobroncheopathia osteoplastica,biolink:Disease,1,GARD:0005235,false,true,GARD
disease,GARD:0005237,Hypoplastic pancreas-intestinal atresia-hypoplastic gallbladder syndrome,biolink:Disease,1,GARD:0005237,false,true,GARD
disease,GARD:0005238,X-linked intellectual disability-seizures-psoriasis syndrome,biolink:Disease,1,GARD:0005238,false,true,GARD
disease,GARD:0005243,Autosomal dominant optic atrophy plus syndrome,biolink:Disease,1,GARD:0005243,false,true,GARD
disease,GARD:0005250,Infection by larvae of Trichinella,biolink:Disease,1,GARD:0005250,false,true,GARD
disease,GARD:0005258,Trichohepatoenteric syndrome,biolink:Disease,1,GARD:0005258,false,true,GARD
disease,GARD:0005261,Trichodysplasia-xeroderma syndrome,biolink:Disease,1,GARD:0005261,false,true,GARD
disease,GARD:0005263,Trichofolliculoma,biolink:Disease,1,GARD:0005263,false,true,GARD
disease,GARD:0005266,Trichomegaly-retina pigmentary degeneration-dwarfism syndrome,biolink:Disease,1,GARD:0005266,false,true,GARD
disease,GARD:0005267,Trichoodontoonychial dysplasia,biolink:Disease,1,GARD:0005267,false,true,GARD
disease,GARD:0005274,Tricuspid atresia,biolink:Disease,1,GARD:0005274,false,true,GARD
disease,GARD:0005279,Baraitser-Winter syndrome,biolink:Disease,1,GARD:0005279,false,true,GARD
disease,GARD:0005286,Triopia,biolink:Disease,1,GARD:0005286,false,true,GARD
disease,GARD:0005287,Triosephosphate isomerase deficiency,biolink:Disease,1,GARD:0005287,false,true,GARD
disease,GARD:0005289,Polydactyly of a triphalangeal thumb,biolink:Disease,1,GARD:0005289,false,true,GARD
disease,GARD:0005290,Triphalangeal thumbs-brachyectrodactyly syndrome,biolink:Disease,1,GARD:0005290,false,true,GARD
disease,GARD:0005295,Triploidy,biolink:Disease,1,GARD:0005295,false,true,GARD
disease,GARD:0005299,Trisomy 10p,biolink:Disease,1,GARD:0005299,false,true,GARD
disease,GARD:0005304,Mosaic trisomy 12,biolink:Disease,1,GARD:0005304,false,true,GARD
disease,GARD:0005305,Trisomy 12p,biolink:Disease,1,GARD:0005305,false,true,GARD
disease,GARD:0005313,Mosaic trisomy 15,biolink:Disease,1,GARD:0005313,false,true,GARD
disease,GARD:0005317,Mosaic trisomy 17,biolink:Disease,1,GARD:0005317,false,true,GARD
disease,GARD:0005318,Trisomy 17p,biolink:Disease,1,GARD:0005318,false,true,GARD
disease,GARD:0005323,Trisomy 18p,biolink:Disease,1,GARD:0005323,false,true,GARD
disease,GARD:0005331,Mosaic trisomy 2,biolink:Disease,1,GARD:0005331,false,true,GARD
disease,GARD:0005332,Complete trisomy 20 syndrome,biolink:Disease,1,GARD:0005332,false,true,GARD
disease,GARD:0005333,Trisomy 20p,biolink:Disease,1,GARD:0005333,false,true,GARD
disease,GARD:0005335,Trisomy 22,biolink:Disease,1,GARD:0005335,false,true,GARD
disease,GARD:0005342,Mosaic trisomy 3,biolink:Disease,1,GARD:0005342,false,true,GARD
disease,GARD:0005354,Mosaic trisomy 7,biolink:Disease,1,GARD:0005354,false,true,GARD
disease,GARD:0005359,Mosaic trisomy 8,biolink:Disease,1,GARD:0005359,false,true,GARD
disease,GARD:0005362,Trisomy 8q,biolink:Disease,1,GARD:0005362,false,true,GARD
disease,GARD:0005369,Partial duplication of the long arm of chromosome X,biolink:Disease,1,GARD:0005369,false,true,GARD
disease,GARD:0005372,Troyer syndrome,biolink:Disease,1,GARD:0005372,false,true,GARD
disease,GARD:0005376,Autosomal dominant trichoodontoonychodysplasia-syndactyly,biolink:Disease,1,GARD:0005376,false,true,GARD
disease,GARD:0005388,Transient tyrosinemia of the newborn,biolink:Disease,1,GARD:0005388,false,true,GARD
disease,GARD:0005392,UDPglucose-4-epimerase deficiency,biolink:Disease,1,GARD:0005392,false,true,GARD
disease,GARD:0005394,Ulbright-Hodes syndrome,biolink:Disease,1,GARD:0005394,false,true,GARD
disease,GARD:0005395,Ulerythema ophryogenesis,biolink:Disease,1,GARD:0005395,false,true,GARD
disease,GARD:0005398,Ulna hypoplasia-intellectual disability syndrome,biolink:Disease,1,GARD:0005398,false,true,GARD
disease,GARD:0005400,Ulnar hypoplasia-split foot syndrome,biolink:Disease,1,GARD:0005400,false,true,GARD
disease,GARD:0005403,Umbilical cord ulceration-intestinal atresia syndrome,biolink:Disease,1,GARD:0005403,false,true,GARD
disease,GARD:0005404,Uncombable hair syndrome,biolink:Disease,1,GARD:0005404,false,true,GARD
disease,GARD:0005408,"Chromosome 17q11.2 deletion syndrome, 1.4Mb",biolink:Disease,1,GARD:0005408,false,true,GARD
disease,GARD:0005409,Paternal uniparental disomy of chromosome 14,biolink:Disease,1,GARD:0005409,false,true,GARD
disease,GARD:0005421,Upington disease,biolink:Disease,1,GARD:0005421,false,true,GARD
disease,GARD:0005425,Urachal cyst,biolink:Disease,1,GARD:0005425,false,true,GARD
disease,GARD:0005426,Urban-Rogers-Meyer syndrome,biolink:Disease,1,GARD:0005426,false,true,GARD
disease,GARD:0005427,Hereditary mucoepithelial dysplasia,biolink:Disease,1,GARD:0005427,false,true,GARD
disease,GARD:0005428,Early urethral obstruction sequence,biolink:Disease,1,GARD:0005428,false,true,GARD
disease,GARD:0005429,Hereditary orotic aciduria,biolink:Disease,1,GARD:0005429,false,true,GARD
disease,GARD:0005430,Mullerian derivatives-lymphangiectasia-polydactyly syndrome,biolink:Disease,1,GARD:0005430,false,true,GARD
disease,GARD:0005435,Usher syndrome type 1,biolink:Disease,1,GARD:0005435,false,true,GARD
disease,GARD:0005440,Usher syndrome type 2,biolink:Disease,1,GARD:0005440,false,true,GARD
disease,GARD:0005442,Usher syndrome type 3,biolink:Disease,1,GARD:0005442,false,true,GARD
disease,GARD:0005443,VATER association,biolink:Disease,1,GARD:0005443,false,true,GARD
disease,GARD:0005445,Mayer-Rokitansky-Kuster-Hauser syndrome,biolink:Disease,1,GARD:0005445,false,true,GARD
disease,GARD:0005453,Van den Bosch syndrome,biolink:Disease,1,GARD:0005453,false,true,GARD
disease,GARD:0005456,Van Maldergem syndrome,biolink:Disease,1,GARD:0005456,false,true,GARD
disease,GARD:0005461,Congenital bilateral absence of vas deferens,biolink:Disease,1,GARD:0005461,false,true,GARD
disease,GARD:0005467,Vein of Galen aneurysmal malformation,biolink:Disease,1,GARD:0005467,false,true,GARD
disease,GARD:0005469,Velo-facial-skeletal syndrome,biolink:Disease,1,GARD:0005469,false,true,GARD
disease,GARD:0005470,Velopharyngeal insufficiency,biolink:Disease,1,GARD:0005470,false,true,GARD
disease,GARD:0005472,Ventricular extrasystoles with syncopal episodes-perodactyly-robin sequence syndrome,biolink:Disease,1,GARD:0005472,false,true,GARD
disease,GARD:0005476,Dextro-looped transposition of the great arteries,biolink:Disease,1,GARD:0005476,false,true,GARD
disease,GARD:0005478,Brachyolmia-amelogenesis imperfecta syndrome,biolink:Disease,1,GARD:0005478,false,true,GARD
disease,GARD:0005481,Microspherophakia-metaphyseal dysplasia syndrome,biolink:Disease,1,GARD:0005481,false,true,GARD
disease,GARD:0005482,Verloove Vanhorick-Brubakk syndrome,biolink:Disease,1,GARD:0005482,false,true,GARD
disease,GARD:0005484,Inflammatory linear verrucous epidermal nevus,biolink:Disease,1,GARD:0005484,false,true,GARD
disease,GARD:0005488,Congenital vertical talus,biolink:Disease,1,GARD:0005488,false,true,GARD
disease,GARD:0005490,Microcephaly-brachydactyly-kyphoscoliosis syndrome,biolink:Disease,1,GARD:0005490,false,true,GARD
disease,GARD:0005494,Viral hemorrhagic fever,biolink:Disease,1,GARD:0005494,false,true,GARD
disease,GARD:0005495,Malignant Sertoli-Leydig cell tumor of ovary,biolink:Disease,1,GARD:0005495,false,true,GARD
disease,GARD:0005496,Oculogastrointestinal muscular dystrophy,biolink:Disease,1,GARD:0005496,false,true,GARD
disease,GARD:0005506,Vitreoretinopathy,biolink:Disease,1,GARD:0005506,false,true,GARD
disease,GARD:0005507,Autosomal dominant vitreoretinochoroidopathy,biolink:Disease,1,GARD:0005507,false,true,GARD
disease,GARD:0005508,Very long chain acyl-CoA dehydrogenase deficiency,biolink:Disease,1,GARD:0005508,false,true,GARD
disease,GARD:0005509,Congenital laryngeal abductor palsy,biolink:Disease,1,GARD:0005509,false,true,GARD
disease,GARD:0005513,Mayer-Rokitansky-Küster-Hauser syndrome type 2,biolink:Disease,1,GARD:0005513,false,true,GARD
disease,GARD:0005518,Hydrocephalus-costovertebral dysplasia-Sprengel anomaly syndrome,biolink:Disease,1,GARD:0005518,false,true,GARD
disease,GARD:0005519,Waardenburg syndrome type 1,biolink:Disease,1,GARD:0005519,false,true,GARD
disease,GARD:0005520,Waardenburg syndrome type 2,biolink:Disease,1,GARD:0005520,false,true,GARD
disease,GARD:0005523,Waardenburg syndrome type 3,biolink:Disease,1,GARD:0005523,false,true,GARD
disease,GARD:0005524,Waardenburg-Shah syndrome,biolink:Disease,1,GARD:0005524,false,true,GARD
disease,GARD:0005525,Waardenburg syndrome,biolink:Disease,1,GARD:0005525,false,true,GARD
disease,GARD:0005528,11p partial monosomy syndrome,biolink:Disease,1,GARD:0005528,false,true,GARD
disease,GARD:0005530,Aniridia - intellectual disability syndrome,biolink:Disease,1,GARD:0005530,false,true,GARD
disease,GARD:0005532,Cleidorhizomelic syndrome,biolink:Disease,1,GARD:0005532,false,true,GARD
disease,GARD:0005534,Warburg micro syndrome,biolink:Disease,1,GARD:0005534,false,true,GARD
disease,GARD:0005535,"Deaf blind hypopigmentation syndrome, Yemenite type",biolink:Disease,1,GARD:0005535,false,true,GARD
disease,GARD:0005538,Craniosynostosis 2,biolink:Disease,1,GARD:0005538,false,true,GARD
disease,GARD:0005539,Acromelic frontonasal dysostosis,biolink:Disease,1,GARD:0005539,false,true,GARD
disease,GARD:0005545,Weaver-Williams syndrome,biolink:Disease,1,GARD:0005545,false,true,GARD
disease,GARD:0005552,Welander distal myopathy,biolink:Disease,1,GARD:0005552,false,true,GARD
disease,GARD:0005554,Cataract-aberrant oral frenula-growth delay syndrome,biolink:Disease,1,GARD:0005554,false,true,GARD
disease,GARD:0005555,Spastic paraparesis-deafness syndrome,biolink:Disease,1,GARD:0005555,false,true,GARD
disease,GARD:0005562,Osteopathia striata-pigmentary dermopathy-white forelock syndrome,biolink:Disease,1,GARD:0005562,false,true,GARD
disease,GARD:0005565,Wiedemann-Steiner syndrome,biolink:Disease,1,GARD:0005565,false,true,GARD
disease,GARD:0005566,Hirsutism-skeletal dysplasia-intellectual disability syndrome,biolink:Disease,1,GARD:0005566,false,true,GARD
disease,GARD:0005569,Wildervanck syndrome,biolink:Disease,1,GARD:0005569,false,true,GARD
disease,GARD:0005573,Acquired von willebrand syndrome,biolink:Disease,1,GARD:0005573,false,true,GARD
disease,GARD:0005575,Prader-Willi syndrome,biolink:Disease,1,GARD:0005575,false,true,GARD
disease,GARD:0005576,Drash syndrome,biolink:Disease,1,GARD:0005576,false,true,GARD
disease,GARD:0005579,Wilson-Turner syndrome,biolink:Disease,1,GARD:0005579,false,true,GARD
disease,GARD:0005584,Curry-Jones syndrome,biolink:Disease,1,GARD:0005584,false,true,GARD
disease,GARD:0005587,Hypoplastic enamel-onycholysis-hypohidrosis syndrome,biolink:Disease,1,GARD:0005587,false,true,GARD
disease,GARD:0005589,Wolcott-Rallison dysplasia,biolink:Disease,1,GARD:0005589,false,true,GARD
disease,GARD:0005592,Woodhouse-Sakati syndrome,biolink:Disease,1,GARD:0005592,false,true,GARD
disease,GARD:0005593,Intrauterine growth retardation with increased mitomycin c sensitivity,biolink:Disease,1,GARD:0005593,false,true,GARD
disease,GARD:0005594,Wooly hair-hypotrichosis-everted lower lip-outstanding ears syndrome,biolink:Disease,1,GARD:0005594,false,true,GARD
disease,GARD:0005595,Arrhythmogenic cardiomyopathy with wooly hair and keratoderma,biolink:Disease,1,GARD:0005595,false,true,GARD
disease,GARD:0005597,Wooly hair,biolink:Disease,1,GARD:0005597,false,true,GARD
disease,GARD:0005598,Worster-Drought syndrome,biolink:Disease,1,GARD:0005598,false,true,GARD
disease,GARD:0005611,"Severe X-linked intellectual disability, Gustavson type",biolink:Disease,1,GARD:0005611,false,true,GARD
disease,GARD:0005613,"Intellectual disability, X-linked 63",biolink:Disease,1,GARD:0005613,false,true,GARD
disease,GARD:0005614,"Intellectual disability, X-linked, with or without seizures, ARX-related",biolink:Disease,1,GARD:0005614,false,true,GARD
disease,GARD:0005615,Syndromic X-linked intellectual disability Snyder type,biolink:Disease,1,GARD:0005615,false,true,GARD
disease,GARD:0005617,Allan-Herndon-Dudley syndrome,biolink:Disease,1,GARD:0005617,false,true,GARD
disease,GARD:0005618,X-linked severe combined immunodeficiency,biolink:Disease,1,GARD:0005618,false,true,GARD
disease,GARD:0005620,Xanthinuria type II,biolink:Disease,1,GARD:0005620,false,true,GARD
disease,GARD:0005621,Hereditary xanthinuria type 1,biolink:Disease,1,GARD:0005621,false,true,GARD
disease,GARD:0005622,Cholestanol storage disease,biolink:Disease,1,GARD:0005622,false,true,GARD
disease,GARD:0005623,Xerocytosis,biolink:Disease,1,GARD:0005623,false,true,GARD
disease,GARD:0005630,Xeroderma pigmentosum variant type,biolink:Disease,1,GARD:0005630,false,true,GARD
disease,GARD:0005642,Aase-Smith syndrome,biolink:Disease,1,GARD:0005642,false,true,GARD
disease,GARD:0005643,Dentatorubral-pallidoluysian atrophy,biolink:Disease,1,GARD:0005643,false,true,GARD
disease,GARD:0005644,Dilated cardiomyopathy 1E,biolink:Disease,1,GARD:0005644,false,true,GARD
disease,GARD:0005648,Photogenic epilepsy,biolink:Disease,1,GARD:0005648,false,true,GARD
disease,GARD:0005653,Gliosarcoma,biolink:Disease,1,GARD:0005653,false,true,GARD
disease,GARD:0005654,Alveolar soft part sarcoma,biolink:Disease,1,GARD:0005654,false,true,GARD
disease,GARD:0005657,PFAPA syndrome,biolink:Disease,1,GARD:0005657,false,true,GARD
disease,GARD:0005658,Deficiency of steroid 11-beta-monooxygenase,biolink:Disease,1,GARD:0005658,false,true,GARD
disease,GARD:0005659,Testosterone 17-beta-dehydrogenase deficiency,biolink:Disease,1,GARD:0005659,false,true,GARD
disease,GARD:0005660,Corticosterone 18-monooxygenase deficiency,biolink:Disease,1,GARD:0005660,false,true,GARD
disease,GARD:0005661,D-2-hydroxyglutaric aciduria,biolink:Disease,1,GARD:0005661,false,true,GARD
disease,GARD:0005662,3-Hydroxyisobutyric aciduria,biolink:Disease,1,GARD:0005662,false,true,GARD
disease,GARD:0005663,3-Methylglutaconic aciduria type 3,biolink:Disease,1,GARD:0005663,false,true,GARD
disease,GARD:0005666,Ritscher-Schinzel syndrome,biolink:Disease,1,GARD:0005666,false,true,GARD
disease,GARD:0005667,3-M syndrome,biolink:Disease,1,GARD:0005667,false,true,GARD
disease,GARD:0005668,Hawkinsinuria,biolink:Disease,1,GARD:0005668,false,true,GARD
disease,GARD:0005671,46 XX gonadal dysgenesis,biolink:Disease,1,GARD:0005671,false,true,GARD
disease,GARD:0005672,Trisomy X syndrome,biolink:Disease,1,GARD:0005672,false,true,GARD
disease,GARD:0005674,Double Y syndrome,biolink:Disease,1,GARD:0005674,false,true,GARD
disease,GARD:0005676,"48,XXXY syndrome",biolink:Disease,1,GARD:0005676,false,true,GARD
disease,GARD:0005677,XXYY syndrome,biolink:Disease,1,GARD:0005677,false,true,GARD
disease,GARD:0005678,Pentasomy X,biolink:Disease,1,GARD:0005678,false,true,GARD
disease,GARD:0005679,"49,XXXXY syndrome",biolink:Disease,1,GARD:0005679,false,true,GARD
disease,GARD:0005680,3-Oxo-5 alpha-steroid delta 4-dehydrogenase deficiency,biolink:Disease,1,GARD:0005680,false,true,GARD
disease,GARD:0005681,5-Oxoprolinase deficiency,biolink:Disease,1,GARD:0005681,false,true,GARD
disease,GARD:0005682,6-Pyruvoyl-tetrahydrobiopterin synthase deficiency,biolink:Disease,1,GARD:0005682,false,true,GARD
disease,GARD:0005683,Smith-Lemli-Opitz syndrome,biolink:Disease,1,GARD:0005683,false,true,GARD
disease,GARD:0005686,"Glycogen storage disease, type VII",biolink:Disease,1,GARD:0005686,false,true,GARD
disease,GARD:0005688,Temtamy syndrome,biolink:Disease,1,GARD:0005688,false,true,GARD
disease,GARD:0005691,Phytanic acid storage disease,biolink:Disease,1,GARD:0005691,false,true,GARD
disease,GARD:0005692,Partial androgen insensitivity syndrome,biolink:Disease,1,GARD:0005692,false,true,GARD
disease,GARD:0005693,Reactive arthritis,biolink:Disease,1,GARD:0005693,false,true,GARD
disease,GARD:0005694,Retinitis pigmentosa,biolink:Disease,1,GARD:0005694,false,true,GARD
disease,GARD:0005695,Retinopathy of prematurity,biolink:Disease,1,GARD:0005695,false,true,GARD
disease,GARD:0005696,Rett syndrome,biolink:Disease,1,GARD:0005696,false,true,GARD
disease,GARD:0005697,Multifocal fibrosclerosis,biolink:Disease,1,GARD:0005697,false,true,GARD
disease,GARD:0005699,Rheumatic fever,biolink:Disease,1,GARD:0005699,false,true,GARD
disease,GARD:0005700,Rickets,biolink:Disease,1,GARD:0005700,false,true,GARD
disease,GARD:0005701,Axenfeld-Rieger syndrome,biolink:Disease,1,GARD:0005701,false,true,GARD
disease,GARD:0005708,Idiopathic achalasia,biolink:Disease,1,GARD:0005708,false,true,GARD
disease,GARD:0005714,"Glycogen storage disease, type II",biolink:Disease,1,GARD:0005714,false,true,GARD
disease,GARD:0005721,Acrocallosal syndrome,biolink:Disease,1,GARD:0005721,false,true,GARD
disease,GARD:0005723,Hereditary acrodermatitis enteropathica,biolink:Disease,1,GARD:0005723,false,true,GARD
disease,GARD:0005724,Acrodysostosis,biolink:Disease,1,GARD:0005724,false,true,GARD
disease,GARD:0005725,Acromegaly,biolink:Disease,1,GARD:0005725,false,true,GARD
disease,GARD:0005727,Congenital isolated adrenocorticotropic hormone deficiency,biolink:Disease,1,GARD:0005727,false,true,GARD
disease,GARD:0005728,Actinomycotic infection,biolink:Disease,1,GARD:0005728,false,true,GARD
disease,GARD:0005732,Acute intermittent porphyria,biolink:Disease,1,GARD:0005732,false,true,GARD
disease,GARD:0005739,Adams-Oliver syndrome,biolink:Disease,1,GARD:0005739,false,true,GARD
disease,GARD:0005740,Autoimmune primary adrenal insufficiency,biolink:Disease,1,GARD:0005740,false,true,GARD
disease,GARD:0005743,Adenoid cystic carcinoma,biolink:Disease,1,GARD:0005743,false,true,GARD
disease,GARD:0005747,Ameloblastoma,biolink:Disease,1,GARD:0005747,false,true,GARD
disease,GARD:0005748,"Severe combined immunodeficiency, autosomal recessive, T cell-negative, B cell-negative, NK cell-negative, due to adenosine deaminase deficiency",biolink:Disease,1,GARD:0005748,false,true,GARD
disease,GARD:0005749,Holmes-Adie syndrome,biolink:Disease,1,GARD:0005749,false,true,GARD
disease,GARD:0005750,Lipomatosis dolorosa,biolink:Disease,1,GARD:0005750,false,true,GARD
disease,GARD:0005751,Adrenal gland cancer,biolink:Disease,1,GARD:0005751,false,true,GARD
disease,GARD:0005755,Adrenal medulla cancer,biolink:Disease,1,GARD:0005755,false,true,GARD
disease,GARD:0005758,Adrenoleukodystrophy,biolink:Disease,1,GARD:0005758,false,true,GARD
disease,GARD:0005761,Congenital afibrinogenemia,biolink:Disease,1,GARD:0005761,false,true,GARD
disease,GARD:0005764,Aicardi syndrome,biolink:Disease,1,GARD:0005764,false,true,GARD
disease,GARD:0005774,Alexander disease,biolink:Disease,1,GARD:0005774,false,true,GARD
disease,GARD:0005775,Alkaptonuria,biolink:Disease,1,GARD:0005775,false,true,GARD
disease,GARD:0005783,Progressive sclerosing poliodystrophy,biolink:Disease,1,GARD:0005783,false,true,GARD
disease,GARD:0005784,Alpha-1-antitrypsin deficiency,biolink:Disease,1,GARD:0005784,false,true,GARD
disease,GARD:0005785,Alport syndrome,biolink:Disease,1,GARD:0005785,false,true,GARD
disease,GARD:0005786,Amyotrophic lateral sclerosis,biolink:Disease,1,GARD:0005786,false,true,GARD
disease,GARD:0005787,Alstrom syndrome,biolink:Disease,1,GARD:0005787,false,true,GARD
disease,GARD:0005791,Amelogenesis imperfecta,biolink:Disease,1,GARD:0005791,false,true,GARD
disease,GARD:0005797,AL amyloidosis,biolink:Disease,1,GARD:0005797,false,true,GARD
disease,GARD:0005798,Amyotonia congenita,biolink:Disease,1,GARD:0005798,false,true,GARD
disease,GARD:0005802,"Oto-palato-digital syndrome, type II",biolink:Disease,1,GARD:0005802,false,true,GARD
disease,GARD:0005803,Androgen resistance syndrome,biolink:Disease,1,GARD:0005803,false,true,GARD
disease,GARD:0005808,Anencephaly 1,biolink:Disease,1,GARD:0005808,false,true,GARD
disease,GARD:0005810,Angelman syndrome,biolink:Disease,1,GARD:0005810,false,true,GARD
disease,GARD:0005813,Liver angiosarcoma,biolink:Disease,1,GARD:0005813,false,true,GARD
disease,GARD:0005816,Isolated aniridia,biolink:Disease,1,GARD:0005816,false,true,GARD
disease,GARD:0005818,Anodontia,biolink:Disease,1,GARD:0005818,false,true,GARD
disease,GARD:0005819,Testicular agenesis,biolink:Disease,1,GARD:0005819,false,true,GARD
disease,GARD:0005824,Antiphospholipid syndrome,biolink:Disease,1,GARD:0005824,false,true,GARD
disease,GARD:0005826,Antley-Bixler syndrome,biolink:Disease,1,GARD:0005826,false,true,GARD
disease,GARD:0005828,Coarctation of aorta,biolink:Disease,1,GARD:0005828,false,true,GARD
disease,GARD:0005833,Acrocephalosyndactyly type I,biolink:Disease,1,GARD:0005833,false,true,GARD
disease,GARD:0005835,Aplasia cutis congenita,biolink:Disease,1,GARD:0005835,false,true,GARD
disease,GARD:0005839,Arachnoiditis,biolink:Disease,1,GARD:0005839,false,true,GARD
disease,GARD:0005840,Arginase deficiency,biolink:Disease,1,GARD:0005840,false,true,GARD
disease,GARD:0005843,Argininosuccinate lyase deficiency,biolink:Disease,1,GARD:0005843,false,true,GARD
disease,GARD:0005847,Arrhythmogenic right ventricular cardiomyopathy,biolink:Disease,1,GARD:0005847,false,true,GARD
disease,GARD:0005852,Asbestosis,biolink:Disease,1,GARD:0005852,false,true,GARD
disease,GARD:0005853,Uterine synechiae,biolink:Disease,1,GARD:0005853,false,true,GARD
disease,GARD:0005854,Aspartylglucosaminuria,biolink:Disease,1,GARD:0005854,false,true,GARD
disease,GARD:0005856,Aspergillosis,biolink:Disease,1,GARD:0005856,false,true,GARD
disease,GARD:0005860,"Astrocytoma, anaplastic",biolink:Disease,1,GARD:0005860,false,true,GARD
disease,GARD:0005862,Ataxia-telangiectasia syndrome,biolink:Disease,1,GARD:0005862,false,true,GARD
disease,GARD:0005864,Alpha thalassemia-X-linked intellectual disability syndrome,biolink:Disease,1,GARD:0005864,false,true,GARD
disease,GARD:0005865,"Atrial septal defect, ostium secundum type",biolink:Disease,1,GARD:0005865,false,true,GARD
disease,GARD:0005866,Atrophoderma of Pierini and Pasini,biolink:Disease,1,GARD:0005866,false,true,GARD
disease,GARD:0005867,Localized lipodystrophy,biolink:Disease,1,GARD:0005867,false,true,GARD
disease,GARD:0005870,Autoimmune hemolytic anemia,biolink:Disease,1,GARD:0005870,false,true,GARD
disease,GARD:0005871,Autoimmune hepatitis,biolink:Disease,1,GARD:0005871,false,true,GARD
disease,GARD:0005877,B-cell lymphoma,biolink:Disease,1,GARD:0005877,false,true,GARD
disease,GARD:0005878,Babesiosis,biolink:Disease,1,GARD:0005878,false,true,GARD
disease,GARD:0005881,Bacterial meningitis,biolink:Disease,1,GARD:0005881,false,true,GARD
disease,GARD:0005885,Balo concentric sclerosis,biolink:Disease,1,GARD:0005885,false,true,GARD
disease,GARD:0005887,Bannayan-Riley-Ruvalcaba syndrome,biolink:Disease,1,GARD:0005887,false,true,GARD
disease,GARD:0005888,Congestive splenomegaly,biolink:Disease,1,GARD:0005888,false,true,GARD
disease,GARD:0005890,3-Methylglutaconic aciduria type 2,biolink:Disease,1,GARD:0005890,false,true,GARD
disease,GARD:0005893,Bartter syndrome,biolink:Disease,1,GARD:0005893,false,true,GARD
disease,GARD:0005896,Basilar migraine,biolink:Disease,1,GARD:0005896,false,true,GARD
disease,GARD:0005897,Neuronal ceroid lipofuscinosis 3,biolink:Disease,1,GARD:0005897,false,true,GARD
disease,GARD:0005898,Congenital myopathy,biolink:Disease,1,GARD:0005898,false,true,GARD
disease,GARD:0005899,Congenital contractural arachnodactyly,biolink:Disease,1,GARD:0005899,false,true,GARD
disease,GARD:0005900,Becker muscular dystrophy,biolink:Disease,1,GARD:0005900,false,true,GARD
disease,GARD:0005901,Becker nevus syndrome,biolink:Disease,1,GARD:0005901,false,true,GARD
disease,GARD:0005905,Bejel,biolink:Disease,1,GARD:0005905,false,true,GARD
disease,GARD:0005907,Diffuse astrocytoma,biolink:Disease,1,GARD:0005907,false,true,GARD
disease,GARD:0005913,Benign mucous membrane pemphigoid,biolink:Disease,1,GARD:0005913,false,true,GARD
disease,GARD:0005924,Biliary tract cancer,biolink:Disease,1,GARD:0005924,false,true,GARD
disease,GARD:0005926,Birdshot chorioretinopathy,biolink:Disease,1,GARD:0005926,false,true,GARD
disease,GARD:0005939,Tryptophan malabsorption syndrome,biolink:Disease,1,GARD:0005939,false,true,GARD
disease,GARD:0005940,Blue rubber bleb nevus,biolink:Disease,1,GARD:0005940,false,true,GARD
disease,GARD:0005948,Bowen disease of the skin,biolink:Disease,1,GARD:0005948,false,true,GARD
disease,GARD:0005950,Bowen-Conradi syndrome,biolink:Disease,1,GARD:0005950,false,true,GARD
disease,GARD:0005951,Bowenoid papulosis,biolink:Disease,1,GARD:0005951,false,true,GARD
disease,GARD:0005961,Bronchiolitis obliterans with obstructive pulmonary disease,biolink:Disease,1,GARD:0005961,false,true,GARD
disease,GARD:0005962,Bronchopulmonary dysplasia of newborn,biolink:Disease,1,GARD:0005962,false,true,GARD
disease,GARD:0005966,Brucellosis,biolink:Disease,1,GARD:0005966,false,true,GARD
disease,GARD:0005968,Budd-Chiari syndrome,biolink:Disease,1,GARD:0005968,false,true,GARD
disease,GARD:0005969,Thromboangiitis obliterans,biolink:Disease,1,GARD:0005969,false,true,GARD
disease,GARD:0005972,Bullous pemphigoid,biolink:Disease,1,GARD:0005972,false,true,GARD
disease,GARD:0005973,Burkitt lymphoma,biolink:Disease,1,GARD:0005973,false,true,GARD
disease,GARD:0005974,Burning mouth syndrome,biolink:Disease,1,GARD:0005974,false,true,GARD
disease,GARD:0005975,Scleredema,biolink:Disease,1,GARD:0005975,false,true,GARD
disease,GARD:0005976,Byssinosis,biolink:Disease,1,GARD:0005976,false,true,GARD
disease,GARD:0005978,C syndrome,biolink:Disease,1,GARD:0005978,false,true,GARD
disease,GARD:0005979,Hereditary angioneurotic edema,biolink:Disease,1,GARD:0005979,false,true,GARD
disease,GARD:0005980,Calciphylaxis,biolink:Disease,1,GARD:0005980,false,true,GARD
disease,GARD:0005984,Spongy degeneration of central nervous system,biolink:Disease,1,GARD:0005984,false,true,GARD
disease,GARD:0005994,Carcinoid syndrome,biolink:Disease,1,GARD:0005994,false,true,GARD
disease,GARD:0006001,Carnosinemia,biolink:Disease,1,GARD:0006001,false,true,GARD
disease,GARD:0006002,Caroli disease,biolink:Disease,1,GARD:0006002,false,true,GARD
disease,GARD:0006003,Carpenter syndrome,biolink:Disease,1,GARD:0006003,false,true,GARD
disease,GARD:0006004,Cartilage cancer,biolink:Disease,1,GARD:0006004,false,true,GARD
disease,GARD:0006005,Localized Castleman disease,biolink:Disease,1,GARD:0006005,false,true,GARD
disease,GARD:0006007,Caudal regression sequence,biolink:Disease,1,GARD:0006007,false,true,GARD
disease,GARD:0006010,Cavernous lymphangioma,biolink:Disease,1,GARD:0006010,false,true,GARD
disease,GARD:0006011,Congenital bilateral perisylvian syndrome,biolink:Disease,1,GARD:0006011,false,true,GARD
disease,GARD:0006014,Central core myopathy,biolink:Disease,1,GARD:0006014,false,true,GARD
disease,GARD:0006015,Central diabetes insipidus,biolink:Disease,1,GARD:0006015,false,true,GARD
disease,GARD:0006026,Cerebro-costo-mandibular syndrome,biolink:Disease,1,GARD:0006026,false,true,GARD
disease,GARD:0006027,COFS syndrome,biolink:Disease,1,GARD:0006027,false,true,GARD
disease,GARD:0006033,Chandler syndrome,biolink:Disease,1,GARD:0006033,false,true,GARD
disease,GARD:0006034,Charcot-Marie-Tooth disease,biolink:Disease,1,GARD:0006034,false,true,GARD
disease,GARD:0006035,Chédiak-Higashi syndrome,biolink:Disease,1,GARD:0006035,false,true,GARD
disease,GARD:0006036,Fibrous dysplasia of jaw,biolink:Disease,1,GARD:0006036,false,true,GARD
disease,GARD:0006037,Postpartum amenorrhea-galactorrhea syndrome,biolink:Disease,1,GARD:0006037,false,true,GARD
disease,GARD:0006038,Chikungunya fever,biolink:Disease,1,GARD:0006038,false,true,GARD
disease,GARD:0006039,Child syndrome,biolink:Disease,1,GARD:0006039,false,true,GARD
disease,GARD:0006040,Childhood disintegrative disorder,biolink:Disease,1,GARD:0006040,false,true,GARD
disease,GARD:0006042,Intrahepatic cholangiocarcinoma,biolink:Disease,1,GARD:0006042,false,true,GARD
disease,GARD:0006043,Cholera,biolink:Disease,1,GARD:0006043,false,true,GARD
disease,GARD:0006047,Chondroblastoma,biolink:Disease,1,GARD:0006047,false,true,GARD
disease,GARD:0006048,Chondrocalcinosis 1,biolink:Disease,1,GARD:0006048,false,true,GARD
disease,GARD:0006049,Rhizomelic chondrodysplasia punctata type 1,biolink:Disease,1,GARD:0006049,false,true,GARD
disease,GARD:0006055,Chondrosarcoma,biolink:Disease,1,GARD:0006055,false,true,GARD
disease,GARD:0006059,Choriocarcinoma,biolink:Disease,1,GARD:0006059,false,true,GARD
disease,GARD:0006060,Chorioretinitis,biolink:Disease,1,GARD:0006060,false,true,GARD
disease,GARD:0006061,Choroideremia,biolink:Disease,1,GARD:0006061,false,true,GARD
disease,GARD:0006064,Chromophobe renal cell carcinoma,biolink:Disease,1,GARD:0006064,false,true,GARD
disease,GARD:0006069,Ring chromosome 13,biolink:Disease,1,GARD:0006069,false,true,GARD
disease,GARD:0006072,Ring chromosome 14,biolink:Disease,1,GARD:0006072,false,true,GARD
disease,GARD:0006077,Ring chromosome 18,biolink:Disease,1,GARD:0006077,false,true,GARD
disease,GARD:0006082,Chromosome 1p36 deletion syndrome,biolink:Disease,1,GARD:0006082,false,true,GARD
disease,GARD:0006083,Ring chromosome 21,biolink:Disease,1,GARD:0006083,false,true,GARD
disease,GARD:0006085,Mosaic trisomy 22,biolink:Disease,1,GARD:0006085,false,true,GARD
disease,GARD:0006091,Trisomy 4p,biolink:Disease,1,GARD:0006091,false,true,GARD
disease,GARD:0006093,Trisomy 5p,biolink:Disease,1,GARD:0006093,false,true,GARD
disease,GARD:0006095,Ring chromosome 6,biolink:Disease,1,GARD:0006095,false,true,GARD
disease,GARD:0006100,Chronic granulomatous disease,biolink:Disease,1,GARD:0006100,false,true,GARD
disease,GARD:0006102,Chronic inflammatory demyelinating polyradiculoneuropathy,biolink:Disease,1,GARD:0006102,false,true,GARD
disease,GARD:0006104,B-cell chronic lymphocytic leukemia,biolink:Disease,1,GARD:0006104,false,true,GARD
disease,GARD:0006105,"Chronic myelogenous leukemia, BCR-ABL1 positive",biolink:Disease,1,GARD:0006105,false,true,GARD
disease,GARD:0006107,"Neutropenia, lethal congenital, with eosinophilia",biolink:Disease,1,GARD:0006107,false,true,GARD
disease,GARD:0006108,Chronic multifocal osteomyelitis,biolink:Disease,1,GARD:0006108,false,true,GARD
disease,GARD:0006111,Eosinophilic granulomatosis with polyangiitis,biolink:Disease,1,GARD:0006111,false,true,GARD
disease,GARD:0006114,Citrullinemia type I,biolink:Disease,1,GARD:0006114,false,true,GARD
disease,GARD:0006118,Cleidocranial dysostosis,biolink:Disease,1,GARD:0006118,false,true,GARD
disease,GARD:0006121,Coats disease,biolink:Disease,1,GARD:0006121,false,true,GARD
disease,GARD:0006122,Cockayne syndrome,biolink:Disease,1,GARD:0006122,false,true,GARD
disease,GARD:0006123,Coffin-Lowry syndrome,biolink:Disease,1,GARD:0006123,false,true,GARD
disease,GARD:0006124,Coffin-Siris syndrome,biolink:Disease,1,GARD:0006124,false,true,GARD
disease,GARD:0006125,Cogan-Reese syndrome,biolink:Disease,1,GARD:0006125,false,true,GARD
disease,GARD:0006126,Cohen syndrome,biolink:Disease,1,GARD:0006126,false,true,GARD
disease,GARD:0006130,Cold agglutinin disease,biolink:Disease,1,GARD:0006130,false,true,GARD
disease,GARD:0006140,Common variable immunodeficiency,biolink:Disease,1,GARD:0006140,false,true,GARD
disease,GARD:0006141,Compartment syndrome,biolink:Disease,1,GARD:0006141,false,true,GARD
disease,GARD:0006145,Cone-rod dystrophy 2,biolink:Disease,1,GARD:0006145,false,true,GARD
disease,GARD:0006148,Hereditary antithrombin deficiency,biolink:Disease,1,GARD:0006148,false,true,GARD
disease,GARD:0006161,Congenital myopathy with fiber type disproportion,biolink:Disease,1,GARD:0006161,false,true,GARD
disease,GARD:0006164,Congenital heart block,biolink:Disease,1,GARD:0006164,false,true,GARD
disease,GARD:0006167,Familial hemolytic anemia,biolink:Disease,1,GARD:0006167,false,true,GARD
disease,GARD:0006168,Polycystic kidney disease 4,biolink:Disease,1,GARD:0006168,false,true,GARD
disease,GARD:0006169,Hepatoerythropoietic porphyria,biolink:Disease,1,GARD:0006169,false,true,GARD
disease,GARD:0006183,Sucrase-isomaltase deficiency,biolink:Disease,1,GARD:0006183,false,true,GARD
disease,GARD:0006187,Ligneous conjunctivitis,biolink:Disease,1,GARD:0006187,false,true,GARD
disease,GARD:0006189,Chondrodysplasia punctata 2 X-linked dominant,biolink:Disease,1,GARD:0006189,false,true,GARD
disease,GARD:0006194,Triatrial heart,biolink:Disease,1,GARD:0006194,false,true,GARD
disease,GARD:0006196,Congenital hereditary endothelial dystrophy of cornea,biolink:Disease,1,GARD:0006196,false,true,GARD
disease,GARD:0006202,Cowden syndrome,biolink:Disease,1,GARD:0006202,false,true,GARD
disease,GARD:0006205,Cramp-fasciculation syndrome,biolink:Disease,1,GARD:0006205,false,true,GARD
disease,GARD:0006206,Crouzon syndrome,biolink:Disease,1,GARD:0006206,false,true,GARD
disease,GARD:0006209,Craniosynostosis syndrome,biolink:Disease,1,GARD:0006209,false,true,GARD
disease,GARD:0006213,5p partial monosomy syndrome,biolink:Disease,1,GARD:0006213,false,true,GARD
disease,GARD:0006218,Cryptococcosis,biolink:Disease,1,GARD:0006218,false,true,GARD
disease,GARD:0006224,Cushing syndrome,biolink:Disease,1,GARD:0006224,false,true,GARD
disease,GARD:0006225,Cutaneous lupus erythematosus,biolink:Disease,1,GARD:0006225,false,true,GARD
disease,GARD:0006226,Primary cutaneous T-cell lymphoma,biolink:Disease,1,GARD:0006226,false,true,GARD
disease,GARD:0006227,Cutis laxa,biolink:Disease,1,GARD:0006227,false,true,GARD
disease,GARD:0006228,Congenital livedo reticularis,biolink:Disease,1,GARD:0006228,false,true,GARD
disease,GARD:0006229,Cyclical neutropenia,biolink:Disease,1,GARD:0006229,false,true,GARD
disease,GARD:0006233,Cystic fibrosis,biolink:Disease,1,GARD:0006233,false,true,GARD
disease,GARD:0006234,Cystic hygroma,biolink:Disease,1,GARD:0006234,false,true,GARD
disease,GARD:0006236,Cystinosis,biolink:Disease,1,GARD:0006236,false,true,GARD
disease,GARD:0006237,Cystinuria,biolink:Disease,1,GARD:0006237,false,true,GARD
disease,GARD:0006242,Dandy-Walker syndrome,biolink:Disease,1,GARD:0006242,false,true,GARD
disease,GARD:0006243,Keratosis follicularis,biolink:Disease,1,GARD:0006243,false,true,GARD
disease,GARD:0006249,Malignant atrophic papulosis,biolink:Disease,1,GARD:0006249,false,true,GARD
disease,GARD:0006254,Dengue disease,biolink:Disease,1,GARD:0006254,false,true,GARD
disease,GARD:0006258,Dentinogenesis imperfecta,biolink:Disease,1,GARD:0006258,false,true,GARD
disease,GARD:0006263,Dermatomyositis,biolink:Disease,1,GARD:0006263,false,true,GARD
disease,GARD:0006265,Desmoplastic small round cell tumor,biolink:Disease,1,GARD:0006265,false,true,GARD
disease,GARD:0006267,Neuromyelitis optica,biolink:Disease,1,GARD:0006267,false,true,GARD
disease,GARD:0006274,Diamond-Blackfan anemia,biolink:Disease,1,GARD:0006274,false,true,GARD
disease,GARD:0006275,Diastrophic dysplasia,biolink:Disease,1,GARD:0006275,false,true,GARD
disease,GARD:0006276,Diencephalic syndrome,biolink:Disease,1,GARD:0006276,false,true,GARD
disease,GARD:0006286,Infection by Dracunculus medinensis,biolink:Disease,1,GARD:0006286,false,true,GARD
disease,GARD:0006288,Duane retraction syndrome,biolink:Disease,1,GARD:0006288,false,true,GARD
disease,GARD:0006290,Dubowitz syndrome,biolink:Disease,1,GARD:0006290,false,true,GARD
disease,GARD:0006291,Duchenne muscular dystrophy,biolink:Disease,1,GARD:0006291,false,true,GARD
disease,GARD:0006295,Dyggve-Melchior-Clausen syndrome,biolink:Disease,1,GARD:0006295,false,true,GARD
disease,GARD:0006299,"Dyskeratosis congenita, autosomal dominant 1",biolink:Disease,1,GARD:0006299,false,true,GARD
disease,GARD:0006300,"Dyskeratosis congenita, autosomal recessive 1",biolink:Disease,1,GARD:0006300,false,true,GARD
disease,GARD:0006308,Recessive dystrophic epidermolysis bullosa,biolink:Disease,1,GARD:0006308,false,true,GARD
disease,GARD:0006309,Eales disease,biolink:Disease,1,GARD:0006309,false,true,GARD
disease,GARD:0006313,Ebstein anomaly,biolink:Disease,1,GARD:0006313,false,true,GARD
disease,GARD:0006317,Ectodermal dysplasia,biolink:Disease,1,GARD:0006317,false,true,GARD
disease,GARD:0006319,Ectrodactyly,biolink:Disease,1,GARD:0006319,false,true,GARD
disease,GARD:0006321,Trisomy 18,biolink:Disease,1,GARD:0006321,false,true,GARD
disease,GARD:0006322,Ehlers-Danlos syndrome,biolink:Disease,1,GARD:0006322,false,true,GARD
disease,GARD:0006323,Eisenmenger syndrome,biolink:Disease,1,GARD:0006323,false,true,GARD
disease,GARD:0006329,Emery-Dreifuss muscular dystrophy,biolink:Disease,1,GARD:0006329,false,true,GARD
disease,GARD:0006332,Encephalitis lethargica,biolink:Disease,1,GARD:0006332,false,true,GARD
disease,GARD:0006333,Isolated encephalocele,biolink:Disease,1,GARD:0006333,false,true,GARD
disease,GARD:0006336,Endocardial fibroelastosis,biolink:Disease,1,GARD:0006336,false,true,GARD
disease,GARD:0006337,Infective endocarditis,biolink:Disease,1,GARD:0006337,false,true,GARD
disease,GARD:0006339,Endometrial stromal sarcoma,biolink:Disease,1,GARD:0006339,false,true,GARD
disease,GARD:0006340,Endomyocardial fibrosis,biolink:Disease,1,GARD:0006340,false,true,GARD
disease,GARD:0006345,Eosinophilia myalgia syndrome,biolink:Disease,1,GARD:0006345,false,true,GARD
disease,GARD:0006351,Fasciitis with eosinophilia syndrome,biolink:Disease,1,GARD:0006351,false,true,GARD
disease,GARD:0006352,Embryonal tumor with multilayered rosettes,biolink:Disease,1,GARD:0006352,false,true,GARD
disease,GARD:0006353,Ependymoma,biolink:Disease,1,GARD:0006353,false,true,GARD
disease,GARD:0006355,Venezuelan equine encephalitis virus infection,biolink:Disease,1,GARD:0006355,false,true,GARD
disease,GARD:0006357,Epidermodysplasia verruciformis,biolink:Disease,1,GARD:0006357,false,true,GARD
disease,GARD:0006359,Epidermolysis bullosa,biolink:Disease,1,GARD:0006359,false,true,GARD
disease,GARD:0006360,Acquired epidermolysis bullosa,biolink:Disease,1,GARD:0006360,false,true,GARD
disease,GARD:0006369,Erdheim-Chester disease,biolink:Disease,1,GARD:0006369,false,true,GARD
disease,GARD:0006377,Primary erythromelalgia,biolink:Disease,1,GARD:0006377,false,true,GARD
disease,GARD:0006381,Esophageal atresia/tracheoesophageal fistula,biolink:Disease,1,GARD:0006381,false,true,GARD
disease,GARD:0006383,Carcinoma of esophagus,biolink:Disease,1,GARD:0006383,false,true,GARD
disease,GARD:0006386,Cryoglobulinemic vasculitis,biolink:Disease,1,GARD:0006386,false,true,GARD
disease,GARD:0006389,Evans syndrome,biolink:Disease,1,GARD:0006389,false,true,GARD
disease,GARD:0006390,Ewing sarcoma,biolink:Disease,1,GARD:0006390,false,true,GARD
disease,GARD:0006392,Exercise induced anaphylaxis,biolink:Disease,1,GARD:0006392,false,true,GARD
disease,GARD:0006398,Bladder exstrophy,biolink:Disease,1,GARD:0006398,false,true,GARD
disease,GARD:0006400,Fabry disease,biolink:Disease,1,GARD:0006400,false,true,GARD
disease,GARD:0006404,Hereditary factor X deficiency disease,biolink:Disease,1,GARD:0006404,false,true,GARD
disease,GARD:0006405,Acquired factor VIII deficiency disease,biolink:Disease,1,GARD:0006405,false,true,GARD
disease,GARD:0006406,Bilateral striopallidodentate calcinosis,biolink:Disease,1,GARD:0006406,false,true,GARD
disease,GARD:0006408,Familial multiple polyposis syndrome,biolink:Disease,1,GARD:0006408,false,true,GARD
disease,GARD:0006414,Familial chylomicronemia syndrome,biolink:Disease,1,GARD:0006414,false,true,GARD
disease,GARD:0006421,Familial Mediterranean fever,biolink:Disease,1,GARD:0006421,false,true,GARD
disease,GARD:0006425,Fanconi anemia,biolink:Disease,1,GARD:0006425,false,true,GARD
disease,GARD:0006426,Farber lipogranulomatosis,biolink:Disease,1,GARD:0006426,false,true,GARD
disease,GARD:0006427,Farmers lung,biolink:Disease,1,GARD:0006427,false,true,GARD
disease,GARD:0006429,Fatal familial insomnia,biolink:Disease,1,GARD:0006429,false,true,GARD
disease,GARD:0006444,Fibrous dysplasia,biolink:Disease,1,GARD:0006444,false,true,GARD
disease,GARD:0006445,Progressive myositis ossificans,biolink:Disease,1,GARD:0006445,false,true,GARD
disease,GARD:0006447,Severe primary trimethylaminuria,biolink:Disease,1,GARD:0006447,false,true,GARD
disease,GARD:0006450,Fish-eye disease,biolink:Disease,1,GARD:0006450,false,true,GARD
disease,GARD:0006455,Floating-Harbor syndrome,biolink:Disease,1,GARD:0006455,false,true,GARD
disease,GARD:0006457,Focal dermal hypoplasia,biolink:Disease,1,GARD:0006457,false,true,GARD
disease,GARD:0006458,Occupational dystonia,biolink:Disease,1,GARD:0006458,false,true,GARD
disease,GARD:0006464,Fragile X syndrome,biolink:Disease,1,GARD:0006464,false,true,GARD
disease,GARD:0006465,Cryptophthalmos syndrome,biolink:Disease,1,GARD:0006465,false,true,GARD
disease,GARD:0006466,Freeman-Sheldon syndrome,biolink:Disease,1,GARD:0006466,false,true,GARD
disease,GARD:0006468,Friedreich ataxia,biolink:Disease,1,GARD:0006468,false,true,GARD
disease,GARD:0006471,Essential fructosuria,biolink:Disease,1,GARD:0006471,false,true,GARD
disease,GARD:0006473,Fucosidosis,biolink:Disease,1,GARD:0006473,false,true,GARD
disease,GARD:0006475,"Muscular dystrophy-dystroglycanopathy (congenital with brain and eye anomalies), type A, 4",biolink:Disease,1,GARD:0006475,false,true,GARD
disease,GARD:0006476,Fumarase deficiency,biolink:Disease,1,GARD:0006476,false,true,GARD
disease,GARD:0006479,Infantile GM1 gangliosidosis,biolink:Disease,1,GARD:0006479,false,true,GARD
disease,GARD:0006481,Autoerythrocyte sensitization syndrome,biolink:Disease,1,GARD:0006481,false,true,GARD
disease,GARD:0006482,Gardner syndrome,biolink:Disease,1,GARD:0006482,false,true,GARD
disease,GARD:0006485,Mucosa-associated lymphoma,biolink:Disease,1,GARD:0006485,false,true,GARD
disease,GARD:0006497,Herpes gestationis,biolink:Disease,1,GARD:0006497,false,true,GARD
disease,GARD:0006498,Gestational trophoblastic neoplasm,biolink:Disease,1,GARD:0006498,false,true,GARD
disease,GARD:0006500,Giant axonal neuropathy 1,biolink:Disease,1,GARD:0006500,false,true,GARD
disease,GARD:0006502,Giant cell myocarditis,biolink:Disease,1,GARD:0006502,false,true,GARD
disease,GARD:0006506,Gigantism,biolink:Disease,1,GARD:0006506,false,true,GARD
disease,GARD:0006509,"Fibromatosis, gingival, 1",biolink:Disease,1,GARD:0006509,false,true,GARD
disease,GARD:0006513,Glioma,biolink:Disease,1,GARD:0006513,false,true,GARD
disease,GARD:0006514,Gliomatosis cerebri,biolink:Disease,1,GARD:0006514,false,true,GARD
disease,GARD:0006516,Glomerulonephritis,biolink:Disease,1,GARD:0006516,false,true,GARD
disease,GARD:0006517,Focal segmental glomerulosclerosis,biolink:Disease,1,GARD:0006517,false,true,GARD
disease,GARD:0006519,Glossopharyngeal neuralgia,biolink:Disease,1,GARD:0006519,false,true,GARD
disease,GARD:0006520,"Anemia, nonspherocytic hemolytic, due to G6PD deficiency",biolink:Disease,1,GARD:0006520,false,true,GARD
disease,GARD:0006521,Congenital glucose-galactose malabsorption,biolink:Disease,1,GARD:0006521,false,true,GARD
disease,GARD:0006522,"Glutaric aciduria, type 1",biolink:Disease,1,GARD:0006522,false,true,GARD
disease,GARD:0006523,Multiple acyl-CoA dehydrogenase deficiency,biolink:Disease,1,GARD:0006523,false,true,GARD
disease,GARD:0006528,"Glycogen storage disease, type V",biolink:Disease,1,GARD:0006528,false,true,GARD
disease,GARD:0006529,"Glycogen storage disease, type VI",biolink:Disease,1,GARD:0006529,false,true,GARD
disease,GARD:0006542,Gorham-Stout disease,biolink:Disease,1,GARD:0006542,false,true,GARD
disease,GARD:0006543,Metageria,biolink:Disease,1,GARD:0006543,false,true,GARD
disease,GARD:0006544,Acute graft versus host disease,biolink:Disease,1,GARD:0006544,false,true,GARD
disease,GARD:0006550,Greig cephalopolysyndactyly syndrome,biolink:Disease,1,GARD:0006550,false,true,GARD
disease,GARD:0006554,Guillain-Barre syndrome,biolink:Disease,1,GARD:0006554,false,true,GARD
disease,GARD:0006556,Ornithine aminotransferase deficiency,biolink:Disease,1,GARD:0006556,false,true,GARD
disease,GARD:0006558,Factor XII deficiency disease,biolink:Disease,1,GARD:0006558,false,true,GARD
disease,GARD:0006559,Familial benign pemphigus,biolink:Disease,1,GARD:0006559,false,true,GARD
disease,GARD:0006560,Hairy cell leukemia,biolink:Disease,1,GARD:0006560,false,true,GARD
disease,GARD:0006564,Pigmentary pallidal degeneration,biolink:Disease,1,GARD:0006564,false,true,GARD
disease,GARD:0006568,Autosomal recessive congenital ichthyosis 4B,biolink:Disease,1,GARD:0006568,false,true,GARD
disease,GARD:0006569,Neutral 1 amino acid transport defect,biolink:Disease,1,GARD:0006569,false,true,GARD
disease,GARD:0006571,Ankyloblepharon-ectodermal defects-cleft lip/palate syndrome,biolink:Disease,1,GARD:0006571,false,true,GARD
disease,GARD:0006584,Sickle cell-hemoglobin C disease,biolink:Disease,1,GARD:0006584,false,true,GARD
disease,GARD:0006589,Familial hemophagocytic lymphohistiocytosis,biolink:Disease,1,GARD:0006589,false,true,GARD
disease,GARD:0006590,Familial hemophagocytic lymphohistiocytosis type 1,biolink:Disease,1,GARD:0006590,false,true,GARD
disease,GARD:0006591,Hereditary factor VIII deficiency disease,biolink:Disease,1,GARD:0006591,false,true,GARD
disease,GARD:0006594,Essential thrombocythemia,biolink:Disease,1,GARD:0006594,false,true,GARD
disease,GARD:0006608,Adult hepatocellular carcinoma,biolink:Disease,1,GARD:0006608,false,true,GARD
disease,GARD:0006611,Hereditary amyloidosis,biolink:Disease,1,GARD:0006611,false,true,GARD
disease,GARD:0006618,Neuronal ceroid lipofuscinosis 9,biolink:Disease,1,GARD:0006618,false,true,GARD
disease,GARD:0006619,Hereditary coproporphyria,biolink:Disease,1,GARD:0006619,false,true,GARD
disease,GARD:0006621,Hereditary elliptocytosis,biolink:Disease,1,GARD:0006621,false,true,GARD
disease,GARD:0006622,Hereditary fructosuria,biolink:Disease,1,GARD:0006622,false,true,GARD
disease,GARD:0006626,Hereditary hemorrhagic telangiectasia,biolink:Disease,1,GARD:0006626,false,true,GARD
disease,GARD:0006632,Hereditary pancreatitis,biolink:Disease,1,GARD:0006632,false,true,GARD
disease,GARD:0006635,Hereditary sensory and autonomic neuropathy type 1,biolink:Disease,1,GARD:0006635,false,true,GARD
disease,GARD:0006637,Hereditary spastic paraplegia,biolink:Disease,1,GARD:0006637,false,true,GARD
disease,GARD:0006639,Hereditary spherocytosis,biolink:Disease,1,GARD:0006639,false,true,GARD
disease,GARD:0006643,Hermansky-Pudlak syndrome,biolink:Disease,1,GARD:0006643,false,true,GARD
disease,GARD:0006649,Herpes simplex encephalitis,biolink:Disease,1,GARD:0006649,false,true,GARD
disease,GARD:0006657,Chronic hiccup,biolink:Disease,1,GARD:0006657,false,true,GARD
disease,GARD:0006660,Aganglionic megacolon,biolink:Disease,1,GARD:0006660,false,true,GARD
disease,GARD:0006661,Histidinemia,biolink:Disease,1,GARD:0006661,false,true,GARD
disease,GARD:0006665,Holoprosencephaly sequence,biolink:Disease,1,GARD:0006665,false,true,GARD
disease,GARD:0006666,Holt-Oram syndrome,biolink:Disease,1,GARD:0006666,false,true,GARD
disease,GARD:0006667,Classic homocystinuria,biolink:Disease,1,GARD:0006667,false,true,GARD
disease,GARD:0006670,Congenital Horner syndrome,biolink:Disease,1,GARD:0006670,false,true,GARD
disease,GARD:0006675,"Mucopolysaccharidosis, MPS-II",biolink:Disease,1,GARD:0006675,false,true,GARD
disease,GARD:0006677,Huntington disease,biolink:Disease,1,GARD:0006677,false,true,GARD
disease,GARD:0006681,Hydranencephaly,biolink:Disease,1,GARD:0006681,false,true,GARD
disease,GARD:0006682,Congenital hydrocephalus,biolink:Disease,1,GARD:0006682,false,true,GARD
disease,GARD:0006683,Hydrolethalus syndrome,biolink:Disease,1,GARD:0006683,false,true,GARD
disease,GARD:0006703,Familial type 3 hyperlipoproteinemia,biolink:Disease,1,GARD:0006703,false,true,GARD
disease,GARD:0006704,Familial type 5 hyperlipoproteinemia,biolink:Disease,1,GARD:0006704,false,true,GARD
disease,GARD:0006710,Hyperprolinemia type 2,biolink:Disease,1,GARD:0006710,false,true,GARD
disease,GARD:0006724,Hypochondroplasia,biolink:Disease,1,GARD:0006724,false,true,GARD
disease,GARD:0006725,Hypocomplementemic urticarial vasculitis,biolink:Disease,1,GARD:0006725,false,true,GARD
disease,GARD:0006729,Hypokalemic periodic paralysis,biolink:Disease,1,GARD:0006729,false,true,GARD
disease,GARD:0006733,Hypoparathyroidism,biolink:Disease,1,GARD:0006733,false,true,GARD
disease,GARD:0006734,Hypophosphatasia,biolink:Disease,1,GARD:0006734,false,true,GARD
disease,GARD:0006735,Hereditary hypophosphatemic rickets,biolink:Disease,1,GARD:0006735,false,true,GARD
disease,GARD:0006737,"Panhypopituitarism, X-linked",biolink:Disease,1,GARD:0006737,false,true,GARD
disease,GARD:0006739,Hypoplastic left heart syndrome,biolink:Disease,1,GARD:0006739,false,true,GARD
disease,GARD:0006749,Mucolipidosis type II,biolink:Disease,1,GARD:0006749,false,true,GARD
disease,GARD:0006752,Ichthyosis vulgaris,biolink:Disease,1,GARD:0006752,false,true,GARD
disease,GARD:0006757,Idiopathic pulmonary artery dilatation,biolink:Disease,1,GARD:0006757,false,true,GARD
disease,GARD:0006760,Idiopathic juvenile osteoporosis,biolink:Disease,1,GARD:0006760,false,true,GARD
disease,GARD:0006763,Idiopathic pulmonary hemosiderosis,biolink:Disease,1,GARD:0006763,false,true,GARD
disease,GARD:0006769,Imperforate anus,biolink:Disease,1,GARD:0006769,false,true,GARD
disease,GARD:0006770,Disorder of amino acid metabolism,biolink:Disease,1,GARD:0006770,false,true,GARD
disease,GARD:0006778,Incontinentia pigmenti syndrome,biolink:Disease,1,GARD:0006778,false,true,GARD
disease,GARD:0006779,Infantile apnea,biolink:Disease,1,GARD:0006779,false,true,GARD
disease,GARD:0006784,Inflammatory breast carcinoma,biolink:Disease,1,GARD:0006784,false,true,GARD
disease,GARD:0006789,Intestinal pseudo-obstruction,biolink:Disease,1,GARD:0006789,false,true,GARD
disease,GARD:0006791,Fuchs heterochromic iridocyclitis,biolink:Disease,1,GARD:0006791,false,true,GARD
disease,GARD:0006793,Isaac syndrome,biolink:Disease,1,GARD:0006793,false,true,GARD
disease,GARD:0006795,Right atrial isomerism,biolink:Disease,1,GARD:0006795,false,true,GARD
disease,GARD:0006796,Jackson-Weiss syndrome,biolink:Disease,1,GARD:0006796,false,true,GARD
disease,GARD:0006797,Japanese encephalitis virus disease,biolink:Disease,1,GARD:0006797,false,true,GARD
disease,GARD:0006798,Autosomal recessive spondylocostal dysostosis,biolink:Disease,1,GARD:0006798,false,true,GARD
disease,GARD:0006800,"Hyper-IgE recurrent infection syndrome 1, autosomal dominant",biolink:Disease,1,GARD:0006800,false,true,GARD
disease,GARD:0006801,Azorean disease,biolink:Disease,1,GARD:0006801,false,true,GARD
disease,GARD:0006802,Joubert syndrome,biolink:Disease,1,GARD:0006802,false,true,GARD
disease,GARD:0006805,Childhood type dermatomyositis,biolink:Disease,1,GARD:0006805,false,true,GARD
disease,GARD:0006808,Juvenile myoclonic epilepsy,biolink:Disease,1,GARD:0006808,false,true,GARD
disease,GARD:0006810,Kabuki syndrome,biolink:Disease,1,GARD:0006810,false,true,GARD
disease,GARD:0006814,Kaposi sarcoma,biolink:Disease,1,GARD:0006814,false,true,GARD
disease,GARD:0006816,Acute febrile mucocutaneous lymph node syndrome,biolink:Disease,1,GARD:0006816,false,true,GARD
disease,GARD:0006817,Kearns-Sayre syndrome,biolink:Disease,1,GARD:0006817,false,true,GARD
disease,GARD:0006818,Kennedy disease,biolink:Disease,1,GARD:0006818,false,true,GARD
disease,GARD:0006821,Muir-Torré syndrome,biolink:Disease,1,GARD:0006821,false,true,GARD
disease,GARD:0006829,Keratosis follicularis spinulosa decalvans,biolink:Disease,1,GARD:0006829,false,true,GARD
disease,GARD:0006830,Bilirubin encephalopathy,biolink:Disease,1,GARD:0006830,false,true,GARD
disease,GARD:0006834,Kikuchi-Fujimoto disease,biolink:Disease,1,GARD:0006834,false,true,GARD
disease,GARD:0006835,Kimura disease,biolink:Disease,1,GARD:0006835,false,true,GARD
disease,GARD:0006840,Kluver-Bucy syndrome,biolink:Disease,1,GARD:0006840,false,true,GARD
disease,GARD:0006841,Kniest dysplasia,biolink:Disease,1,GARD:0006841,false,true,GARD
disease,GARD:0006842,Osteochondritis of tarsal/metatarsal bone,biolink:Disease,1,GARD:0006842,false,true,GARD
disease,GARD:0006844,Galactosylceramide beta-galactosidase deficiency,biolink:Disease,1,GARD:0006844,false,true,GARD
disease,GARD:0006848,Levy-Hollister syndrome,biolink:Disease,1,GARD:0006848,false,true,GARD
disease,GARD:0006851,Eaton-Lambert syndrome,biolink:Disease,1,GARD:0006851,false,true,GARD
disease,GARD:0006855,Landau-Kleffner syndrome,biolink:Disease,1,GARD:0006855,false,true,GARD
disease,GARD:0006858,Langerhans cell histiocytosis,biolink:Disease,1,GARD:0006858,false,true,GARD
disease,GARD:0006859,Laron-type isolated somatotropin defect,biolink:Disease,1,GARD:0006859,false,true,GARD
disease,GARD:0006860,Larsen syndrome,biolink:Disease,1,GARD:0006860,false,true,GARD
disease,GARD:0006864,Laryngeal papillomatosis,biolink:Disease,1,GARD:0006864,false,true,GARD
disease,GARD:0006865,Congenital laryngomalacia,biolink:Disease,1,GARD:0006865,false,true,GARD
disease,GARD:0006866,Bardet-Biedl syndrome,biolink:Disease,1,GARD:0006866,false,true,GARD
disease,GARD:0006867,Long chain 3-hydroxyacyl-CoA dehydrogenase deficiency,biolink:Disease,1,GARD:0006867,false,true,GARD
disease,GARD:0006870,Leber optic atrophy,biolink:Disease,1,GARD:0006870,false,true,GARD
disease,GARD:0006873,Plantar fibromatosis,biolink:Disease,1,GARD:0006873,false,true,GARD
disease,GARD:0006874,Legg-Calve-Perthes disease,biolink:Disease,1,GARD:0006874,false,true,GARD
disease,GARD:0006877,Leigh syndrome,biolink:Disease,1,GARD:0006877,false,true,GARD
disease,GARD:0006878,Erythroderma desquamativum,biolink:Disease,1,GARD:0006878,false,true,GARD
disease,GARD:0006880,Leiomyosarcoma,biolink:Disease,1,GARD:0006880,false,true,GARD
disease,GARD:0006881,Leishmaniasis,biolink:Disease,1,GARD:0006881,false,true,GARD
disease,GARD:0006882,Necrobacillosis,biolink:Disease,1,GARD:0006882,false,true,GARD
disease,GARD:0006885,Leprechaunism syndrome,biolink:Disease,1,GARD:0006885,false,true,GARD
disease,GARD:0006886,Leprosy,biolink:Disease,1,GARD:0006886,false,true,GARD
disease,GARD:0006892,Aleukemic leukemia cutis,biolink:Disease,1,GARD:0006892,false,true,GARD
disease,GARD:0006893,Leukocyte adhesion deficiency 1,biolink:Disease,1,GARD:0006893,false,true,GARD
disease,GARD:0006895,Leukodystrophy,biolink:Disease,1,GARD:0006895,false,true,GARD
disease,GARD:0006901,Lhermitte-Duclos disease,biolink:Disease,1,GARD:0006901,false,true,GARD
disease,GARD:0006902,Li-Fraumeni syndrome,biolink:Disease,1,GARD:0006902,false,true,GARD
disease,GARD:0006906,Light chain deposition disease,biolink:Disease,1,GARD:0006906,false,true,GARD
disease,GARD:0006907,Limb-girdle muscular dystrophy,biolink:Disease,1,GARD:0006907,false,true,GARD
disease,GARD:0006913,Liposarcoma,biolink:Disease,1,GARD:0006913,false,true,GARD
disease,GARD:0006914,Lissencephaly type 1 due to doublecortin gene mutation,biolink:Disease,1,GARD:0006914,false,true,GARD
disease,GARD:0006915,Listeriosis,biolink:Disease,1,GARD:0006915,false,true,GARD
disease,GARD:0006919,Locked-in syndrome,biolink:Disease,1,GARD:0006919,false,true,GARD
disease,GARD:0006932,Lymph node neoplasm,biolink:Disease,1,GARD:0006932,false,true,GARD
disease,GARD:0006940,Jessner lymphocytic infiltration of the skin,biolink:Disease,1,GARD:0006940,false,true,GARD
disease,GARD:0006941,"Vasculitis, lymphocytic, nodular",biolink:Disease,1,GARD:0006941,false,true,GARD
disease,GARD:0006943,Lymphomatoid granulomatosis,biolink:Disease,1,GARD:0006943,false,true,GARD
disease,GARD:0006944,Lymphomatoid papulosis,biolink:Disease,1,GARD:0006944,false,true,GARD
disease,GARD:0006946,Lymphosarcoma,biolink:Disease,1,GARD:0006946,false,true,GARD
disease,GARD:0006950,Megalencephaly-capillary malformation-polymicrogyria syndrome,biolink:Disease,1,GARD:0006950,false,true,GARD
disease,GARD:0006951,Macrodactyly of toe,biolink:Disease,1,GARD:0006951,false,true,GARD
disease,GARD:0006953,Macular corneal dystrophy,biolink:Disease,1,GARD:0006953,false,true,GARD
disease,GARD:0006956,"Creutzfeldt-Jakob disease, sporadic",biolink:Disease,1,GARD:0006956,false,true,GARD
disease,GARD:0006957,Multiple symmetric lipomatosis,biolink:Disease,1,GARD:0006957,false,true,GARD
disease,GARD:0006958,Maffucci syndrome,biolink:Disease,1,GARD:0006958,false,true,GARD
disease,GARD:0006959,Mal de Debarquement,biolink:Disease,1,GARD:0006959,false,true,GARD
disease,GARD:0006960,Malakoplakia,biolink:Disease,1,GARD:0006960,false,true,GARD
disease,GARD:0006961,Malaria,biolink:Disease,1,GARD:0006961,false,true,GARD
disease,GARD:0006963,Malignant fibrous histiocytoma,biolink:Disease,1,GARD:0006963,false,true,GARD
disease,GARD:0006964,Malignant hyperthermia of anesthesia,biolink:Disease,1,GARD:0006964,false,true,GARD
disease,GARD:0006966,Carcinosarcoma,biolink:Disease,1,GARD:0006966,false,true,GARD
disease,GARD:0006968,Deficiency of alpha-mannosidase,biolink:Disease,1,GARD:0006968,false,true,GARD
disease,GARD:0006969,Mantle cell lymphoma,biolink:Disease,1,GARD:0006969,false,true,GARD
disease,GARD:0006971,Marchiafava-Bignami disease,biolink:Disease,1,GARD:0006971,false,true,GARD
disease,GARD:0006972,Jaw-winking syndrome,biolink:Disease,1,GARD:0006972,false,true,GARD
disease,GARD:0006973,Marden-Walker syndrome,biolink:Disease,1,GARD:0006973,false,true,GARD
disease,GARD:0006984,Marshall syndrome,biolink:Disease,1,GARD:0006984,false,true,GARD
disease,GARD:0006985,Marshall-Smith syndrome,biolink:Disease,1,GARD:0006985,false,true,GARD
disease,GARD:0006986,MASA syndrome,biolink:Disease,1,GARD:0006986,false,true,GARD
disease,GARD:0006987,Mastocytosis,biolink:Disease,1,GARD:0006987,false,true,GARD
disease,GARD:0006992,Binder syndrome,biolink:Disease,1,GARD:0006992,false,true,GARD
disease,GARD:0006995,McCune-Albright syndrome,biolink:Disease,1,GARD:0006995,false,true,GARD
disease,GARD:0006996,"Metaphyseal chondrodysplasia, McKusick type",biolink:Disease,1,GARD:0006996,false,true,GARD
disease,GARD:0007002,"Tubulointerstitial kidney disease, autosomal dominant, 2",biolink:Disease,1,GARD:0007002,false,true,GARD
disease,GARD:0007004,Medullary thyroid carcinoma,biolink:Disease,1,GARD:0007004,false,true,GARD
disease,GARD:0007005,Medulloblastoma,biolink:Disease,1,GARD:0007005,false,true,GARD
disease,GARD:0007006,Imerslund-Grasbeck syndrome,biolink:Disease,1,GARD:0007006,false,true,GARD
disease,GARD:0007008,Blepharospasm-oromandibular dystonia syndrome,biolink:Disease,1,GARD:0007008,false,true,GARD
disease,GARD:0007009,MELAS syndrome,biolink:Disease,1,GARD:0007009,false,true,GARD
disease,GARD:0007010,Melkersson-Rosenthal syndrome,biolink:Disease,1,GARD:0007010,false,true,GARD
disease,GARD:0007011,Melnick-Needles syndrome,biolink:Disease,1,GARD:0007011,false,true,GARD
disease,GARD:0007015,Meningioma,biolink:Disease,1,GARD:0007015,false,true,GARD
disease,GARD:0007026,"Mesothelioma, malignant",biolink:Disease,1,GARD:0007026,false,true,GARD
disease,GARD:0007029,"Metaphyseal chondrodysplasia, Schmid type",biolink:Disease,1,GARD:0007029,false,true,GARD
disease,GARD:0007033,Methylmalonic acidemia,biolink:Disease,1,GARD:0007033,false,true,GARD
disease,GARD:0007034,Monoclonal gammopathy of undetermined significance,biolink:Disease,1,GARD:0007034,false,true,GARD
disease,GARD:0007035,Multiple congenital exostosis,biolink:Disease,1,GARD:0007035,false,true,GARD
disease,GARD:0007039,Congenital microvillous atrophy,biolink:Disease,1,GARD:0007039,false,true,GARD
disease,GARD:0007041,Extranodal nasal NK/T cell lymphoma,biolink:Disease,1,GARD:0007041,false,true,GARD
disease,GARD:0007043,IgG4-related dacryoadenitis and sialadenitis,biolink:Disease,1,GARD:0007043,false,true,GARD
disease,GARD:0007051,Mixed connective tissue disease,biolink:Disease,1,GARD:0007051,false,true,GARD
disease,GARD:0007056,Mononeuritis multiplex,biolink:Disease,1,GARD:0007056,false,true,GARD
disease,GARD:0007058,Localized scleroderma,biolink:Disease,1,GARD:0007058,false,true,GARD
disease,GARD:0007060,Chromosome 16 trisomy,biolink:Disease,1,GARD:0007060,false,true,GARD
disease,GARD:0007064,Moyamoya disease,biolink:Disease,1,GARD:0007064,false,true,GARD
disease,GARD:0007065,Mucopolysaccharidosis,biolink:Disease,1,GARD:0007065,false,true,GARD
disease,GARD:0007071,"Mucopolysaccharidosis, MPS-III-A",biolink:Disease,1,GARD:0007071,false,true,GARD
disease,GARD:0007072,"Mucopolysaccharidosis, MPS-III-B",biolink:Disease,1,GARD:0007072,false,true,GARD
disease,GARD:0007073,"Mucopolysaccharidosis, MPS-III-C",biolink:Disease,1,GARD:0007073,false,true,GARD
disease,GARD:0007074,"Mucopolysaccharidosis, MPS-III-D",biolink:Disease,1,GARD:0007074,false,true,GARD
disease,GARD:0007079,Multiple system atrophy,biolink:Disease,1,GARD:0007079,false,true,GARD
disease,GARD:0007095,Mucopolysaccharidosis type 6,biolink:Disease,1,GARD:0007095,false,true,GARD
disease,GARD:0007096,Mucopolysaccharidosis type 7,biolink:Disease,1,GARD:0007096,false,true,GARD
disease,GARD:0007097,Muenke syndrome,biolink:Disease,1,GARD:0007097,false,true,GARD
disease,GARD:0007100,Mullerian aplasia,biolink:Disease,1,GARD:0007100,false,true,GARD
disease,GARD:0007103,Multicentric reticulohistiocytosis,biolink:Disease,1,GARD:0007103,false,true,GARD
disease,GARD:0007108,Multiple myeloma,biolink:Disease,1,GARD:0007108,false,true,GARD
disease,GARD:0007111,Autosomal recessive multiple pterygium syndrome,biolink:Disease,1,GARD:0007111,false,true,GARD
disease,GARD:0007122,Myasthenia gravis,biolink:Disease,1,GARD:0007122,false,true,GARD
disease,GARD:0007132,Myelodysplastic syndrome,biolink:Disease,1,GARD:0007132,false,true,GARD
disease,GARD:0007137,Myocarditis,biolink:Disease,1,GARD:0007137,false,true,GARD
disease,GARD:0007139,Myoclonus-dystonia syndrome,biolink:Disease,1,GARD:0007139,false,true,GARD
disease,GARD:0007140,Progressive myoclonic epilepsy,biolink:Disease,1,GARD:0007140,false,true,GARD
disease,GARD:0007144,MERRF syndrome,biolink:Disease,1,GARD:0007144,false,true,GARD
disease,GARD:0007146,Inflammatory myofibroblastic tumor,biolink:Disease,1,GARD:0007146,false,true,GARD
disease,GARD:0007148,Hyaline body myopathy,biolink:Disease,1,GARD:0007148,false,true,GARD
disease,GARD:0007158,"Hyperammonemia, type III",biolink:Disease,1,GARD:0007158,false,true,GARD
disease,GARD:0007160,Nail-patella syndrome,biolink:Disease,1,GARD:0007160,false,true,GARD
disease,GARD:0007161,Nance-Horan syndrome,biolink:Disease,1,GARD:0007161,false,true,GARD
disease,GARD:0007163,Nasopharyngeal carcinoma,biolink:Disease,1,GARD:0007163,false,true,GARD
disease,GARD:0007166,Gorlin syndrome,biolink:Disease,1,GARD:0007166,false,true,GARD
disease,GARD:0007170,Nelson syndrome,biolink:Disease,1,GARD:0007170,false,true,GARD
disease,GARD:0007171,Childhood-onset nemaline myopathy,biolink:Disease,1,GARD:0007171,false,true,GARD
disease,GARD:0007172,Neonatal hemochromatosis,biolink:Disease,1,GARD:0007172,false,true,GARD
disease,GARD:0007178,Nephrogenic diabetes insipidus,biolink:Disease,1,GARD:0007178,false,true,GARD
disease,GARD:0007182,Netherton syndrome,biolink:Disease,1,GARD:0007182,false,true,GARD
disease,GARD:0007183,Sialidosis type 2,biolink:Disease,1,GARD:0007183,false,true,GARD
disease,GARD:0007185,Neuroblastoma,biolink:Disease,1,GARD:0007185,false,true,GARD
disease,GARD:0007186,Neurocutaneous melanocytosis,biolink:Disease,1,GARD:0007186,false,true,GARD
disease,GARD:0007190,Alzheimer disease without neurofibrillary tangles,biolink:Disease,1,GARD:0007190,false,true,GARD
disease,GARD:0007191,Neurofibroma,biolink:Disease,1,GARD:0007191,false,true,GARD
disease,GARD:0007193,"Neurofibromatosis, type 2",biolink:Disease,1,GARD:0007193,false,true,GARD
disease,GARD:0007195,Neuroleptic malignant syndrome,biolink:Disease,1,GARD:0007195,false,true,GARD
disease,GARD:0007201,T-lymphocyte deficiency,biolink:Disease,1,GARD:0007201,false,true,GARD
disease,GARD:0007206,"Niemann-Pick disease, type A",biolink:Disease,1,GARD:0007206,false,true,GARD
disease,GARD:0007207,"Niemann-Pick disease, type C",biolink:Disease,1,GARD:0007207,false,true,GARD
disease,GARD:0007210,Nocardiosis,biolink:Disease,1,GARD:0007210,false,true,GARD
disease,GARD:0007219,Glycine encephalopathy,biolink:Disease,1,GARD:0007219,false,true,GARD
disease,GARD:0007224,Atrophia bulborum hereditaria,biolink:Disease,1,GARD:0007224,false,true,GARD
disease,GARD:0007226,Lesch-Nyhan syndrome,biolink:Disease,1,GARD:0007226,false,true,GARD
disease,GARD:0007236,Ocular melanoma,biolink:Disease,1,GARD:0007236,false,true,GARD
disease,GARD:0007239,Oculodentodigital dysplasia,biolink:Disease,1,GARD:0007239,false,true,GARD
disease,GARD:0007245,Oculopharyngeal muscular dystrophy,biolink:Disease,1,GARD:0007245,false,true,GARD
disease,GARD:0007248,Colonic pseudo-obstruction,biolink:Disease,1,GARD:0007248,false,true,GARD
disease,GARD:0007251,Enchondromatosis,biolink:Disease,1,GARD:0007251,false,true,GARD
disease,GARD:0007252,Onchocerciasis,biolink:Disease,1,GARD:0007252,false,true,GARD
disease,GARD:0007264,Oral submucous fibrosis,biolink:Disease,1,GARD:0007264,false,true,GARD
disease,GARD:0007269,"Congenital hyperammonemia, type I",biolink:Disease,1,GARD:0007269,false,true,GARD
disease,GARD:0007284,Bone osteosarcoma,biolink:Disease,1,GARD:0007284,false,true,GARD
disease,GARD:0007286,Osteomyelitis,biolink:Disease,1,GARD:0007286,false,true,GARD
disease,GARD:0007293,Otopalatodigital syndrome,biolink:Disease,1,GARD:0007293,false,true,GARD
disease,GARD:0007296,Ovarian carcinosarcoma,biolink:Disease,1,GARD:0007296,false,true,GARD
disease,GARD:0007303,Paget disease of the nipple,biolink:Disease,1,GARD:0007303,false,true,GARD
disease,GARD:0007305,Pallister-Hall syndrome,biolink:Disease,1,GARD:0007305,false,true,GARD
disease,GARD:0007312,PANDAS,biolink:Disease,1,GARD:0007312,false,true,GARD
disease,GARD:0007321,Localized lichen myxedematosus,biolink:Disease,1,GARD:0007321,false,true,GARD
disease,GARD:0007323,Paracoccidioidomycosis,biolink:Disease,1,GARD:0007323,false,true,GARD
disease,GARD:0007324,Pheochromocytoma/paraganglioma syndrome 1,biolink:Disease,1,GARD:0007324,false,true,GARD
disease,GARD:0007325,Paramyotonia congenita of Von Eulenburg,biolink:Disease,1,GARD:0007325,false,true,GARD
disease,GARD:0007329,Parathyroid carcinoma,biolink:Disease,1,GARD:0007329,false,true,GARD
disease,GARD:0007335,Paroxysmal cold hemoglobinuria,biolink:Disease,1,GARD:0007335,false,true,GARD
disease,GARD:0007337,Paroxysmal nocturnal hemoglobinuria,biolink:Disease,1,GARD:0007337,false,true,GARD
disease,GARD:0007338,Facial hemiatrophy,biolink:Disease,1,GARD:0007338,false,true,GARD
disease,GARD:0007339,Pars planitis,biolink:Disease,1,GARD:0007339,false,true,GARD
disease,GARD:0007341,Complete trisomy 13 syndrome,biolink:Disease,1,GARD:0007341,false,true,GARD
disease,GARD:0007342,PDA1,biolink:Disease,1,GARD:0007342,false,true,GARD
disease,GARD:0007343,Pearson syndrome,biolink:Disease,1,GARD:0007343,false,true,GARD
disease,GARD:0007346,T-cell childhood acute lymphocytic leukemia,biolink:Disease,1,GARD:0007346,false,true,GARD
disease,GARD:0007347,Peeling skin syndrome,biolink:Disease,1,GARD:0007347,false,true,GARD
disease,GARD:0007348,Cerebral sclerosis similar to Pelizaeus-Merzbacher disease,biolink:Disease,1,GARD:0007348,false,true,GARD
disease,GARD:0007352,Pemphigus,biolink:Disease,1,GARD:0007352,false,true,GARD
disease,GARD:0007353,Pemphigus and fogo selvagem,biolink:Disease,1,GARD:0007353,false,true,GARD
disease,GARD:0007354,Pemphigus foliaceus,biolink:Disease,1,GARD:0007354,false,true,GARD
disease,GARD:0007355,Pemphigus vulgaris,biolink:Disease,1,GARD:0007355,false,true,GARD
disease,GARD:0007359,Pentalogy of Cantrell,biolink:Disease,1,GARD:0007359,false,true,GARD
disease,GARD:0007360,Polyarteritis nodosa,biolink:Disease,1,GARD:0007360,false,true,GARD
disease,GARD:0007368,Mature T-cell and NK-cell non-Hodgkin lymphoma,biolink:Disease,1,GARD:0007368,false,true,GARD
disease,GARD:0007371,"Heterotopia, periventricular, X-linked dominant",biolink:Disease,1,GARD:0007371,false,true,GARD
disease,GARD:0007377,Irido-corneo-trabecular dysgenesis,biolink:Disease,1,GARD:0007377,false,true,GARD
disease,GARD:0007378,Peutz-Jeghers syndrome,biolink:Disease,1,GARD:0007378,false,true,GARD
disease,GARD:0007380,Pfeiffer syndrome,biolink:Disease,1,GARD:0007380,false,true,GARD
disease,GARD:0007381,Liddle syndrome,biolink:Disease,1,GARD:0007381,false,true,GARD
disease,GARD:0007383,Phenylketonuria,biolink:Disease,1,GARD:0007383,false,true,GARD
disease,GARD:0007387,Roberts-SC phocomelia syndrome,biolink:Disease,1,GARD:0007387,false,true,GARD
disease,GARD:0007389,Glycogen storage disease due to phosphoglycerate kinase 1 deficiency,biolink:Disease,1,GARD:0007389,false,true,GARD
disease,GARD:0007392,Behavioral variant of frontotemporal dementia,biolink:Disease,1,GARD:0007392,false,true,GARD
disease,GARD:0007396,"Tenosynovial giant cell tumor, diffuse type",biolink:Disease,1,GARD:0007396,false,true,GARD
disease,GARD:0007397,Pinta disease,biolink:Disease,1,GARD:0007397,false,true,GARD
disease,GARD:0007399,Ateleiotic dwarfism,biolink:Disease,1,GARD:0007399,false,true,GARD
disease,GARD:0007401,Pityriasis rubra pilaris,biolink:Disease,1,GARD:0007401,false,true,GARD
disease,GARD:0007403,Placental site trophoblastic tumor,biolink:Disease,1,GARD:0007403,false,true,GARD
disease,GARD:0007411,POEMS syndrome,biolink:Disease,1,GARD:0007411,false,true,GARD
disease,GARD:0007412,Poland anomaly,biolink:Disease,1,GARD:0007412,false,true,GARD
disease,GARD:0007413,Poliomyelitis,biolink:Disease,1,GARD:0007413,false,true,GARD
disease,GARD:0007415,Cutaneous polyarteritis nodosa,biolink:Disease,1,GARD:0007415,false,true,GARD
disease,GARD:0007417,Relapsing polychondritis,biolink:Disease,1,GARD:0007417,false,true,GARD
disease,GARD:0007422,Acquired polycythemia vera,biolink:Disease,1,GARD:0007422,false,true,GARD
disease,GARD:0007425,Polymyositis,biolink:Disease,1,GARD:0007425,false,true,GARD
disease,GARD:0007430,Porencephaly,biolink:Disease,1,GARD:0007430,false,true,GARD
disease,GARD:0007431,Eccrine porocarcinoma,biolink:Disease,1,GARD:0007431,false,true,GARD
disease,GARD:0007433,Porphyria cutanea tarda,biolink:Disease,1,GARD:0007433,false,true,GARD
disease,GARD:0007439,Congenital posterior urethral valve,biolink:Disease,1,GARD:0007439,false,true,GARD
disease,GARD:0007459,Primary biliary cholangitis,biolink:Disease,1,GARD:0007459,false,true,GARD
disease,GARD:0007465,Prinzmetal angina,biolink:Disease,1,GARD:0007465,false,true,GARD
disease,GARD:0007467,Hutchinson-Gilford syndrome,biolink:Disease,1,GARD:0007467,false,true,GARD
disease,GARD:0007468,Progressive multifocal leukoencephalopathy,biolink:Disease,1,GARD:0007468,false,true,GARD
disease,GARD:0007471,Progressive supranuclear palsy,biolink:Disease,1,GARD:0007471,false,true,GARD
disease,GARD:0007473,Prolidase deficiency,biolink:Disease,1,GARD:0007473,false,true,GARD
disease,GARD:0007475,Proteus syndrome,biolink:Disease,1,GARD:0007475,false,true,GARD
disease,GARD:0007476,Erythropoietic protoporphyria,biolink:Disease,1,GARD:0007476,false,true,GARD
disease,GARD:0007479,Prune belly syndrome,biolink:Disease,1,GARD:0007479,false,true,GARD
disease,GARD:0007482,Deficiency of butyrylcholinesterase,biolink:Disease,1,GARD:0007482,false,true,GARD
disease,GARD:0007486,Pseudohypoparathyroidism type I A,biolink:Disease,1,GARD:0007486,false,true,GARD
disease,GARD:0007488,Pseudomyxoma peritonei,biolink:Disease,1,GARD:0007488,false,true,GARD
disease,GARD:0007492,Ornithosis,biolink:Disease,1,GARD:0007492,false,true,GARD
disease,GARD:0007499,Autoimmune pulmonary alveolar proteinosis,biolink:Disease,1,GARD:0007499,false,true,GARD
disease,GARD:0007501,Pulmonary arterial hypertension,biolink:Disease,1,GARD:0007501,false,true,GARD
disease,GARD:0007503,Punctate inner choroidopathy,biolink:Disease,1,GARD:0007503,false,true,GARD
disease,GARD:0007504,Pure red-cell aplasia,biolink:Disease,1,GARD:0007504,false,true,GARD
disease,GARD:0007510,Pyoderma gangrenosum,biolink:Disease,1,GARD:0007510,false,true,GARD
disease,GARD:0007512,Pyruvate carboxylase deficiency,biolink:Disease,1,GARD:0007512,false,true,GARD
disease,GARD:0007513,Pyruvate dehydrogenase complex deficiency,biolink:Disease,1,GARD:0007513,false,true,GARD
disease,GARD:0007514,Pyruvate kinase deficiency of red cells,biolink:Disease,1,GARD:0007514,false,true,GARD
disease,GARD:0007515,Q fever,biolink:Disease,1,GARD:0007515,false,true,GARD
disease,GARD:0007516,Rabies,biolink:Disease,1,GARD:0007516,false,true,GARD
disease,GARD:0007523,Ramon syndrome,biolink:Disease,1,GARD:0007523,false,true,GARD
disease,GARD:0007525,Geniculate herpes zoster,biolink:Disease,1,GARD:0007525,false,true,GARD
disease,GARD:0007548,Familial renal glucosuria,biolink:Disease,1,GARD:0007548,false,true,GARD
disease,GARD:0007551,Renal osteodystrophy,biolink:Disease,1,GARD:0007551,false,true,GARD
disease,GARD:0007552,Renal tubular acidosis,biolink:Disease,1,GARD:0007552,false,true,GARD
disease,GARD:0007563,Retinoblastoma,biolink:Disease,1,GARD:0007563,false,true,GARD
disease,GARD:0007570,Reye syndrome,biolink:Disease,1,GARD:0007570,false,true,GARD
disease,GARD:0007572,Rhabdoid tumor,biolink:Disease,1,GARD:0007572,false,true,GARD
disease,GARD:0007577,Rheumatoid vasculitis,biolink:Disease,1,GARD:0007577,false,true,GARD
disease,GARD:0007578,Richter syndrome,biolink:Disease,1,GARD:0007578,false,true,GARD
disease,GARD:0007581,Familial dysautonomia,biolink:Disease,1,GARD:0007581,false,true,GARD
disease,GARD:0007585,Rocky Mountain spotted fever,biolink:Disease,1,GARD:0007585,false,true,GARD
disease,GARD:0007588,Sinus histiocytosis with massive lymphadenopathy,biolink:Disease,1,GARD:0007588,false,true,GARD
disease,GARD:0007593,Rubinstein-Taybi syndrome,biolink:Disease,1,GARD:0007593,false,true,GARD
disease,GARD:0007597,Sacral nerve plexus disorder,biolink:Disease,1,GARD:0007597,false,true,GARD
disease,GARD:0007598,Saethre-Chotzen syndrome,biolink:Disease,1,GARD:0007598,false,true,GARD
disease,GARD:0007606,SAPHO syndrome,biolink:Disease,1,GARD:0007606,false,true,GARD
disease,GARD:0007607,Sarcoidosis,biolink:Disease,1,GARD:0007607,false,true,GARD
disease,GARD:0007608,X-linked scapuloperoneal muscular dystrophy,biolink:Disease,1,GARD:0007608,false,true,GARD
disease,GARD:0007609,Pigmented purpuric lichenoid dermatitis of Gougerot and Blum,biolink:Disease,1,GARD:0007609,false,true,GARD
disease,GARD:0007611,"Polyglandular autoimmune syndrome, type 2",biolink:Disease,1,GARD:0007611,false,true,GARD
disease,GARD:0007615,Scleromyxedema,biolink:Disease,1,GARD:0007615,false,true,GARD
disease,GARD:0007617,Kuru,biolink:Disease,1,GARD:0007617,false,true,GARD
disease,GARD:0007627,Septo-optic dysplasia sequence,biolink:Disease,1,GARD:0007627,false,true,GARD
disease,GARD:0007628,Severe combined immunodeficiency disease,biolink:Disease,1,GARD:0007628,false,true,GARD
disease,GARD:0007629,Sezary syndrome,biolink:Disease,1,GARD:0007629,false,true,GARD
disease,GARD:0007630,Sheehan syndrome,biolink:Disease,1,GARD:0007630,false,true,GARD
disease,GARD:0007633,SHORT syndrome,biolink:Disease,1,GARD:0007633,false,true,GARD
disease,GARD:0007636,Shwartzman phenomenon,biolink:Disease,1,GARD:0007636,false,true,GARD
disease,GARD:0007639,Sialidosis type 1,biolink:Disease,1,GARD:0007639,false,true,GARD
disease,GARD:0007647,Silicosis,biolink:Disease,1,GARD:0007647,false,true,GARD
disease,GARD:0007649,Simpson-Golabi-Behmel syndrome,biolink:Disease,1,GARD:0007649,false,true,GARD
disease,GARD:0007650,Nasal cavity and paranasal sinus carcinoma,biolink:Disease,1,GARD:0007650,false,true,GARD
disease,GARD:0007652,Sirenomelia,biolink:Disease,1,GARD:0007652,false,true,GARD
disease,GARD:0007653,Sitosterolemia,biolink:Disease,1,GARD:0007653,false,true,GARD
disease,GARD:0007654,Sjögren-Larsson syndrome,biolink:Disease,1,GARD:0007654,false,true,GARD
disease,GARD:0007664,Sneddon syndrome,biolink:Disease,1,GARD:0007664,false,true,GARD
disease,GARD:0007672,Sphingolipidosis,biolink:Disease,1,GARD:0007672,false,true,GARD
disease,GARD:0007673,Isolated spina bifida,biolink:Disease,1,GARD:0007673,false,true,GARD
disease,GARD:0007674,Spinal muscular atrophy,biolink:Disease,1,GARD:0007674,false,true,GARD
disease,GARD:0007683,Spleen neoplasm,biolink:Disease,1,GARD:0007683,false,true,GARD
disease,GARD:0007687,Spondyloepiphyseal dysplasia,biolink:Disease,1,GARD:0007687,false,true,GARD
disease,GARD:0007690,Gerstmann-Straussler-Scheinker syndrome,biolink:Disease,1,GARD:0007690,false,true,GARD
disease,GARD:0007692,Sporotrichosis,biolink:Disease,1,GARD:0007692,false,true,GARD
disease,GARD:0007693,Congenital elevation of scapula,biolink:Disease,1,GARD:0007693,false,true,GARD
disease,GARD:0007695,Succinate-semialdehyde dehydrogenase deficiency,biolink:Disease,1,GARD:0007695,false,true,GARD
disease,GARD:0007700,Stevens-Johnson syndrome,biolink:Disease,1,GARD:0007700,false,true,GARD
disease,GARD:0007704,Gastric cancer,biolink:Disease,1,GARD:0007704,false,true,GARD
disease,GARD:0007706,Sturge-Weber syndrome,biolink:Disease,1,GARD:0007706,false,true,GARD
disease,GARD:0007708,Subacute sclerosing panencephalitis,biolink:Disease,1,GARD:0007708,false,true,GARD
disease,GARD:0007712,Superior mesenteric artery syndrome,biolink:Disease,1,GARD:0007712,false,true,GARD
disease,GARD:0007713,Susac syndrome,biolink:Disease,1,GARD:0007713,false,true,GARD
disease,GARD:0007716,Sydenham chorea,biolink:Disease,1,GARD:0007716,false,true,GARD
disease,GARD:0007721,Synovial sarcoma,biolink:Disease,1,GARD:0007721,false,true,GARD
disease,GARD:0007725,Syringomyelia,biolink:Disease,1,GARD:0007725,false,true,GARD
disease,GARD:0007730,Takayasu arteritis,biolink:Disease,1,GARD:0007730,false,true,GARD
disease,GARD:0007731,Tangier disease,biolink:Disease,1,GARD:0007731,false,true,GARD
disease,GARD:0007733,Tarsal tunnel syndrome,biolink:Disease,1,GARD:0007733,false,true,GARD
disease,GARD:0007737,Tay-Sachs disease,biolink:Disease,1,GARD:0007737,false,true,GARD
disease,GARD:0007751,Hyperphenylalaninemia due to tetrahydrobiopterin deficiency,biolink:Disease,1,GARD:0007751,false,true,GARD
disease,GARD:0007754,Four X syndrome,biolink:Disease,1,GARD:0007754,false,true,GARD
disease,GARD:0007756,Thalassemia,biolink:Disease,1,GARD:0007756,false,true,GARD
disease,GARD:0007771,Tick paralysis,biolink:Disease,1,GARD:0007771,false,true,GARD
disease,GARD:0007772,Tietz syndrome,biolink:Disease,1,GARD:0007772,false,true,GARD
disease,GARD:0007777,Tolosa-Hunt syndrome,biolink:Disease,1,GARD:0007777,false,true,GARD
disease,GARD:0007784,Townes syndrome,biolink:Disease,1,GARD:0007784,false,true,GARD
disease,GARD:0007793,Transient erythroblastopenia of childhood,biolink:Disease,1,GARD:0007793,false,true,GARD
disease,GARD:0007794,Transitional cell carcinoma,biolink:Disease,1,GARD:0007794,false,true,GARD
disease,GARD:0007795,Transposition of the great arteries,biolink:Disease,1,GARD:0007795,false,true,GARD
disease,GARD:0007799,Tricho-dento-osseous syndrome,biolink:Disease,1,GARD:0007799,false,true,GARD
disease,GARD:0007800,Trichorhinophalangeal dysplasia type I,biolink:Disease,1,GARD:0007800,false,true,GARD
disease,GARD:0007801,Langer-Giedion syndrome,biolink:Disease,1,GARD:0007801,false,true,GARD
disease,GARD:0007805,Trigeminal neuralgia,biolink:Disease,1,GARD:0007805,false,true,GARD
disease,GARD:0007815,Trisomy 6,biolink:Disease,1,GARD:0007815,false,true,GARD
disease,GARD:0007826,Human African trypanosomiasis,biolink:Disease,1,GARD:0007826,false,true,GARD
disease,GARD:0007827,Tuberculosis,biolink:Disease,1,GARD:0007827,false,true,GARD
disease,GARD:0007828,Tuberculosis of meninges,biolink:Disease,1,GARD:0007828,false,true,GARD
disease,GARD:0007830,Tuberous sclerosis syndrome,biolink:Disease,1,GARD:0007830,false,true,GARD
disease,GARD:0007831,Turner syndrome,biolink:Disease,1,GARD:0007831,false,true,GARD
disease,GARD:0007837,Disorder of the urea cycle metabolism,biolink:Disease,1,GARD:0007837,false,true,GARD
disease,GARD:0007842,Cutaneous mastocytosis,biolink:Disease,1,GARD:0007842,false,true,GARD
disease,GARD:0007843,Usher syndrome,biolink:Disease,1,GARD:0007843,false,true,GARD
disease,GARD:0007846,Van der Woude syndrome 2,biolink:Disease,1,GARD:0007846,false,true,GARD
disease,GARD:0007848,Variegate porphyria,biolink:Disease,1,GARD:0007848,false,true,GARD
disease,GARD:0007851,Cutaneous leukocytoclastic angiitis,biolink:Disease,1,GARD:0007851,false,true,GARD
disease,GARD:0007854,Vernal keratoconjunctivitis,biolink:Disease,1,GARD:0007854,false,true,GARD
disease,GARD:0007855,Von Hippel-Lindau syndrome,biolink:Disease,1,GARD:0007855,false,true,GARD
disease,GARD:0007860,Pseudopseudohypoparathyroidism,biolink:Disease,1,GARD:0007860,false,true,GARD
disease,GARD:0007862,Vogt-Koyanagi-Harada disease,biolink:Disease,1,GARD:0007862,false,true,GARD
disease,GARD:0007864,Glycogen storage disease due to glucose-6-phosphatase deficiency type IA,biolink:Disease,1,GARD:0007864,false,true,GARD
disease,GARD:0007866,"Neurofibromatosis, type 1",biolink:Disease,1,GARD:0007866,false,true,GARD
disease,GARD:0007871,Wagner disease,biolink:Disease,1,GARD:0007871,false,true,GARD
disease,GARD:0007872,Waldenstrom macroglobulinemia,biolink:Disease,1,GARD:0007872,false,true,GARD
disease,GARD:0007873,Primary intestinal lymphangiectasia,biolink:Disease,1,GARD:0007873,false,true,GARD
disease,GARD:0007876,"Autoimmune hemolytic anemia, warm type",biolink:Disease,1,GARD:0007876,false,true,GARD
disease,GARD:0007877,Vascular ectasia of gastric antrum,biolink:Disease,1,GARD:0007877,false,true,GARD
disease,GARD:0007878,Weaver syndrome,biolink:Disease,1,GARD:0007878,false,true,GARD
disease,GARD:0007879,Nodular non-suppurative panniculitis,biolink:Disease,1,GARD:0007879,false,true,GARD
disease,GARD:0007880,Granulomatosis with polyangiitis,biolink:Disease,1,GARD:0007880,false,true,GARD
disease,GARD:0007881,Leptospirosis,biolink:Disease,1,GARD:0007881,false,true,GARD
disease,GARD:0007883,Werdnig-Hoffmann disease,biolink:Disease,1,GARD:0007883,false,true,GARD
disease,GARD:0007885,Werner syndrome,biolink:Disease,1,GARD:0007885,false,true,GARD
disease,GARD:0007887,West syndrome,biolink:Disease,1,GARD:0007887,false,true,GARD
disease,GARD:0007888,Western equine encephalitis,biolink:Disease,1,GARD:0007888,false,true,GARD
disease,GARD:0007889,Whipple's disease,biolink:Disease,1,GARD:0007889,false,true,GARD
disease,GARD:0007890,Wieacker-Wolff syndrome,biolink:Disease,1,GARD:0007890,false,true,GARD
disease,GARD:0007891,Williams syndrome,biolink:Disease,1,GARD:0007891,false,true,GARD
disease,GARD:0007892,Kidney Wilms tumor,biolink:Disease,1,GARD:0007892,false,true,GARD
disease,GARD:0007893,Wilson disease,biolink:Disease,1,GARD:0007893,false,true,GARD
disease,GARD:0007894,Winchester syndrome,biolink:Disease,1,GARD:0007894,false,true,GARD
disease,GARD:0007895,Wiskott-Aldrich syndrome,biolink:Disease,1,GARD:0007895,false,true,GARD
disease,GARD:0007896,4p partial monosomy syndrome,biolink:Disease,1,GARD:0007896,false,true,GARD
disease,GARD:0007898,Wolfram syndrome,biolink:Disease,1,GARD:0007898,false,true,GARD
disease,GARD:0007899,Wolman disease,biolink:Disease,1,GARD:0007899,false,true,GARD
disease,GARD:0007900,Wyburn-Mason syndrome,biolink:Disease,1,GARD:0007900,false,true,GARD
disease,GARD:0007904,X-linked ichthyosis with steryl-sulfatase deficiency,biolink:Disease,1,GARD:0007904,false,true,GARD
disease,GARD:0007910,Xeroderma pigmentosum,biolink:Disease,1,GARD:0007910,false,true,GARD
disease,GARD:0007913,Yaws,biolink:Disease,1,GARD:0007913,false,true,GARD
disease,GARD:0007914,Yellow fever,biolink:Disease,1,GARD:0007914,false,true,GARD
disease,GARD:0007917,Zellweger spectrum disorders,biolink:Disease,1,GARD:0007917,false,true,GARD
disease,GARD:0007918,Zollinger-Ellison syndrome,biolink:Disease,1,GARD:0007918,false,true,GARD
disease,GARD:0007922,Muscular dystrophy,biolink:Disease,1,GARD:0007922,false,true,GARD
disease,GARD:0008155,4-hydroxyphenylacetic aciduria,biolink:Disease,1,GARD:0008155,false,true,GARD
disease,GARD:0008157,Anthrax infection,biolink:Disease,1,GARD:0008157,false,true,GARD
disease,GARD:0008169,Sclerosing mesenteritis,biolink:Disease,1,GARD:0008169,false,true,GARD
disease,GARD:0008173,Achondroplasia,biolink:Disease,1,GARD:0008173,false,true,GARD
disease,GARD:0008174,Cryptomicrotia-brachydactyly-excess fingertip arch syndrome,biolink:Disease,1,GARD:0008174,false,true,GARD
disease,GARD:0008178,Hypotrichosis 7,biolink:Disease,1,GARD:0008178,false,true,GARD
disease,GARD:0008182,Proximal symphalangism,biolink:Disease,1,GARD:0008182,false,true,GARD
disease,GARD:0008189,Conotruncal heart malformations,biolink:Disease,1,GARD:0008189,false,true,GARD
disease,GARD:0008194,Cysticercosis,biolink:Disease,1,GARD:0008194,false,true,GARD
disease,GARD:0008195,Infection by Strongyloides,biolink:Disease,1,GARD:0008195,false,true,GARD
disease,GARD:0008197,Smith-Magenis syndrome,biolink:Disease,1,GARD:0008197,false,true,GARD
disease,GARD:0008198,Histiocytic medullary reticulosis,biolink:Disease,1,GARD:0008198,false,true,GARD
disease,GARD:0008204,Immunoglobulin A vasculitis,biolink:Disease,1,GARD:0008204,false,true,GARD
disease,GARD:0008206,Ambras type hypertrichosis universalis congenita,biolink:Disease,1,GARD:0008206,false,true,GARD
disease,GARD:0008207,Pineocytoma,biolink:Disease,1,GARD:0008207,false,true,GARD
disease,GARD:0008208,HTLV-1-associated myelopathy-tropical spastic paraparesis,biolink:Disease,1,GARD:0008208,false,true,GARD
disease,GARD:0008211,Neurofibrosarcoma,biolink:Disease,1,GARD:0008211,false,true,GARD
disease,GARD:0008214,Lafora disease,biolink:Disease,1,GARD:0008214,false,true,GARD
disease,GARD:0008216,Mansonelliasis,biolink:Disease,1,GARD:0008216,false,true,GARD
disease,GARD:0008219,Large-cell immunoblastic lymphoma,biolink:Disease,1,GARD:0008219,false,true,GARD
disease,GARD:0008223,B-cell prolymphocytic leukemia,biolink:Disease,1,GARD:0008223,false,true,GARD
disease,GARD:0008225,Chronic myelomonocytic leukemia,biolink:Disease,1,GARD:0008225,false,true,GARD
disease,GARD:0008226,Myeloid leukemia,biolink:Disease,1,GARD:0008226,false,true,GARD
disease,GARD:0008230,Hyperhomocysteinemia,biolink:Disease,1,GARD:0008230,false,true,GARD
disease,GARD:0008231,Non-Langerhans cell histiocytosis,biolink:Disease,1,GARD:0008231,false,true,GARD
disease,GARD:0008232,Hemangioblastoma,biolink:Disease,1,GARD:0008232,false,true,GARD
disease,GARD:0008233,Gaucher disease,biolink:Disease,1,GARD:0008233,false,true,GARD
disease,GARD:0008234,Felty syndrome,biolink:Disease,1,GARD:0008234,false,true,GARD
disease,GARD:0008238,Choroid plexus carcinoma,biolink:Disease,1,GARD:0008238,false,true,GARD
disease,GARD:0008241,Sea-blue histiocyte syndrome,biolink:Disease,1,GARD:0008241,false,true,GARD
disease,GARD:0008242,5-nucleotidase syndrome,biolink:Disease,1,GARD:0008242,false,true,GARD
disease,GARD:0008249,Myelodysplastic syndrome with ring sideroblasts,biolink:Disease,1,GARD:0008249,false,true,GARD
disease,GARD:0008250,Dementia associated with AIDS,biolink:Disease,1,GARD:0008250,false,true,GARD
disease,GARD:0008254,Omsk hemorrhagic fever,biolink:Disease,1,GARD:0008254,false,true,GARD
disease,GARD:0008257,Kyasanur forest disease,biolink:Disease,1,GARD:0008257,false,true,GARD
disease,GARD:0008258,Mediastinal yolk sac tumor,biolink:Disease,1,GARD:0008258,false,true,GARD
disease,GARD:0008259,Plummer-Vinson syndrome,biolink:Disease,1,GARD:0008259,false,true,GARD
disease,GARD:0008270,Muscular pseudohypertrophy-hypothyroidism syndrome,biolink:Disease,1,GARD:0008270,false,true,GARD
disease,GARD:0008275,Keratolytic winter erythema,biolink:Disease,1,GARD:0008275,false,true,GARD
disease,GARD:0008276,DE SANCTIS-CACCHIONE SYNDROME,biolink:Disease,1,GARD:0008276,false,true,GARD
disease,GARD:0008278,Cataract 40,biolink:Disease,1,GARD:0008278,false,true,GARD
disease,GARD:0008282,"Familial visceral amyloidosis, Ostertag type",biolink:Disease,1,GARD:0008282,false,true,GARD
disease,GARD:0008283,Diamond-Blackfan anemia 2,biolink:Disease,1,GARD:0008283,false,true,GARD
disease,GARD:0008295,Mitochondrial complex III deficiency,biolink:Disease,1,GARD:0008295,false,true,GARD
disease,GARD:0008309,"Tibia, hypoplasia or aplasia of, with polydactyly",biolink:Disease,1,GARD:0008309,false,true,GARD
disease,GARD:0008310,Steinert myotonic dystrophy syndrome,biolink:Disease,1,GARD:0008310,false,true,GARD
disease,GARD:0008312,Pseudo von Willebrand disease,biolink:Disease,1,GARD:0008312,false,true,GARD
disease,GARD:0008317,Dendritic cell tumor,biolink:Disease,1,GARD:0008317,false,true,GARD
disease,GARD:0008329,Atelosteogenesis type II,biolink:Disease,1,GARD:0008329,false,true,GARD
disease,GARD:0008331,Deafness dystonia syndrome,biolink:Disease,1,GARD:0008331,false,true,GARD
disease,GARD:0008333,Human HOXA1 syndromes,biolink:Disease,1,GARD:0008333,false,true,GARD
disease,GARD:0008334,Nemaline myopathy 5,biolink:Disease,1,GARD:0008334,false,true,GARD
disease,GARD:0008337,IgG4-related mediastinitis,biolink:Disease,1,GARD:0008337,false,true,GARD
disease,GARD:0008338,PHACE syndrome,biolink:Disease,1,GARD:0008338,false,true,GARD
disease,GARD:0008341,Marinesco-Sjögren syndrome,biolink:Disease,1,GARD:0008341,false,true,GARD
disease,GARD:0008343,"Spondylometaphyseal dysplasia, Golden type",biolink:Disease,1,GARD:0008343,false,true,GARD
disease,GARD:0008344,ABri amyloidosis,biolink:Disease,1,GARD:0008344,false,true,GARD
disease,GARD:0008345,Quebec platelet disorder,biolink:Disease,1,GARD:0008345,false,true,GARD
disease,GARD:0008349,Amelogenesis imperfecta type 2,biolink:Disease,1,GARD:0008349,false,true,GARD
disease,GARD:0008355,Kaolinosis,biolink:Disease,1,GARD:0008355,false,true,GARD
disease,GARD:0008360,X-linked intellectual disability-retinitis pigmentosa syndrome,biolink:Disease,1,GARD:0008360,false,true,GARD
disease,GARD:0008367,Autosomal recessive Kenny-Caffey syndrome,biolink:Disease,1,GARD:0008367,false,true,GARD
disease,GARD:0008370,"Congenital lactic acidosis, Saguenay-Lac-Saint-Jean type",biolink:Disease,1,GARD:0008370,false,true,GARD
disease,GARD:0008371,Baritosis,biolink:Disease,1,GARD:0008371,false,true,GARD
disease,GARD:0008372,Silicosiderosis,biolink:Disease,1,GARD:0008372,false,true,GARD
disease,GARD:0008374,Mixed dust pneumoconiosis,biolink:Disease,1,GARD:0008374,false,true,GARD
disease,GARD:0008378,Autosomal recessive polycystic kidney disease,biolink:Disease,1,GARD:0008378,false,true,GARD
disease,GARD:0008380,Arterial calcification of infancy,biolink:Disease,1,GARD:0008380,false,true,GARD
disease,GARD:0008382,2-methylacetoacetyl CoA thiolase deficiency,biolink:Disease,1,GARD:0008382,false,true,GARD
disease,GARD:0008387,Deficiency of hydroxymethylglutaryl-CoA lyase,biolink:Disease,1,GARD:0008387,false,true,GARD
disease,GARD:0008391,Ornithine carbamoyltransferase deficiency,biolink:Disease,1,GARD:0008391,false,true,GARD
disease,GARD:0008394,Hypolipoproteinemia,biolink:Disease,1,GARD:0008394,false,true,GARD
disease,GARD:0008397,Hepatic methionine adenosyltransferase deficiency,biolink:Disease,1,GARD:0008397,false,true,GARD
disease,GARD:0008400,Galactorrhoea-hyperprolactinaemia,biolink:Disease,1,GARD:0008400,false,true,GARD
disease,GARD:0008406,Congenital absence of germinal epithelium of testes,biolink:Disease,1,GARD:0008406,false,true,GARD
disease,GARD:0008407,Feingold syndrome,biolink:Disease,1,GARD:0008407,false,true,GARD
disease,GARD:0008410,Miller syndrome,biolink:Disease,1,GARD:0008410,false,true,GARD
disease,GARD:0008414,Van der Woude syndrome,biolink:Disease,1,GARD:0008414,false,true,GARD
disease,GARD:0008416,Focal facial dermal dysplasia,biolink:Disease,1,GARD:0008416,false,true,GARD
disease,GARD:0008419,Isolated optic nerve hypoplasia,biolink:Disease,1,GARD:0008419,false,true,GARD
disease,GARD:0008421,Pallister-Killian syndrome,biolink:Disease,1,GARD:0008421,false,true,GARD
disease,GARD:0008422,Peters plus syndrome,biolink:Disease,1,GARD:0008422,false,true,GARD
disease,GARD:0008423,Richards-Rundle syndrome,biolink:Disease,1,GARD:0008423,false,true,GARD
disease,GARD:0008424,Iminoglycinuria,biolink:Disease,1,GARD:0008424,false,true,GARD
disease,GARD:0008426,Thyroid hypoplasia,biolink:Disease,1,GARD:0008426,false,true,GARD
disease,GARD:0008428,Crane-Heise syndrome,biolink:Disease,1,GARD:0008428,false,true,GARD
disease,GARD:0008431,Axial osteomalacia,biolink:Disease,1,GARD:0008431,false,true,GARD
disease,GARD:0008432,Bailey-Bloch congenital myopathy,biolink:Disease,1,GARD:0008432,false,true,GARD
disease,GARD:0008433,King Denborough syndrome,biolink:Disease,1,GARD:0008433,false,true,GARD
disease,GARD:0008435,Persistent Mullerian duct syndrome,biolink:Disease,1,GARD:0008435,false,true,GARD
disease,GARD:0008436,Frontotemporal dementia,biolink:Disease,1,GARD:0008436,false,true,GARD
disease,GARD:0008438,Isolated anterior cervical hypertrichosis,biolink:Disease,1,GARD:0008438,false,true,GARD
disease,GARD:0008449,Keutel syndrome,biolink:Disease,1,GARD:0008449,false,true,GARD
disease,GARD:0008457,TNF receptor-associated periodic fever syndrome (TRAPS),biolink:Disease,1,GARD:0008457,false,true,GARD
disease,GARD:0008466,"Polyglandular autoimmune syndrome, type 1",biolink:Disease,1,GARD:0008466,false,true,GARD
disease,GARD:0008468,Melanoma and neural system tumor syndrome,biolink:Disease,1,GARD:0008468,false,true,GARD
disease,GARD:0008471,"Ocular albinism, type I",biolink:Disease,1,GARD:0008471,false,true,GARD
disease,GARD:0008472,Familial amyloid nephropathy with urticaria AND deafness,biolink:Disease,1,GARD:0008472,false,true,GARD
disease,GARD:0008476,Leber plus disease,biolink:Disease,1,GARD:0008476,false,true,GARD
disease,GARD:0008479,Familial multiple discoid fibromas,biolink:Disease,1,GARD:0008479,false,true,GARD
disease,GARD:0008480,Autosomal recessive cutis laxa type 1,biolink:Disease,1,GARD:0008480,false,true,GARD
disease,GARD:0008485,Acropectoral syndrome,biolink:Disease,1,GARD:0008485,false,true,GARD
disease,GARD:0008486,"Ehlers-Danlos syndrome, musculocontractural type",biolink:Disease,1,GARD:0008486,false,true,GARD
disease,GARD:0008487,Infantile digital fibromatosis,biolink:Disease,1,GARD:0008487,false,true,GARD
disease,GARD:0008488,Familial papillary or follicular thyroid carcinoma,biolink:Disease,1,GARD:0008488,false,true,GARD
disease,GARD:0008489,MASS syndrome,biolink:Disease,1,GARD:0008489,false,true,GARD
disease,GARD:0008491,Radiation-induced meningioma,biolink:Disease,1,GARD:0008491,false,true,GARD
disease,GARD:0008495,African nutritional hemochromatosis,biolink:Disease,1,GARD:0008495,false,true,GARD
disease,GARD:0008501,White sponge nevus,biolink:Disease,1,GARD:0008501,false,true,GARD
disease,GARD:0008503,Squamous cell carcinoma of the head and neck,biolink:Disease,1,GARD:0008503,false,true,GARD
disease,GARD:0008505,X-linked Ehlers-Danlos syndrome,biolink:Disease,1,GARD:0008505,false,true,GARD
disease,GARD:0008507,Ehlers-Danlos syndrome due to tenascin-X deficiency,biolink:Disease,1,GARD:0008507,false,true,GARD
disease,GARD:0008508,"Ehlers-Danlos syndrome, fibronectinemic type",biolink:Disease,1,GARD:0008508,false,true,GARD
disease,GARD:0008509,"Acrorenal field defect, ectodermal dysplasia, and lipoatrophic diabetes",biolink:Disease,1,GARD:0008509,false,true,GARD
disease,GARD:0008510,Diencephalic-mesencephalic junction dysplasia syndrome 1,biolink:Disease,1,GARD:0008510,false,true,GARD
disease,GARD:0008517,Keratoderma with scleroatrophy of the extremities,biolink:Disease,1,GARD:0008517,false,true,GARD
disease,GARD:0008520,Pettigrew syndrome,biolink:Disease,1,GARD:0008520,false,true,GARD
disease,GARD:0008521,Infantile-onset X-linked spinal muscular atrophy,biolink:Disease,1,GARD:0008521,false,true,GARD
disease,GARD:0008526,Diffuse panbronchiolitis,biolink:Disease,1,GARD:0008526,false,true,GARD
disease,GARD:0008528,HELLP syndrome,biolink:Disease,1,GARD:0008528,false,true,GARD
disease,GARD:0008529,Macrodactyly of fingers,biolink:Disease,1,GARD:0008529,false,true,GARD
disease,GARD:0008532,Attenuated familial adenomatous polyposis,biolink:Disease,1,GARD:0008532,false,true,GARD
disease,GARD:0008533,Familial colorectal cancer,biolink:Disease,1,GARD:0008533,false,true,GARD
disease,GARD:0008534,Eosinophilic pustular folliculitis,biolink:Disease,1,GARD:0008534,false,true,GARD
disease,GARD:0008535,"Central hypoventilation syndrome, congenital, 1, with or without Hirschsprung disease",biolink:Disease,1,GARD:0008535,false,true,GARD
disease,GARD:0008538,"46,XY disorder of sex development",biolink:Disease,1,GARD:0008538,false,true,GARD
disease,GARD:0008539,Urocanate hydratase deficiency,biolink:Disease,1,GARD:0008539,false,true,GARD
disease,GARD:0008541,Primary progressive aphasia,biolink:Disease,1,GARD:0008541,false,true,GARD
disease,GARD:0008542,Chondrodysplasia punctata,biolink:Disease,1,GARD:0008542,false,true,GARD
disease,GARD:0008547,Familial hypokalemia-hypomagnesemia,biolink:Disease,1,GARD:0008547,false,true,GARD
disease,GARD:0008549,Oromandibular-limb hypogenesis spectrum,biolink:Disease,1,GARD:0008549,false,true,GARD
disease,GARD:0008550,Dermatopathia pigmentosa reticularis,biolink:Disease,1,GARD:0008550,false,true,GARD
disease,GARD:0008553,Infantile convulsions and choreoathetosis,biolink:Disease,1,GARD:0008553,false,true,GARD
disease,GARD:0008555,"Mesangiocapillary glomerulonephritis, type II",biolink:Disease,1,GARD:0008555,false,true,GARD
disease,GARD:0008559,Wilms tumor 2,biolink:Disease,1,GARD:0008559,false,true,GARD
disease,GARD:0008562,Seckel syndrome,biolink:Disease,1,GARD:0008562,false,true,GARD
disease,GARD:0008563,Primary orthostatic tremor,biolink:Disease,1,GARD:0008563,false,true,GARD
disease,GARD:0008567,Situs inversus totalis with cystic dysplasia of kidneys and pancreas,biolink:Disease,1,GARD:0008567,false,true,GARD
disease,GARD:0008570,Steroid-responsive encephalopathy associated with autoimmune thyroiditis,biolink:Disease,1,GARD:0008570,false,true,GARD
disease,GARD:0008573,Autosomal recessive limb-girdle muscular dystrophy type 2F,biolink:Disease,1,GARD:0008573,false,true,GARD
disease,GARD:0008574,Autosomal recessive limb-girdle muscular dystrophy type 2B,biolink:Disease,1,GARD:0008574,false,true,GARD
disease,GARD:0008575,"Myasthenia, limb-girdle, autoimmune",biolink:Disease,1,GARD:0008575,false,true,GARD
disease,GARD:0008577,Panuveitis,biolink:Disease,1,GARD:0008577,false,true,GARD
disease,GARD:0008578,"Parkinson disease 3, autosomal dominant",biolink:Disease,1,GARD:0008578,false,true,GARD
disease,GARD:0008583,Isolated hereditary congenital facial paralysis,biolink:Disease,1,GARD:0008583,false,true,GARD
disease,GARD:0008584,Calabro syndrome,biolink:Disease,1,GARD:0008584,false,true,GARD
disease,GARD:0008585,Hypertrichotic osteochondrodysplasia Cantu type,biolink:Disease,1,GARD:0008585,false,true,GARD
disease,GARD:0008586,"Cardiocranial syndrome, Pfeiffer type",biolink:Disease,1,GARD:0008586,false,true,GARD
disease,GARD:0008592,Autosomal recessive distal spinal muscular atrophy 1,biolink:Disease,1,GARD:0008592,false,true,GARD
disease,GARD:0008593,Hyperostosis interna frontalis,biolink:Disease,1,GARD:0008593,false,true,GARD
disease,GARD:0008595,Familial isolated deficiency of vitamin E,biolink:Disease,1,GARD:0008595,false,true,GARD
disease,GARD:0008598,Gastrointestinal stromal tumor,biolink:Disease,1,GARD:0008598,false,true,GARD
disease,GARD:0008605,Acquired angioedema,biolink:Disease,1,GARD:0008605,false,true,GARD
disease,GARD:0008606,Amish lethal microcephaly,biolink:Disease,1,GARD:0008606,false,true,GARD
disease,GARD:0008610,Harlequin syndrome,biolink:Disease,1,GARD:0008610,false,true,GARD
disease,GARD:0008614,Hb SS disease,biolink:Disease,1,GARD:0008614,false,true,GARD
disease,GARD:0008616,Systemic mast cell disease,biolink:Disease,1,GARD:0008616,false,true,GARD
disease,GARD:0008618,Primary myelofibrosis,biolink:Disease,1,GARD:0008618,false,true,GARD
disease,GARD:0008620,Vagus nerve paraganglioma,biolink:Disease,1,GARD:0008620,false,true,GARD
disease,GARD:0008621,Uveal melanoma,biolink:Disease,1,GARD:0008621,false,true,GARD
disease,GARD:0008622,Immunodeficiency with thymoma,biolink:Disease,1,GARD:0008622,false,true,GARD
disease,GARD:0008623,Microcephaly-cleft palate syndrome,biolink:Disease,1,GARD:0008623,false,true,GARD
disease,GARD:0008625,Reticular dysgenesis,biolink:Disease,1,GARD:0008625,false,true,GARD
disease,GARD:0008627,Krukenberg carcinoma,biolink:Disease,1,GARD:0008627,false,true,GARD
disease,GARD:0008629,Acute hemorrhagic leukoencephalitis,biolink:Disease,1,GARD:0008629,false,true,GARD
disease,GARD:0008638,Acute leukemia of ambiguous lineage,biolink:Disease,1,GARD:0008638,false,true,GARD
disease,GARD:0008639,Acute disseminated encephalomyelitis,biolink:Disease,1,GARD:0008639,false,true,GARD
disease,GARD:0008640,Acute zonal occult outer retinopathy,biolink:Disease,1,GARD:0008640,false,true,GARD
disease,GARD:0008644,Alveolar capillary dysplasia with pulmonary venous misalignment,biolink:Disease,1,GARD:0008644,false,true,GARD
disease,GARD:0008648,Desmoplastic infantile ganglioglioma,biolink:Disease,1,GARD:0008648,false,true,GARD
disease,GARD:0008650,Undifferentiated (embryonal) sarcoma,biolink:Disease,1,GARD:0008650,false,true,GARD
disease,GARD:0008653,Erythema elevatum diutinum,biolink:Disease,1,GARD:0008653,false,true,GARD
disease,GARD:0008658,Tympanic paraganglioma,biolink:Disease,1,GARD:0008658,false,true,GARD
disease,GARD:0008659,Fibular hemimelia,biolink:Disease,1,GARD:0008659,false,true,GARD
disease,GARD:0008660,Gerstmann syndrome,biolink:Disease,1,GARD:0008660,false,true,GARD
disease,GARD:0008661,Gastroschisis,biolink:Disease,1,GARD:0008661,false,true,GARD
disease,GARD:0008663,Auriculoosteodysplasia,biolink:Disease,1,GARD:0008663,false,true,GARD
disease,GARD:0008669,Chromosome 1q deletion,biolink:Disease,1,GARD:0008669,false,true,GARD
disease,GARD:0008672,Kleefstra syndrome,biolink:Disease,1,GARD:0008672,false,true,GARD
disease,GARD:0008676,Weber syndrome,biolink:Disease,1,GARD:0008676,false,true,GARD
disease,GARD:0008683,"Crigler-Najjar syndrome, type II",biolink:Disease,1,GARD:0008683,false,true,GARD
disease,GARD:0008686,Autoimmune lymphoproliferative syndrome,biolink:Disease,1,GARD:0008686,false,true,GARD
disease,GARD:0008689,Autoimmune enteropathy,biolink:Disease,1,GARD:0008689,false,true,GARD
disease,GARD:0008692,Pertussis,biolink:Disease,1,GARD:0008692,false,true,GARD
disease,GARD:0008694,Osteogenesis imperfecta type I,biolink:Disease,1,GARD:0008694,false,true,GARD
disease,GARD:0008695,Osteogenesis imperfecta type III,biolink:Disease,1,GARD:0008695,false,true,GARD
disease,GARD:0008696,"Osteogenesis imperfecta with normal sclerae, dominant form",biolink:Disease,1,GARD:0008696,false,true,GARD
disease,GARD:0008698,Gnathodiaphyseal dysplasia,biolink:Disease,1,GARD:0008698,false,true,GARD
disease,GARD:0008699,Osteogenesis imperfecta type 5,biolink:Disease,1,GARD:0008699,false,true,GARD
disease,GARD:0008700,Osteogenesis imperfecta type 6,biolink:Disease,1,GARD:0008700,false,true,GARD
disease,GARD:0008701,Osteogenesis imperfecta type 7,biolink:Disease,1,GARD:0008701,false,true,GARD
disease,GARD:0008702,Atypical hemolytic-uremic syndrome,biolink:Disease,1,GARD:0008702,false,true,GARD
disease,GARD:0008703,Primary central nervous system vasculitis,biolink:Disease,1,GARD:0008703,false,true,GARD
disease,GARD:0008704,Benign angiitis of the central nervous system,biolink:Disease,1,GARD:0008704,false,true,GARD
disease,GARD:0008707,Tibial hemimelia,biolink:Disease,1,GARD:0008707,false,true,GARD
disease,GARD:0008709,Patella aplasia/hypoplasia,biolink:Disease,1,GARD:0008709,false,true,GARD
disease,GARD:0008717,Odontochondrodysplasia 1,biolink:Disease,1,GARD:0008717,false,true,GARD
disease,GARD:0008719,Spondylometaphyseal dysplasia-bowed forearms-facial dysmorphism syndrome,biolink:Disease,1,GARD:0008719,false,true,GARD
disease,GARD:0008720,Axial spondylometaphyseal dysplasia,biolink:Disease,1,GARD:0008720,false,true,GARD
disease,GARD:0008721,Episodic kinesigenic dyskinesia,biolink:Disease,1,GARD:0008721,false,true,GARD
disease,GARD:0008722,Paroxysmal nonkinesigenic dyskinesia,biolink:Disease,1,GARD:0008722,false,true,GARD
disease,GARD:0008723,Myelodysplastic syndrome associated with isolated del(5q),biolink:Disease,1,GARD:0008723,false,true,GARD
disease,GARD:0008729,Neurosyphilis,biolink:Disease,1,GARD:0008729,false,true,GARD
disease,GARD:0008730,Tabes dorsalis,biolink:Disease,1,GARD:0008730,false,true,GARD
disease,GARD:0008731,Syphilitic meningitis,biolink:Disease,1,GARD:0008731,false,true,GARD
disease,GARD:0008732,Hereditary factor IX deficiency disease,biolink:Disease,1,GARD:0008732,false,true,GARD
disease,GARD:0008737,Idiopathic hypersomnia,biolink:Disease,1,GARD:0008737,false,true,GARD
disease,GARD:0008742,Limbic encephalitis,biolink:Disease,1,GARD:0008742,false,true,GARD
disease,GARD:0008743,"Meckel syndrome, type 2",biolink:Disease,1,GARD:0008743,false,true,GARD
disease,GARD:0008744,"Meckel syndrome, type 3",biolink:Disease,1,GARD:0008744,false,true,GARD
disease,GARD:0008754,Greenberg dysplasia,biolink:Disease,1,GARD:0008754,false,true,GARD
disease,GARD:0008756,Arts syndrome,biolink:Disease,1,GARD:0008756,false,true,GARD
disease,GARD:0008757,Pleuropulmonary blastoma,biolink:Disease,1,GARD:0008757,false,true,GARD
disease,GARD:0008759,Ocular cicatricial pemphigoid,biolink:Disease,1,GARD:0008759,false,true,GARD
disease,GARD:0008761,Keshan disease,biolink:Disease,1,GARD:0008761,false,true,GARD
disease,GARD:0009118,Primary Fanconi syndrome,biolink:Disease,1,GARD:0009118,false,true,GARD
disease,GARD:0009119,Pulmonary agenesis,biolink:Disease,1,GARD:0009119,false,true,GARD
disease,GARD:0009124,Treacher Collins syndrome,biolink:Disease,1,GARD:0009124,false,true,GARD
disease,GARD:0009125,Treacher Collins syndrome 3,biolink:Disease,1,GARD:0009125,false,true,GARD
disease,GARD:0009126,Agnathia-otocephaly complex,biolink:Disease,1,GARD:0009126,false,true,GARD
disease,GARD:0009128,Acquired idiopathic inflammatory myopathy,biolink:Disease,1,GARD:0009128,false,true,GARD
disease,GARD:0009131,Infectious myositis,biolink:Disease,1,GARD:0009131,false,true,GARD
disease,GARD:0009134,Congenital myotonic dystrophy,biolink:Disease,1,GARD:0009134,false,true,GARD
disease,GARD:0009138,Congenital muscular dystrophy,biolink:Disease,1,GARD:0009138,false,true,GARD
disease,GARD:0009142,Eosinophilic gastroenteritis,biolink:Disease,1,GARD:0009142,false,true,GARD
disease,GARD:0009143,Retinoschisis of fovea,biolink:Disease,1,GARD:0009143,false,true,GARD
disease,GARD:0009144,"Retinoschisis, autosomal dominant",biolink:Disease,1,GARD:0009144,false,true,GARD
disease,GARD:0009145,Autosomal dominant pseudohypoaldosteronism type 1,biolink:Disease,1,GARD:0009145,false,true,GARD
disease,GARD:0009146,Cardio-facio-cutaneous syndrome,biolink:Disease,1,GARD:0009146,false,true,GARD
disease,GARD:0009147,Lipoid nephrosis,biolink:Disease,1,GARD:0009147,false,true,GARD
disease,GARD:0009148,Pelger-Huët anomaly,biolink:Disease,1,GARD:0009148,false,true,GARD
disease,GARD:0009152,3 beta-Hydroxysteroid dehydrogenase deficiency,biolink:Disease,1,GARD:0009152,false,true,GARD
disease,GARD:0009156,Syndromic X-linked intellectual disability 7,biolink:Disease,1,GARD:0009156,false,true,GARD
disease,GARD:0009157,Syndromic X-linked intellectual disability Abidi type,biolink:Disease,1,GARD:0009157,false,true,GARD
disease,GARD:0009158,Brody myopathy,biolink:Disease,1,GARD:0009158,false,true,GARD
disease,GARD:0009159,"46,XY sex reversal 2",biolink:Disease,1,GARD:0009159,false,true,GARD
disease,GARD:0009161,Alpha-N-acetylgalactosaminidase deficiency type 2,biolink:Disease,1,GARD:0009161,false,true,GARD
disease,GARD:0009163,Roifman syndrome,biolink:Disease,1,GARD:0009163,false,true,GARD
disease,GARD:0009164,Rippling muscle disease 2,biolink:Disease,1,GARD:0009164,false,true,GARD
disease,GARD:0009165,Rippling muscle disease 1,biolink:Disease,1,GARD:0009165,false,true,GARD
disease,GARD:0009166,Autosomal dominant nonsyndromic hearing loss 24,biolink:Disease,1,GARD:0009166,false,true,GARD
disease,GARD:0009167,Autosomal dominant nonsyndromic hearing loss 22,biolink:Disease,1,GARD:0009167,false,true,GARD
disease,GARD:0009168,Familial expansile osteolysis,biolink:Disease,1,GARD:0009168,false,true,GARD
disease,GARD:0009169,ADan amyloidosis,biolink:Disease,1,GARD:0009169,false,true,GARD
disease,GARD:0009170,Hypotrichosis simplex,biolink:Disease,1,GARD:0009170,false,true,GARD
disease,GARD:0009171,Iris hypoplasia with glaucoma,biolink:Disease,1,GARD:0009171,false,true,GARD
disease,GARD:0009172,"Palmoplantar keratoderma i, striate, focal, or diffuse",biolink:Disease,1,GARD:0009172,false,true,GARD
disease,GARD:0009173,Keratosis palmoplantaris striata 3,biolink:Disease,1,GARD:0009173,false,true,GARD
disease,GARD:0009174,Kufor-Rakeb syndrome,biolink:Disease,1,GARD:0009174,false,true,GARD
disease,GARD:0009175,Parkinsonian-pyramidal syndrome,biolink:Disease,1,GARD:0009175,false,true,GARD
disease,GARD:0009176,Pyogenic arthritis-pyoderma gangrenosum-acne syndrome,biolink:Disease,1,GARD:0009176,false,true,GARD
disease,GARD:0009177,Lethal congenital contracture syndrome 2,biolink:Disease,1,GARD:0009177,false,true,GARD
disease,GARD:0009178,MEHMO syndrome,biolink:Disease,1,GARD:0009178,false,true,GARD
disease,GARD:0009179,North Carolina macular dystrophy,biolink:Disease,1,GARD:0009179,false,true,GARD
disease,GARD:0009180,Idiopathic membranous glomerulonephritis,biolink:Disease,1,GARD:0009180,false,true,GARD
disease,GARD:0009181,Familial abdominal aortic aneurysm,biolink:Disease,1,GARD:0009181,false,true,GARD
disease,GARD:0009182,Duane-radial ray syndrome,biolink:Disease,1,GARD:0009182,false,true,GARD
disease,GARD:0009184,Progressive pseudorheumatoid dysplasia,biolink:Disease,1,GARD:0009184,false,true,GARD
disease,GARD:0009189,Charcot-Marie-Tooth disease type 1D,biolink:Disease,1,GARD:0009189,false,true,GARD
disease,GARD:0009190,Charcot-Marie-Tooth disease type 1E,biolink:Disease,1,GARD:0009190,false,true,GARD
disease,GARD:0009191,Charcot-Marie-Tooth disease type 1F,biolink:Disease,1,GARD:0009191,false,true,GARD
disease,GARD:0009192,Charcot-Marie-Tooth disease type 2B,biolink:Disease,1,GARD:0009192,false,true,GARD
disease,GARD:0009193,Charcot-Marie-Tooth disease type 2E,biolink:Disease,1,GARD:0009193,false,true,GARD
disease,GARD:0009194,Charcot-Marie-Tooth disease axonal type 2F,biolink:Disease,1,GARD:0009194,false,true,GARD
disease,GARD:0009196,Charcot-Marie-Tooth disease axonal type 2H,biolink:Disease,1,GARD:0009196,false,true,GARD
disease,GARD:0009197,Charcot-Marie-Tooth disease type 2I,biolink:Disease,1,GARD:0009197,false,true,GARD
disease,GARD:0009198,Charcot-Marie-Tooth disease type 2J,biolink:Disease,1,GARD:0009198,false,true,GARD
disease,GARD:0009200,Charcot-Marie-Tooth disease type 4B2,biolink:Disease,1,GARD:0009200,false,true,GARD
disease,GARD:0009201,Charcot-Marie-Tooth disease type 4C,biolink:Disease,1,GARD:0009201,false,true,GARD
disease,GARD:0009203,Charcot-Marie-Tooth disease type 4E,biolink:Disease,1,GARD:0009203,false,true,GARD
disease,GARD:0009204,Dejerine-Sottas disease,biolink:Disease,1,GARD:0009204,false,true,GARD
disease,GARD:0009206,Charcot-Marie-Tooth disease dominant intermediate F,biolink:Disease,1,GARD:0009206,false,true,GARD
disease,GARD:0009207,Charcot-Marie-Tooth disease dominant intermediate D,biolink:Disease,1,GARD:0009207,false,true,GARD
disease,GARD:0009208,Charcot-Marie-Tooth disease type 5,biolink:Disease,1,GARD:0009208,false,true,GARD
disease,GARD:0009210,"Megaloblastic anemia, thiamine-responsive, with diabetes mellitus and sensorineural deafness",biolink:Disease,1,GARD:0009210,false,true,GARD
disease,GARD:0009212,Schinzel phocomelia syndrome,biolink:Disease,1,GARD:0009212,false,true,GARD
disease,GARD:0009217,Lymphedema-cerebral arteriovenous anomaly syndrome,biolink:Disease,1,GARD:0009217,false,true,GARD
disease,GARD:0009225,Tarsal-carpal coalition syndrome,biolink:Disease,1,GARD:0009225,false,true,GARD
disease,GARD:0009228,Renal agenesis,biolink:Disease,1,GARD:0009228,false,true,GARD
disease,GARD:0009232,Chiari type II malformation,biolink:Disease,1,GARD:0009232,false,true,GARD
disease,GARD:0009233,Chiari type I malformation,biolink:Disease,1,GARD:0009233,false,true,GARD
disease,GARD:0009237,Severe acute respiratory syndrome,biolink:Disease,1,GARD:0009237,false,true,GARD
disease,GARD:0009239,Amyotrophic lateral sclerosis-parkinsonism-dementia complex,biolink:Disease,1,GARD:0009239,false,true,GARD
disease,GARD:0009240,Childhood acute lymphoblastic leukemia,biolink:Disease,1,GARD:0009240,false,true,GARD
disease,GARD:0009242,Advanced sleep phase syndrome,biolink:Disease,1,GARD:0009242,false,true,GARD
disease,GARD:0009244,Cervical intraepithelial neoplasia,biolink:Disease,1,GARD:0009244,false,true,GARD
disease,GARD:0009247,Primary effusion lymphoma,biolink:Disease,1,GARD:0009247,false,true,GARD
disease,GARD:0009252,Tubulointerstitial nephritis and uveitis syndrome,biolink:Disease,1,GARD:0009252,false,true,GARD
disease,GARD:0009253,Absent septum pellucidum,biolink:Disease,1,GARD:0009253,false,true,GARD
disease,GARD:0009255,Genetic developmental and epileptic encephalopathy,biolink:Disease,1,GARD:0009255,false,true,GARD
disease,GARD:0009256,Myoclonic cerebellar dyssynergia,biolink:Disease,1,GARD:0009256,false,true,GARD
disease,GARD:0009257,SUNCT syndrome,biolink:Disease,1,GARD:0009257,false,true,GARD
disease,GARD:0009265,Encephalopathy due to GLUT1 deficiency,biolink:Disease,1,GARD:0009265,false,true,GARD
disease,GARD:0009266,Cutaneous neuroendocrine carcinoma,biolink:Disease,1,GARD:0009266,false,true,GARD
disease,GARD:0009268,Glomerulopathy with fibronectin deposits 1,biolink:Disease,1,GARD:0009268,false,true,GARD
disease,GARD:0009274,Auditory neuropathy,biolink:Disease,1,GARD:0009274,false,true,GARD
disease,GARD:0009275,Thiel-Behnke corneal dystrophy,biolink:Disease,1,GARD:0009275,false,true,GARD
disease,GARD:0009276,Reis-Bucklers' corneal dystrophy,biolink:Disease,1,GARD:0009276,false,true,GARD
disease,GARD:0009277,Schnyder crystalline corneal dystrophy,biolink:Disease,1,GARD:0009277,false,true,GARD
disease,GARD:0009278,Avellino corneal dystrophy,biolink:Disease,1,GARD:0009278,false,true,GARD
disease,GARD:0009279,Glutamate formiminotransferase deficiency,biolink:Disease,1,GARD:0009279,false,true,GARD
disease,GARD:0009280,Cholestasis-pigmentary retinopathy-cleft palate syndrome,biolink:Disease,1,GARD:0009280,false,true,GARD
disease,GARD:0009281,Familial atypical multiple mole melanoma syndrome,biolink:Disease,1,GARD:0009281,false,true,GARD
disease,GARD:0009282,White platelet syndrome,biolink:Disease,1,GARD:0009282,false,true,GARD
disease,GARD:0009283,"Ataxia, early-onset, with oculomotor apraxia and hypoalbuminemia",biolink:Disease,1,GARD:0009283,false,true,GARD
disease,GARD:0009285,Acanthamoeba keratitis,biolink:Disease,1,GARD:0009285,false,true,GARD
disease,GARD:0009286,Gnathomiasis,biolink:Disease,1,GARD:0009286,false,true,GARD
disease,GARD:0009287,Atelosteogenesis type I,biolink:Disease,1,GARD:0009287,false,true,GARD
disease,GARD:0009288,"X-linked intellectual disability, Schimke type",biolink:Disease,1,GARD:0009288,false,true,GARD
disease,GARD:0009289,Baby rattle pelvis dysplasia,biolink:Disease,1,GARD:0009289,false,true,GARD
disease,GARD:0009292,Microphthalmia-brain atrophy syndrome,biolink:Disease,1,GARD:0009292,false,true,GARD
disease,GARD:0009294,Timothy syndrome,biolink:Disease,1,GARD:0009294,false,true,GARD
disease,GARD:0009295,Thanatophoric dysplasia type 1,biolink:Disease,1,GARD:0009295,false,true,GARD
disease,GARD:0009296,Hereditary spastic paraplegia 24,biolink:Disease,1,GARD:0009296,false,true,GARD
disease,GARD:0009297,WHIM syndrome 1,biolink:Disease,1,GARD:0009297,false,true,GARD
disease,GARD:0009298,Pyridoxine-dependent epilepsy,biolink:Disease,1,GARD:0009298,false,true,GARD
disease,GARD:0009301,Childhood cerebellar astrocytic neoplasm,biolink:Disease,1,GARD:0009301,false,true,GARD
disease,GARD:0009302,Childhood cerebral astrocytoma,biolink:Disease,1,GARD:0009302,false,true,GARD
disease,GARD:0009304,Cholangiocarcinoma,biolink:Disease,1,GARD:0009304,false,true,GARD
disease,GARD:0009306,Childhood brain stem glioma,biolink:Disease,1,GARD:0009306,false,true,GARD
disease,GARD:0009309,Childhood optic nerve glioma,biolink:Disease,1,GARD:0009309,false,true,GARD
disease,GARD:0009312,Carcinoma of male breast,biolink:Disease,1,GARD:0009312,false,true,GARD
disease,GARD:0009315,Childhood carcinoid tumor,biolink:Disease,1,GARD:0009315,false,true,GARD
disease,GARD:0009316,Neuroendocrine neoplasm,biolink:Disease,1,GARD:0009316,false,true,GARD
disease,GARD:0009318,Primary central nervous system lymphoma,biolink:Disease,1,GARD:0009318,false,true,GARD
disease,GARD:0009319,Myeloproliferative neoplasm,biolink:Disease,1,GARD:0009319,false,true,GARD
disease,GARD:0009325,Extragonadal germ cell tumor,biolink:Disease,1,GARD:0009325,false,true,GARD
disease,GARD:0009328,Gallbladder cancer,biolink:Disease,1,GARD:0009328,false,true,GARD
disease,GARD:0009330,Malignant germ cell tumor of ovary,biolink:Disease,1,GARD:0009330,false,true,GARD
disease,GARD:0009331,Pediatric hepatocellular carcinoma,biolink:Disease,1,GARD:0009331,false,true,GARD
disease,GARD:0009334,Hypopharynx cancer,biolink:Disease,1,GARD:0009334,false,true,GARD
disease,GARD:0009342,Lip and oral cavity carcinoma,biolink:Disease,1,GARD:0009342,false,true,GARD
disease,GARD:0009344,Small cell lung carcinoma,biolink:Disease,1,GARD:0009344,false,true,GARD
disease,GARD:0009348,Vaginal carcinoma,biolink:Disease,1,GARD:0009348,false,true,GARD
disease,GARD:0009349,Vulvar carcinoma,biolink:Disease,1,GARD:0009349,false,true,GARD
disease,GARD:0009350,Childhood medulloblastoma,biolink:Disease,1,GARD:0009350,false,true,GARD
disease,GARD:0009351,Myelodysplastic/myeloproliferative disease,biolink:Disease,1,GARD:0009351,false,true,GARD
disease,GARD:0009354,Paranasal sinus carcinoma,biolink:Disease,1,GARD:0009354,false,true,GARD
disease,GARD:0009358,Oropharynx cancer,biolink:Disease,1,GARD:0009358,false,true,GARD
disease,GARD:0009362,Malignant epithelial tumor of ovary,biolink:Disease,1,GARD:0009362,false,true,GARD
disease,GARD:0009363,Borderline epithelial tumor of ovary,biolink:Disease,1,GARD:0009363,false,true,GARD
disease,GARD:0009366,Penile cancer,biolink:Disease,1,GARD:0009366,false,true,GARD
disease,GARD:0009369,Pineoblastoma,biolink:Disease,1,GARD:0009369,false,true,GARD
disease,GARD:0009371,Pituitary carcinoma,biolink:Disease,1,GARD:0009371,false,true,GARD
disease,GARD:0009373,Plasma cell leukemia,biolink:Disease,1,GARD:0009373,false,true,GARD
disease,GARD:0009376,Renal pelvis/ureter urothelial carcinoma,biolink:Disease,1,GARD:0009376,false,true,GARD
disease,GARD:0009385,Malignant tumor of small intestine,biolink:Disease,1,GARD:0009385,false,true,GARD
disease,GARD:0009390,Urethra cancer,biolink:Disease,1,GARD:0009390,false,true,GARD
disease,GARD:0009397,Ovarian Brenner tumor,biolink:Disease,1,GARD:0009397,false,true,GARD
disease,GARD:0009398,Botryoid rhabdomyosarcoma,biolink:Disease,1,GARD:0009398,false,true,GARD
disease,GARD:0009400,Takotsubo cardiomyopathy,biolink:Disease,1,GARD:0009400,false,true,GARD
disease,GARD:0009404,Prostate phyllodes tumor,biolink:Disease,1,GARD:0009404,false,true,GARD
disease,GARD:0009412,X-linked cerebral adrenoleukodystrophy,biolink:Disease,1,GARD:0009412,false,true,GARD
disease,GARD:0009417,Meralgia paresthetica,biolink:Disease,1,GARD:0009417,false,true,GARD
disease,GARD:0009418,Cochleosaccular degeneration-cataract syndrome,biolink:Disease,1,GARD:0009418,false,true,GARD
disease,GARD:0009420,Pierson syndrome,biolink:Disease,1,GARD:0009420,false,true,GARD
disease,GARD:0009428,Hurthle cell carcinoma of thyroid,biolink:Disease,1,GARD:0009428,false,true,GARD
disease,GARD:0009430,Upshaw-Schulman syndrome,biolink:Disease,1,GARD:0009430,false,true,GARD
disease,GARD:0009433,Inborn organic aciduria,biolink:Disease,1,GARD:0009433,false,true,GARD
disease,GARD:0009441,Temple-Baraitser syndrome,biolink:Disease,1,GARD:0009441,false,true,GARD
disease,GARD:0009442,Glycogen storage disease type III,biolink:Disease,1,GARD:0009442,false,true,GARD
disease,GARD:0009443,Severe achondroplasia-developmental delay-acanthosis nigricans syndrome,biolink:Disease,1,GARD:0009443,false,true,GARD
disease,GARD:0009444,Marburg virus disease,biolink:Disease,1,GARD:0009444,false,true,GARD
disease,GARD:0009447,Infantile neuronal ceroid lipofuscinosis,biolink:Disease,1,GARD:0009447,false,true,GARD
disease,GARD:0009448,Camptodactyly of fingers,biolink:Disease,1,GARD:0009448,false,true,GARD
disease,GARD:0009449,Waterhouse-Friderichsen syndrome,biolink:Disease,1,GARD:0009449,false,true,GARD
disease,GARD:0009450,Familial juvenile hypertrophy of the breast,biolink:Disease,1,GARD:0009450,false,true,GARD
disease,GARD:0009452,Pilomatrixoma,biolink:Disease,1,GARD:0009452,false,true,GARD
disease,GARD:0009453,Andersen Tawil syndrome,biolink:Disease,1,GARD:0009453,false,true,GARD
disease,GARD:0009455,Joubert syndrome with oculorenal defect,biolink:Disease,1,GARD:0009455,false,true,GARD
disease,GARD:0009456,X-linked sideroblastic anemia 1,biolink:Disease,1,GARD:0009456,false,true,GARD
disease,GARD:0009457,Autosomal dominant polycystic liver disease,biolink:Disease,1,GARD:0009457,false,true,GARD
disease,GARD:0009458,Loeys-Dietz syndrome 1,biolink:Disease,1,GARD:0009458,false,true,GARD
disease,GARD:0009463,Pseudodiastrophic dysplasia,biolink:Disease,1,GARD:0009463,false,true,GARD
disease,GARD:0009472,Anaplastic oligodendroglioma,biolink:Disease,1,GARD:0009472,false,true,GARD
disease,GARD:0009474,Melorheostosis,biolink:Disease,1,GARD:0009474,false,true,GARD
disease,GARD:0009477,Small cell variant anaplastic large cell lymphoma,biolink:Disease,1,GARD:0009477,false,true,GARD
disease,GARD:0009481,Autosomal dominant polycystic kidney disease type 1 with tuberous sclerosis,biolink:Disease,1,GARD:0009481,false,true,GARD
disease,GARD:0009484,Superficial siderosis,biolink:Disease,1,GARD:0009484,false,true,GARD
disease,GARD:0009485,"Glaucoma 1, open angle, A",biolink:Disease,1,GARD:0009485,false,true,GARD
disease,GARD:0009486,Congenital anosmia,biolink:Disease,1,GARD:0009486,false,true,GARD
disease,GARD:0009487,Cyprus facial-neuromusculoskeletal syndrome,biolink:Disease,1,GARD:0009487,false,true,GARD
disease,GARD:0009489,Isolated congenital breast hypoplasia/aplasia,biolink:Disease,1,GARD:0009489,false,true,GARD
disease,GARD:0009492,Cataract 35,biolink:Disease,1,GARD:0009492,false,true,GARD
disease,GARD:0009493,GNE myopathy,biolink:Disease,1,GARD:0009493,false,true,GARD
disease,GARD:0009494,Hereditary inclusion body myopathy-joint contractures-ophthalmoplegia syndrome,biolink:Disease,1,GARD:0009494,false,true,GARD
disease,GARD:0009495,Amelogenesis imperfecta type 2A1,biolink:Disease,1,GARD:0009495,false,true,GARD
disease,GARD:0009496,Familial renal hypouricemia,biolink:Disease,1,GARD:0009496,false,true,GARD
disease,GARD:0009499,Deficiency of ferroxidase,biolink:Disease,1,GARD:0009499,false,true,GARD
disease,GARD:0009501,Hereditary geniospasm,biolink:Disease,1,GARD:0009501,false,true,GARD
disease,GARD:0009504,"Porokeratosis 4, disseminated superficial actinic type",biolink:Disease,1,GARD:0009504,false,true,GARD
disease,GARD:0009505,"Porokeratosis 3, disseminated superficial actinic type",biolink:Disease,1,GARD:0009505,false,true,GARD
disease,GARD:0009506,Craniosynostosis-anal anomalies-porokeratosis syndrome,biolink:Disease,1,GARD:0009506,false,true,GARD
disease,GARD:0009508,Congenital blue dot cataract,biolink:Disease,1,GARD:0009508,false,true,GARD
disease,GARD:0009509,Renpenning syndrome,biolink:Disease,1,GARD:0009509,false,true,GARD
disease,GARD:0009511,Histiocytoid cardiomyopathy,biolink:Disease,1,GARD:0009511,false,true,GARD
disease,GARD:0009513,Linear scleroderma,biolink:Disease,1,GARD:0009513,false,true,GARD
disease,GARD:0009514,Benign breast phyllodes tumor,biolink:Disease,1,GARD:0009514,false,true,GARD
disease,GARD:0009515,Linear porokeratosis,biolink:Disease,1,GARD:0009515,false,true,GARD
disease,GARD:0009516,Febrile ulceronecrotic Mucha-Habermann disease,biolink:Disease,1,GARD:0009516,false,true,GARD
disease,GARD:0009517,Bilateral multicystic dysplastic kidney,biolink:Disease,1,GARD:0009517,false,true,GARD
disease,GARD:0009519,Autoimmune myocarditis,biolink:Disease,1,GARD:0009519,false,true,GARD
disease,GARD:0009520,Buruli ulcer,biolink:Disease,1,GARD:0009520,false,true,GARD
disease,GARD:0009522,Chancroid,biolink:Disease,1,GARD:0009522,false,true,GARD
disease,GARD:0009523,Immunodeficiency 79,biolink:Disease,1,GARD:0009523,false,true,GARD
disease,GARD:0009525,Coccidioidomycosis,biolink:Disease,1,GARD:0009525,false,true,GARD
disease,GARD:0009526,Complement component deficiency,biolink:Disease,1,GARD:0009526,false,true,GARD
disease,GARD:0009527,Complement receptor deficiency,biolink:Disease,1,GARD:0009527,false,true,GARD
disease,GARD:0009528,Cyclosporiasis,biolink:Disease,1,GARD:0009528,false,true,GARD
disease,GARD:0009531,Cytomegalovirus retinitis,biolink:Disease,1,GARD:0009531,false,true,GARD
disease,GARD:0009534,Immunodeficiency 32B,biolink:Disease,1,GARD:0009534,false,true,GARD
disease,GARD:0009535,Familial cold autoinflammatory syndrome,biolink:Disease,1,GARD:0009535,false,true,GARD
disease,GARD:0009546,Melioidosis,biolink:Disease,1,GARD:0009546,false,true,GARD
disease,GARD:0009547,Meningococcal infection,biolink:Disease,1,GARD:0009547,false,true,GARD
disease,GARD:0009548,MHC class I deficiency,biolink:Disease,1,GARD:0009548,false,true,GARD
disease,GARD:0009550,Variant Creutzfeldt-Jakob disease,biolink:Disease,1,GARD:0009550,false,true,GARD
disease,GARD:0009553,Post-transplant lymphoproliferative disease,biolink:Disease,1,GARD:0009553,false,true,GARD
disease,GARD:0009554,Primary amebic meningoencephalitis,biolink:Disease,1,GARD:0009554,false,true,GARD
disease,GARD:0009557,Rat-bite fever,biolink:Disease,1,GARD:0009557,false,true,GARD
disease,GARD:0009558,Autosomal dominant severe congenital neutropenia,biolink:Disease,1,GARD:0009558,false,true,GARD
disease,GARD:0009560,Toxic shock syndrome,biolink:Disease,1,GARD:0009560,false,true,GARD
disease,GARD:0009564,Typhoid fever,biolink:Disease,1,GARD:0009564,false,true,GARD
disease,GARD:0009568,IgG4-related retroperitoneal fibrosis,biolink:Disease,1,GARD:0009568,false,true,GARD
disease,GARD:0009569,Dermatofibrosarcoma protuberans,biolink:Disease,1,GARD:0009569,false,true,GARD
disease,GARD:0009571,Hereditary clear cell renal cell carcinoma,biolink:Disease,1,GARD:0009571,false,true,GARD
disease,GARD:0009572,Papillary renal cell carcinoma,biolink:Disease,1,GARD:0009572,false,true,GARD
disease,GARD:0009573,Collecting duct carcinoma,biolink:Disease,1,GARD:0009573,false,true,GARD
disease,GARD:0009574,Clear cell carcinoma of kidney,biolink:Disease,1,GARD:0009574,false,true,GARD
disease,GARD:0009578,Acute fatty liver of pregnancy,biolink:Disease,1,GARD:0009578,false,true,GARD
disease,GARD:0009580,Mesangial proliferative glomerulonephritis,biolink:Disease,1,GARD:0009580,false,true,GARD
disease,GARD:0009581,Hereditary spastic paraplegia 15,biolink:Disease,1,GARD:0009581,false,true,GARD
disease,GARD:0009582,Hereditary spastic paraplegia 25,biolink:Disease,1,GARD:0009582,false,true,GARD
disease,GARD:0009583,Hereditary spastic paraplegia 9A,biolink:Disease,1,GARD:0009583,false,true,GARD
disease,GARD:0009585,Hereditary spastic paraplegia 16,biolink:Disease,1,GARD:0009585,false,true,GARD
disease,GARD:0009586,Hereditary spastic paraplegia 12,biolink:Disease,1,GARD:0009586,false,true,GARD
disease,GARD:0009587,Hereditary spastic paraplegia 26,biolink:Disease,1,GARD:0009587,false,true,GARD
disease,GARD:0009588,Hereditary spastic paraplegia 19,biolink:Disease,1,GARD:0009588,false,true,GARD
disease,GARD:0009589,Hereditary spastic paraplegia 14,biolink:Disease,1,GARD:0009589,false,true,GARD
disease,GARD:0009590,Hereditary spastic paraplegia 10,biolink:Disease,1,GARD:0009590,false,true,GARD
disease,GARD:0009591,Hereditary spastic paraplegia 8,biolink:Disease,1,GARD:0009591,false,true,GARD
disease,GARD:0009595,Atransferrinemia,biolink:Disease,1,GARD:0009595,false,true,GARD
disease,GARD:0009598,"Basal ganglia calcification, idiopathic, childhood-onset",biolink:Disease,1,GARD:0009598,false,true,GARD
disease,GARD:0009602,Episodic ataxia type 2,biolink:Disease,1,GARD:0009602,false,true,GARD
disease,GARD:0009603,Spinocerebellar ataxia 27A,biolink:Disease,1,GARD:0009603,false,true,GARD
disease,GARD:0009606,"Chorea, remitting, with nystagmus and cataract",biolink:Disease,1,GARD:0009606,false,true,GARD
disease,GARD:0009610,"Microphthalmia, isolated, with cataract 1",biolink:Disease,1,GARD:0009610,false,true,GARD
disease,GARD:0009611,Spinocerebellar ataxia type 13,biolink:Disease,1,GARD:0009611,false,true,GARD
disease,GARD:0009615,Temporal arteritis,biolink:Disease,1,GARD:0009615,false,true,GARD
disease,GARD:0009616,Hereditary spastic paraplegia 13,biolink:Disease,1,GARD:0009616,false,true,GARD
disease,GARD:0009617,Desmoplastic infantile astrocytoma,biolink:Disease,1,GARD:0009617,false,true,GARD
disease,GARD:0009618,Granular cell tumor,biolink:Disease,1,GARD:0009618,false,true,GARD
disease,GARD:0009620,"Acute myeloid leukemia, M6 type",biolink:Disease,1,GARD:0009620,false,true,GARD
disease,GARD:0009621,Polyembryoma,biolink:Disease,1,GARD:0009621,false,true,GARD
disease,GARD:0009622,T-cell and NK-cell neoplasm,biolink:Disease,1,GARD:0009622,false,true,GARD
disease,GARD:0009624,Pigmented dermatofibrosarcoma protuberans,biolink:Disease,1,GARD:0009624,false,true,GARD
disease,GARD:0009628,Dystonia 12,biolink:Disease,1,GARD:0009628,false,true,GARD
disease,GARD:0009630,Torsion dystonia 6,biolink:Disease,1,GARD:0009630,false,true,GARD
disease,GARD:0009632,Odontoleukodystrophy,biolink:Disease,1,GARD:0009632,false,true,GARD
disease,GARD:0009633,"Fundus dystrophy, pseudoinflammatory, recessive form",biolink:Disease,1,GARD:0009633,false,true,GARD
disease,GARD:0009634,Fetal akinesia deformation sequence,biolink:Disease,1,GARD:0009634,false,true,GARD
disease,GARD:0009635,Pruritic urticarial papules and plaques of pregnancy,biolink:Disease,1,GARD:0009635,false,true,GARD
disease,GARD:0009640,Autosomal agammaglobulinemia,biolink:Disease,1,GARD:0009640,false,true,GARD
disease,GARD:0009642,Autosomal recessive juvenile Parkinson disease 2,biolink:Disease,1,GARD:0009642,false,true,GARD
disease,GARD:0009643,Inherited pseudoxanthoma elasticum,biolink:Disease,1,GARD:0009643,false,true,GARD
disease,GARD:0009645,Human T-lymphotropic virus 1 infectious disease,biolink:Disease,1,GARD:0009645,false,true,GARD
disease,GARD:0009646,"Spinal muscular atrophy, Ryukyuan type",biolink:Disease,1,GARD:0009646,false,true,GARD
disease,GARD:0009647,Gelatinous droplike corneal dystrophy,biolink:Disease,1,GARD:0009647,false,true,GARD
disease,GARD:0009649,Achromatopsia 2,biolink:Disease,1,GARD:0009649,false,true,GARD
disease,GARD:0009650,Achromatopsia 3,biolink:Disease,1,GARD:0009650,false,true,GARD
disease,GARD:0009652,Tumor-induced osteomalacia,biolink:Disease,1,GARD:0009652,false,true,GARD
disease,GARD:0009654,Hydroa vacciniforme,biolink:Disease,1,GARD:0009654,false,true,GARD
disease,GARD:0009657,Anauxetic dysplasia,biolink:Disease,1,GARD:0009657,false,true,GARD
disease,GARD:0009659,Bartter disease type 3,biolink:Disease,1,GARD:0009659,false,true,GARD
disease,GARD:0009663,Buschke Lowenstein tumor,biolink:Disease,1,GARD:0009663,false,true,GARD
disease,GARD:0009665,Ovarian gynandroblastoma,biolink:Disease,1,GARD:0009665,false,true,GARD
disease,GARD:0009667,Encephalitis due to human herpesvirus 6 infection,biolink:Disease,1,GARD:0009667,false,true,GARD
disease,GARD:0009670,Hereditary factor XI deficiency disease,biolink:Disease,1,GARD:0009670,false,true,GARD
disease,GARD:0009671,Lipodermatosclerosis,biolink:Disease,1,GARD:0009671,false,true,GARD
disease,GARD:0009673,Mowat-Wilson syndrome,biolink:Disease,1,GARD:0009673,false,true,GARD
disease,GARD:0009675,Isotretinoin-like syndrome,biolink:Disease,1,GARD:0009675,false,true,GARD
disease,GARD:0009676,Miyoshi myopathy,biolink:Disease,1,GARD:0009676,false,true,GARD
disease,GARD:0009677,Groenouw corneal dystrophy type I,biolink:Disease,1,GARD:0009677,false,true,GARD
disease,GARD:0009678,Lattice corneal dystrophy Type I,biolink:Disease,1,GARD:0009678,false,true,GARD
disease,GARD:0009679,Temtamy preaxial brachydactyly syndrome,biolink:Disease,1,GARD:0009679,false,true,GARD
disease,GARD:0009681,RHYNS syndrome,biolink:Disease,1,GARD:0009681,false,true,GARD
disease,GARD:0009683,Chylomicron retention disease,biolink:Disease,1,GARD:0009683,false,true,GARD
disease,GARD:0009684,Sandifer syndrome,biolink:Disease,1,GARD:0009684,false,true,GARD
disease,GARD:0009687,Schistosomiasis,biolink:Disease,1,GARD:0009687,false,true,GARD
disease,GARD:0009688,Meesmann corneal dystrophy,biolink:Disease,1,GARD:0009688,false,true,GARD
disease,GARD:0009690,Morbus Kienboeck,biolink:Disease,1,GARD:0009690,false,true,GARD
disease,GARD:0009692,Congenital patella dislocation,biolink:Disease,1,GARD:0009692,false,true,GARD
disease,GARD:0009694,Junctional epidermolysis bullosa with pyloric atresia,biolink:Disease,1,GARD:0009694,false,true,GARD
disease,GARD:0009696,Ring dermoid of cornea,biolink:Disease,1,GARD:0009696,false,true,GARD
disease,GARD:0009697,Monomelic amyotrophy,biolink:Disease,1,GARD:0009697,false,true,GARD
disease,GARD:0009698,Recombinant 8 syndrome,biolink:Disease,1,GARD:0009698,false,true,GARD
disease,GARD:0009700,Long chain acyl-CoA dehydrogenase deficiency,biolink:Disease,1,GARD:0009700,false,true,GARD
disease,GARD:0009701,Intradural spinal arachnoid cyst,biolink:Disease,1,GARD:0009701,false,true,GARD
disease,GARD:0009704,Syndromic X-linked intellectual disability Siderius type,biolink:Disease,1,GARD:0009704,false,true,GARD
disease,GARD:0009705,Epidermolysis bullosa simplex due to plakophilin deficiency,biolink:Disease,1,GARD:0009705,false,true,GARD
disease,GARD:0009706,Snowflake vitreoretinal degeneration,biolink:Disease,1,GARD:0009706,false,true,GARD
disease,GARD:0009711,Lathosterolosis,biolink:Disease,1,GARD:0009711,false,true,GARD
disease,GARD:0009714,Littoral cell angioma,biolink:Disease,1,GARD:0009714,false,true,GARD
disease,GARD:0009715,Griscelli syndrome type 3,biolink:Disease,1,GARD:0009715,false,true,GARD
disease,GARD:0009716,Aspergillus niger infection,biolink:Disease,1,GARD:0009716,false,true,GARD
disease,GARD:0009719,Orbital lymphoma,biolink:Disease,1,GARD:0009719,false,true,GARD
disease,GARD:0009721,Ophthalmic herpes zoster,biolink:Disease,1,GARD:0009721,false,true,GARD
disease,GARD:0009723,Ectodermal dysplasia-sensorineural deafness syndrome,biolink:Disease,1,GARD:0009723,false,true,GARD
disease,GARD:0009725,Nephrogenic systemic fibrosis,biolink:Disease,1,GARD:0009725,false,true,GARD
disease,GARD:0009726,Autosomal dominant nonsyndromic hearing loss 17,biolink:Disease,1,GARD:0009726,false,true,GARD
disease,GARD:0009728,Myotonic dystrophy type 2,biolink:Disease,1,GARD:0009728,false,true,GARD
disease,GARD:0009729,Hereditary spastic paraplegia 29,biolink:Disease,1,GARD:0009729,false,true,GARD
disease,GARD:0009730,Danon disease,biolink:Disease,1,GARD:0009730,false,true,GARD
disease,GARD:0009732,Epithelial basement membrane dystrophy,biolink:Disease,1,GARD:0009732,false,true,GARD
disease,GARD:0009733,Autosomal recessive congenital ichthyosis 4A,biolink:Disease,1,GARD:0009733,false,true,GARD
disease,GARD:0009734,Autosomal recessive congenital ichthyosis 5,biolink:Disease,1,GARD:0009734,false,true,GARD
disease,GARD:0009735,Autosomal dominant lamellar ichthyosis,biolink:Disease,1,GARD:0009735,false,true,GARD
disease,GARD:0009736,Congenital nonbullous ichthyosiform erythroderma,biolink:Disease,1,GARD:0009736,false,true,GARD
disease,GARD:0009737,Epidermolysis bullosa simplex with mottled pigmentation,biolink:Disease,1,GARD:0009737,false,true,GARD
disease,GARD:0009740,Familial atrial fibrillation,biolink:Disease,1,GARD:0009740,false,true,GARD
disease,GARD:0009741,Aminoacylase 1 deficiency,biolink:Disease,1,GARD:0009741,false,true,GARD
disease,GARD:0009742,Ancylostomiasis,biolink:Disease,1,GARD:0009742,false,true,GARD
disease,GARD:0009744,Atrophoderma vermiculatum,biolink:Disease,1,GARD:0009744,false,true,GARD
disease,GARD:0009747,Cutaneous schistosomiasis,biolink:Disease,1,GARD:0009747,false,true,GARD
disease,GARD:0009748,Systemic sclerosis,biolink:Disease,1,GARD:0009748,false,true,GARD
disease,GARD:0009749,Systemic sclerosis sine scleroderma,biolink:Disease,1,GARD:0009749,false,true,GARD
disease,GARD:0009751,Diffuse cutaneous systemic sclerosis,biolink:Disease,1,GARD:0009751,false,true,GARD
disease,GARD:0009758,Familial hypocalciuric hypercalcemia 2,biolink:Disease,1,GARD:0009758,false,true,GARD
disease,GARD:0009759,Leukonychia totalis,biolink:Disease,1,GARD:0009759,false,true,GARD
disease,GARD:0009760,Nonsyndromic congenital nail disorder 2,biolink:Disease,1,GARD:0009760,false,true,GARD
disease,GARD:0009761,Nonsyndromic congenital nail disorder 7,biolink:Disease,1,GARD:0009761,false,true,GARD
disease,GARD:0009762,Potocki-Shaffer syndrome,biolink:Disease,1,GARD:0009762,false,true,GARD
disease,GARD:0009765,"Seizures, benign familial neonatal, 1",biolink:Disease,1,GARD:0009765,false,true,GARD
disease,GARD:0009766,Morvan syndrome,biolink:Disease,1,GARD:0009766,false,true,GARD
disease,GARD:0009767,Necrotizing enterocolitis,biolink:Disease,1,GARD:0009767,false,true,GARD
disease,GARD:0009768,Acute lichenoid pityriasis,biolink:Disease,1,GARD:0009768,false,true,GARD
disease,GARD:0009769,Oligoastrocytoma,biolink:Disease,1,GARD:0009769,false,true,GARD
disease,GARD:0009775,Dowling-Degos disease,biolink:Disease,1,GARD:0009775,false,true,GARD
disease,GARD:0009778,CANOMAD syndrome,biolink:Disease,1,GARD:0009778,false,true,GARD
disease,GARD:0009779,Aerobic Actinomyces infection,biolink:Disease,1,GARD:0009779,false,true,GARD
disease,GARD:0009781,Syndromic X-linked intellectual disability Lubs type,biolink:Disease,1,GARD:0009781,false,true,GARD
disease,GARD:0009783,HTLV-2 infection,biolink:Disease,1,GARD:0009783,false,true,GARD
disease,GARD:0009787,Capillary malformation-arteriovenous malformation 1,biolink:Disease,1,GARD:0009787,false,true,GARD
disease,GARD:0009788,Basal cell carcinoma with follicular differentiation,biolink:Disease,1,GARD:0009788,false,true,GARD
disease,GARD:0009790,Anterior ischemic optic neuropathy,biolink:Disease,1,GARD:0009790,false,true,GARD
disease,GARD:0009792,"Epiphyseal dysplasia, multiple, 3",biolink:Disease,1,GARD:0009792,false,true,GARD
disease,GARD:0009793,Multiple epiphyseal dysplasia type 4,biolink:Disease,1,GARD:0009793,false,true,GARD
disease,GARD:0009794,Multiple epiphyseal dysplasia type 5,biolink:Disease,1,GARD:0009794,false,true,GARD
disease,GARD:0009795,Naxos disease,biolink:Disease,1,GARD:0009795,false,true,GARD
disease,GARD:0009796,Autoimmune lymphoproliferative syndrome type 2B,biolink:Disease,1,GARD:0009796,false,true,GARD
disease,GARD:0009797,Dianzani autoimmune lymphoproliferative disease,biolink:Disease,1,GARD:0009797,false,true,GARD
disease,GARD:0009798,Auriculocondylar syndrome,biolink:Disease,1,GARD:0009798,false,true,GARD
disease,GARD:0009799,Familial cutaneous collagenoma,biolink:Disease,1,GARD:0009799,false,true,GARD
disease,GARD:0009802,Progressive familial intrahepatic cholestasis type 1,biolink:Disease,1,GARD:0009802,false,true,GARD
disease,GARD:0009803,"Cholestasis, progressive familial intrahepatic, 4",biolink:Disease,1,GARD:0009803,false,true,GARD
disease,GARD:0009804,Cholestasis of pregnancy,biolink:Disease,1,GARD:0009804,false,true,GARD
disease,GARD:0009806,Autosomal dominant vibratory urticaria,biolink:Disease,1,GARD:0009806,false,true,GARD
disease,GARD:0009808,Pilocytic astrocytoma,biolink:Disease,1,GARD:0009808,false,true,GARD
disease,GARD:0009809,Enteropathy-associated T-cell lymphoma,biolink:Disease,1,GARD:0009809,false,true,GARD
disease,GARD:0009810,Rolland-Debuqois syndrome,biolink:Disease,1,GARD:0009810,false,true,GARD
disease,GARD:0009811,Intellectual disability-dysmorphism-hypogonadism-diabetes mellitus syndrome,biolink:Disease,1,GARD:0009811,false,true,GARD
disease,GARD:0009812,T-cell large granular lymphocyte leukemia,biolink:Disease,1,GARD:0009812,false,true,GARD
disease,GARD:0009813,Congenital bile acid synthesis defect 1,biolink:Disease,1,GARD:0009813,false,true,GARD
disease,GARD:0009814,Tukel syndrome,biolink:Disease,1,GARD:0009814,false,true,GARD
disease,GARD:0009815,Infection by Paragonimus,biolink:Disease,1,GARD:0009815,false,true,GARD
disease,GARD:0009817,Dystonia 5,biolink:Disease,1,GARD:0009817,false,true,GARD
disease,GARD:0009818,Developmental malformations-deafness-dystonia syndrome,biolink:Disease,1,GARD:0009818,false,true,GARD
disease,GARD:0009820,Catastrophic antiphospholipid syndrome,biolink:Disease,1,GARD:0009820,false,true,GARD
disease,GARD:0009821,Patterned dystrophy of the retinal pigment epithelium,biolink:Disease,1,GARD:0009821,false,true,GARD
disease,GARD:0009823,Congenital acardia,biolink:Disease,1,GARD:0009823,false,true,GARD
disease,GARD:0009824,Multifocal choroiditis,biolink:Disease,1,GARD:0009824,false,true,GARD
disease,GARD:0009826,PMM2-congenital disorder of glycosylation,biolink:Disease,1,GARD:0009826,false,true,GARD
disease,GARD:0009827,ALG3-congenital disorder of glycosylation,biolink:Disease,1,GARD:0009827,false,true,GARD
disease,GARD:0009828,MGAT2-congenital disorder of glycosylation,biolink:Disease,1,GARD:0009828,false,true,GARD
disease,GARD:0009829,ALG6-congenital disorder of glycosylation 1C,biolink:Disease,1,GARD:0009829,false,true,GARD
disease,GARD:0009830,MPI-congenital disorder of glycosylation,biolink:Disease,1,GARD:0009830,false,true,GARD
disease,GARD:0009831,Congenital disorder of glycosylation type 1E,biolink:Disease,1,GARD:0009831,false,true,GARD
disease,GARD:0009832,MPDU1-congenital disorder of glycosylation,biolink:Disease,1,GARD:0009832,false,true,GARD
disease,GARD:0009833,ALG12-congenital disorder of glycosylation,biolink:Disease,1,GARD:0009833,false,true,GARD
disease,GARD:0009834,ALG8 congenital disorder of glycosylation,biolink:Disease,1,GARD:0009834,false,true,GARD
disease,GARD:0009835,Emanuel syndrome,biolink:Disease,1,GARD:0009835,false,true,GARD
disease,GARD:0009836,ALG2-congenital disorder of glycosylation,biolink:Disease,1,GARD:0009836,false,true,GARD
disease,GARD:0009837,DPAGT1-congenital disorder of glycosylation,biolink:Disease,1,GARD:0009837,false,true,GARD
disease,GARD:0009838,ALG1-congenital disorder of glycosylation,biolink:Disease,1,GARD:0009838,false,true,GARD
disease,GARD:0009839,ALG9 congenital disorder of glycosylation,biolink:Disease,1,GARD:0009839,false,true,GARD
disease,GARD:0009841,B4GALT1-congenital disorder of glycosylation,biolink:Disease,1,GARD:0009841,false,true,GARD
disease,GARD:0009842,COG7 congenital disorder of glycosylation,biolink:Disease,1,GARD:0009842,false,true,GARD
disease,GARD:0009843,Primary familial polycythemia due to EPO receptor mutation,biolink:Disease,1,GARD:0009843,false,true,GARD
disease,GARD:0009844,Microcephalic osteodysplastic primordial dwarfism type II,biolink:Disease,1,GARD:0009844,false,true,GARD
disease,GARD:0009846,"Heart-hand syndrome, Slovenian type",biolink:Disease,1,GARD:0009846,false,true,GARD
disease,GARD:0009847,Heart-hand syndrome type 2,biolink:Disease,1,GARD:0009847,false,true,GARD
disease,GARD:0009848,Congenital brain dysgenesis due to glutamine synthetase deficiency,biolink:Disease,1,GARD:0009848,false,true,GARD
disease,GARD:0009849,Goldberg-Shprintzen syndrome,biolink:Disease,1,GARD:0009849,false,true,GARD
disease,GARD:0009850,"Omphalocele syndrome, Shprintzen-Goldberg type",biolink:Disease,1,GARD:0009850,false,true,GARD
disease,GARD:0009852,Nondystrophic myotonia,biolink:Disease,1,GARD:0009852,false,true,GARD
disease,GARD:0009862,Cyclic thrombocytopenia,biolink:Disease,1,GARD:0009862,false,true,GARD
disease,GARD:0009863,Calcaneonavicular coalition,biolink:Disease,1,GARD:0009863,false,true,GARD
disease,GARD:0009866,Spondyloepimetaphyseal dysplasia with multiple dislocations,biolink:Disease,1,GARD:0009866,false,true,GARD
disease,GARD:0009867,Spinocerebellar ataxia type 14,biolink:Disease,1,GARD:0009867,false,true,GARD
disease,GARD:0009870,"Hyperinsulinemic hypoglycemia, familial, 4",biolink:Disease,1,GARD:0009870,false,true,GARD
disease,GARD:0009872,"Anemia, sideroblastic, pyridoxine-responsive, autosomal recessive",biolink:Disease,1,GARD:0009872,false,true,GARD
disease,GARD:0009873,Lateral meningocele syndrome,biolink:Disease,1,GARD:0009873,false,true,GARD
disease,GARD:0009876,"Aortic aneurysm, familial thoracic 4",biolink:Disease,1,GARD:0009876,false,true,GARD
disease,GARD:0009879,Acromesomelic dysplasia 2B,biolink:Disease,1,GARD:0009879,false,true,GARD
disease,GARD:0009882,Cortisone reductase deficiency,biolink:Disease,1,GARD:0009882,false,true,GARD
disease,GARD:0009884,Juvenile myelomonocytic leukemia,biolink:Disease,1,GARD:0009884,false,true,GARD
disease,GARD:0009886,Ichthyosis prematurity syndrome,biolink:Disease,1,GARD:0009886,false,true,GARD
disease,GARD:0009887,Benign concentric annular macular dystrophy,biolink:Disease,1,GARD:0009887,false,true,GARD
disease,GARD:0009888,Pyruvate dehydrogenase phosphatase deficiency,biolink:Disease,1,GARD:0009888,false,true,GARD
disease,GARD:0009890,Autosomal dominant optic atrophy classic form,biolink:Disease,1,GARD:0009890,false,true,GARD
disease,GARD:0009892,Cataract 18,biolink:Disease,1,GARD:0009892,false,true,GARD
disease,GARD:0009895,Congenital myasthenic syndrome 2A,biolink:Disease,1,GARD:0009895,false,true,GARD
disease,GARD:0009898,Posterior column ataxia-retinitis pigmentosa syndrome,biolink:Disease,1,GARD:0009898,false,true,GARD
disease,GARD:0009899,"Lymphoma, Hodgkin, X-linked pseudoautosomal",biolink:Disease,1,GARD:0009899,false,true,GARD
disease,GARD:0009900,Congenital pulmonary lymphangiectasia,biolink:Disease,1,GARD:0009900,false,true,GARD
disease,GARD:0009901,"Telangiectasia, hereditary hemorrhagic, type 2",biolink:Disease,1,GARD:0009901,false,true,GARD
disease,GARD:0009902,Hereditary hemorrhagic telangiectasia type 3,biolink:Disease,1,GARD:0009902,false,true,GARD
disease,GARD:0009903,Polysyndactyly 4,biolink:Disease,1,GARD:0009903,false,true,GARD
disease,GARD:0009904,Osteosclerosis-ichthyosis-premature ovarian failure syndrome,biolink:Disease,1,GARD:0009904,false,true,GARD
disease,GARD:0009907,Amyopathic dermatomyositis,biolink:Disease,1,GARD:0009907,false,true,GARD
disease,GARD:0009910,Lethal acantholytic epidermolysis bullosa,biolink:Disease,1,GARD:0009910,false,true,GARD
disease,GARD:0009911,"Fibromatosis, gingival, 3",biolink:Disease,1,GARD:0009911,false,true,GARD
disease,GARD:0009912,Lennox-Gastaut syndrome,biolink:Disease,1,GARD:0009912,false,true,GARD
disease,GARD:0009914,Glomerulopathy with fibronectin deposits 2,biolink:Disease,1,GARD:0009914,false,true,GARD
disease,GARD:0009916,Multiple synostoses syndrome 2,biolink:Disease,1,GARD:0009916,false,true,GARD
disease,GARD:0009918,Autosomal recessive nonsyndromic hearing loss 51,biolink:Disease,1,GARD:0009918,false,true,GARD
disease,GARD:0009919,Autosomal recessive nonsyndromic hearing loss 55,biolink:Disease,1,GARD:0009919,false,true,GARD
disease,GARD:0009920,Mitochondrial neurogastrointestinal encephalomyopathy,biolink:Disease,1,GARD:0009920,false,true,GARD
disease,GARD:0009921,Polycystic lipomembranous osteodysplasia with sclerosing leukoencephaly,biolink:Disease,1,GARD:0009921,false,true,GARD
disease,GARD:0009927,"Hyperinsulinemic hypoglycemia, familial, 2",biolink:Disease,1,GARD:0009927,false,true,GARD
disease,GARD:0009931,Hyperinsulinism-hyperammonemia syndrome,biolink:Disease,1,GARD:0009931,false,true,GARD
disease,GARD:0009932,Exercise-induced hyperinsulinism,biolink:Disease,1,GARD:0009932,false,true,GARD
disease,GARD:0009933,Autosomal dominant nonsyndromic hearing loss 3A,biolink:Disease,1,GARD:0009933,false,true,GARD
disease,GARD:0009934,Autosomal dominant nonsyndromic hearing loss 53,biolink:Disease,1,GARD:0009934,false,true,GARD
disease,GARD:0009935,Autosomal recessive nonsyndromic hearing loss 47,biolink:Disease,1,GARD:0009935,false,true,GARD
disease,GARD:0009936,Ectodermal dysplasia and immune deficiency,biolink:Disease,1,GARD:0009936,false,true,GARD
disease,GARD:0009937,Myopia 6,biolink:Disease,1,GARD:0009937,false,true,GARD
disease,GARD:0009940,CEDNIK syndrome,biolink:Disease,1,GARD:0009940,false,true,GARD
disease,GARD:0009941,Facioscapulohumeral muscular dystrophy,biolink:Disease,1,GARD:0009941,false,true,GARD
disease,GARD:0009943,Amelogenesis imperfecta type 1E,biolink:Disease,1,GARD:0009943,false,true,GARD
disease,GARD:0009944,X-linked amelogenesis imperfecta hypoplastic/hypomaturation 2,biolink:Disease,1,GARD:0009944,false,true,GARD
disease,GARD:0009947,X-linked intellectual disability-cerebellar hypoplasia syndrome,biolink:Disease,1,GARD:0009947,false,true,GARD
disease,GARD:0009950,Spinocerebellar ataxia type 23,biolink:Disease,1,GARD:0009950,false,true,GARD
disease,GARD:0009951,Spinocerebellar ataxia type 28,biolink:Disease,1,GARD:0009951,false,true,GARD
disease,GARD:0009952,Congenital primary aphakia,biolink:Disease,1,GARD:0009952,false,true,GARD
disease,GARD:0009953,Oligodendroglioma,biolink:Disease,1,GARD:0009953,false,true,GARD
disease,GARD:0009959,West-Nile encephalitis,biolink:Disease,1,GARD:0009959,false,true,GARD
disease,GARD:0009963,Spinocerebellar ataxia type 27,biolink:Disease,1,GARD:0009963,false,true,GARD
disease,GARD:0009964,Glycogen storage disease type X,biolink:Disease,1,GARD:0009964,false,true,GARD
disease,GARD:0009965,Hypercoagulability syndrome due to glycosylphosphatidylinositol deficiency,biolink:Disease,1,GARD:0009965,false,true,GARD
disease,GARD:0009967,Sertoli-Leydig cell tumor,biolink:Disease,1,GARD:0009967,false,true,GARD
disease,GARD:0009970,Spinocerebellar ataxia type 4,biolink:Disease,1,GARD:0009970,false,true,GARD
disease,GARD:0009973,Splenic infarction,biolink:Disease,1,GARD:0009973,false,true,GARD
disease,GARD:0009974,Breast angiosarcoma,biolink:Disease,1,GARD:0009974,false,true,GARD
disease,GARD:0009975,Spinocerebellar ataxia type 31,biolink:Disease,1,GARD:0009975,false,true,GARD
disease,GARD:0009976,Spinocerebellar ataxia type 18,biolink:Disease,1,GARD:0009976,false,true,GARD
disease,GARD:0009977,CAMOS syndrome,biolink:Disease,1,GARD:0009977,false,true,GARD
disease,GARD:0009978,"Spinocerebellar ataxia, X-linked 2",biolink:Disease,1,GARD:0009978,false,true,GARD
disease,GARD:0009980,X-linked spinocerebellar ataxia type 4,biolink:Disease,1,GARD:0009980,false,true,GARD
disease,GARD:0009981,X-linked spinocerebellar ataxia type 3,biolink:Disease,1,GARD:0009981,false,true,GARD
disease,GARD:0009987,Severe combined immunodeficiency due to DCLRE1C deficiency,biolink:Disease,1,GARD:0009987,false,true,GARD
disease,GARD:0009989,Mandibuloacral dysplasia with type B lipodystrophy,biolink:Disease,1,GARD:0009989,false,true,GARD
disease,GARD:0009990,"Lipoatrophy with diabetes, leukomelanodermic papules, liver steatosis, and hypertrophic cardiomyopathy",biolink:Disease,1,GARD:0009990,false,true,GARD
disease,GARD:0009993,Riboflavin transporter deficiency,biolink:Disease,1,GARD:0009993,false,true,GARD
disease,GARD:0009994,Clark-Baraitser syndrome,biolink:Disease,1,GARD:0009994,false,true,GARD
disease,GARD:0009995,Spinocerebellar ataxia type 26,biolink:Disease,1,GARD:0009995,false,true,GARD
disease,GARD:0009996,Spinocerebellar ataxia type 25,biolink:Disease,1,GARD:0009996,false,true,GARD
disease,GARD:0009997,Spinocerebellar ataxia type 20,biolink:Disease,1,GARD:0009997,false,true,GARD
disease,GARD:0009998,"Sensory ataxic neuropathy, dysarthria, and ophthalmoparesis",biolink:Disease,1,GARD:0009998,false,true,GARD
disease,GARD:0009999,Spinocerebellar ataxia type 21,biolink:Disease,1,GARD:0009999,false,true,GARD
disease,GARD:0010000,"Spinocerebellar ataxia, autosomal recessive, with axonal neuropathy 1",biolink:Disease,1,GARD:0010000,false,true,GARD
disease,GARD:0010001,"Congenital secretory diarrhea, chloride type",biolink:Disease,1,GARD:0010001,false,true,GARD
disease,GARD:0010002,Chromosome 8Q12.1-q21.2 deletion syndrome,biolink:Disease,1,GARD:0010002,false,true,GARD
disease,GARD:0010004,GRN-related frontotemporal lobar degeneration with Tdp43 inclusions,biolink:Disease,1,GARD:0010004,false,true,GARD
disease,GARD:0010005,Progressive familial heart block,biolink:Disease,1,GARD:0010005,false,true,GARD
disease,GARD:0010007,Immunodeficiency 61,biolink:Disease,1,GARD:0010007,false,true,GARD
disease,GARD:0010009,Opsoclonus-myoclonus syndrome,biolink:Disease,1,GARD:0010009,false,true,GARD
disease,GARD:0010010,Transient bullous dermolysis of the newborn,biolink:Disease,1,GARD:0010010,false,true,GARD
disease,GARD:0010011,Agammaglobulinemia-microcephaly-craniosynostosis-severe dermatitis syndrome,biolink:Disease,1,GARD:0010011,false,true,GARD
disease,GARD:0010012,Camptodactyly-tall stature-scoliosis-hearing loss syndrome,biolink:Disease,1,GARD:0010012,false,true,GARD
disease,GARD:0010014,Pellagra,biolink:Disease,1,GARD:0010014,false,true,GARD
disease,GARD:0010018,Fuchs' endothelial dystrophy,biolink:Disease,1,GARD:0010018,false,true,GARD
disease,GARD:0010023,Bruck syndrome 2,biolink:Disease,1,GARD:0010023,false,true,GARD
disease,GARD:0010024,"Whistling face syndrome, recessive form",biolink:Disease,1,GARD:0010024,false,true,GARD
disease,GARD:0010025,Anterior segment dysgenesis,biolink:Disease,1,GARD:0010025,false,true,GARD
disease,GARD:0010026,Piriformis syndrome,biolink:Disease,1,GARD:0010026,false,true,GARD
disease,GARD:0010027,Camptomelic dysplasia,biolink:Disease,1,GARD:0010027,false,true,GARD
disease,GARD:0010028,Benign recurrent intrahepatic cholestasis type 1,biolink:Disease,1,GARD:0010028,false,true,GARD
disease,GARD:0010029,Benign recurrent intrahepatic cholestasis type 2,biolink:Disease,1,GARD:0010029,false,true,GARD
disease,GARD:0010033,"Aneurysm, intracranial berry, 2",biolink:Disease,1,GARD:0010033,false,true,GARD
disease,GARD:0010034,Congenital trigeminal anesthesia,biolink:Disease,1,GARD:0010034,false,true,GARD
disease,GARD:0010037,Familial encephalopathy with neuroserpin inclusion bodies,biolink:Disease,1,GARD:0010037,false,true,GARD
disease,GARD:0010039,Hydroxykynureninuria,biolink:Disease,1,GARD:0010039,false,true,GARD
disease,GARD:0010041,Choanal atresia-hearing loss-cardiac defects-craniofacial dysmorphism syndrome,biolink:Disease,1,GARD:0010041,false,true,GARD
disease,GARD:0010045,Congenital bile acid synthesis defect 2,biolink:Disease,1,GARD:0010045,false,true,GARD
disease,GARD:0010046,Congenital bile acid synthesis defect 4,biolink:Disease,1,GARD:0010046,false,true,GARD
disease,GARD:0010047,Inherited glutathione synthetase deficiency,biolink:Disease,1,GARD:0010047,false,true,GARD
disease,GARD:0010048,Anonychia,biolink:Disease,1,GARD:0010048,false,true,GARD
disease,GARD:0010049,Central areolar choroidal dystrophy,biolink:Disease,1,GARD:0010049,false,true,GARD
disease,GARD:0010050,Bietti crystalline corneoretinal dystrophy,biolink:Disease,1,GARD:0010050,false,true,GARD
disease,GARD:0010051,Limb-mammary syndrome,biolink:Disease,1,GARD:0010051,false,true,GARD
disease,GARD:0010053,Lipomyelomeningocele,biolink:Disease,1,GARD:0010053,false,true,GARD
disease,GARD:0010054,Al-Gazali syndrome,biolink:Disease,1,GARD:0010054,false,true,GARD
disease,GARD:0010056,Mandibulofacial dysostosis-microcephaly syndrome,biolink:Disease,1,GARD:0010056,false,true,GARD
disease,GARD:0010057,"Spondyloepimetaphyseal dysplasia, Genevieve type",biolink:Disease,1,GARD:0010057,false,true,GARD
disease,GARD:0010061,Talo-patello-scaphoid osteolysis,biolink:Disease,1,GARD:0010061,false,true,GARD
disease,GARD:0010066,"Metaphyseal undermodeling, spondylar dysplasia, and overgrowth",biolink:Disease,1,GARD:0010066,false,true,GARD
disease,GARD:0010070,Subependymal glioma,biolink:Disease,1,GARD:0010070,false,true,GARD
disease,GARD:0010071,Pulmonic stenosis,biolink:Disease,1,GARD:0010071,false,true,GARD
disease,GARD:0010072,Diaphyseal medullary stenosis-bone malignancy syndrome,biolink:Disease,1,GARD:0010072,false,true,GARD
disease,GARD:0010073,Cerebral sarcoma,biolink:Disease,1,GARD:0010073,false,true,GARD
disease,GARD:0010077,Acromesomelic dysplasia 3,biolink:Disease,1,GARD:0010077,false,true,GARD
disease,GARD:0010079,"Hydroa vacciniforme, familial",biolink:Disease,1,GARD:0010079,false,true,GARD
disease,GARD:0010081,White forelock with malformations,biolink:Disease,1,GARD:0010081,false,true,GARD
disease,GARD:0010082,Infantile osteopetrosis with neuroaxonal dysplasia,biolink:Disease,1,GARD:0010082,false,true,GARD
disease,GARD:0010083,Hepatic veno-occlusive disease-immunodeficiency syndrome,biolink:Disease,1,GARD:0010083,false,true,GARD
disease,GARD:0010084,Hemifacial myohyperplasia,biolink:Disease,1,GARD:0010084,false,true,GARD
disease,GARD:0010088,Majeed syndrome,biolink:Disease,1,GARD:0010088,false,true,GARD
disease,GARD:0010089,TARP syndrome,biolink:Disease,1,GARD:0010089,false,true,GARD
disease,GARD:0010090,Pierre Robin sequence with pectus excavatum and rib and scapular anomalies,biolink:Disease,1,GARD:0010090,false,true,GARD
disease,GARD:0010091,Sotos syndrome,biolink:Disease,1,GARD:0010091,false,true,GARD
disease,GARD:0010092,Juvenile hemochromatosis,biolink:Disease,1,GARD:0010092,false,true,GARD
disease,GARD:0010093,Hemochromatosis type 3,biolink:Disease,1,GARD:0010093,false,true,GARD
disease,GARD:0010094,Hemochromatosis type 4,biolink:Disease,1,GARD:0010094,false,true,GARD
disease,GARD:0010096,Hereditary leiomyomatosis and renal cell cancer,biolink:Disease,1,GARD:0010096,false,true,GARD
disease,GARD:0010097,Leiomyoma of vulva and esophagus,biolink:Disease,1,GARD:0010097,false,true,GARD
disease,GARD:0010099,Gamma-Glutamyltransferase deficiency,biolink:Disease,1,GARD:0010099,false,true,GARD
disease,GARD:0010101,Spondyloepimetaphyseal dysplasia-hypotrichosis syndrome,biolink:Disease,1,GARD:0010101,false,true,GARD
disease,GARD:0010103,Elastosis perforans serpiginosa,biolink:Disease,1,GARD:0010103,false,true,GARD
disease,GARD:0010104,"Pseudoxanthoma elasticum, forme fruste",biolink:Disease,1,GARD:0010104,false,true,GARD
disease,GARD:0010106,Autosomal recessive osteopetrosis 7,biolink:Disease,1,GARD:0010106,false,true,GARD
disease,GARD:0010108,Congenital myasthenic syndrome 4C,biolink:Disease,1,GARD:0010108,false,true,GARD
disease,GARD:0010109,De Lange syndrome,biolink:Disease,1,GARD:0010109,false,true,GARD
disease,GARD:0010111,Actin accumulation myopathy,biolink:Disease,1,GARD:0010111,false,true,GARD
disease,GARD:0010116,Autosomal recessive congenital ichthyosis 11,biolink:Disease,1,GARD:0010116,false,true,GARD
disease,GARD:0010118,Oguchi disease,biolink:Disease,1,GARD:0010118,false,true,GARD
disease,GARD:0010119,"Cone dystrophy, X-linked, with tapetal-like sheen",biolink:Disease,1,GARD:0010119,false,true,GARD
disease,GARD:0010120,Vitelliform macular dystrophy 1,biolink:Disease,1,GARD:0010120,false,true,GARD
disease,GARD:0010121,MORM syndrome,biolink:Disease,1,GARD:0010121,false,true,GARD
disease,GARD:0010123,Progressive bifocal chorioretinal atrophy,biolink:Disease,1,GARD:0010123,false,true,GARD
disease,GARD:0010126,GM1 gangliosidosis type 2,biolink:Disease,1,GARD:0010126,false,true,GARD
disease,GARD:0010127,Isolated lutropin deficiency,biolink:Disease,1,GARD:0010127,false,true,GARD
disease,GARD:0010128,Hypogonadotropic hypogonadism 24 without anosmia,biolink:Disease,1,GARD:0010128,false,true,GARD
disease,GARD:0010129,Isolated thyroid-stimulating hormone deficiency,biolink:Disease,1,GARD:0010129,false,true,GARD
disease,GARD:0010130,Phelan-McDermid syndrome,biolink:Disease,1,GARD:0010130,false,true,GARD
disease,GARD:0010131,"Hereditary motor and sensory neuropathy, Okinawa type",biolink:Disease,1,GARD:0010131,false,true,GARD
disease,GARD:0010132,Charcot-Marie-Tooth disease type 4G,biolink:Disease,1,GARD:0010132,false,true,GARD
disease,GARD:0010133,Autosomal recessive distal spinal muscular atrophy 2,biolink:Disease,1,GARD:0010133,false,true,GARD
disease,GARD:0010138,Torsion dystonia 4,biolink:Disease,1,GARD:0010138,false,true,GARD
disease,GARD:0010140,Bohring-Opitz syndrome,biolink:Disease,1,GARD:0010140,false,true,GARD
disease,GARD:0010141,Familial chronic myelocytic leukemia-like syndrome,biolink:Disease,1,GARD:0010141,false,true,GARD
disease,GARD:0010142,"Osteogenesis imperfecta, perinatal lethal",biolink:Disease,1,GARD:0010142,false,true,GARD
disease,GARD:0010144,Dentinogenesis imperfecta type 3,biolink:Disease,1,GARD:0010144,false,true,GARD
disease,GARD:0010145,17p11.2 microduplication syndrome,biolink:Disease,1,GARD:0010145,false,true,GARD
disease,GARD:0010147,Melnick-Fraser syndrome,biolink:Disease,1,GARD:0010147,false,true,GARD
disease,GARD:0010148,Branchiootic syndrome,biolink:Disease,1,GARD:0010148,false,true,GARD
disease,GARD:0010149,Kyphomelic dysplasia,biolink:Disease,1,GARD:0010149,false,true,GARD
disease,GARD:0010152,Osteogenesis imperfecta type 8,biolink:Disease,1,GARD:0010152,false,true,GARD
disease,GARD:0010153,Pulmonary venoocclusive disease,biolink:Disease,1,GARD:0010153,false,true,GARD
disease,GARD:0010156,Congenital chylothorax,biolink:Disease,1,GARD:0010156,false,true,GARD
disease,GARD:0010161,Onychotrichodysplasia and neutropenia,biolink:Disease,1,GARD:0010161,false,true,GARD
disease,GARD:0010163,Curly hair - acral keratoderma - caries syndrome,biolink:Disease,1,GARD:0010163,false,true,GARD
disease,GARD:0010165,Nongerminomatous germ cell tumor,biolink:Disease,1,GARD:0010165,false,true,GARD
disease,GARD:0010167,Joubert syndrome 2,biolink:Disease,1,GARD:0010167,false,true,GARD
disease,GARD:0010168,Joubert syndrome with ocular defect,biolink:Disease,1,GARD:0010168,false,true,GARD
disease,GARD:0010169,Joubert syndrome with renal defect,biolink:Disease,1,GARD:0010169,false,true,GARD
disease,GARD:0010173,Florid cemento-osseous dysplasia,biolink:Disease,1,GARD:0010173,false,true,GARD
disease,GARD:0010175,Klatskin tumor,biolink:Disease,1,GARD:0010175,false,true,GARD
disease,GARD:0010177,Mirizzi syndrome,biolink:Disease,1,GARD:0010177,false,true,GARD
disease,GARD:0010179,Brooke-Spiegler syndrome,biolink:Disease,1,GARD:0010179,false,true,GARD
disease,GARD:0010181,Epithelioid sarcoma,biolink:Disease,1,GARD:0010181,false,true,GARD
disease,GARD:0010184,Cryohydrocytosis,biolink:Disease,1,GARD:0010184,false,true,GARD
disease,GARD:0010190,Isolated focal cortical dysplasia type II,biolink:Disease,1,GARD:0010190,false,true,GARD
disease,GARD:0010193,Subcutaneous panniculitis-like T-cell lymphoma,biolink:Disease,1,GARD:0010193,false,true,GARD
disease,GARD:0010198,Immunoglobulin A deficiency 2,biolink:Disease,1,GARD:0010198,false,true,GARD
disease,GARD:0010199,Optic atrophy 2,biolink:Disease,1,GARD:0010199,false,true,GARD
disease,GARD:0010200,Optic atrophy 6,biolink:Disease,1,GARD:0010200,false,true,GARD
disease,GARD:0010201,Optic atrophy 5,biolink:Disease,1,GARD:0010201,false,true,GARD
disease,GARD:0010202,Chromosome 2q37 deletion syndrome,biolink:Disease,1,GARD:0010202,false,true,GARD
disease,GARD:0010203,Optic atrophy 3,biolink:Disease,1,GARD:0010203,false,true,GARD
disease,GARD:0010204,Bardet-Biedl syndrome 5,biolink:Disease,1,GARD:0010204,false,true,GARD
disease,GARD:0010205,Bardet-Biedl syndrome 6,biolink:Disease,1,GARD:0010205,false,true,GARD
disease,GARD:0010206,Bardet-Biedl syndrome 7,biolink:Disease,1,GARD:0010206,false,true,GARD
disease,GARD:0010207,Bardet-Biedl syndrome 8,biolink:Disease,1,GARD:0010207,false,true,GARD
disease,GARD:0010208,Bardet-Biedl syndrome 9,biolink:Disease,1,GARD:0010208,false,true,GARD
disease,GARD:0010209,Bardet-Biedl syndrome 10,biolink:Disease,1,GARD:0010209,false,true,GARD
disease,GARD:0010210,Bardet-Biedl syndrome 11,biolink:Disease,1,GARD:0010210,false,true,GARD
disease,GARD:0010211,Bardet-Biedl syndrome 12,biolink:Disease,1,GARD:0010211,false,true,GARD
disease,GARD:0010214,Neonatal intrahepatic cholestasis due to citrin deficiency,biolink:Disease,1,GARD:0010214,false,true,GARD
disease,GARD:0010215,Citrullinemia type II,biolink:Disease,1,GARD:0010215,false,true,GARD
disease,GARD:0010216,NDE1-related microhydranencephaly,biolink:Disease,1,GARD:0010216,false,true,GARD
disease,GARD:0010220,Spondyloepiphyseal dysplasia with metatarsal shortening,biolink:Disease,1,GARD:0010220,false,true,GARD
disease,GARD:0010223,Deficiency of isobutyryl-CoA dehydrogenase,biolink:Disease,1,GARD:0010223,false,true,GARD
disease,GARD:0010224,Zygomycosis,biolink:Disease,1,GARD:0010224,false,true,GARD
disease,GARD:0010225,Multiple endocrine neoplasia type 2B,biolink:Disease,1,GARD:0010225,false,true,GARD
disease,GARD:0010226,COG1 congenital disorder of glycosylation,biolink:Disease,1,GARD:0010226,false,true,GARD
disease,GARD:0010227,Cataract 31 multiple types,biolink:Disease,1,GARD:0010227,false,true,GARD
disease,GARD:0010228,Cataract 11 multiple types,biolink:Disease,1,GARD:0010228,false,true,GARD
disease,GARD:0010230,"Emery-Dreifuss muscular dystrophy 2, autosomal dominant",biolink:Disease,1,GARD:0010230,false,true,GARD
disease,GARD:0010234,Cataract 6 multiple types,biolink:Disease,1,GARD:0010234,false,true,GARD
disease,GARD:0010236,Cataract 32,biolink:Disease,1,GARD:0010236,false,true,GARD
disease,GARD:0010237,Biotin-responsive basal ganglia disease,biolink:Disease,1,GARD:0010237,false,true,GARD
disease,GARD:0010239,H syndrome,biolink:Disease,1,GARD:0010239,false,true,GARD
disease,GARD:0010241,Diamond-Blackfan anemia 3,biolink:Disease,1,GARD:0010241,false,true,GARD
disease,GARD:0010244,"Lipase deficiency, combined",biolink:Disease,1,GARD:0010244,false,true,GARD
disease,GARD:0010263,Hydatidiform mole,biolink:Disease,1,GARD:0010263,false,true,GARD
disease,GARD:0010264,Spinal meningioma,biolink:Disease,1,GARD:0010264,false,true,GARD
disease,GARD:0010265,Pityriasis lichenoides,biolink:Disease,1,GARD:0010265,false,true,GARD
disease,GARD:0010266,Hereditary cerebral hemorrhage with amyloidosis,biolink:Disease,1,GARD:0010266,false,true,GARD
disease,GARD:0010267,Hyper-beta-alaninemia,biolink:Disease,1,GARD:0010267,false,true,GARD
disease,GARD:0010277,"Adducted thumbs-arthrogryposis syndrome, Christian type",biolink:Disease,1,GARD:0010277,false,true,GARD
disease,GARD:0010280,Klippel-Feil syndrome,biolink:Disease,1,GARD:0010280,false,true,GARD
disease,GARD:0010283,Desmosterolosis,biolink:Disease,1,GARD:0010283,false,true,GARD
disease,GARD:0010287,Self-limited epilepsy with centrotemporal spikes,biolink:Disease,1,GARD:0010287,false,true,GARD
disease,GARD:0010288,Neutral lipid storage myopathy,biolink:Disease,1,GARD:0010288,false,true,GARD
disease,GARD:0010289,Krabbe disease due to saposin A deficiency,biolink:Disease,1,GARD:0010289,false,true,GARD
disease,GARD:0010290,Wormian bone-multiple fractures-dentinogenesis imperfecta-skeletal dysplasia,biolink:Disease,1,GARD:0010290,false,true,GARD
disease,GARD:0010291,Linear nevus sebaceous syndrome,biolink:Disease,1,GARD:0010291,false,true,GARD
disease,GARD:0010294,Autosomal recessive ataxia due to ubiquinone deficiency,biolink:Disease,1,GARD:0010294,false,true,GARD
disease,GARD:0010295,Syndactyly-telecanthus-anogenital and renal malformations syndrome,biolink:Disease,1,GARD:0010295,false,true,GARD
disease,GARD:0010296,Chromosome 15q13.3 microdeletion syndrome,biolink:Disease,1,GARD:0010296,false,true,GARD
disease,GARD:0010297,Ghosal hematodiaphyseal dysplasia,biolink:Disease,1,GARD:0010297,false,true,GARD
disease,GARD:0010299,22q11.2 deletion syndrome,biolink:Disease,1,GARD:0010299,false,true,GARD
disease,GARD:0010300,Microtia-eye coloboma-imperforation of the nasolacrimal duct syndrome,biolink:Disease,1,GARD:0010300,false,true,GARD
disease,GARD:0010301,Autosomal recessive bestrophinopathy,biolink:Disease,1,GARD:0010301,false,true,GARD
disease,GARD:0010302,SERKAL syndrome,biolink:Disease,1,GARD:0010302,false,true,GARD
disease,GARD:0010303,Autism-facial port-wine stain syndrome,biolink:Disease,1,GARD:0010303,false,true,GARD
disease,GARD:0010304,8p23.1 duplication syndrome,biolink:Disease,1,GARD:0010304,false,true,GARD
disease,GARD:0010306,Nephrogenic syndrome of inappropriate antidiuresis,biolink:Disease,1,GARD:0010306,false,true,GARD
disease,GARD:0010307,Congenital disorder of glycosylation,biolink:Disease,1,GARD:0010307,false,true,GARD
disease,GARD:0010311,Immunodeficiency 67,biolink:Disease,1,GARD:0010311,false,true,GARD
disease,GARD:0010312,"Neurogenic scapuloperoneal syndrome, Kaeser type",biolink:Disease,1,GARD:0010312,false,true,GARD
disease,GARD:0010314,Scapuloperoneal spinal muscular atrophy,biolink:Disease,1,GARD:0010314,false,true,GARD
disease,GARD:0010316,Congenital multicore myopathy with external ophthalmoplegia,biolink:Disease,1,GARD:0010316,false,true,GARD
disease,GARD:0010317,Megaconial type congenital muscular dystrophy,biolink:Disease,1,GARD:0010317,false,true,GARD
disease,GARD:0010319,Mandibular prognathia,biolink:Disease,1,GARD:0010319,false,true,GARD
disease,GARD:0010320,"Corneal dystrophy, lattice type 3A",biolink:Disease,1,GARD:0010320,false,true,GARD
disease,GARD:0010321,3-methylglutaconic aciduria type 1,biolink:Disease,1,GARD:0010321,false,true,GARD
disease,GARD:0010322,Deficiency of 2-methylbutyryl-CoA dehydrogenase,biolink:Disease,1,GARD:0010322,false,true,GARD
disease,GARD:0010323,Arginine:glycine amidinotransferase deficiency,biolink:Disease,1,GARD:0010323,false,true,GARD
disease,GARD:0010324,Mild phenylketonuria,biolink:Disease,1,GARD:0010324,false,true,GARD
disease,GARD:0010327,Progressive encephalopathy with leukodystrophy due to DECR deficiency,biolink:Disease,1,GARD:0010327,false,true,GARD
disease,GARD:0010332,Tyrosinemia type III,biolink:Disease,1,GARD:0010332,false,true,GARD
disease,GARD:0010333,Sickle cell-beta-thalassemia,biolink:Disease,1,GARD:0010333,false,true,GARD
disease,GARD:0010335,Mucopolysaccharidosis type 1,biolink:Disease,1,GARD:0010335,false,true,GARD
disease,GARD:0010339,"Severe combined immunodeficiency, autosomal recessive, T cell-negative, B cell-negative, NK cell-positive",biolink:Disease,1,GARD:0010339,false,true,GARD
disease,GARD:0010341,Megalencephaly-polymicrogyria-postaxial polydactyly-hydrocephalus syndrome,biolink:Disease,1,GARD:0010341,false,true,GARD
disease,GARD:0010342,3-methylglutaconic aciduria type 4,biolink:Disease,1,GARD:0010342,false,true,GARD
disease,GARD:0010346,Gamma heavy chain disease (clinical),biolink:Disease,1,GARD:0010346,false,true,GARD
disease,GARD:0010350,Acquired hemophilia,biolink:Disease,1,GARD:0010350,false,true,GARD
disease,GARD:0010351,Spinocerebellar ataxia type 6,biolink:Disease,1,GARD:0010351,false,true,GARD
disease,GARD:0010352,Hereditary thrombocytopenia and hematologic cancer predisposition syndrome,biolink:Disease,1,GARD:0010352,false,true,GARD
disease,GARD:0010353,Inherited porphyria,biolink:Disease,1,GARD:0010353,false,true,GARD
disease,GARD:0010354,Omphalocele-diaphragmatic hernia-cardiovascular anomalies-radial ray defect syndrome,biolink:Disease,1,GARD:0010354,false,true,GARD
disease,GARD:0010355,Familial congenital palsy of trochlear nerve,biolink:Disease,1,GARD:0010355,false,true,GARD
disease,GARD:0010357,Primary release disorder of platelets,biolink:Disease,1,GARD:0010357,false,true,GARD
disease,GARD:0010358,Birk-Barel syndrome,biolink:Disease,1,GARD:0010358,false,true,GARD
disease,GARD:0010359,Juvenile paralysis agitans of Hunt,biolink:Disease,1,GARD:0010359,false,true,GARD
disease,GARD:0010360,Chromosome 3q29 microduplication syndrome,biolink:Disease,1,GARD:0010360,false,true,GARD
disease,GARD:0010361,Brugada syndrome 3,biolink:Disease,1,GARD:0010361,false,true,GARD
disease,GARD:0010362,Brugada syndrome 4,biolink:Disease,1,GARD:0010362,false,true,GARD
disease,GARD:0010363,Nonsyndromic congenital nail disorder 1,biolink:Disease,1,GARD:0010363,false,true,GARD
disease,GARD:0010365,Dopa-responsive dystonia due to sepiapterin reductase deficiency,biolink:Disease,1,GARD:0010365,false,true,GARD
disease,GARD:0010366,Toriello-Lacassie-Droste syndrome,biolink:Disease,1,GARD:0010366,false,true,GARD
disease,GARD:0010367,Lelis syndrome,biolink:Disease,1,GARD:0010367,false,true,GARD
disease,GARD:0010372,"Alpha, alpha-Trehalase deficiency",biolink:Disease,1,GARD:0010372,false,true,GARD
disease,GARD:0010407,Rapid-onset childhood obesity-hypothalamic dysfunction-hypoventilation-autonomic dysregulation syndrome,biolink:Disease,1,GARD:0010407,false,true,GARD
disease,GARD:0010411,Ovarian small cell carcinoma,biolink:Disease,1,GARD:0010411,false,true,GARD
disease,GARD:0010414,Goblet cell carcinoma,biolink:Disease,1,GARD:0010414,false,true,GARD
disease,GARD:0010416,Homozygous familial hypercholesterolemia,biolink:Disease,1,GARD:0010416,false,true,GARD
disease,GARD:0010418,Hemophilia,biolink:Disease,1,GARD:0010418,false,true,GARD
disease,GARD:0010419,Myotonic dystrophy,biolink:Disease,1,GARD:0010419,false,true,GARD
disease,GARD:0010420,Neurofibromatosis,biolink:Disease,1,GARD:0010420,false,true,GARD
disease,GARD:0010423,Coenzyme Q10 deficiency,biolink:Disease,1,GARD:0010423,false,true,GARD
disease,GARD:0010424,CARASIL syndrome,biolink:Disease,1,GARD:0010424,false,true,GARD
disease,GARD:0010427,Hypohidrotic X-linked ectodermal dysplasia,biolink:Disease,1,GARD:0010427,false,true,GARD
disease,GARD:0010428,Pure autonomic failure,biolink:Disease,1,GARD:0010428,false,true,GARD
disease,GARD:0010429,Brachyrachia (short spine dysplasia),biolink:Disease,1,GARD:0010429,false,true,GARD
disease,GARD:0010430,Severe myoclonic epilepsy in infancy,biolink:Disease,1,GARD:0010430,false,true,GARD
disease,GARD:0010431,Endemic Kaposi sarcoma,biolink:Disease,1,GARD:0010431,false,true,GARD
disease,GARD:0010433,Long QT syndrome 5,biolink:Disease,1,GARD:0010433,false,true,GARD
disease,GARD:0010434,Long QT syndrome 6,biolink:Disease,1,GARD:0010434,false,true,GARD
disease,GARD:0010435,Long QT syndrome 9,biolink:Disease,1,GARD:0010435,false,true,GARD
disease,GARD:0010436,Long QT syndrome 10,biolink:Disease,1,GARD:0010436,false,true,GARD
disease,GARD:0010437,Long QT syndrome 11,biolink:Disease,1,GARD:0010437,false,true,GARD
disease,GARD:0010438,Microcystic adnexal carcinoma,biolink:Disease,1,GARD:0010438,false,true,GARD
disease,GARD:0010443,Pediatric multiple sclerosis,biolink:Disease,1,GARD:0010443,false,true,GARD
disease,GARD:0010445,Deficiency of transaldolase,biolink:Disease,1,GARD:0010445,false,true,GARD
disease,GARD:0010447,Neurodevelopmental disorder with progressive spasticity and brain white matter abnormalities,biolink:Disease,1,GARD:0010447,false,true,GARD
disease,GARD:0010453,Perry syndrome,biolink:Disease,1,GARD:0010453,false,true,GARD
disease,GARD:0010457,Permanent neonatal diabetes mellitus,biolink:Disease,1,GARD:0010457,false,true,GARD
disease,GARD:0010460,GCGR-related hyperglucagonemia,biolink:Disease,1,GARD:0010460,false,true,GARD
disease,GARD:0010467,Multifocal lymphangioendotheliomatosis-thrombocytopenia syndrome,biolink:Disease,1,GARD:0010467,false,true,GARD
disease,GARD:0010468,Myocardial rupture,biolink:Disease,1,GARD:0010468,false,true,GARD
disease,GARD:0010469,Spinocerebellar ataxia type 17,biolink:Disease,1,GARD:0010469,false,true,GARD
disease,GARD:0010470,BK-virus nephropathy,biolink:Disease,1,GARD:0010470,false,true,GARD
disease,GARD:0010471,Autosomal recessive limb-girdle muscular dystrophy type 2G,biolink:Disease,1,GARD:0010471,false,true,GARD
disease,GARD:0010472,L-2-hydroxyglutaric aciduria,biolink:Disease,1,GARD:0010472,false,true,GARD
disease,GARD:0010474,Spinocerebellar ataxia type 10,biolink:Disease,1,GARD:0010474,false,true,GARD
disease,GARD:0010475,Spinocerebellar ataxia type 11,biolink:Disease,1,GARD:0010475,false,true,GARD
disease,GARD:0010476,Spinocerebellar ataxia type 12,biolink:Disease,1,GARD:0010476,false,true,GARD
disease,GARD:0010477,Spinocerebellar ataxia type 15/16,biolink:Disease,1,GARD:0010477,false,true,GARD
disease,GARD:0010480,Spinocerebellar ataxia type 29,biolink:Disease,1,GARD:0010480,false,true,GARD
disease,GARD:0010481,Spinocerebellar ataxia 9,biolink:Disease,1,GARD:0010481,false,true,GARD
disease,GARD:0010484,"Parkinsonism-dystonia, infantile",biolink:Disease,1,GARD:0010484,false,true,GARD
disease,GARD:0010486,Craniopharyngioma,biolink:Disease,1,GARD:0010486,false,true,GARD
disease,GARD:0010491,Langerhans cell sarcoma,biolink:Disease,1,GARD:0010491,false,true,GARD
disease,GARD:0010493,Aggressive NK-cell leukemia,biolink:Disease,1,GARD:0010493,false,true,GARD
disease,GARD:0010494,Meconium aspiration syndrome,biolink:Disease,1,GARD:0010494,false,true,GARD
disease,GARD:0010502,Amyotrophic lateral sclerosis type 4,biolink:Disease,1,GARD:0010502,false,true,GARD
disease,GARD:0010504,Craniorachischisis,biolink:Disease,1,GARD:0010504,false,true,GARD
disease,GARD:0010505,Cryptophthalmia,biolink:Disease,1,GARD:0010505,false,true,GARD
disease,GARD:0010506,Iniencephaly,biolink:Disease,1,GARD:0010506,false,true,GARD
disease,GARD:0010508,Bartter syndrome type 4,biolink:Disease,1,GARD:0010508,false,true,GARD
disease,GARD:0010509,Acquired partial lipodystrophy,biolink:Disease,1,GARD:0010509,false,true,GARD
disease,GARD:0010510,Juvenile Huntington disease,biolink:Disease,1,GARD:0010510,false,true,GARD
disease,GARD:0010513,"Spondyloepimetaphyseal dysplasia, aggrecan type",biolink:Disease,1,GARD:0010513,false,true,GARD
disease,GARD:0010514,EAST syndrome,biolink:Disease,1,GARD:0010514,false,true,GARD
disease,GARD:0010515,Congenital tracheomalacia,biolink:Disease,1,GARD:0010515,false,true,GARD
disease,GARD:0010516,Sterile multifocal osteomyelitis with periostitis and pustulosis,biolink:Disease,1,GARD:0010516,false,true,GARD
disease,GARD:0010518,Orofacial-digital syndrome III,biolink:Disease,1,GARD:0010518,false,true,GARD
disease,GARD:0010520,Orofaciodigital syndrome IX,biolink:Disease,1,GARD:0010520,false,true,GARD
disease,GARD:0010522,Congenital cataract-progressive muscular hypotonia-hearing loss-developmental delay syndrome,biolink:Disease,1,GARD:0010522,false,true,GARD
disease,GARD:0010523,Combined immunodeficiency due to STIM1 deficiency,biolink:Disease,1,GARD:0010523,false,true,GARD
disease,GARD:0010524,Combined immunodeficiency due to ORAI1 deficiency,biolink:Disease,1,GARD:0010524,false,true,GARD
disease,GARD:0010525,Chromosome 15q11.2 deletion syndrome,biolink:Disease,1,GARD:0010525,false,true,GARD
disease,GARD:0010526,"Ectodermal dysplasia with natal teeth, Turnpenny type",biolink:Disease,1,GARD:0010526,false,true,GARD
disease,GARD:0010528,Gingival fibromatosis-facial dysmorphism syndrome,biolink:Disease,1,GARD:0010528,false,true,GARD
disease,GARD:0010529,Myofibrillar myopathy,biolink:Disease,1,GARD:0010529,false,true,GARD
disease,GARD:0010533,X-linked dystonia-parkinsonism,biolink:Disease,1,GARD:0010533,false,true,GARD
disease,GARD:0010536,Torsion dystonia 17,biolink:Disease,1,GARD:0010536,false,true,GARD
disease,GARD:0010537,Torsion dystonia 13,biolink:Disease,1,GARD:0010537,false,true,GARD
disease,GARD:0010538,Hereditary spastic paraplegia 35,biolink:Disease,1,GARD:0010538,false,true,GARD
disease,GARD:0010539,Dystonia 16,biolink:Disease,1,GARD:0010539,false,true,GARD
disease,GARD:0010541,Childhood onset GLUT1 deficiency syndrome 2,biolink:Disease,1,GARD:0010541,false,true,GARD
disease,GARD:0010544,Pheochromocytoma/paraganglioma syndrome 2,biolink:Disease,1,GARD:0010544,false,true,GARD
disease,GARD:0010545,Pheochromocytoma/paraganglioma syndrome 3,biolink:Disease,1,GARD:0010545,false,true,GARD
disease,GARD:0010546,Pheochromocytoma/paraganglioma syndrome 4,biolink:Disease,1,GARD:0010546,false,true,GARD
disease,GARD:0010550,Infection due to Mycobacterium xenopi,biolink:Disease,1,GARD:0010550,false,true,GARD
disease,GARD:0010556,CD4+/CD56+ hematodermic neoplasm,biolink:Disease,1,GARD:0010556,false,true,GARD
disease,GARD:0010557,Chromosome 22q11.2 microduplication syndrome,biolink:Disease,1,GARD:0010557,false,true,GARD
disease,GARD:0010559,Primary interstitial lung disease specific to childhood,biolink:Disease,1,GARD:0010559,false,true,GARD
disease,GARD:0010560,AA amyloidosis,biolink:Disease,1,GARD:0010560,false,true,GARD
disease,GARD:0010562,Cutaneous nodular amyloidosis,biolink:Disease,1,GARD:0010562,false,true,GARD
disease,GARD:0010564,Appendix adenocarcinoma,biolink:Disease,1,GARD:0010564,false,true,GARD
disease,GARD:0010572,Christianson syndrome,biolink:Disease,1,GARD:0010572,false,true,GARD
disease,GARD:0010573,"Camptodactyly syndrome, Guadalajara type 3",biolink:Disease,1,GARD:0010573,false,true,GARD
disease,GARD:0010574,Aland island eye disease,biolink:Disease,1,GARD:0010574,false,true,GARD
disease,GARD:0010575,Platelet-type bleeding disorder 12,biolink:Disease,1,GARD:0010575,false,true,GARD
disease,GARD:0010578,Hyper-IgM syndrome type 2,biolink:Disease,1,GARD:0010578,false,true,GARD
disease,GARD:0010579,Hyper-IgM syndrome type 3,biolink:Disease,1,GARD:0010579,false,true,GARD
disease,GARD:0010580,Hyper-IgM syndrome type 4,biolink:Disease,1,GARD:0010580,false,true,GARD
disease,GARD:0010581,Hyper-IgM syndrome type 5,biolink:Disease,1,GARD:0010581,false,true,GARD
disease,GARD:0010582,Zechi-Ceide syndrome,biolink:Disease,1,GARD:0010582,false,true,GARD
disease,GARD:0010583,Neonatal ichthyosis-sclerosing cholangitis syndrome,biolink:Disease,1,GARD:0010583,false,true,GARD
disease,GARD:0010584,"Mesomelic dysplasia, Savarirayan type",biolink:Disease,1,GARD:0010584,false,true,GARD
disease,GARD:0010585,Chronic neutrophilic leukemia,biolink:Disease,1,GARD:0010585,false,true,GARD
disease,GARD:0010586,Loeys-Dietz syndrome 2,biolink:Disease,1,GARD:0010586,false,true,GARD
disease,GARD:0010587,Adult-onset autosomal dominant demyelinating leukodystrophy,biolink:Disease,1,GARD:0010587,false,true,GARD
disease,GARD:0010588,Loeys-Dietz syndrome 4,biolink:Disease,1,GARD:0010588,false,true,GARD
disease,GARD:0010590,Mesoaxial synostotic syndactyly with phalangeal reduction,biolink:Disease,1,GARD:0010590,false,true,GARD
disease,GARD:0010591,Chromosome 1q21.1 duplication syndrome,biolink:Disease,1,GARD:0010591,false,true,GARD
disease,GARD:0010592,Chromosome 19q13.11 deletion syndrome,biolink:Disease,1,GARD:0010592,false,true,GARD
disease,GARD:0010593,Acute infantile liver failure due to synthesis defect of mtDNA-encoded proteins,biolink:Disease,1,GARD:0010593,false,true,GARD
disease,GARD:0010594,Cerebral folate transport deficiency,biolink:Disease,1,GARD:0010594,false,true,GARD
disease,GARD:0010595,BNAR syndrome,biolink:Disease,1,GARD:0010595,false,true,GARD
disease,GARD:0010597,Complete androgen insensitivity syndrome,biolink:Disease,1,GARD:0010597,false,true,GARD
disease,GARD:0010598,Carotid body paraganglioma,biolink:Disease,1,GARD:0010598,false,true,GARD
disease,GARD:0010601,"Pituitary hormone deficiency, combined, 1",biolink:Disease,1,GARD:0010601,false,true,GARD
disease,GARD:0010602,"Combined pituitary hormone deficiencies, genetic form",biolink:Disease,1,GARD:0010602,false,true,GARD
disease,GARD:0010603,Non-acquired combined pituitary hormone deficiency with spine abnormalities,biolink:Disease,1,GARD:0010603,false,true,GARD
disease,GARD:0010604,Short stature-pituitary and cerebellar defects-small sella turcica syndrome,biolink:Disease,1,GARD:0010604,false,true,GARD
disease,GARD:0010605,Acrocapitofemoral dysplasia,biolink:Disease,1,GARD:0010605,false,true,GARD
disease,GARD:0010608,Atelosteogenesis type III,biolink:Disease,1,GARD:0010608,false,true,GARD
disease,GARD:0010609,Growth delay due to insulin-like growth factor I resistance,biolink:Disease,1,GARD:0010609,false,true,GARD
disease,GARD:0010611,"Spondyloepimetaphyseal dysplasia, matrilin-3 type",biolink:Disease,1,GARD:0010611,false,true,GARD
disease,GARD:0010612,Thoracomelic dysplasia,biolink:Disease,1,GARD:0010612,false,true,GARD
disease,GARD:0010613,Chondrodysplasia calcificans Metaphysealis,biolink:Disease,1,GARD:0010613,false,true,GARD
disease,GARD:0010614,Adrenomyeloneuropathy,biolink:Disease,1,GARD:0010614,false,true,GARD
disease,GARD:0010615,Hereditary hemorrhagic telangiectasia type 4,biolink:Disease,1,GARD:0010615,false,true,GARD
disease,GARD:0010616,Spondyloepimetaphyseal dysplasia-short limb-abnormal calcification syndrome,biolink:Disease,1,GARD:0010616,false,true,GARD
disease,GARD:0010617,Congenital cystic eye,biolink:Disease,1,GARD:0010617,false,true,GARD
disease,GARD:0010618,"Spondyloepimetaphyseal dysplasia, Missouri type",biolink:Disease,1,GARD:0010618,false,true,GARD
disease,GARD:0010619,Osteogenesis imperfecta type 9,biolink:Disease,1,GARD:0010619,false,true,GARD
disease,GARD:0010620,Smith-McCort dysplasia,biolink:Disease,1,GARD:0010620,false,true,GARD
disease,GARD:0010621,Genochondromatosis,biolink:Disease,1,GARD:0010621,false,true,GARD
disease,GARD:0010622,Metaphyseal dysplasia without hypotrichosis,biolink:Disease,1,GARD:0010622,false,true,GARD
disease,GARD:0010623,"Cleidocranial dysplasia, recessive form",biolink:Disease,1,GARD:0010623,false,true,GARD
disease,GARD:0010624,"Spondyloepiphyseal dysplasia tarda, autosomal dominant",biolink:Disease,1,GARD:0010624,false,true,GARD
disease,GARD:0010625,Type II complement component 8 deficiency,biolink:Disease,1,GARD:0010625,false,true,GARD
disease,GARD:0010626,Type I complement component 8 deficiency,biolink:Disease,1,GARD:0010626,false,true,GARD
disease,GARD:0010627,Growth delay due to insulin-like growth factor type 1 deficiency,biolink:Disease,1,GARD:0010627,false,true,GARD
disease,GARD:0010629,"Spondyloepiphyseal dysplasia, Cantu type",biolink:Disease,1,GARD:0010629,false,true,GARD
disease,GARD:0010630,Congenital diarrhea 5 with tufting enteropathy,biolink:Disease,1,GARD:0010630,false,true,GARD
disease,GARD:0010631,Pleomorphic xanthoastrocytoma,biolink:Disease,1,GARD:0010631,false,true,GARD
disease,GARD:0010632,Subependymal giant-cell astrocytoma,biolink:Disease,1,GARD:0010632,false,true,GARD
disease,GARD:0010633,Myxopapillary ependymoma,biolink:Disease,1,GARD:0010633,false,true,GARD
disease,GARD:0010634,Anaplastic ependymoma,biolink:Disease,1,GARD:0010634,false,true,GARD
disease,GARD:0010635,Astroblastoma,biolink:Disease,1,GARD:0010635,false,true,GARD
disease,GARD:0010637,Anaplastic oligoastrocytoma,biolink:Disease,1,GARD:0010637,false,true,GARD
disease,GARD:0010638,Gangliocytoma,biolink:Disease,1,GARD:0010638,false,true,GARD
disease,GARD:0010639,Anaplastic ganglioglioma,biolink:Disease,1,GARD:0010639,false,true,GARD
disease,GARD:0010640,Dysembryoplastic neuroepithelial tumor,biolink:Disease,1,GARD:0010640,false,true,GARD
disease,GARD:0010641,Central neurocytoma,biolink:Disease,1,GARD:0010641,false,true,GARD
disease,GARD:0010642,Cerebellar liponeurocytoma,biolink:Disease,1,GARD:0010642,false,true,GARD
disease,GARD:0010643,Carney-Stratakis syndrome,biolink:Disease,1,GARD:0010643,false,true,GARD
disease,GARD:0010644,Pineal parenchymal tumor of intermediate differentiation,biolink:Disease,1,GARD:0010644,false,true,GARD
disease,GARD:0010646,Teratoma with malignant transformation,biolink:Disease,1,GARD:0010646,false,true,GARD
disease,GARD:0010647,Spondylometaphyseal dysplasia-cone-rod dystrophy syndrome,biolink:Disease,1,GARD:0010647,false,true,GARD
disease,GARD:0010648,Achromatopsia 6,biolink:Disease,1,GARD:0010648,false,true,GARD
disease,GARD:0010649,Cone dystrophy with supernormal rod response,biolink:Disease,1,GARD:0010649,false,true,GARD
disease,GARD:0010650,Retinal cone dystrophy 4,biolink:Disease,1,GARD:0010650,false,true,GARD
disease,GARD:0010651,Cone-rod dystrophy 1,biolink:Disease,1,GARD:0010651,false,true,GARD
disease,GARD:0010652,X-linked cone-rod dystrophy 1,biolink:Disease,1,GARD:0010652,false,true,GARD
disease,GARD:0010653,Cone-rod dystrophy 3,biolink:Disease,1,GARD:0010653,false,true,GARD
disease,GARD:0010654,X-linked cone-rod dystrophy 3,biolink:Disease,1,GARD:0010654,false,true,GARD
disease,GARD:0010655,Cone-rod dystrophy 5,biolink:Disease,1,GARD:0010655,false,true,GARD
disease,GARD:0010656,Cone-rod dystrophy 6,biolink:Disease,1,GARD:0010656,false,true,GARD
disease,GARD:0010664,Baroreflex failure,biolink:Disease,1,GARD:0010664,false,true,GARD
disease,GARD:0010667,Dystonia 25,biolink:Disease,1,GARD:0010667,false,true,GARD
disease,GARD:0010671,Mucoepidermoid carcinoma,biolink:Disease,1,GARD:0010671,false,true,GARD
disease,GARD:0010674,Sphingolipid activator protein 1 deficiency,biolink:Disease,1,GARD:0010674,false,true,GARD
disease,GARD:0010675,Gaucher disease perinatal lethal,biolink:Disease,1,GARD:0010675,false,true,GARD
disease,GARD:0010679,Familial juvenile hyperuricemic nephropathy type 1,biolink:Disease,1,GARD:0010679,false,true,GARD
disease,GARD:0010680,Pseudohypoparathyroidism type 1B,biolink:Disease,1,GARD:0010680,false,true,GARD
disease,GARD:0010681,Pseudohypoparathyroidism type 1C,biolink:Disease,1,GARD:0010681,false,true,GARD
disease,GARD:0010682,Pseudohypoparathyroidism type II,biolink:Disease,1,GARD:0010682,false,true,GARD
disease,GARD:0010684,Primary lateral sclerosis,biolink:Disease,1,GARD:0010684,false,true,GARD
disease,GARD:0010686,Neuroferritinopathy,biolink:Disease,1,GARD:0010686,false,true,GARD
disease,GARD:0010688,Neurodegeneration with brain iron accumulation 2B,biolink:Disease,1,GARD:0010688,false,true,GARD
disease,GARD:0010692,Orofaciodigital syndrome,biolink:Disease,1,GARD:0010692,false,true,GARD
disease,GARD:0010693,Orofaciodigital syndrome type 12,biolink:Disease,1,GARD:0010693,false,true,GARD
disease,GARD:0010695,"Atrial septal defect, ostium primum type",biolink:Disease,1,GARD:0010695,false,true,GARD
disease,GARD:0010696,Sinus venosus atrial septal defect,biolink:Disease,1,GARD:0010696,false,true,GARD
disease,GARD:0010697,Coronary sinus atrial septal defect,biolink:Disease,1,GARD:0010697,false,true,GARD
disease,GARD:0010704,Congenital pontocerebellar hypoplasia type 1,biolink:Disease,1,GARD:0010704,false,true,GARD
disease,GARD:0010705,Pontocerebellar hypoplasia type 2,biolink:Disease,1,GARD:0010705,false,true,GARD
disease,GARD:0010706,"Hypermanganesemia with dystonia, polycythemia, and cirrhosis",biolink:Disease,1,GARD:0010706,false,true,GARD
disease,GARD:0010707,"Deafness with labyrinthine aplasia, microtia, and microdontia",biolink:Disease,1,GARD:0010707,false,true,GARD
disease,GARD:0010708,Pontocerebellar hypoplasia type 3,biolink:Disease,1,GARD:0010708,false,true,GARD
disease,GARD:0010709,Pontocerebellar hypoplasia type 5,biolink:Disease,1,GARD:0010709,false,true,GARD
disease,GARD:0010710,Pontocerebellar hypoplasia type 6,biolink:Disease,1,GARD:0010710,false,true,GARD
disease,GARD:0010712,Progressive transformation of germinal centers,biolink:Disease,1,GARD:0010712,false,true,GARD
disease,GARD:0010713,Pudendal neuralgia,biolink:Disease,1,GARD:0010713,false,true,GARD
disease,GARD:0010714,Legius syndrome,biolink:Disease,1,GARD:0010714,false,true,GARD
disease,GARD:0010715,Diploid-triploid mosaicism,biolink:Disease,1,GARD:0010715,false,true,GARD
disease,GARD:0010716,HSD10 mitochondrial disease,biolink:Disease,1,GARD:0010716,false,true,GARD
disease,GARD:0010718,Heinz body anemia,biolink:Disease,1,GARD:0010718,false,true,GARD
disease,GARD:0010719,Noonan syndrome-like disorder with loose anagen hair,biolink:Disease,1,GARD:0010719,false,true,GARD
disease,GARD:0010727,Koolen-de Vries syndrome,biolink:Disease,1,GARD:0010727,false,true,GARD
disease,GARD:0010728,Lethal congenital glycogen storage disease of heart,biolink:Disease,1,GARD:0010728,false,true,GARD
disease,GARD:0010729,"Niemann-Pick disease, type B",biolink:Disease,1,GARD:0010729,false,true,GARD
disease,GARD:0010730,Pyridoxal phosphate-responsive seizures,biolink:Disease,1,GARD:0010730,false,true,GARD
disease,GARD:0010731,McLeod neuroacanthocytosis syndrome,biolink:Disease,1,GARD:0010731,false,true,GARD
disease,GARD:0010732,Leukoencephalopathy with calcifications and cysts,biolink:Disease,1,GARD:0010732,false,true,GARD
disease,GARD:0010734,DICER1-related tumor predisposition,biolink:Disease,1,GARD:0010734,false,true,GARD
disease,GARD:0010737,Glaucomatocyclitic crisis,biolink:Disease,1,GARD:0010737,false,true,GARD
disease,GARD:0010738,Primary hyperoxaluria type 3,biolink:Disease,1,GARD:0010738,false,true,GARD
disease,GARD:0010739,Neuronal ceroid lipofuscinosis,biolink:Disease,1,GARD:0010739,false,true,GARD
disease,GARD:0010740,Proximal 16p11.2 microdeletion syndrome,biolink:Disease,1,GARD:0010740,false,true,GARD
disease,GARD:0010741,"Spondyloepimetaphyseal dysplasia, Handigodu type",biolink:Disease,1,GARD:0010741,false,true,GARD
disease,GARD:0010744,Malignant conjunctival melanoma,biolink:Disease,1,GARD:0010744,false,true,GARD
disease,GARD:0010747,Lupus nephritis,biolink:Disease,1,GARD:0010747,false,true,GARD
disease,GARD:0010752,Epidermolysis bullosa simplex,biolink:Disease,1,GARD:0010752,false,true,GARD
disease,GARD:0010753,Pachyonychia congenita syndrome,biolink:Disease,1,GARD:0010753,false,true,GARD
disease,GARD:0010754,Rubinstein-Taybi syndrome due to 16p13.3 microdeletion,biolink:Disease,1,GARD:0010754,false,true,GARD
disease,GARD:0010755,Chromosome 16p13.3 duplication syndrome,biolink:Disease,1,GARD:0010755,false,true,GARD
disease,GARD:0010756,Multiple epiphyseal dysplasia,biolink:Disease,1,GARD:0010756,false,true,GARD
disease,GARD:0010758,Pseudohypoparathyroidism,biolink:Disease,1,GARD:0010758,false,true,GARD
disease,GARD:0010760,Glycogen storage disease due to muscle and heart glycogen synthase deficiency,biolink:Disease,1,GARD:0010760,false,true,GARD
disease,GARD:0010761,2-hydroxyglutaric aciduria,biolink:Disease,1,GARD:0010761,false,true,GARD
disease,GARD:0010762,Hereditary arterial and articular multiple calcification syndrome,biolink:Disease,1,GARD:0010762,false,true,GARD
disease,GARD:0010764,Glycine N-methyltransferase deficiency,biolink:Disease,1,GARD:0010764,false,true,GARD
disease,GARD:0010766,Hereditary factor XIII deficiency disease,biolink:Disease,1,GARD:0010766,false,true,GARD
disease,GARD:0010767,MOGS-congenital disorder of glycosylation,biolink:Disease,1,GARD:0010767,false,true,GARD
disease,GARD:0010768,Familial or sporadic hemiplegic migraine,biolink:Disease,1,GARD:0010768,false,true,GARD
disease,GARD:0010769,MYH7-related skeletal myopathy,biolink:Disease,1,GARD:0010769,false,true,GARD
disease,GARD:0010770,Homocystinuria,biolink:Disease,1,GARD:0010770,false,true,GARD
disease,GARD:0010771,Hypogonadism with anosmia,biolink:Disease,1,GARD:0010771,false,true,GARD
disease,GARD:0010772,Hypogonadotropic hypogonadism 4 with or without anosmia,biolink:Disease,1,GARD:0010772,false,true,GARD
disease,GARD:0010773,Hypogonadotropic hypogonadism 5 with or without anosmia,biolink:Disease,1,GARD:0010773,false,true,GARD
disease,GARD:0010774,Hypogonadotropic hypogonadism 6 with or without anosmia,biolink:Disease,1,GARD:0010774,false,true,GARD
disease,GARD:0010775,Syndromic multisystem autoimmune disease due to ITCH deficiency,biolink:Disease,1,GARD:0010775,false,true,GARD
disease,GARD:0010777,Peritoneal multicystic mesothelioma,biolink:Disease,1,GARD:0010777,false,true,GARD
disease,GARD:0010778,Specific granule deficiency,biolink:Disease,1,GARD:0010778,false,true,GARD
disease,GARD:0010779,Chronic lymphocytic inflammation with pontine perivascular enhancement responsive to steroids,biolink:Disease,1,GARD:0010779,false,true,GARD
disease,GARD:0010780,Diffuse idiopathic pulmonary neuroendocrine cell hyperplasia,biolink:Disease,1,GARD:0010780,false,true,GARD
disease,GARD:0010781,Goldmann-Favre syndrome,biolink:Disease,1,GARD:0010781,false,true,GARD
disease,GARD:0010782,Stickler syndrome,biolink:Disease,1,GARD:0010782,false,true,GARD
disease,GARD:0010783,Bilateral frontal polymicrogyria,biolink:Disease,1,GARD:0010783,false,true,GARD
disease,GARD:0010784,Bilateral frontoparietal polymicrogyria,biolink:Disease,1,GARD:0010784,false,true,GARD
disease,GARD:0010785,Bilateral parasagittal parieto-occipital polymicrogyria,biolink:Disease,1,GARD:0010785,false,true,GARD
disease,GARD:0010786,Bilateral generalized polymicrogyria,biolink:Disease,1,GARD:0010786,false,true,GARD
disease,GARD:0010788,Loeys-Dietz syndrome,biolink:Disease,1,GARD:0010788,false,true,GARD
disease,GARD:0010790,Cone-rod dystrophy,biolink:Disease,1,GARD:0010790,false,true,GARD
disease,GARD:0010791,Logopenic progressive aphasia,biolink:Disease,1,GARD:0010791,false,true,GARD
disease,GARD:0010792,Semantic dementia,biolink:Disease,1,GARD:0010792,false,true,GARD
disease,GARD:0010793,Primary progressive non fluent aphasia,biolink:Disease,1,GARD:0010793,false,true,GARD
disease,GARD:0010794,Paroxysmal Hemicrania,biolink:Disease,1,GARD:0010794,false,true,GARD
disease,GARD:0010795,Hemicrania continua,biolink:Disease,1,GARD:0010795,false,true,GARD
disease,GARD:0010796,Hypnic headache,biolink:Disease,1,GARD:0010796,false,true,GARD
disease,GARD:0010801,Autosomal dominant medullary cystic kidney disease with or without hyperuricemia,biolink:Disease,1,GARD:0010801,false,true,GARD
disease,GARD:0010803,Lamellar ichthyosis,biolink:Disease,1,GARD:0010803,false,true,GARD
disease,GARD:0010804,Metaplastic breast carcinoma,biolink:Disease,1,GARD:0010804,false,true,GARD
disease,GARD:0010805,Familial adenomatous polyposis 2,biolink:Disease,1,GARD:0010805,false,true,GARD
disease,GARD:0010806,"Developmental and epileptic encephalopathy, 9",biolink:Disease,1,GARD:0010806,false,true,GARD
disease,GARD:0010808,Insulin autoimmune syndrome,biolink:Disease,1,GARD:0010808,false,true,GARD
disease,GARD:0010809,Postorgasmic illness syndrome,biolink:Disease,1,GARD:0010809,false,true,GARD
disease,GARD:0010810,Fatty acid hydroxylase-associated neurodegeneration,biolink:Disease,1,GARD:0010810,false,true,GARD
disease,GARD:0010813,Chromosome 1q21.1 deletion syndrome,biolink:Disease,1,GARD:0010813,false,true,GARD
disease,GARD:0010814,Thyrotoxic periodic paralysis,biolink:Disease,1,GARD:0010814,false,true,GARD
disease,GARD:0010815,Thrombophilia due to thrombin defect,biolink:Disease,1,GARD:0010815,false,true,GARD
disease,GARD:0010816,Lichen planus pigmentosus,biolink:Disease,1,GARD:0010816,false,true,GARD
disease,GARD:0010817,Hereditary spastic paraplegia 31,biolink:Disease,1,GARD:0010817,false,true,GARD
disease,GARD:0010818,Combined malonic and methylmalonic acidemia,biolink:Disease,1,GARD:0010818,false,true,GARD
disease,GARD:0010821,Eastern equine encephalitis,biolink:Disease,1,GARD:0010821,false,true,GARD
disease,GARD:0010822,Idiopathic spontaneous coronary artery dissection,biolink:Disease,1,GARD:0010822,false,true,GARD
disease,GARD:0010823,Obesity due to pro-opiomelanocortin deficiency,biolink:Disease,1,GARD:0010823,false,true,GARD
disease,GARD:0010824,Cushing syndrome due to macronodular adrenal hyperplasia,biolink:Disease,1,GARD:0010824,false,true,GARD
disease,GARD:0010826,Central centrifugal cicatricial alopecia,biolink:Disease,1,GARD:0010826,false,true,GARD
disease,GARD:0010828,Familial hypocalciuric hypercalcemia,biolink:Disease,1,GARD:0010828,false,true,GARD
disease,GARD:0010829,Hyperparathyroidism 2 with jaw tumors,biolink:Disease,1,GARD:0010829,false,true,GARD
disease,GARD:0010830,Nevus of Ito,biolink:Disease,1,GARD:0010830,false,true,GARD
disease,GARD:0010837,Ring chromosome 2,biolink:Disease,1,GARD:0010837,false,true,GARD
disease,GARD:0010839,Ring chromosome 3,biolink:Disease,1,GARD:0010839,false,true,GARD
disease,GARD:0010841,Ring chromosome 5,biolink:Disease,1,GARD:0010841,false,true,GARD
disease,GARD:0010846,Ring chromosome 11,biolink:Disease,1,GARD:0010846,false,true,GARD
disease,GARD:0010855,Ring chromosome 16,biolink:Disease,1,GARD:0010855,false,true,GARD
disease,GARD:0010860,Monosomy 21,biolink:Disease,1,GARD:0010860,false,true,GARD
disease,GARD:0010866,Proximal chromosome 18q deletion syndrome,biolink:Disease,1,GARD:0010866,false,true,GARD
disease,GARD:0010867,Familial multiple trichoepitheliomata,biolink:Disease,1,GARD:0010867,false,true,GARD
disease,GARD:0010869,Mosaic trisomy 13,biolink:Disease,1,GARD:0010869,false,true,GARD
disease,GARD:0010870,Free sialic acid storage disease,biolink:Disease,1,GARD:0010870,false,true,GARD
disease,GARD:0010872,Malignant peripheral nerve sheath tumor,biolink:Disease,1,GARD:0010872,false,true,GARD
disease,GARD:0010875,Visceral heterotaxy,biolink:Disease,1,GARD:0010875,false,true,GARD
disease,GARD:0010876,Radioulnar synostosis,biolink:Disease,1,GARD:0010876,false,true,GARD
disease,GARD:0010877,Familial tumoral calcinosis,biolink:Disease,1,GARD:0010877,false,true,GARD
disease,GARD:0010878,Normophosphatemic familial tumoral calcinosis,biolink:Disease,1,GARD:0010878,false,true,GARD
disease,GARD:0010879,Familial hyperphosphatemic tumoral calcinosis/hyperphosphatemic hyperostosis syndrome,biolink:Disease,1,GARD:0010879,false,true,GARD
disease,GARD:0010886,Frontal fibrosing alopecia,biolink:Disease,1,GARD:0010886,false,true,GARD
disease,GARD:0010887,Osteofibrous dysplasia,biolink:Disease,1,GARD:0010887,false,true,GARD
disease,GARD:0010889,Autosomal dominant familial hematuria-retinal arteriolar tortuosity-contractures syndrome,biolink:Disease,1,GARD:0010889,false,true,GARD
disease,GARD:0010890,Non-involuting congenital hemangioma,biolink:Disease,1,GARD:0010890,false,true,GARD
disease,GARD:0010891,GM1 gangliosidosis,biolink:Disease,1,GARD:0010891,false,true,GARD
disease,GARD:0010892,Blepharophimosis - intellectual disability syndrome,biolink:Disease,1,GARD:0010892,false,true,GARD
disease,GARD:0010897,"B-cell lymphoma, unclassifiable, with features intermediate between diffuse large b-cell lymphoma and classical Hodgkin lymphoma",biolink:Disease,1,GARD:0010897,false,true,GARD
disease,GARD:0010898,Adult pure red cell aplasia,biolink:Disease,1,GARD:0010898,false,true,GARD
disease,GARD:0010899,Inclusion body myopathy with Paget disease of bone and frontotemporal dementia,biolink:Disease,1,GARD:0010899,false,true,GARD
disease,GARD:0010900,Hereditary diffuse gastric adenocarcinoma,biolink:Disease,1,GARD:0010900,false,true,GARD
disease,GARD:0010902,Neuroacanthocytosis,biolink:Disease,1,GARD:0010902,false,true,GARD
disease,GARD:0010903,Brachyolmia,biolink:Disease,1,GARD:0010903,false,true,GARD
disease,GARD:0010904,Pityriasis rotunda,biolink:Disease,1,GARD:0010904,false,true,GARD
disease,GARD:0010905,Dyskeratosis congenita,biolink:Disease,1,GARD:0010905,false,true,GARD
disease,GARD:0010906,Primary pigmented nodular adrenocortical disease,biolink:Disease,1,GARD:0010906,false,true,GARD
disease,GARD:0010907,"X-linked immunodeficiency with magnesium defect, Epstein-Barr virus infection and neoplasia",biolink:Disease,1,GARD:0010907,false,true,GARD
disease,GARD:0010909,Adult-onset foveomacular vitelliform dystrophy,biolink:Disease,1,GARD:0010909,false,true,GARD
disease,GARD:0010910,Medial condensing osteitis of the clavicle,biolink:Disease,1,GARD:0010910,false,true,GARD
disease,GARD:0010911,Autoimmune pancreatitis,biolink:Disease,1,GARD:0010911,false,true,GARD
disease,GARD:0010913,Griscelli syndrome,biolink:Disease,1,GARD:0010913,false,true,GARD
disease,GARD:0010914,Familial avascular necrosis of the femoral head,biolink:Disease,1,GARD:0010914,false,true,GARD
disease,GARD:0010915,X-linked lymphoproliferative syndrome,biolink:Disease,1,GARD:0010915,false,true,GARD
disease,GARD:0010916,X-linked lymphoproliferative disease due to XIAP deficiency,biolink:Disease,1,GARD:0010916,false,true,GARD
disease,GARD:0010917,Hypomyelinating leukodystrophy 6,biolink:Disease,1,GARD:0010917,false,true,GARD
disease,GARD:0010919,Pontine tegmental cap dysplasia,biolink:Disease,1,GARD:0010919,false,true,GARD
disease,GARD:0010921,Intraneural perineurioma,biolink:Disease,1,GARD:0010921,false,true,GARD
disease,GARD:0010922,"49,XXXYY syndrome",biolink:Disease,1,GARD:0010922,false,true,GARD
disease,GARD:0010924,Carney triad,biolink:Disease,1,GARD:0010924,false,true,GARD
disease,GARD:0010925,La Crosse encephalitis,biolink:Disease,1,GARD:0010925,false,true,GARD
disease,GARD:0010927,Cryopyrin associated periodic syndrome,biolink:Disease,1,GARD:0010927,false,true,GARD
disease,GARD:0010928,Progressive bulbar palsy,biolink:Disease,1,GARD:0010928,false,true,GARD
disease,GARD:0010929,Nodular regenerative hyperplasia of the liver,biolink:Disease,1,GARD:0010929,false,true,GARD
disease,GARD:0010933,"Microcephaly, seizures, and developmental delay",biolink:Disease,1,GARD:0010933,false,true,GARD
disease,GARD:0010934,Monocytopenia with susceptibility to infections,biolink:Disease,1,GARD:0010934,false,true,GARD
disease,GARD:0010935,16q24.3 microdeletion syndrome,biolink:Disease,1,GARD:0010935,false,true,GARD
disease,GARD:0010936,Chromosome 17q23.1-q23.2 deletion syndrome,biolink:Disease,1,GARD:0010936,false,true,GARD
disease,GARD:0010937,Congenital generalized lipodystrophy type 4,biolink:Disease,1,GARD:0010937,false,true,GARD
disease,GARD:0010938,Microcornea-posterior megalolenticonus-persistent fetal vasculature-coloboma syndrome,biolink:Disease,1,GARD:0010938,false,true,GARD
disease,GARD:0010939,CLOVES syndrome,biolink:Disease,1,GARD:0010939,false,true,GARD
disease,GARD:0010940,Superior limbic keratoconjunctivitis,biolink:Disease,1,GARD:0010940,false,true,GARD
disease,GARD:0010942,Glaucoma secondary to spherophakia/ectopia lentis and megalocornea,biolink:Disease,1,GARD:0010942,false,true,GARD
disease,GARD:0010943,1q44 microdeletion syndrome,biolink:Disease,1,GARD:0010943,false,true,GARD
disease,GARD:0010944,COG6-congenital disorder of glycosylation,biolink:Disease,1,GARD:0010944,false,true,GARD
disease,GARD:0010945,Short stature-optic atrophy-Pelger-Huët anomaly syndrome,biolink:Disease,1,GARD:0010945,false,true,GARD
disease,GARD:0010946,Corticosteroid-sensitive aseptic abscess syndrome,biolink:Disease,1,GARD:0010946,false,true,GARD
disease,GARD:0010947,UV-sensitive syndrome,biolink:Disease,1,GARD:0010947,false,true,GARD
disease,GARD:0010948,Erythropoietic uroporphyria associated with myeloid malignancy,biolink:Disease,1,GARD:0010948,false,true,GARD
disease,GARD:0010949,Non-24-hour sleep-wake syndrome,biolink:Disease,1,GARD:0010949,false,true,GARD
disease,GARD:0010951,Necrobiotic xanthogranuloma,biolink:Disease,1,GARD:0010951,false,true,GARD
disease,GARD:0010954,Methylcrotonyl-CoA carboxylase deficiency,biolink:Disease,1,GARD:0010954,false,true,GARD
disease,GARD:0010955,Noonan syndrome,biolink:Disease,1,GARD:0010955,false,true,GARD
disease,GARD:0010956,Hyper-IgE syndrome,biolink:Disease,1,GARD:0010956,false,true,GARD
disease,GARD:0010957,Iron-refractory iron deficiency anemia,biolink:Disease,1,GARD:0010957,false,true,GARD
disease,GARD:0010958,Oculocutaneous albinism,biolink:Disease,1,GARD:0010958,false,true,GARD
disease,GARD:0010959,Familial isolated pituitary adenoma,biolink:Disease,1,GARD:0010959,false,true,GARD
disease,GARD:0010962,Tempi syndrome,biolink:Disease,1,GARD:0010962,false,true,GARD
disease,GARD:0010964,Chronic graft versus host disease,biolink:Disease,1,GARD:0010964,false,true,GARD
disease,GARD:0010965,Bent bone dysplasia syndrome 1,biolink:Disease,1,GARD:0010965,false,true,GARD
disease,GARD:0010966,Systemic-onset juvenile idiopathic arthritis,biolink:Disease,1,GARD:0010966,false,true,GARD
disease,GARD:0010967,Polyarticular juvenile rheumatoid arthritis,biolink:Disease,1,GARD:0010967,false,true,GARD
disease,GARD:0010969,Enthesitis-related juvenile idiopathic arthritis,biolink:Disease,1,GARD:0010969,false,true,GARD
disease,GARD:0010970,Psoriasis-related juvenile idiopathic arthritis,biolink:Disease,1,GARD:0010970,false,true,GARD
disease,GARD:0010972,Distal monosomy 17q,biolink:Disease,1,GARD:0010972,false,true,GARD
disease,GARD:0010973,Adult neuronal ceroid lipofuscinosis,biolink:Disease,1,GARD:0010973,false,true,GARD
disease,GARD:0010975,Familial hemiplegic migraine,biolink:Disease,1,GARD:0010975,false,true,GARD
disease,GARD:0010977,Pontoneocerebellar hypoplasia,biolink:Disease,1,GARD:0010977,false,true,GARD
disease,GARD:0010980,Autoimmune polyendocrinopathy type 3,biolink:Disease,1,GARD:0010980,false,true,GARD
disease,GARD:0010981,"Leukoencephalopathy, diffuse hereditary, with spheroids 1",biolink:Disease,1,GARD:0010981,false,true,GARD
disease,GARD:0010983,Disseminated superficial actinic porokeratosis,biolink:Disease,1,GARD:0010983,false,true,GARD
disease,GARD:0010984,Mendelian susceptibility to mycobacterial diseases due to complete IL12RB1 deficiency,biolink:Disease,1,GARD:0010984,false,true,GARD
disease,GARD:0010985,Left ventricular noncompaction,biolink:Disease,1,GARD:0010985,false,true,GARD
disease,GARD:0010986,Granulomatous slack skin disease,biolink:Disease,1,GARD:0010986,false,true,GARD
disease,GARD:0010989,Mandibular hypoplasia-deafness-progeroid syndrome,biolink:Disease,1,GARD:0010989,false,true,GARD
disease,GARD:0010990,Chromosome 15q25 deletion syndrome,biolink:Disease,1,GARD:0010990,false,true,GARD
disease,GARD:0010991,19p13.12 microdeletion syndrome,biolink:Disease,1,GARD:0010991,false,true,GARD
disease,GARD:0010992,Spastic ataxia 4,biolink:Disease,1,GARD:0010992,false,true,GARD
disease,GARD:0010994,Genitopatellar syndrome,biolink:Disease,1,GARD:0010994,false,true,GARD
disease,GARD:0010995,Infantile cerebral and cerebellar atrophy with postnatal progressive microcephaly,biolink:Disease,1,GARD:0010995,false,true,GARD
disease,GARD:0010996,Distal 17p13.1 microdeletion syndrome,biolink:Disease,1,GARD:0010996,false,true,GARD
disease,GARD:0010997,Aneurysm-osteoarthritis syndrome,biolink:Disease,1,GARD:0010997,false,true,GARD
disease,GARD:0010998,2q23.1 microdeletion syndrome,biolink:Disease,1,GARD:0010998,false,true,GARD
disease,GARD:0011000,Constitutional megaloblastic anemia with severe neurologic disease,biolink:Disease,1,GARD:0011000,false,true,GARD
disease,GARD:0011003,Karyomegalic interstitial nephritis,biolink:Disease,1,GARD:0011003,false,true,GARD
disease,GARD:0011004,Linear and whorled nevoid hypermelanosis,biolink:Disease,1,GARD:0011004,false,true,GARD
disease,GARD:0011005,Febrile infection-related epilepsy syndrome,biolink:Disease,1,GARD:0011005,false,true,GARD
disease,GARD:0011006,Painful orbital and systemic neurofibromas-marfanoid habitus syndrome,biolink:Disease,1,GARD:0011006,false,true,GARD
disease,GARD:0011007,Onychocytic matricoma,biolink:Disease,1,GARD:0011007,false,true,GARD
disease,GARD:0011008,Nestor-Guillermo progeria syndrome,biolink:Disease,1,GARD:0011008,false,true,GARD
disease,GARD:0011009,"Chondrodysplasia with joint dislocations, gPAPP type",biolink:Disease,1,GARD:0011009,false,true,GARD
disease,GARD:0011010,Hereditary sensorimotor neuropathy with hyperelastic skin,biolink:Disease,1,GARD:0011010,false,true,GARD
disease,GARD:0011011,Multifocal motor neuropathy,biolink:Disease,1,GARD:0011011,false,true,GARD
disease,GARD:0011855,Ameloblastic carcinoma,biolink:Disease,1,GARD:0011855,false,true,GARD
disease,GARD:0011890,Peroxisome biogenesis disorder,biolink:Disease,1,GARD:0011890,false,true,GARD
disease,GARD:0011892,Cobb syndrome,biolink:Disease,1,GARD:0011892,false,true,GARD
disease,GARD:0011893,Mandibuloacral dysplasia,biolink:Disease,1,GARD:0011893,false,true,GARD
disease,GARD:0011894,PULMONARY ALVEOLAR MICROLITHIASIS,biolink:Disease,1,GARD:0011894,false,true,GARD
disease,GARD:0011895,Pellucid marginal degeneration,biolink:Disease,1,GARD:0011895,false,true,GARD
disease,GARD:0011897,Cone dystrophy,biolink:Disease,1,GARD:0011897,false,true,GARD
disease,GARD:0011898,Linear lichen planus,biolink:Disease,1,GARD:0011898,false,true,GARD
disease,GARD:0011899,Neurodegeneration with brain iron accumulation,biolink:Disease,1,GARD:0011899,false,true,GARD
disease,GARD:0011901,Juvenile amyotrophic lateral sclerosis,biolink:Disease,1,GARD:0011901,false,true,GARD
disease,GARD:0011902,Congenital myasthenic syndrome,biolink:Disease,1,GARD:0011902,false,true,GARD
disease,GARD:0011903,Decreased circulating level of specific antibody,biolink:Disease,1,GARD:0011903,false,true,GARD
disease,GARD:0011904,Capillary malformation-arteriovenous malformation syndrome,biolink:Disease,1,GARD:0011904,false,true,GARD
disease,GARD:0011906,Cylindrical spirals myopathy,biolink:Disease,1,GARD:0011906,false,true,GARD
disease,GARD:0011907,Acute panmyelosis with myelofibrosis,biolink:Disease,1,GARD:0011907,false,true,GARD
disease,GARD:0011908,Dirofilariasis,biolink:Disease,1,GARD:0011908,false,true,GARD
disease,GARD:0011909,Engraftment syndrome,biolink:Disease,1,GARD:0011909,false,true,GARD
disease,GARD:0011910,Atypical Werner syndrome,biolink:Disease,1,GARD:0011910,false,true,GARD
disease,GARD:0011911,Deafness-infertility syndrome,biolink:Disease,1,GARD:0011911,false,true,GARD
disease,GARD:0011914,Heritable pulmonary arterial hypertension,biolink:Disease,1,GARD:0011914,false,true,GARD
disease,GARD:0011915,Cap myopathy,biolink:Disease,1,GARD:0011915,false,true,GARD
disease,GARD:0011918,Autosomal dominant nocturnal frontal lobe epilepsy,biolink:Disease,1,GARD:0011918,false,true,GARD
disease,GARD:0011923,Urinary bladder small cell neuroendocrine carcinoma,biolink:Disease,1,GARD:0011923,false,true,GARD
disease,GARD:0011925,Severe X-linked myotubular myopathy,biolink:Disease,1,GARD:0011925,false,true,GARD
disease,GARD:0011927,Hereditary sensory neuropathy-deafness-dementia syndrome,biolink:Disease,1,GARD:0011927,false,true,GARD
disease,GARD:0011951,Rhabdomyosarcoma,biolink:Disease,1,GARD:0011951,false,true,GARD
disease,GARD:0011962,Familial partial lipodystrophy,biolink:Disease,1,GARD:0011962,false,true,GARD
disease,GARD:0011967,Pitt-Hopkins-like syndrome,biolink:Disease,1,GARD:0011967,false,true,GARD
disease,GARD:0011970,Infection due to clostridium perfringens,biolink:Disease,1,GARD:0011970,false,true,GARD
disease,GARD:0011971,Renal nutcracker syndrome,biolink:Disease,1,GARD:0011971,false,true,GARD
disease,GARD:0011972,Dominant hereditary optic atrophy,biolink:Disease,1,GARD:0011972,false,true,GARD
disease,GARD:0011973,Angioimmunoblastic T-cell lymphoma,biolink:Disease,1,GARD:0011973,false,true,GARD
disease,GARD:0011974,Chromosome 3q29 microdeletion syndrome,biolink:Disease,1,GARD:0011974,false,true,GARD
disease,GARD:0011979,Autoimmune encephalitis,biolink:Disease,1,GARD:0011979,false,true,GARD
disease,GARD:0011980,Hypomyelination and Congenital Cataract,biolink:Disease,1,GARD:0011980,false,true,GARD
disease,GARD:0011982,Primary membranoproliferative glomerulonephritis,biolink:Disease,1,GARD:0011982,false,true,GARD
disease,GARD:0011983,Activated PI3K-delta syndrome,biolink:Disease,1,GARD:0011983,false,true,GARD
disease,GARD:0011984,Hereditary pheochromocytoma and paraganglioma,biolink:Disease,1,GARD:0011984,false,true,GARD
disease,GARD:0011985,"48,XYYY syndrome",biolink:Disease,1,GARD:0011985,false,true,GARD
disease,GARD:0011989,Pythiosis,biolink:Disease,1,GARD:0011989,false,true,GARD
disease,GARD:0011992,Acquired adult-onset immunodeficiency,biolink:Disease,1,GARD:0011992,false,true,GARD
disease,GARD:0012008,Congenital tracheal stenosis,biolink:Disease,1,GARD:0012008,false,true,GARD
disease,GARD:0012010,Biliary atresia,biolink:Disease,1,GARD:0012010,false,true,GARD
disease,GARD:0012011,Charcot-Marie-Tooth disease dominant intermediate E,biolink:Disease,1,GARD:0012011,false,true,GARD
disease,GARD:0012015,Lipoblastoma,biolink:Disease,1,GARD:0012015,false,true,GARD
disease,GARD:0012016,Primary melanoma of the central nervous system,biolink:Disease,1,GARD:0012016,false,true,GARD
disease,GARD:0012017,Malignant pineal area germ cell neoplasm,biolink:Disease,1,GARD:0012017,false,true,GARD
disease,GARD:0012027,Differentiated thyroid carcinoma,biolink:Disease,1,GARD:0012027,false,true,GARD
disease,GARD:0012032,Situs inversus with levocardia,biolink:Disease,1,GARD:0012032,false,true,GARD
disease,GARD:0012033,Nemaline myopathy,biolink:Disease,1,GARD:0012033,false,true,GARD
disease,GARD:0012036,Facial onset sensory and motor neuronopathy,biolink:Disease,1,GARD:0012036,false,true,GARD
disease,GARD:0012041,Melanoma associated retinopathy,biolink:Disease,1,GARD:0012041,false,true,GARD
disease,GARD:0012048,Immunotactoid glomerulopathy,biolink:Disease,1,GARD:0012048,false,true,GARD
disease,GARD:0012059,GM3 synthase deficiency,biolink:Disease,1,GARD:0012059,false,true,GARD
disease,GARD:0012062,Visual snow syndrome,biolink:Disease,1,GARD:0012062,false,true,GARD
disease,GARD:0012074,Craniofacial microsomia,biolink:Disease,1,GARD:0012074,false,true,GARD
disease,GARD:0012076,7q11.23 microduplication syndrome,biolink:Disease,1,GARD:0012076,false,true,GARD
disease,GARD:0012085,Isolated anophthalmia-microphthalmia syndrome,biolink:Disease,1,GARD:0012085,false,true,GARD
disease,GARD:0012097,Lysosomal acid lipase deficiency,biolink:Disease,1,GARD:0012097,false,true,GARD
disease,GARD:0012099,Cholesteryl ester storage disease,biolink:Disease,1,GARD:0012099,false,true,GARD
disease,GARD:0012107,Autosomal dominant non-syndromic intellectual disability,biolink:Disease,1,GARD:0012107,false,true,GARD
disease,GARD:0012109,Trichothiodystrophy,biolink:Disease,1,GARD:0012109,false,true,GARD
disease,GARD:0012117,Autosomal recessive primary microcephaly,biolink:Disease,1,GARD:0012117,false,true,GARD
disease,GARD:0012123,Congenital absence of upper arm and forearm with hand present,biolink:Disease,1,GARD:0012123,false,true,GARD
disease,GARD:0012124,Macrophage activation syndrome,biolink:Disease,1,GARD:0012124,false,true,GARD
disease,GARD:0012125,Plasmablastic lymphoma,biolink:Disease,1,GARD:0012125,false,true,GARD
disease,GARD:0012136,C1q nephropathy,biolink:Disease,1,GARD:0012136,false,true,GARD
disease,GARD:0012144,Dopa-responsive dystonia,biolink:Disease,1,GARD:0012144,false,true,GARD
disease,GARD:0012155,Renal hypomagnesemia 6,biolink:Disease,1,GARD:0012155,false,true,GARD
disease,GARD:0012162,Reducing body myopathy,biolink:Disease,1,GARD:0012162,false,true,GARD
disease,GARD:0012163,Brain-lung-thyroid syndrome,biolink:Disease,1,GARD:0012163,false,true,GARD
disease,GARD:0012166,5q14.3 microdeletion syndrome,biolink:Disease,1,GARD:0012166,false,true,GARD
disease,GARD:0012174,Spondylocostal dysostosis,biolink:Disease,1,GARD:0012174,false,true,GARD
disease,GARD:0012185,Benign recurrent intrahepatic cholestasis,biolink:Disease,1,GARD:0012185,false,true,GARD
disease,GARD:0012199,MEGF10-related myopathy,biolink:Disease,1,GARD:0012199,false,true,GARD
disease,GARD:0012219,Chromosome 15q24 deletion syndrome,biolink:Disease,1,GARD:0012219,false,true,GARD
disease,GARD:0012232,Autosomal recessive spinocerebellar ataxia 7,biolink:Disease,1,GARD:0012232,false,true,GARD
disease,GARD:0012234,"Autosomal recessive ataxia, Beauce type",biolink:Disease,1,GARD:0012234,false,true,GARD
disease,GARD:0012241,"Hyperlipoproteinemia, type I",biolink:Disease,1,GARD:0012241,false,true,GARD
disease,GARD:0012244,New-onset refractory status epilepticus,biolink:Disease,1,GARD:0012244,false,true,GARD
disease,GARD:0012251,Isolated ectopia lentis,biolink:Disease,1,GARD:0012251,false,true,GARD
disease,GARD:0012257,T-cell/histiocyte rich large B cell lymphoma,biolink:Disease,1,GARD:0012257,false,true,GARD
disease,GARD:0012267,"Channelopathy-associated congenital insensitivity to pain, autosomal recessive",biolink:Disease,1,GARD:0012267,false,true,GARD
disease,GARD:0012279,Ectomesenchymoma,biolink:Disease,1,GARD:0012279,false,true,GARD
disease,GARD:0012280,Congenital central hypothyroidism,biolink:Disease,1,GARD:0012280,false,true,GARD
disease,GARD:0012281,Chronic atrial and intestinal dysrhythmia,biolink:Disease,1,GARD:0012281,false,true,GARD
disease,GARD:0012291,Lissencephaly,biolink:Disease,1,GARD:0012291,false,true,GARD
disease,GARD:0012299,Bradyopsia,biolink:Disease,1,GARD:0012299,false,true,GARD
disease,GARD:0012300,Pelizaeus Merzbacher like disease,biolink:Disease,1,GARD:0012300,false,true,GARD
disease,GARD:0012301,Thomsen and Becker disease,biolink:Disease,1,GARD:0012301,false,true,GARD
disease,GARD:0012308,Celiac trunk compression syndrome,biolink:Disease,1,GARD:0012308,false,true,GARD
disease,GARD:0012311,Congenital lactase deficiency,biolink:Disease,1,GARD:0012311,false,true,GARD
disease,GARD:0012312,IMAGe syndrome,biolink:Disease,1,GARD:0012312,false,true,GARD
disease,GARD:0012314,Autoimmune enteropathy and endocrinopathy - susceptibility to chronic infections syndrome,biolink:Disease,1,GARD:0012314,false,true,GARD
disease,GARD:0012315,Congenital disorder of deglycosylation 1,biolink:Disease,1,GARD:0012315,false,true,GARD
disease,GARD:0012316,Autoimmune lymphoproliferative syndrome due to CTLA4 haploinsufficiency,biolink:Disease,1,GARD:0012316,false,true,GARD
disease,GARD:0012328,Congenital sensory neuropathy with selective loss of small myelinated fibers,biolink:Disease,1,GARD:0012328,false,true,GARD
disease,GARD:0012331,Intestinal lymphangiectasia,biolink:Disease,1,GARD:0012331,false,true,GARD
disease,GARD:0012335,Carcinosarcoma of the corpus uteri,biolink:Disease,1,GARD:0012335,false,true,GARD
disease,GARD:0012338,Transcobalamin II deficiency,biolink:Disease,1,GARD:0012338,false,true,GARD
disease,GARD:0012347,Dihydropyrimidinase deficiency,biolink:Disease,1,GARD:0012347,false,true,GARD
disease,GARD:0012348,COG5-congenital disorder of glycosylation,biolink:Disease,1,GARD:0012348,false,true,GARD
disease,GARD:0012353,Autosomal recessive axonal neuropathy with neuromyotonia,biolink:Disease,1,GARD:0012353,false,true,GARD
disease,GARD:0012354,"Renal tubular acidosis, distal, 4, with hemolytic anemia",biolink:Disease,1,GARD:0012354,false,true,GARD
disease,GARD:0012356,Rienhoff syndrome,biolink:Disease,1,GARD:0012356,false,true,GARD
disease,GARD:0012357,STING-associated vasculopathy with onset in infancy,biolink:Disease,1,GARD:0012357,false,true,GARD
disease,GARD:0012360,Microcytic anemia with liver iron overload,biolink:Disease,1,GARD:0012360,false,true,GARD
disease,GARD:0012361,Eosinophil peroxidase deficiency,biolink:Disease,1,GARD:0012361,false,true,GARD
disease,GARD:0012362,Familial hyperaldosteronism type III,biolink:Disease,1,GARD:0012362,false,true,GARD
disease,GARD:0012365,Spinocerebellar ataxia type 19/22,biolink:Disease,1,GARD:0012365,false,true,GARD
disease,GARD:0012366,Spinocerebellar ataxia type 35,biolink:Disease,1,GARD:0012366,false,true,GARD
disease,GARD:0012367,Spinocerebellar ataxia type 36,biolink:Disease,1,GARD:0012367,false,true,GARD
disease,GARD:0012368,Spinocerebellar ataxia type 37,biolink:Disease,1,GARD:0012368,false,true,GARD
disease,GARD:0012369,Spinocerebellar ataxia type 38,biolink:Disease,1,GARD:0012369,false,true,GARD
disease,GARD:0012371,Spinocerebellar ataxia type 40,biolink:Disease,1,GARD:0012371,false,true,GARD
disease,GARD:0012372,"Autosomal dominant cerebellar ataxia, deafness and narcolepsy",biolink:Disease,1,GARD:0012372,false,true,GARD
disease,GARD:0012375,Idiopathic CD4 lymphocytopenia,biolink:Disease,1,GARD:0012375,false,true,GARD
disease,GARD:0012382,Sudden infant death-dysgenesis of the testes syndrome,biolink:Disease,1,GARD:0012382,false,true,GARD
disease,GARD:0012383,Deficiency of adenosine deaminase 2,biolink:Disease,1,GARD:0012383,false,true,GARD
disease,GARD:0012384,Hypopigmentation-punctate palmoplantar keratoderma syndrome,biolink:Disease,1,GARD:0012384,false,true,GARD
disease,GARD:0012385,Infertility associated with multi-tailed spermatozoa and excessive DNA,biolink:Disease,1,GARD:0012385,false,true,GARD
disease,GARD:0012388,Chromosome 16p11.2 duplication syndrome,biolink:Disease,1,GARD:0012388,false,true,GARD
disease,GARD:0012390,Schnitzler syndrome,biolink:Disease,1,GARD:0012390,false,true,GARD
disease,GARD:0012391,"Developmental and epileptic encephalopathy, 26",biolink:Disease,1,GARD:0012391,false,true,GARD
disease,GARD:0012393,DK1-congenital disorder of glycosylation,biolink:Disease,1,GARD:0012393,false,true,GARD
disease,GARD:0012394,RFT1-congenital disorder of glycosylation,biolink:Disease,1,GARD:0012394,false,true,GARD
disease,GARD:0012395,DPM3-congenital disorder of glycosylation,biolink:Disease,1,GARD:0012395,false,true,GARD
disease,GARD:0012396,ALG11-congenital disorder of glycosylation,biolink:Disease,1,GARD:0012396,false,true,GARD
disease,GARD:0012397,SRD5A3-congenital disorder of glycosylation,biolink:Disease,1,GARD:0012397,false,true,GARD
disease,GARD:0012398,Congenital disorder of glycosylation type Ir,biolink:Disease,1,GARD:0012398,false,true,GARD
disease,GARD:0012401,"Developmental and epileptic encephalopathy, 36",biolink:Disease,1,GARD:0012401,false,true,GARD
disease,GARD:0012403,SLC35A2-congenital disorder of glycosylation,biolink:Disease,1,GARD:0012403,false,true,GARD
disease,GARD:0012404,"Alacrima, achalasia, and intellectual disability syndrome",biolink:Disease,1,GARD:0012404,false,true,GARD
disease,GARD:0012405,SSR4-congenital disorder of glycosylation,biolink:Disease,1,GARD:0012405,false,true,GARD
disease,GARD:0012409,SLC35A1-congenital disorder of glycosylation,biolink:Disease,1,GARD:0012409,false,true,GARD
disease,GARD:0012411,COG8-congenital disorder of glycosylation,biolink:Disease,1,GARD:0012411,false,true,GARD
disease,GARD:0012412,COG4-congenital disorder of glycosylation,biolink:Disease,1,GARD:0012412,false,true,GARD
disease,GARD:0012413,TMEM165-congenital disorder of glycosylation,biolink:Disease,1,GARD:0012413,false,true,GARD
disease,GARD:0012416,Congenital muscular dystrophy with intellectual disability and severe epilepsy,biolink:Disease,1,GARD:0012416,false,true,GARD
disease,GARD:0012417,MAN1B1-congenital disorder of glycosylation,biolink:Disease,1,GARD:0012417,false,true,GARD
disease,GARD:0012426,Pseudo-TORCH syndrome,biolink:Disease,1,GARD:0012426,false,true,GARD
disease,GARD:0012428,Cutaneous collagenous vasculopathy,biolink:Disease,1,GARD:0012428,false,true,GARD
disease,GARD:0012429,Charcot-Marie-Tooth disease axonal type 2N,biolink:Disease,1,GARD:0012429,false,true,GARD
disease,GARD:0012431,Charcot-Marie-Tooth disease type 2,biolink:Disease,1,GARD:0012431,false,true,GARD
disease,GARD:0012432,Charcot-Marie-Tooth disease axonal type 2L,biolink:Disease,1,GARD:0012432,false,true,GARD
disease,GARD:0012433,"Charcot-Marie-Tooth disease, type I",biolink:Disease,1,GARD:0012433,false,true,GARD
disease,GARD:0012434,Charcot-Marie-Tooth disease axonal type 2O,biolink:Disease,1,GARD:0012434,false,true,GARD
disease,GARD:0012435,Charcot-Marie-Tooth disease axonal type 2P,biolink:Disease,1,GARD:0012435,false,true,GARD
disease,GARD:0012436,Autosomal dominant intermediate Charcot-Marie-Tooth disease,biolink:Disease,1,GARD:0012436,false,true,GARD
disease,GARD:0012437,"Charcot-Marie-Tooth Disease, axonal, type 2GG",biolink:Disease,1,GARD:0012437,false,true,GARD
disease,GARD:0012438,Charcot-Marie-Tooth disease dominant intermediate B,biolink:Disease,1,GARD:0012438,false,true,GARD
disease,GARD:0012439,Charcot-Marie-Tooth disease dominant intermediate C,biolink:Disease,1,GARD:0012439,false,true,GARD
disease,GARD:0012440,Charcot-Marie-Tooth disease type 4,biolink:Disease,1,GARD:0012440,false,true,GARD
disease,GARD:0012441,Charcot-Marie-Tooth disease type 4F,biolink:Disease,1,GARD:0012441,false,true,GARD
disease,GARD:0012442,Charcot-Marie-Tooth disease type 4H,biolink:Disease,1,GARD:0012442,false,true,GARD
disease,GARD:0012443,Charcot-Marie-Tooth disease type 4J,biolink:Disease,1,GARD:0012443,false,true,GARD
disease,GARD:0012444,Charcot-Marie-Tooth disease type X,biolink:Disease,1,GARD:0012444,false,true,GARD
disease,GARD:0012445,Charcot-Marie-Tooth disease X-linked dominant 6,biolink:Disease,1,GARD:0012445,false,true,GARD
disease,GARD:0012446,Charcot-Marie-Tooth disease axonal type 2Q,biolink:Disease,1,GARD:0012446,false,true,GARD
disease,GARD:0012447,Giant axonal neuropathy 2,biolink:Disease,1,GARD:0012447,false,true,GARD
disease,GARD:0012448,Charcot-Marie-Tooth disease axonal type 2K,biolink:Disease,1,GARD:0012448,false,true,GARD
disease,GARD:0012451,Charcot-Marie-Tooth disease type 2R,biolink:Disease,1,GARD:0012451,false,true,GARD
disease,GARD:0012452,Autosomal recessive intermediate Charcot-Marie-Tooth disease,biolink:Disease,1,GARD:0012452,false,true,GARD
disease,GARD:0012453,Charcot-Marie-Tooth disease recessive intermediate A,biolink:Disease,1,GARD:0012453,false,true,GARD
disease,GARD:0012454,Charcot-Marie-Tooth disease recessive intermediate B,biolink:Disease,1,GARD:0012454,false,true,GARD
disease,GARD:0012458,Sickle cell-hemoglobin D disease,biolink:Disease,1,GARD:0012458,false,true,GARD
disease,GARD:0012469,Glutaryl-CoA oxidase deficiency,biolink:Disease,1,GARD:0012469,false,true,GARD
disease,GARD:0012471,Sterol carrier protein 2 deficiency,biolink:Disease,1,GARD:0012471,false,true,GARD
disease,GARD:0012472,CADDS,biolink:Disease,1,GARD:0012472,false,true,GARD
disease,GARD:0012474,"Ehlers-Danlos syndrome, periodontitis type",biolink:Disease,1,GARD:0012474,false,true,GARD
disease,GARD:0012477,Peroxisomal single enzyme/protein defect,biolink:Disease,1,GARD:0012477,false,true,GARD
disease,GARD:0012478,Platelet-type bleeding disorder 8,biolink:Disease,1,GARD:0012478,false,true,GARD
disease,GARD:0012480,Tetrasomy 21,biolink:Disease,1,GARD:0012480,false,true,GARD
disease,GARD:0012483,Cor triatriatum dexter,biolink:Disease,1,GARD:0012483,false,true,GARD
disease,GARD:0012484,Cor triatriatum sinister,biolink:Disease,1,GARD:0012484,false,true,GARD
disease,GARD:0012486,Corpus callosum agenesis-intellectual disability-coloboma-micrognathia syndrome,biolink:Disease,1,GARD:0012486,false,true,GARD
disease,GARD:0012487,Intellectual disability-hypoplastic corpus callosum-preauricular tag syndrome,biolink:Disease,1,GARD:0012487,false,true,GARD
disease,GARD:0012491,X-linked lissencephaly with abnormal genitalia,biolink:Disease,1,GARD:0012491,false,true,GARD
disease,GARD:0012492,20p12.3 microdeletion syndrome,biolink:Disease,1,GARD:0012492,false,true,GARD
disease,GARD:0012494,Aromatase excess syndrome,biolink:Disease,1,GARD:0012494,false,true,GARD
disease,GARD:0012501,Intellectual disability-severe speech delay-mild dysmorphism syndrome,biolink:Disease,1,GARD:0012501,false,true,GARD
disease,GARD:0012502,Male infertility due to globozoospermia,biolink:Disease,1,GARD:0012502,false,true,GARD
disease,GARD:0012505,Combined PSAP deficiency,biolink:Disease,1,GARD:0012505,false,true,GARD
disease,GARD:0012510,Gangliosidosis,biolink:Disease,1,GARD:0012510,false,true,GARD
disease,GARD:0012521,Immunoglobulin G4-related sclerosing disease,biolink:Disease,1,GARD:0012521,false,true,GARD
disease,GARD:0012524,L1 syndrome,biolink:Disease,1,GARD:0012524,false,true,GARD
disease,GARD:0012528,Autosomal dominant limb-girdle muscular dystrophy type 1D (DNAJB6),biolink:Disease,1,GARD:0012528,false,true,GARD
disease,GARD:0012530,Autosomal dominant limb-girdle muscular dystrophy type 1F,biolink:Disease,1,GARD:0012530,false,true,GARD
disease,GARD:0012531,Autosomal dominant limb-girdle muscular dystrophy type 1G,biolink:Disease,1,GARD:0012531,false,true,GARD
disease,GARD:0012532,Autosomal dominant limb-girdle muscular dystrophy type 1H,biolink:Disease,1,GARD:0012532,false,true,GARD
disease,GARD:0012533,Autosomal recessive limb-girdle muscular dystrophy type 2I,biolink:Disease,1,GARD:0012533,false,true,GARD
disease,GARD:0012534,Autosomal recessive limb-girdle muscular dystrophy type 2J,biolink:Disease,1,GARD:0012534,false,true,GARD
disease,GARD:0012535,Autosomal recessive limb-girdle muscular dystrophy type 2K,biolink:Disease,1,GARD:0012535,false,true,GARD
disease,GARD:0012536,Autosomal recessive limb-girdle muscular dystrophy type 2L,biolink:Disease,1,GARD:0012536,false,true,GARD
disease,GARD:0012538,Autosomal recessive limb-girdle muscular dystrophy type 2M,biolink:Disease,1,GARD:0012538,false,true,GARD
disease,GARD:0012539,Autosomal recessive limb-girdle muscular dystrophy type 2N,biolink:Disease,1,GARD:0012539,false,true,GARD
disease,GARD:0012540,Autosomal recessive limb-girdle muscular dystrophy type 2O,biolink:Disease,1,GARD:0012540,false,true,GARD
disease,GARD:0012541,Autosomal recessive limb-girdle muscular dystrophy type 2P,biolink:Disease,1,GARD:0012541,false,true,GARD
disease,GARD:0012542,Autosomal recessive limb-girdle muscular dystrophy type 2Q,biolink:Disease,1,GARD:0012542,false,true,GARD
disease,GARD:0012543,Autosomal recessive limb-girdle muscular dystrophy type R18,biolink:Disease,1,GARD:0012543,false,true,GARD
disease,GARD:0012544,Autosomal recessive limb-girdle muscular dystrophy type 2T,biolink:Disease,1,GARD:0012544,false,true,GARD
disease,GARD:0012547,Selective IgM deficiency,biolink:Disease,1,GARD:0012547,false,true,GARD
disease,GARD:0012550,Adermatoglyphia,biolink:Disease,1,GARD:0012550,false,true,GARD
disease,GARD:0012551,Bimanual synkinesia,biolink:Disease,1,GARD:0012551,false,true,GARD
disease,GARD:0012556,Isolated congenital growth hormone deficiency,biolink:Disease,1,GARD:0012556,false,true,GARD
disease,GARD:0012558,"Intellectual disability, autosomal dominant 5",biolink:Disease,1,GARD:0012558,false,true,GARD
disease,GARD:0012559,Hurler syndrome,biolink:Disease,1,GARD:0012559,false,true,GARD
disease,GARD:0012560,"Mucopolysaccharidosis, MPS-I-H/S",biolink:Disease,1,GARD:0012560,false,true,GARD
disease,GARD:0012561,"Mucopolysaccharidosis, MPS-I-S",biolink:Disease,1,GARD:0012561,false,true,GARD
disease,GARD:0012562,Morquio syndrome,biolink:Disease,1,GARD:0012562,false,true,GARD
disease,GARD:0012567,PLA2G6-associated neurodegeneration,biolink:Disease,1,GARD:0012567,false,true,GARD
disease,GARD:0012568,Autosomal recessive Parkinson disease 14,biolink:Disease,1,GARD:0012568,false,true,GARD
disease,GARD:0012569,Neurodegeneration with brain iron accumulation 4,biolink:Disease,1,GARD:0012569,false,true,GARD
disease,GARD:0012570,Neurodegeneration with brain iron accumulation 5,biolink:Disease,1,GARD:0012570,false,true,GARD
disease,GARD:0012571,Neurodegeneration with brain iron accumulation 6,biolink:Disease,1,GARD:0012571,false,true,GARD
disease,GARD:0012585,Congenital muscular dystrophy due to LMNA mutation,biolink:Disease,1,GARD:0012585,false,true,GARD
disease,GARD:0012586,Congenital muscular dystrophy 1B,biolink:Disease,1,GARD:0012586,false,true,GARD
disease,GARD:0012587,Congenital muscular dystrophy due to integrin alpha-7 deficiency,biolink:Disease,1,GARD:0012587,false,true,GARD
disease,GARD:0012590,Congenital fibrosis of extraocular muscles,biolink:Disease,1,GARD:0012590,false,true,GARD
disease,GARD:0012591,"Myopathy, myofibrillar, 9, with early respiratory failure",biolink:Disease,1,GARD:0012591,false,true,GARD
disease,GARD:0012592,Oculopharyngodistal myopathy,biolink:Disease,1,GARD:0012592,false,true,GARD
disease,GARD:0012598,"Familial partial lipodystrophy, Kobberling type",biolink:Disease,1,GARD:0012598,false,true,GARD
disease,GARD:0012599,AKT2-related familial partial lipodystrophy,biolink:Disease,1,GARD:0012599,false,true,GARD
disease,GARD:0012600,PPARG-related familial partial lipodystrophy,biolink:Disease,1,GARD:0012600,false,true,GARD
disease,GARD:0012601,PLIN1-related familial partial lipodystrophy,biolink:Disease,1,GARD:0012601,false,true,GARD
disease,GARD:0012603,Acquired generalized lipodystrophy,biolink:Disease,1,GARD:0012603,false,true,GARD
disease,GARD:0012604,Lipodystrophy due to peptidic growth factors deficiency,biolink:Disease,1,GARD:0012604,false,true,GARD
disease,GARD:0012613,"Ehlers-Danlos syndrome, cardiac valvular type",biolink:Disease,1,GARD:0012613,false,true,GARD
disease,GARD:0012623,Vitamin B12-responsive methylmalonic acidemia,biolink:Disease,1,GARD:0012623,false,true,GARD
disease,GARD:0012631,Stapes ankylosis with broad thumbs and toes,biolink:Disease,1,GARD:0012631,false,true,GARD
disease,GARD:0012632,Fatal multiple mitochondrial dysfunctions syndrome,biolink:Disease,1,GARD:0012632,false,true,GARD
disease,GARD:0012635,Laurence-Moon syndrome,biolink:Disease,1,GARD:0012635,false,true,GARD
disease,GARD:0012638,Pyogenic bacterial infections due to MyD88 deficiency,biolink:Disease,1,GARD:0012638,false,true,GARD
disease,GARD:0012640,Frontonasal dysplasia - severe microphthalmia - severe facial clefting syndrome,biolink:Disease,1,GARD:0012640,false,true,GARD
disease,GARD:0012641,Frontonasal dysplasia with alopecia and genital anomaly,biolink:Disease,1,GARD:0012641,false,true,GARD
disease,GARD:0012642,Frontorhiny,biolink:Disease,1,GARD:0012642,false,true,GARD
disease,GARD:0012643,Lethal congenital contracture syndrome,biolink:Disease,1,GARD:0012643,false,true,GARD
disease,GARD:0012644,Lethal congenital contracture syndrome 3,biolink:Disease,1,GARD:0012644,false,true,GARD
disease,GARD:0012645,Lethal congenital contracture syndrome 4,biolink:Disease,1,GARD:0012645,false,true,GARD
disease,GARD:0012648,Isolated congenital megalocornea,biolink:Disease,1,GARD:0012648,false,true,GARD
disease,GARD:0012650,Amoebiasis due to free-living amoebae,biolink:Disease,1,GARD:0012650,false,true,GARD
disease,GARD:0012651,Granulomatous amebic encephalitis,biolink:Disease,1,GARD:0012651,false,true,GARD
disease,GARD:0012652,Leukoencephalopathy with brain stem and spinal cord involvement-high lactate syndrome,biolink:Disease,1,GARD:0012652,false,true,GARD
disease,GARD:0012653,DOCK2 deficiency,biolink:Disease,1,GARD:0012653,false,true,GARD
disease,GARD:0012654,Baylisascariasis,biolink:Disease,1,GARD:0012654,false,true,GARD
disease,GARD:0012656,Castleman disease,biolink:Disease,1,GARD:0012656,false,true,GARD
disease,GARD:0012664,Congenital adrenal hyperplasia due to cytochrome P450 oxidoreductase deficiency,biolink:Disease,1,GARD:0012664,false,true,GARD
disease,GARD:0012665,Classic congenital adrenal hyperplasia due to 21-hydroxylase deficiency,biolink:Disease,1,GARD:0012665,false,true,GARD
disease,GARD:0012669,Syndromic X-linked intellectual disability Najm type,biolink:Disease,1,GARD:0012669,false,true,GARD
disease,GARD:0012673,Actinic lichen planus,biolink:Disease,1,GARD:0012673,false,true,GARD
disease,GARD:0012674,Annular lichen planus,biolink:Disease,1,GARD:0012674,false,true,GARD
disease,GARD:0012675,Atrophic lichen planus,biolink:Disease,1,GARD:0012675,false,true,GARD
disease,GARD:0012676,Annular atrophic lichen planus,biolink:Disease,1,GARD:0012676,false,true,GARD
disease,GARD:0012677,Lichen planus pemphigoides,biolink:Disease,1,GARD:0012677,false,true,GARD
disease,GARD:0012678,Lipoic acid synthetase deficiency,biolink:Disease,1,GARD:0012678,false,true,GARD
disease,GARD:0012679,Inherited lipoic acid biosynthesis defect,biolink:Disease,1,GARD:0012679,false,true,GARD
disease,GARD:0012680,Lipoyl transferase 1 deficiency,biolink:Disease,1,GARD:0012680,false,true,GARD
disease,GARD:0012681,Spasticity-ataxia-gait anomalies syndrome,biolink:Disease,1,GARD:0012681,false,true,GARD
disease,GARD:0012682,Horizontal gaze palsy with progressive scoliosis,biolink:Disease,1,GARD:0012682,false,true,GARD
disease,GARD:0012684,Familial episodic pain syndrome,biolink:Disease,1,GARD:0012684,false,true,GARD
disease,GARD:0012686,Diffuse cutaneous mastocytosis,biolink:Disease,1,GARD:0012686,false,true,GARD
disease,GARD:0012687,Cutaneous mastocytoma,biolink:Disease,1,GARD:0012687,false,true,GARD
disease,GARD:0012688,Hereditary sensory and autonomic neuropathy,biolink:Disease,1,GARD:0012688,false,true,GARD
disease,GARD:0012698,Perineurioma,biolink:Disease,1,GARD:0012698,false,true,GARD
disease,GARD:0012703,Osteochondritis dissecans,biolink:Disease,1,GARD:0012703,false,true,GARD
disease,GARD:0012705,Collagen 6-related myopathy,biolink:Disease,1,GARD:0012705,false,true,GARD
disease,GARD:0012706,Painful legs and moving toes syndrome,biolink:Disease,1,GARD:0012706,false,true,GARD
disease,GARD:0012713,Congenital laryngeal palsy,biolink:Disease,1,GARD:0012713,false,true,GARD
disease,GARD:0012715,X-linked intellectual disability-hypotonia-movement disorder syndrome,biolink:Disease,1,GARD:0012715,false,true,GARD
disease,GARD:0012716,Elastoderma,biolink:Disease,1,GARD:0012716,false,true,GARD
disease,GARD:0012718,Autosomal recessive centronuclear myopathy,biolink:Disease,1,GARD:0012718,false,true,GARD
disease,GARD:0012719,Autosomal dominant centronuclear myopathy,biolink:Disease,1,GARD:0012719,false,true,GARD
disease,GARD:0012720,Fingerprint body myopathy,biolink:Disease,1,GARD:0012720,false,true,GARD
disease,GARD:0012722,"Dyskinesia with orofacial involvement, autosomal dominant",biolink:Disease,1,GARD:0012722,false,true,GARD
disease,GARD:0012724,Periventricular nodular heterotopia,biolink:Disease,1,GARD:0012724,false,true,GARD
disease,GARD:0012731,X-linked hereditary sensory and autonomic neuropathy with hearing loss,biolink:Disease,1,GARD:0012731,false,true,GARD
disease,GARD:0012732,Hereditary sensory and autonomic neuropathy type 7,biolink:Disease,1,GARD:0012732,false,true,GARD
disease,GARD:0012734,Peripheral resistance to thyroid hormones,biolink:Disease,1,GARD:0012734,false,true,GARD
disease,GARD:0012740,Non-amyloid fibrillary glomerulopathy,biolink:Disease,1,GARD:0012740,false,true,GARD
disease,GARD:0012741,Immunotactoid or fibrillary glomerulopathy,biolink:Disease,1,GARD:0012741,false,true,GARD
disease,GARD:0012742,Juvenile polymyositis,biolink:Disease,1,GARD:0012742,false,true,GARD
disease,GARD:0012744,Chronic intestinal pseudoobstruction,biolink:Disease,1,GARD:0012744,false,true,GARD
disease,GARD:0012749,Hereditary spastic paraplegia 32,biolink:Disease,1,GARD:0012749,false,true,GARD
disease,GARD:0012757,Acute myeloid leukemia,biolink:Disease,1,GARD:0012757,false,true,GARD
disease,GARD:0012759,Acute myeloid leukemia with inv3(p21;q26.2) or t(3;3)(p21;q26.2),biolink:Disease,1,GARD:0012759,false,true,GARD
disease,GARD:0012760,Acute myeloid leukemia by FAB classification,biolink:Disease,1,GARD:0012760,false,true,GARD
disease,GARD:0012761,Acute myeloid leukemia with multilineage dysplasia,biolink:Disease,1,GARD:0012761,false,true,GARD
disease,GARD:0012763,Myeloid sarcoma,biolink:Disease,1,GARD:0012763,false,true,GARD
disease,GARD:0012765,Transient myeloproliferative syndrome,biolink:Disease,1,GARD:0012765,false,true,GARD
disease,GARD:0012766,Chromosome Xp11.23-p11.22 duplication syndrome,biolink:Disease,1,GARD:0012766,false,true,GARD
disease,GARD:0012768,Reversible cerebral vasoconstriction syndrome,biolink:Disease,1,GARD:0012768,false,true,GARD
disease,GARD:0012777,Multiple congenital anomalies-hypotonia-seizures syndrome 2,biolink:Disease,1,GARD:0012777,false,true,GARD
disease,GARD:0012779,Familial retinal arterial macroaneurysm,biolink:Disease,1,GARD:0012779,false,true,GARD
disease,GARD:0012781,Multiple congenital anomalies-hypotonia-seizures syndrome 1,biolink:Disease,1,GARD:0012781,false,true,GARD
disease,GARD:0012784,Livedoid vasculopathy,biolink:Disease,1,GARD:0012784,false,true,GARD
disease,GARD:0012792,Ossifying fibroma,biolink:Disease,1,GARD:0012792,false,true,GARD
disease,GARD:0012794,Recessive dystrophic epidermolysis bullosa-generalized other,biolink:Disease,1,GARD:0012794,false,true,GARD
disease,GARD:0012796,Dentinogenesis imperfecta type 2,biolink:Disease,1,GARD:0012796,false,true,GARD
disease,GARD:0012798,Early-onset autosomal dominant Alzheimer disease,biolink:Disease,1,GARD:0012798,false,true,GARD
disease,GARD:0012800,PTEN hamartoma tumor syndrome,biolink:Disease,1,GARD:0012800,false,true,GARD
disease,GARD:0012801,Proteus-like syndrome,biolink:Disease,1,GARD:0012801,false,true,GARD
disease,GARD:0012806,Autosomal dominant spondylocostal dysostosis,biolink:Disease,1,GARD:0012806,false,true,GARD
disease,GARD:0012811,Multisystemic smooth muscle dysfunction syndrome,biolink:Disease,1,GARD:0012811,false,true,GARD
disease,GARD:0012814,8q24.3 microdeletion syndrome,biolink:Disease,1,GARD:0012814,false,true,GARD
disease,GARD:0012815,Severe intellectual disability-poor language-strabismus-grimacing face-long fingers syndrome,biolink:Disease,1,GARD:0012815,false,true,GARD
disease,GARD:0012816,8q12 microduplication syndrome,biolink:Disease,1,GARD:0012816,false,true,GARD
disease,GARD:0012820,Palmoplantar pustulosis,biolink:Disease,1,GARD:0012820,false,true,GARD
disease,GARD:0012821,Severe congenital nemaline myopathy,biolink:Disease,1,GARD:0012821,false,true,GARD
disease,GARD:0012822,Typical nemaline myopathy,biolink:Disease,1,GARD:0012822,false,true,GARD
disease,GARD:0012823,Intermediate nemaline myopathy,biolink:Disease,1,GARD:0012823,false,true,GARD
disease,GARD:0012824,Adult-onset nemaline myopathy,biolink:Disease,1,GARD:0012824,false,true,GARD
disease,GARD:0012827,Hypotrichosis-lymphedema-telangiectasia syndrome,biolink:Disease,1,GARD:0012827,false,true,GARD
disease,GARD:0012829,Pulmonary non-tuberculous mycobacterial infection,biolink:Disease,1,GARD:0012829,false,true,GARD
disease,GARD:0012835,Acute interstitial pneumonia,biolink:Disease,1,GARD:0012835,false,true,GARD
disease,GARD:0012843,Disseminated peritoneal leiomyomatosis,biolink:Disease,1,GARD:0012843,false,true,GARD
disease,GARD:0012844,High myopia-sensorineural deafness syndrome,biolink:Disease,1,GARD:0012844,false,true,GARD
disease,GARD:0012845,Cognitive impairment - coarse facies - heart defects - obesity - pulmonary involvement - short stature - skeletal dysplasia syndrome,biolink:Disease,1,GARD:0012845,false,true,GARD
disease,GARD:0012851,"Intellectual disability, autosomal dominant 6",biolink:Disease,1,GARD:0012851,false,true,GARD
disease,GARD:0012854,Paroxysmal extreme pain disorder,biolink:Disease,1,GARD:0012854,false,true,GARD
disease,GARD:0012860,"Spinocerebellar ataxia, autosomal recessive, with axonal neuropathy 2",biolink:Disease,1,GARD:0012860,false,true,GARD
disease,GARD:0012862,Generalized peeling skin syndrome,biolink:Disease,1,GARD:0012862,false,true,GARD
disease,GARD:0012863,Acral peeling skin syndrome,biolink:Disease,1,GARD:0012863,false,true,GARD
disease,GARD:0012864,Hyperlipidemia due to hepatic triglyceride lipase deficiency,biolink:Disease,1,GARD:0012864,false,true,GARD
disease,GARD:0012867,Pituitary dependent hypercortisolism,biolink:Disease,1,GARD:0012867,false,true,GARD
disease,GARD:0012868,IRVAN syndrome,biolink:Disease,1,GARD:0012868,false,true,GARD
disease,GARD:0012889,Childhood apraxia of speech,biolink:Disease,1,GARD:0012889,false,true,GARD
disease,GARD:0012892,Infantile hypertrophic cardiomyopathy due to MRPL44 deficiency,biolink:Disease,1,GARD:0012892,false,true,GARD
disease,GARD:0012893,Combined oxidative phosphorylation deficiency,biolink:Disease,1,GARD:0012893,false,true,GARD
disease,GARD:0012894,Zika virus infectious disease,biolink:Disease,1,GARD:0012894,false,true,GARD
disease,GARD:0012900,"Developmental and epileptic encephalopathy, 4",biolink:Disease,1,GARD:0012900,false,true,GARD
disease,GARD:0012903,Bosch-Boonstra-Schaaf optic atrophy syndrome,biolink:Disease,1,GARD:0012903,false,true,GARD
disease,GARD:0012913,"Polyhydramnios, megalencephaly, and symptomatic epilepsy",biolink:Disease,1,GARD:0012913,false,true,GARD
disease,GARD:0012915,Immunodeficiency 33,biolink:Disease,1,GARD:0012915,false,true,GARD
disease,GARD:0012916,Rh deficiency syndrome,biolink:Disease,1,GARD:0012916,false,true,GARD
disease,GARD:0012919,Malignant migrating partial seizures of infancy,biolink:Disease,1,GARD:0012919,false,true,GARD
disease,GARD:0012921,Late-onset junctional epidermolysis bullosa,biolink:Disease,1,GARD:0012921,false,true,GARD
disease,GARD:0012922,Generalized junctional epidermolysis bullosa non-Herlitz type,biolink:Disease,1,GARD:0012922,false,true,GARD
disease,GARD:0012923,"Localized junctional epidermolysis bullosa, non-Herlitz type",biolink:Disease,1,GARD:0012923,false,true,GARD
disease,GARD:0012924,Preeclampsia,biolink:Disease,1,GARD:0012924,false,true,GARD
disease,GARD:0012925,Familial multiple lipomatosis,biolink:Disease,1,GARD:0012925,false,true,GARD
disease,GARD:0012927,Sudden sensorineural hearing loss,biolink:Disease,1,GARD:0012927,false,true,GARD
disease,GARD:0012931,ADNP-related multiple congenital anomalies - intellectual disability - autism spectrum disorder,biolink:Disease,1,GARD:0012931,false,true,GARD
disease,GARD:0012943,Familial X-linked hypophosphatemic vitamin D refractory rickets,biolink:Disease,1,GARD:0012943,false,true,GARD
disease,GARD:0012958,C1Q deficiency,biolink:Disease,1,GARD:0012958,false,true,GARD
disease,GARD:0012963,"3-methylglutaconic aciduria with deafness, encephalopathy, and Leigh-like syndrome",biolink:Disease,1,GARD:0012963,false,true,GARD
disease,GARD:0012964,3-methylglutaconic aciduria type 5,biolink:Disease,1,GARD:0012964,false,true,GARD
disease,GARD:0012967,Reticulohistiocytic granuloma,biolink:Disease,1,GARD:0012967,false,true,GARD
disease,GARD:0012973,Madelung deformity,biolink:Disease,1,GARD:0012973,false,true,GARD
disease,GARD:0012977,Inherited susceptibility to mycobacterial diseases,biolink:Disease,1,GARD:0012977,false,true,GARD
disease,GARD:0012978,Proximal myopathy with extrapyramidal signs,biolink:Disease,1,GARD:0012978,false,true,GARD
disease,GARD:0012980,Monoclonal mast cell activation syndrome,biolink:Disease,1,GARD:0012980,false,true,GARD
disease,GARD:0012981,Mast cell activation syndrome,biolink:Disease,1,GARD:0012981,false,true,GARD
disease,GARD:0012983,Congenital defect of folate absorption,biolink:Disease,1,GARD:0012983,false,true,GARD
disease,GARD:0012986,Acyl-CoA dehydrogenase 9 deficiency,biolink:Disease,1,GARD:0012986,false,true,GARD
disease,GARD:0012991,Aquagenic palmoplantar keratoderma,biolink:Disease,1,GARD:0012991,false,true,GARD
disease,GARD:0013003,Lupus erythematosus tumidus,biolink:Disease,1,GARD:0013003,false,true,GARD
disease,GARD:0013004,Hepatic veno-occlusive disease,biolink:Disease,1,GARD:0013004,false,true,GARD
disease,GARD:0013007,Hemoglobin M disease,biolink:Disease,1,GARD:0013007,false,true,GARD
disease,GARD:0013011,Anti-neutrophil cytoplasmic antibody-associated vasculitis,biolink:Disease,1,GARD:0013011,false,true,GARD
disease,GARD:0013015,Obesity due to congenital leptin deficiency,biolink:Disease,1,GARD:0013015,false,true,GARD
disease,GARD:0013016,IL10-related early-onset inflammatory bowel disease,biolink:Disease,1,GARD:0013016,false,true,GARD
disease,GARD:0013019,Mitochondrial short-chain Enoyl-Coa hydratase 1 deficiency,biolink:Disease,1,GARD:0013019,false,true,GARD
disease,GARD:0013020,Microcystic lymphatic malformation,biolink:Disease,1,GARD:0013020,false,true,GARD
disease,GARD:0013025,Wooly hair nevus,biolink:Disease,1,GARD:0013025,false,true,GARD
disease,GARD:0013029,Episodic angioedema with eosinophilia,biolink:Disease,1,GARD:0013029,false,true,GARD
disease,GARD:0013030,Deafness-lymphedema-leukemia syndrome,biolink:Disease,1,GARD:0013030,false,true,GARD
disease,GARD:0013032,Complex cortical dysplasia with other brain malformations 1,biolink:Disease,1,GARD:0013032,false,true,GARD
disease,GARD:0013034,Neuroendocrine tumor of pancreas,biolink:Disease,1,GARD:0013034,false,true,GARD
disease,GARD:0013040,Necrobiosis lipoidica,biolink:Disease,1,GARD:0013040,false,true,GARD
disease,GARD:0013041,"Thrombophilia due to protein C deficiency, autosomal recessive",biolink:Disease,1,GARD:0013041,false,true,GARD
disease,GARD:0013043,Schuurs-Hoeijmakers syndrome,biolink:Disease,1,GARD:0013043,false,true,GARD
disease,GARD:0013046,Giant cell tumor of bone,biolink:Disease,1,GARD:0013046,false,true,GARD
disease,GARD:0013056,Congenital analbuminemia,biolink:Disease,1,GARD:0013056,false,true,GARD
disease,GARD:0013058,"Contractures, pterygia, and spondylocarpotarsal fusion syndrome 1A",biolink:Disease,1,GARD:0013058,false,true,GARD
disease,GARD:0013059,Distal arthrogryposis type 5D,biolink:Disease,1,GARD:0013059,false,true,GARD
disease,GARD:0013060,"Developmental and epileptic encephalopathy, 7",biolink:Disease,1,GARD:0013060,false,true,GARD
disease,GARD:0013063,Bockenheimer syndrome,biolink:Disease,1,GARD:0013063,false,true,GARD
disease,GARD:0013070,Lewis-Sumner syndrome,biolink:Disease,1,GARD:0013070,false,true,GARD
disease,GARD:0013072,Intestinal hypomagnesemia 1,biolink:Disease,1,GARD:0013072,false,true,GARD
disease,GARD:0013073,Nevus comedonicus syndrome,biolink:Disease,1,GARD:0013073,false,true,GARD
disease,GARD:0013075,Diffuse intrinsic pontine glioma,biolink:Disease,1,GARD:0013075,false,true,GARD
disease,GARD:0013085,"Developmental and epileptic encephalopathy, 13",biolink:Disease,1,GARD:0013085,false,true,GARD
disease,GARD:0013101,Corticosteroid-binding globulin deficiency,biolink:Disease,1,GARD:0013101,false,true,GARD
disease,GARD:0013105,Dent disease,biolink:Disease,1,GARD:0013105,false,true,GARD
disease,GARD:0013108,MIRAGE syndrome,biolink:Disease,1,GARD:0013108,false,true,GARD
disease,GARD:0013110,Progressive encephalomyelitis with rigidity and myoclonus,biolink:Disease,1,GARD:0013110,false,true,GARD
disease,GARD:0013111,Ataxia - oculomotor apraxia type 4,biolink:Disease,1,GARD:0013111,false,true,GARD
disease,GARD:0013112,Ataxia with oculomotor apraxia type 3,biolink:Disease,1,GARD:0013112,false,true,GARD
disease,GARD:0013113,Infantile liver failure syndrome 2,biolink:Disease,1,GARD:0013113,false,true,GARD
disease,GARD:0013114,Infantile liver failure syndrome 1,biolink:Disease,1,GARD:0013114,false,true,GARD
disease,GARD:0013124,Chronic thromboembolic pulmonary hypertension,biolink:Disease,1,GARD:0013124,false,true,GARD
disease,GARD:0013125,CIDEC-related familial partial lipodystrophy,biolink:Disease,1,GARD:0013125,false,true,GARD
disease,GARD:0013126,LIPE-related familial partial lipodystrophy,biolink:Disease,1,GARD:0013126,false,true,GARD
disease,GARD:0013131,Hematohidrosis,biolink:Disease,1,GARD:0013131,false,true,GARD
disease,GARD:0013136,"Intellectual disability, autosomal dominant 30",biolink:Disease,1,GARD:0013136,false,true,GARD
disease,GARD:0013142,Acute flaccid myelitis,biolink:Disease,1,GARD:0013142,false,true,GARD
disease,GARD:0013154,Tibial muscular dystrophy,biolink:Disease,1,GARD:0013154,false,true,GARD
disease,GARD:0013157,Hereditary papillary renal cell carcinoma,biolink:Disease,1,GARD:0013157,false,true,GARD
disease,GARD:0013158,Staphylococcal scalded skin syndrome,biolink:Disease,1,GARD:0013158,false,true,GARD
disease,GARD:0013160,Rhizomelic chondrodysplasia punctata,biolink:Disease,1,GARD:0013160,false,true,GARD
disease,GARD:0013167,Familial isolated trichomegaly,biolink:Disease,1,GARD:0013167,false,true,GARD
disease,GARD:0013168,Corticobasal syndrome,biolink:Disease,1,GARD:0013168,false,true,GARD
disease,GARD:0013169,Spondyloepiphyseal dysplasia with congenital joint dislocations,biolink:Disease,1,GARD:0013169,false,true,GARD
disease,GARD:0013171,Autosomal recessive brachyolmia,biolink:Disease,1,GARD:0013171,false,true,GARD
disease,GARD:0013175,Kidney medullary carcinoma,biolink:Disease,1,GARD:0013175,false,true,GARD
disease,GARD:0013177,Hypermethioninemia with deficiency of S-adenosylhomocysteine hydrolase,biolink:Disease,1,GARD:0013177,false,true,GARD
disease,GARD:0013179,"Intellectual disability, autosomal dominant 43",biolink:Disease,1,GARD:0013179,false,true,GARD
disease,GARD:0013186,Xanthoma disseminatum,biolink:Disease,1,GARD:0013186,false,true,GARD
disease,GARD:0013197,Developmental and epileptic encephalopathy 94,biolink:Disease,1,GARD:0013197,false,true,GARD
disease,GARD:0013198,"Autoinflammation, panniculitis, and dermatosis syndrome, autosomal recessive",biolink:Disease,1,GARD:0013198,false,true,GARD
disease,GARD:0013199,Cystic leukoencephalopathy without megalencephaly,biolink:Disease,1,GARD:0013199,false,true,GARD
disease,GARD:0013200,Mitochondrial DNA depletion syndrome 8a,biolink:Disease,1,GARD:0013200,false,true,GARD
disease,GARD:0013201,Hyperammonemic encephalopathy due to carbonic anhydrase VA deficiency,biolink:Disease,1,GARD:0013201,false,true,GARD
disease,GARD:0013202,3-hydroxyisobutyryl-CoA hydrolase deficiency,biolink:Disease,1,GARD:0013202,false,true,GARD
disease,GARD:0013206,Chromosome 2q32-q33 deletion syndrome,biolink:Disease,1,GARD:0013206,false,true,GARD
disease,GARD:0013209,Pituitary stalk interruption syndrome,biolink:Disease,1,GARD:0013209,false,true,GARD
disease,GARD:0013215,Renal cell carcinoma,biolink:Disease,1,GARD:0013215,false,true,GARD
disease,GARD:0013218,Hereditary sclerosing poikiloderma with tendon and pulmonary involvement,biolink:Disease,1,GARD:0013218,false,true,GARD
disease,GARD:0013219,BAP1-related tumor predisposition syndrome,biolink:Disease,1,GARD:0013219,false,true,GARD
disease,GARD:0013220,Lethal congenital contracture syndrome 11,biolink:Disease,1,GARD:0013220,false,true,GARD
disease,GARD:0013222,Autosomal dominant childhood-onset proximal spinal muscular atrophy with contractures,biolink:Disease,1,GARD:0013222,false,true,GARD
disease,GARD:0013232,Familial acute necrotizing encephalopathy,biolink:Disease,1,GARD:0013232,false,true,GARD
disease,GARD:0013233,Acute necrotizing encephalitis,biolink:Disease,1,GARD:0013233,false,true,GARD
disease,GARD:0013235,"Microphthalmia, syndromic 12",biolink:Disease,1,GARD:0013235,false,true,GARD
disease,GARD:0013237,Marginal zone lymphoma,biolink:Disease,1,GARD:0013237,false,true,GARD
disease,GARD:0013244,X-linked intellectual disability Cabezas type,biolink:Disease,1,GARD:0013244,false,true,GARD
disease,GARD:0013256,IgG4-related pachymeningitis,biolink:Disease,1,GARD:0013256,false,true,GARD
disease,GARD:0013259,Asxl3-related disorder,biolink:Disease,1,GARD:0013259,false,true,GARD
disease,GARD:0013264,Infantile cerebellar-retinal degeneration,biolink:Disease,1,GARD:0013264,false,true,GARD
disease,GARD:0013273,PSAT deficiency,biolink:Disease,1,GARD:0013273,false,true,GARD
disease,GARD:0013293,Platelet-type bleeding disorder 11,biolink:Disease,1,GARD:0013293,false,true,GARD
disease,GARD:0013294,"Cardiac arrhythmia, ankyrin-B-related",biolink:Disease,1,GARD:0013294,false,true,GARD
disease,GARD:0013295,Familial focal epilepsy with variable foci,biolink:Disease,1,GARD:0013295,false,true,GARD
disease,GARD:0013296,Chromosome 17q12 duplication syndrome,biolink:Disease,1,GARD:0013296,false,true,GARD
disease,GARD:0013297,Chromosome 17q12 deletion syndrome,biolink:Disease,1,GARD:0013297,false,true,GARD
disease,GARD:0013298,Mitochondrial DNA depletion syndrome 13,biolink:Disease,1,GARD:0013298,false,true,GARD
disease,GARD:0013316,Schaaf-Yang syndrome,biolink:Disease,1,GARD:0013316,false,true,GARD
disease,GARD:0013318,"Developmental and epileptic encephalopathy, 12",biolink:Disease,1,GARD:0013318,false,true,GARD
disease,GARD:0013319,Fatty acyl-CoA reductase 1 deficiency,biolink:Disease,1,GARD:0013319,false,true,GARD
disease,GARD:0013331,Familial reactive perforating collagenosis,biolink:Disease,1,GARD:0013331,false,true,GARD
disease,GARD:0013334,Sphingomyelin/cholesterol lipidosis,biolink:Disease,1,GARD:0013334,false,true,GARD
disease,GARD:0013339,BENTA disease,biolink:Disease,1,GARD:0013339,false,true,GARD
disease,GARD:0013349,Postaxial polydactyly-anterior pituitary anomalies-facial dysmorphism syndrome,biolink:Disease,1,GARD:0013349,false,true,GARD
disease,GARD:0013354,Morning glory syndrome,biolink:Disease,1,GARD:0013354,false,true,GARD
disease,GARD:0013361,"Intellectual disability, autosomal recessive 58",biolink:Disease,1,GARD:0013361,false,true,GARD
disease,GARD:0013371,Magic syndrome,biolink:Disease,1,GARD:0013371,false,true,GARD
disease,GARD:0013376,"Epiphyseal dysplasia, multiple, 6",biolink:Disease,1,GARD:0013376,false,true,GARD
disease,GARD:0013378,"Developmental and epileptic encephalopathy, 17",biolink:Disease,1,GARD:0013378,false,true,GARD
disease,GARD:0013379,"Intellectual disability, autosomal dominant 29",biolink:Disease,1,GARD:0013379,false,true,GARD
disease,GARD:0013381,Leukoencephalopathy-thalamus and brainstem anomalies-high lactate syndrome,biolink:Disease,1,GARD:0013381,false,true,GARD
disease,GARD:0013388,Berardinelli-Seip congenital lipodystrophy,biolink:Disease,1,GARD:0013388,false,true,GARD
disease,GARD:0013389,Congenital generalized lipodystrophy type 3,biolink:Disease,1,GARD:0013389,false,true,GARD
disease,GARD:0013390,12q14 microdeletion syndrome,biolink:Disease,1,GARD:0013390,false,true,GARD
disease,GARD:0013391,Chromosome 2p16.1-p15 deletion syndrome,biolink:Disease,1,GARD:0013391,false,true,GARD
disease,GARD:0013406,Limbic encephalitis with LGI1 antibodies,biolink:Disease,1,GARD:0013406,false,true,GARD
disease,GARD:0013409,AHDC1-related intellectual disability - obstructive sleep apnea - mild dysmorphism syndrome,biolink:Disease,1,GARD:0013409,false,true,GARD
disease,GARD:0013422,Rahman syndrome,biolink:Disease,1,GARD:0013422,false,true,GARD
disease,GARD:0013423,Recurrent metabolic encephalomyopathic crises-rhabdomyolysis-cardiac arrhythmia-intellectual disability syndrome,biolink:Disease,1,GARD:0013423,false,true,GARD
disease,GARD:0013425,Spastic tetraplegia-thin corpus callosum-progressive postnatal microcephaly syndrome,biolink:Disease,1,GARD:0013425,false,true,GARD
disease,GARD:0013431,Motor developmental delay due to 14q32.2 paternally expressed gene defect,biolink:Disease,1,GARD:0013431,false,true,GARD
disease,GARD:0013441,Zika virus congenital syndrome,biolink:Disease,1,GARD:0013441,false,true,GARD
disease,GARD:0013442,"Intellectual disability, X-linked, syndromic, Bain type",biolink:Disease,1,GARD:0013442,false,true,GARD
disease,GARD:0013446,Plasmacytoma,biolink:Disease,1,GARD:0013446,false,true,GARD
disease,GARD:0013447,PENS syndrome,biolink:Disease,1,GARD:0013447,false,true,GARD
disease,GARD:0013451,Kaposiform lymphangiomatosis,biolink:Disease,1,GARD:0013451,false,true,GARD
disease,GARD:0013461,Familial juvenile hyperuricemic nephropathy type 2,biolink:Disease,1,GARD:0013461,false,true,GARD
disease,GARD:0013472,Hemochromatosis type 5,biolink:Disease,1,GARD:0013472,false,true,GARD
disease,GARD:0013474,Intellectual disability-epilepsy-extrapyramidal syndrome,biolink:Disease,1,GARD:0013474,false,true,GARD
disease,GARD:0013488,"Dystonia, childhood-onset, with optic atrophy and basal ganglia abnormalities",biolink:Disease,1,GARD:0013488,false,true,GARD
disease,GARD:0013489,ZTTK syndrome,biolink:Disease,1,GARD:0013489,false,true,GARD
disease,GARD:0013519,Autosomal dominant childhood-onset proximal spinal muscular atrophy without contractures,biolink:Disease,1,GARD:0013519,false,true,GARD
disease,GARD:0013527,DYRK1A-related intellectual disability syndrome,biolink:Disease,1,GARD:0013527,false,true,GARD
disease,GARD:0013539,"Intellectual disability, autosomal dominant 40",biolink:Disease,1,GARD:0013539,false,true,GARD
disease,GARD:0013565,Combined immunodeficiency due to LRBA deficiency,biolink:Disease,1,GARD:0013565,false,true,GARD
disease,GARD:0013568,Hereditary spastic paraplegia 49,biolink:Disease,1,GARD:0013568,false,true,GARD
disease,GARD:0013571,Childhood encephalopathy due to thiamine pyrophosphokinase deficiency,biolink:Disease,1,GARD:0013571,false,true,GARD
disease,GARD:0013587,Combined immunodeficiency with skin granulomas,biolink:Disease,1,GARD:0013587,false,true,GARD
disease,GARD:0013588,Pontiac fever,biolink:Disease,1,GARD:0013588,false,true,GARD
disease,GARD:0013591,Postural orthostatic tachycardia syndrome,biolink:Disease,1,GARD:0013591,false,true,GARD
disease,GARD:0013592,Severe congenital neutropenia,biolink:Disease,1,GARD:0013592,false,true,GARD
disease,GARD:0013593,Rosette-forming glioneuronal tumor,biolink:Disease,1,GARD:0013593,false,true,GARD
disease,GARD:0013594,Brain dopamine-serotonin vesicular transport disease,biolink:Disease,1,GARD:0013594,false,true,GARD
disease,GARD:0013606,Subcorneal pustular dermatosis,biolink:Disease,1,GARD:0013606,false,true,GARD
disease,GARD:0013608,Neurodevelopmental disorder with severe motor impairment and absent language,biolink:Disease,1,GARD:0013608,false,true,GARD
disease,GARD:0013613,Pneumonia caused by pseudomonas aeruginosa infection,biolink:Disease,1,GARD:0013613,false,true,GARD
disease,GARD:0013621,"Developmental and epileptic encephalopathy, 50",biolink:Disease,1,GARD:0013621,false,true,GARD
disease,GARD:0013624,Anaplastic pleomorphic xanthoastrocytoma,biolink:Disease,1,GARD:0013624,false,true,GARD
disease,GARD:0013629,Drug rash with eosinophilia and systemic symptoms,biolink:Disease,1,GARD:0013629,false,true,GARD
disease,GARD:0013636,Macrocephaly-intellectual disability-neurodevelopmental disorder-small thorax syndrome,biolink:Disease,1,GARD:0013636,false,true,GARD
disease,GARD:0013638,X-linked female restricted facial dysmorphism-short stature-choanal atresia-intellectual disability,biolink:Disease,1,GARD:0013638,false,true,GARD
disease,GARD:0013639,Deficiency of UDPglucose-hexose-1-phosphate uridylyltransferase,biolink:Disease,1,GARD:0013639,false,true,GARD
disease,GARD:0013641,Hereditary cavernous hemangioma of brain,biolink:Disease,1,GARD:0013641,false,true,GARD
disease,GARD:0013643,Mitochondrial DNA depletion syndrome,biolink:Disease,1,GARD:0013643,false,true,GARD
disease,GARD:0013644,Mitochondrial DNA depletion syndrome 3 (hepatocerebral type),biolink:Disease,1,GARD:0013644,false,true,GARD
disease,GARD:0013655,Orofaciodigital syndrome type 14,biolink:Disease,1,GARD:0013655,false,true,GARD
disease,GARD:0013658,Childhood-onset motor and cognitive regression syndrome with extrapyramidal movement disorder,biolink:Disease,1,GARD:0013658,false,true,GARD
disease,GARD:0013661,Classic multiminicore myopathy,biolink:Disease,1,GARD:0013661,false,true,GARD
disease,GARD:0013663,Familial sick sinus syndrome,biolink:Disease,1,GARD:0013663,false,true,GARD
disease,GARD:0013671,Early-onset generalized dystonia,biolink:Disease,1,GARD:0013671,false,true,GARD
disease,GARD:0013676,"Developmental and epileptic encephalopathy, 18",biolink:Disease,1,GARD:0013676,false,true,GARD
disease,GARD:0013681,"Developmental and epileptic encephalopathy, 64",biolink:Disease,1,GARD:0013681,false,true,GARD
disease,GARD:0013686,"Neurodevelopmental disorder with or without hyperkinetic movements and seizures, autosomal dominant",biolink:Disease,1,GARD:0013686,false,true,GARD
disease,GARD:0013701,Primary cutaneous follicle center lymphoma,biolink:Disease,1,GARD:0013701,false,true,GARD
disease,GARD:0013708,Warsaw breakage syndrome,biolink:Disease,1,GARD:0013708,false,true,GARD
disease,GARD:0013712,Combined immunodeficiency due to partial RAG1 deficiency,biolink:Disease,1,GARD:0013712,false,true,GARD
disease,GARD:0013731,T-cell prolymphocytic leukemia,biolink:Disease,1,GARD:0013731,false,true,GARD
disease,GARD:0013737,Hereditary spastic paraplegia 51,biolink:Disease,1,GARD:0013737,false,true,GARD
disease,GARD:0013743,"Multicentric osteolysis, nodulosis, and arthropathy",biolink:Disease,1,GARD:0013743,false,true,GARD
disease,GARD:0013774,Intellectual disability-microcephaly-strabismus-behavioral abnormalities syndrome,biolink:Disease,1,GARD:0013774,false,true,GARD
disease,GARD:0013781,AICA-ribosiduria,biolink:Disease,1,GARD:0013781,false,true,GARD
disease,GARD:0013806,Snijders Blok-Campeau syndrome,biolink:Disease,1,GARD:0013806,false,true,GARD
disease,GARD:0013809,Pigmentary retinal dystrophy,biolink:Disease,1,GARD:0013809,false,true,GARD
disease,GARD:0013811,Malan overgrowth syndrome,biolink:Disease,1,GARD:0013811,false,true,GARD
disease,GARD:0013818,Sphingosine phosphate lyase insufficiency syndrome,biolink:Disease,1,GARD:0013818,false,true,GARD
disease,GARD:0013824,Proteosome-associated autoinflammatory syndrome,biolink:Disease,1,GARD:0013824,false,true,GARD
disease,GARD:0015000,DNA ligase IV deficiency,biolink:Disease,1,GARD:0015000,false,true,GARD
disease,GARD:0015001,VEXAS syndrome,biolink:Disease,1,GARD:0015001,false,true,GARD
disease,GARD:0015004,FADD-related immunodeficiency,biolink:Disease,1,GARD:0015004,false,true,GARD
disease,GARD:0015008,Okur-Chung neurodevelopmental syndrome,biolink:Disease,1,GARD:0015008,false,true,GARD
disease,GARD:0015010,Hereditary breast ovarian cancer syndrome,biolink:Disease,1,GARD:0015010,false,true,GARD
disease,GARD:0015012,Autosomal recessive osteopetrosis,biolink:Disease,1,GARD:0015012,false,true,GARD
disease,GARD:0015013,Craniometaphyseal dysplasia,biolink:Disease,1,GARD:0015013,false,true,GARD
disease,GARD:0015015,Achromatopsia,biolink:Disease,1,GARD:0015015,false,true,GARD
disease,GARD:0015016,Striate palmoplantar keratoderma,biolink:Disease,1,GARD:0015016,false,true,GARD
disease,GARD:0015019,Fibronectin glomerulopathy,biolink:Disease,1,GARD:0015019,false,true,GARD
disease,GARD:0015020,Panhypopituitarism,biolink:Disease,1,GARD:0015020,false,true,GARD
disease,GARD:0015021,Angioma serpiginosum,biolink:Disease,1,GARD:0015021,false,true,GARD
disease,GARD:0015024,Multiple epiphyseal dysplasia due to collagen 9 anomaly,biolink:Disease,1,GARD:0015024,false,true,GARD
disease,GARD:0015025,Immunodeficiency due to a classical component pathway complement deficiency,biolink:Disease,1,GARD:0015025,false,true,GARD
disease,GARD:0015028,Undetermined early-onset epileptic encephalopathy,biolink:Disease,1,GARD:0015028,false,true,GARD
disease,GARD:0015054,"Seizures, benign familial neonatal, 2",biolink:Disease,1,GARD:0015054,false,true,GARD
disease,GARD:0015055,"Cutis laxa, autosomal dominant 1",biolink:Disease,1,GARD:0015055,false,true,GARD
disease,GARD:0015072,Coffin-Siris syndrome 1,biolink:Disease,1,GARD:0015072,false,true,GARD
disease,GARD:0015095,"Neuropathy, hereditary sensory and autonomic, type 1A",biolink:Disease,1,GARD:0015095,false,true,GARD
disease,GARD:0015105,Pheochromocytoma,biolink:Disease,1,GARD:0015105,false,true,GARD
disease,GARD:0015123,Velocardiofacial syndrome,biolink:Disease,1,GARD:0015123,false,true,GARD
disease,GARD:0015144,Taybi-linder syndrome,biolink:Disease,1,GARD:0015144,false,true,GARD
disease,GARD:0015222,"Pituitary hormone deficiency, combined, 2",biolink:Disease,1,GARD:0015222,false,true,GARD
disease,GARD:0015255,Progressive familial intrahepatic cholestasis,biolink:Disease,1,GARD:0015255,false,true,GARD
disease,GARD:0015266,Chromosome Xq28 duplication syndrome,biolink:Disease,1,GARD:0015266,false,true,GARD
disease,GARD:0015298,"Developmental and epileptic encephalopathy, 1",biolink:Disease,1,GARD:0015298,false,true,GARD
disease,GARD:0015322,Frontotemporal dementia and/or amyotrophic lateral sclerosis 7,biolink:Disease,1,GARD:0015322,false,true,GARD
disease,GARD:0015329,Hereditary thrombocytopenia and hematological cancer predisposition syndrome associated with RUNX1,biolink:Disease,1,GARD:0015329,false,true,GARD
disease,GARD:0015366,"Microcephaly 2, primary, autosomal recessive, with or without cortical malformations",biolink:Disease,1,GARD:0015366,false,true,GARD
disease,GARD:0015376,Familial hypobetalipoproteinemia 2,biolink:Disease,1,GARD:0015376,false,true,GARD
disease,GARD:0015429,Myosin storage myopathy,biolink:Disease,1,GARD:0015429,false,true,GARD
disease,GARD:0015441,"Microcephaly 5, primary, autosomal recessive",biolink:Disease,1,GARD:0015441,false,true,GARD
disease,GARD:0015540,Amyotrophic lateral sclerosis type 10,biolink:Disease,1,GARD:0015540,false,true,GARD
disease,GARD:0015556,"Epilepsy, progressive myoclonic, 1B",biolink:Disease,1,GARD:0015556,false,true,GARD
disease,GARD:0015578,Hereditary spherocytosis type 5,biolink:Disease,1,GARD:0015578,false,true,GARD
disease,GARD:0015735,Spermatogenic failure 9,biolink:Disease,1,GARD:0015735,false,true,GARD
disease,GARD:0015787,Alpha-methylacyl-CoA racemase deficiency,biolink:Disease,1,GARD:0015787,false,true,GARD
disease,GARD:0015804,"Cutis laxa, autosomal recessive, type 1B",biolink:Disease,1,GARD:0015804,false,true,GARD
disease,GARD:0015834,Pontocerebellar hypoplasia type 1B,biolink:Disease,1,GARD:0015834,false,true,GARD
disease,GARD:0015860,Peroxisome biogenesis disorder 4B,biolink:Disease,1,GARD:0015860,false,true,GARD
disease,GARD:0016108,Epilepsy with myoclonic atonic seizures,biolink:Disease,1,GARD:0016108,false,true,GARD
disease,GARD:0016147,"Developmental and epileptic encephalopathy, 34",biolink:Disease,1,GARD:0016147,false,true,GARD
disease,GARD:0016205,"Developmental and epileptic encephalopathy, 46",biolink:Disease,1,GARD:0016205,false,true,GARD
disease,GARD:0016225,"Developmental and epileptic encephalopathy, 54",biolink:Disease,1,GARD:0016225,false,true,GARD
disease,GARD:0016235,Cohen-Gibson syndrome,biolink:Disease,1,GARD:0016235,false,true,GARD
disease,GARD:0016348,"Spondyloepimetaphyseal dysplasia with joint laxity, type 3",biolink:Disease,1,GARD:0016348,false,true,GARD
disease,GARD:0016480,Sorsby fundus dystrophy,biolink:Disease,1,GARD:0016480,false,true,GARD
disease,GARD:0016481,Methylmalonic acidemia due to transcobalamin receptor defect,biolink:Disease,1,GARD:0016481,false,true,GARD
disease,GARD:0016482,Rieger anomaly,biolink:Disease,1,GARD:0016482,false,true,GARD
disease,GARD:0016485,Axenfeld anomaly,biolink:Disease,1,GARD:0016485,false,true,GARD
disease,GARD:0016486,Autosomal dominant progressive external ophthalmoplegia,biolink:Disease,1,GARD:0016486,false,true,GARD
disease,GARD:0016489,Complement component 3 deficiency,biolink:Disease,1,GARD:0016489,false,true,GARD
disease,GARD:0016522,Citrullinemia,biolink:Disease,1,GARD:0016522,false,true,GARD
disease,GARD:0016523,"Glycogen storage disease, type I",biolink:Disease,1,GARD:0016523,false,true,GARD
disease,GARD:0016526,Crigler-Najjar syndrome,biolink:Disease,1,GARD:0016526,false,true,GARD
disease,GARD:0016530,Primary hyperoxaluria,biolink:Disease,1,GARD:0016530,false,true,GARD
disease,GARD:0016532,Familial hypoaldosteronism,biolink:Disease,1,GARD:0016532,false,true,GARD
disease,GARD:0016535,Marfan syndrome,biolink:Disease,1,GARD:0016535,false,true,GARD
disease,GARD:0016536,Multiminicore myopathy,biolink:Disease,1,GARD:0016536,false,true,GARD
disease,GARD:0016537,Homocystinuria without methylmalonic aciduria,biolink:Disease,1,GARD:0016537,false,true,GARD
disease,GARD:0016539,LCAT deficiency,biolink:Disease,1,GARD:0016539,false,true,GARD
disease,GARD:0016540,Congenital omphalocele,biolink:Disease,1,GARD:0016540,false,true,GARD
disease,GARD:0016541,Hemolytic anemia due to glucophosphate isomerase deficiency,biolink:Disease,1,GARD:0016541,false,true,GARD
disease,GARD:0016542,Porokeratosis of Mantoux,biolink:Disease,1,GARD:0016542,false,true,GARD
disease,GARD:0016543,Hereditary thrombophilia due to congenital protein S deficiency,biolink:Disease,1,GARD:0016543,false,true,GARD
disease,GARD:0016544,Hereditary thrombophilia due to congenital protein C deficiency,biolink:Disease,1,GARD:0016544,false,true,GARD
disease,GARD:0016545,Pseudohypoaldosteronism type 1,biolink:Disease,1,GARD:0016545,false,true,GARD
disease,GARD:0016546,Central precocious puberty,biolink:Disease,1,GARD:0016546,false,true,GARD
disease,GARD:0016547,Congenital long QT syndrome,biolink:Disease,1,GARD:0016547,false,true,GARD
disease,GARD:0016548,Estrogen resistance syndrome,biolink:Disease,1,GARD:0016548,false,true,GARD
disease,GARD:0016549,Encephalopathy due to sulfite oxidase deficiency,biolink:Disease,1,GARD:0016549,false,true,GARD
disease,GARD:0016550,Lown-Ganong-Levine syndrome,biolink:Disease,1,GARD:0016550,false,true,GARD
disease,GARD:0016552,"46,XY sex reversal 11",biolink:Disease,1,GARD:0016552,false,true,GARD
disease,GARD:0016553,Alopecia-intellectual disability-hypergonadotropic hypogonadism syndrome,biolink:Disease,1,GARD:0016553,false,true,GARD
disease,GARD:0016554,Autosomal recessive amelia,biolink:Disease,1,GARD:0016554,false,true,GARD
disease,GARD:0016555,Microlissencephaly,biolink:Disease,1,GARD:0016555,false,true,GARD
disease,GARD:0016556,Sheldon-Hall syndrome,biolink:Disease,1,GARD:0016556,false,true,GARD
disease,GARD:0016558,X-linked progressive cerebellar ataxia,biolink:Disease,1,GARD:0016558,false,true,GARD
disease,GARD:0016559,Ataxia-tapetoretinal degeneration syndrome,biolink:Disease,1,GARD:0016559,false,true,GARD
disease,GARD:0016560,Spastic ataxia 7,biolink:Disease,1,GARD:0016560,false,true,GARD
disease,GARD:0016561,"Mitochondrial complex V (ATP synthase) deficiency, nuclear type 2",biolink:Disease,1,GARD:0016561,false,true,GARD
disease,GARD:0016562,Brachytelephalangy-dysmorphism-Kallmann syndrome,biolink:Disease,1,GARD:0016562,false,true,GARD
disease,GARD:0016563,Hyperkeratosis-hyperpigmentation syndrome,biolink:Disease,1,GARD:0016563,false,true,GARD
disease,GARD:0016564,Atrial standstill,biolink:Disease,1,GARD:0016564,false,true,GARD
disease,GARD:0016565,Chondrodysplasia-pseudohermaphroditism syndrome,biolink:Disease,1,GARD:0016565,false,true,GARD
disease,GARD:0016566,Atrial septal defect 7,biolink:Disease,1,GARD:0016566,false,true,GARD
disease,GARD:0016567,Cooper-Jabs syndrome,biolink:Disease,1,GARD:0016567,false,true,GARD
disease,GARD:0016568,Autosomal recessive Robinow syndrome,biolink:Disease,1,GARD:0016568,false,true,GARD
disease,GARD:0016569,Fatal infantile encephalocardiomyopathy,biolink:Disease,1,GARD:0016569,false,true,GARD
disease,GARD:0016570,Chromosome 13q14 deletion syndrome,biolink:Disease,1,GARD:0016570,false,true,GARD
disease,GARD:0016571,Distal monosomy 13q,biolink:Disease,1,GARD:0016571,false,true,GARD
disease,GARD:0016572,Chromosome 15q26-qter deletion syndrome,biolink:Disease,1,GARD:0016572,false,true,GARD
disease,GARD:0016573,Chromosome 3q13.31 deletion syndrome,biolink:Disease,1,GARD:0016573,false,true,GARD
disease,GARD:0016574,Partial chromosome Y deletion,biolink:Disease,1,GARD:0016574,false,true,GARD
disease,GARD:0016575,Dentin dysplasia,biolink:Disease,1,GARD:0016575,false,true,GARD
disease,GARD:0016576,Chronic diarrhea with villous atrophy,biolink:Disease,1,GARD:0016576,false,true,GARD
disease,GARD:0016578,Ectodermal dysplasia-intellectual disability-central nervous system malformation syndrome,biolink:Disease,1,GARD:0016578,false,true,GARD
disease,GARD:0016580,Diabetic embryopathy,biolink:Disease,1,GARD:0016580,false,true,GARD
disease,GARD:0016582,Hereditary gingival fibromatosis,biolink:Disease,1,GARD:0016582,false,true,GARD
disease,GARD:0016585,"46,XX ovotesticular disorder of sex development",biolink:Disease,1,GARD:0016585,false,true,GARD
disease,GARD:0016586,Nodular neuronal heterotopia,biolink:Disease,1,GARD:0016586,false,true,GARD
disease,GARD:0016588,Primary hypergonadotropic hypogonadism-partial alopecia syndrome,biolink:Disease,1,GARD:0016588,false,true,GARD
disease,GARD:0016591,Primary pulmonary hypoplasia,biolink:Disease,1,GARD:0016591,false,true,GARD
disease,GARD:0016592,Congenital short bowel syndrome,biolink:Disease,1,GARD:0016592,false,true,GARD
disease,GARD:0016593,Absence deformity of leg-cataract syndrome,biolink:Disease,1,GARD:0016593,false,true,GARD
disease,GARD:0016594,Kenny-Caffey syndrome,biolink:Disease,1,GARD:0016594,false,true,GARD
disease,GARD:0016595,Larsen-like osseous dysplasia-short stature syndrome,biolink:Disease,1,GARD:0016595,false,true,GARD
disease,GARD:0016596,Congenital laryngeal web,biolink:Disease,1,GARD:0016596,false,true,GARD
disease,GARD:0016597,Laryngeal abductor paralysis with intellectual disability syndrome,biolink:Disease,1,GARD:0016597,false,true,GARD
disease,GARD:0016598,Macrocephaly-spastic paraplegia-dysmorphism syndrome,biolink:Disease,1,GARD:0016598,false,true,GARD
disease,GARD:0016599,Congenital macroglossia,biolink:Disease,1,GARD:0016599,false,true,GARD
disease,GARD:0016600,Multiple cutaneous and mucosal venous malformations,biolink:Disease,1,GARD:0016600,false,true,GARD
disease,GARD:0016602,Upper limb defect-eye and ear abnormalities syndrome,biolink:Disease,1,GARD:0016602,false,true,GARD
disease,GARD:0016606,Oculo-palato-cerebral syndrome,biolink:Disease,1,GARD:0016606,false,true,GARD
disease,GARD:0016607,Oculotrichodysplasia,biolink:Disease,1,GARD:0016607,false,true,GARD
disease,GARD:0016608,Omodysplasia,biolink:Disease,1,GARD:0016608,false,true,GARD
disease,GARD:0016609,Familial recurrent peripheral facial palsy,biolink:Disease,1,GARD:0016609,false,true,GARD
disease,GARD:0016610,Young-onset Parkinson disease,biolink:Disease,1,GARD:0016610,false,true,GARD
disease,GARD:0016611,Pelvis-shoulder dysplasia,biolink:Disease,1,GARD:0016611,false,true,GARD
disease,GARD:0016612,Short stature-valvular heart disease-characteristic facies syndrome,biolink:Disease,1,GARD:0016612,false,true,GARD
disease,GARD:0016613,Phosphoenolpyruvate carboxykinase (GTP) deficiency,biolink:Disease,1,GARD:0016613,false,true,GARD
disease,GARD:0016614,Postaxial polydactyly-dental and vertebral anomalies syndrome,biolink:Disease,1,GARD:0016614,false,true,GARD
disease,GARD:0016616,Leukocyte adhesion deficiency,biolink:Disease,1,GARD:0016616,false,true,GARD
disease,GARD:0016617,"46,XX disorder of sex development-skeletal anomalies syndrome",biolink:Disease,1,GARD:0016617,false,true,GARD
disease,GARD:0016618,"Blepharophimosis - intellectual disability syndrome, SBBYS type",biolink:Disease,1,GARD:0016618,false,true,GARD
disease,GARD:0016620,Autosomal dominant Robinow syndrome,biolink:Disease,1,GARD:0016620,false,true,GARD
disease,GARD:0016621,Alpha-N-acetylgalactosaminidase deficiency,biolink:Disease,1,GARD:0016621,false,true,GARD
disease,GARD:0016622,X-linked spasticity-intellectual disability-epilepsy syndrome,biolink:Disease,1,GARD:0016622,false,true,GARD
disease,GARD:0016626,Non-syndromic metopic craniosynostosis,biolink:Disease,1,GARD:0016626,false,true,GARD
disease,GARD:0016627,Persistent truncus arteriosus,biolink:Disease,1,GARD:0016627,false,true,GARD
disease,GARD:0016628,Hereditary xanthinuria,biolink:Disease,1,GARD:0016628,false,true,GARD
disease,GARD:0016629,Hereditary arginine vasopressin deficiency,biolink:Disease,1,GARD:0016629,false,true,GARD
disease,GARD:0016630,Neuroectodermal melanolysosomal disease,biolink:Disease,1,GARD:0016630,false,true,GARD
disease,GARD:0016631,Gamma-glutamylcysteine synthetase deficiency,biolink:Disease,1,GARD:0016631,false,true,GARD
disease,GARD:0016632,T-B+ severe combined immunodeficiency due to JAK3 deficiency,biolink:Disease,1,GARD:0016632,false,true,GARD
disease,GARD:0016635,Hemolytic anemia due to pyrimidine 5' nucleotidase deficiency,biolink:Disease,1,GARD:0016635,false,true,GARD
disease,GARD:0016636,Acid phosphatase deficiency,biolink:Disease,1,GARD:0016636,false,true,GARD
disease,GARD:0016637,Nanophthalmia,biolink:Disease,1,GARD:0016637,false,true,GARD
disease,GARD:0016639,Combined deficiency of factor V and factor VIII,biolink:Disease,1,GARD:0016639,false,true,GARD
disease,GARD:0016640,Distal monosomy 1q,biolink:Disease,1,GARD:0016640,false,true,GARD
disease,GARD:0016641,Episodic ataxia type 1,biolink:Disease,1,GARD:0016641,false,true,GARD
disease,GARD:0016643,Hereditary myopathy with lactic acidosis due to ISCU deficiency,biolink:Disease,1,GARD:0016643,false,true,GARD
disease,GARD:0016644,Proximal renal tubular acidosis,biolink:Disease,1,GARD:0016644,false,true,GARD
disease,GARD:0016645,Congenital cataracts-facial dysmorphism-neuropathy syndrome,biolink:Disease,1,GARD:0016645,false,true,GARD
disease,GARD:0016646,Lipodystrophy-intellectual disability-deafness syndrome,biolink:Disease,1,GARD:0016646,false,true,GARD
disease,GARD:0016647,Craniolenticulosutural dysplasia,biolink:Disease,1,GARD:0016647,false,true,GARD
disease,GARD:0016648,Branchiogenic deafness syndrome,biolink:Disease,1,GARD:0016648,false,true,GARD
disease,GARD:0016649,Schöpf-Schulz-Passarge syndrome,biolink:Disease,1,GARD:0016649,false,true,GARD
disease,GARD:0016650,Short QT syndrome,biolink:Disease,1,GARD:0016650,false,true,GARD
disease,GARD:0016651,Torsade-de-pointes syndrome with short coupling interval,biolink:Disease,1,GARD:0016651,false,true,GARD
disease,GARD:0016652,Braddock syndrome,biolink:Disease,1,GARD:0016652,false,true,GARD
disease,GARD:0016653,Craniosynostosis-intracranial calcifications syndrome,biolink:Disease,1,GARD:0016653,false,true,GARD
disease,GARD:0016654,Ulnar/fibula ray defect-brachydactyly syndrome,biolink:Disease,1,GARD:0016654,false,true,GARD
disease,GARD:0016655,Retinitis punctata albescens,biolink:Disease,1,GARD:0016655,false,true,GARD
disease,GARD:0016656,Dystonia 9,biolink:Disease,1,GARD:0016656,false,true,GARD
disease,GARD:0016658,Lethal arthrogryposis-anterior horn cell disease syndrome,biolink:Disease,1,GARD:0016658,false,true,GARD
disease,GARD:0016659,Thrombotic thrombocytopenic purpura,biolink:Disease,1,GARD:0016659,false,true,GARD
disease,GARD:0016662,Parietal foramina,biolink:Disease,1,GARD:0016662,false,true,GARD
disease,GARD:0016664,Idiopathic bronchiectasis,biolink:Disease,1,GARD:0016664,false,true,GARD
disease,GARD:0016666,Distal myopathy with posterior leg and anterior hand involvement,biolink:Disease,1,GARD:0016666,false,true,GARD
disease,GARD:0016667,Childhood absence epilepsy,biolink:Disease,1,GARD:0016667,false,true,GARD
disease,GARD:0016668,Ovarian hyperstimulation syndrome,biolink:Disease,1,GARD:0016668,false,true,GARD
disease,GARD:0016669,Deficiency of beta-ureidopropionase,biolink:Disease,1,GARD:0016669,false,true,GARD
disease,GARD:0016670,Permanent neonatal diabetes mellitus-pancreatic and cerebellar agenesis syndrome,biolink:Disease,1,GARD:0016670,false,true,GARD
disease,GARD:0016671,Isolated focal cortical dysplasia,biolink:Disease,1,GARD:0016671,false,true,GARD
disease,GARD:0016672,Arthrogryposis-severe scoliosis syndrome,biolink:Disease,1,GARD:0016672,false,true,GARD
disease,GARD:0016673,Congenital pseudoarthrosis of clavicle,biolink:Disease,1,GARD:0016673,false,true,GARD
disease,GARD:0016674,Diaphanospondylodysostosis,biolink:Disease,1,GARD:0016674,false,true,GARD
disease,GARD:0016675,Deficiency of hyaluronoglucosaminidase,biolink:Disease,1,GARD:0016675,false,true,GARD
disease,GARD:0016676,Thrombocytopenia with congenital dyserythropoietic anemia,biolink:Disease,1,GARD:0016676,false,true,GARD
disease,GARD:0016679,Odonto-tricho-ungual-digito-palmar syndrome,biolink:Disease,1,GARD:0016679,false,true,GARD
disease,GARD:0016680,Pure hair and nail ectodermal dysplasia,biolink:Disease,1,GARD:0016680,false,true,GARD
disease,GARD:0016681,Anhidrotic ectodermal dysplasia-immunodeficiency-osteopetrosis-lymphedema syndrome,biolink:Disease,1,GARD:0016681,false,true,GARD
disease,GARD:0016682,Anonychia with flexural pigmentation,biolink:Disease,1,GARD:0016682,false,true,GARD
disease,GARD:0016683,Low phospholipid associated cholelithiasis,biolink:Disease,1,GARD:0016683,false,true,GARD
disease,GARD:0016684,Bosley-Salih-Alorainy syndrome,biolink:Disease,1,GARD:0016684,false,true,GARD
disease,GARD:0016686,Split hand-foot malformation 1 with sensorineural hearing loss,biolink:Disease,1,GARD:0016686,false,true,GARD
disease,GARD:0016687,Radio-ulnar synostosis-amegakaryocytic thrombocytopenia syndrome,biolink:Disease,1,GARD:0016687,false,true,GARD
disease,GARD:0016688,Familial thrombocytosis,biolink:Disease,1,GARD:0016688,false,true,GARD
disease,GARD:0016693,Retinal arterial tortuosity,biolink:Disease,1,GARD:0016693,false,true,GARD
disease,GARD:0016694,Cystoid macular edema,biolink:Disease,1,GARD:0016694,false,true,GARD
disease,GARD:0016695,Primary immunodeficiency with natural-killer cell deficiency and adrenal insufficiency,biolink:Disease,1,GARD:0016695,false,true,GARD
disease,GARD:0016697,Grange syndrome,biolink:Disease,1,GARD:0016697,false,true,GARD
disease,GARD:0016698,Eiken syndrome,biolink:Disease,1,GARD:0016698,false,true,GARD
disease,GARD:0016699,Neonatal diabetes mellitus with congenital hypothyroidism,biolink:Disease,1,GARD:0016699,false,true,GARD
disease,GARD:0016701,DEND syndrome,biolink:Disease,1,GARD:0016701,false,true,GARD
disease,GARD:0016702,Episodic ataxia type 3,biolink:Disease,1,GARD:0016702,false,true,GARD
disease,GARD:0016703,Episodic ataxia type 4,biolink:Disease,1,GARD:0016703,false,true,GARD
disease,GARD:0016704,Generalized epilepsy-paroxysmal dyskinesia syndrome,biolink:Disease,1,GARD:0016704,false,true,GARD
disease,GARD:0016705,Hereditary painful callosities,biolink:Disease,1,GARD:0016705,false,true,GARD
disease,GARD:0016707,Acrokeratosis verruciformis of Hopf,biolink:Disease,1,GARD:0016707,false,true,GARD
disease,GARD:0016708,2-aminoadipic 2-oxoadipic aciduria,biolink:Disease,1,GARD:0016708,false,true,GARD
disease,GARD:0016709,Seizures-intellectual disability due to hydroxylysinuria syndrome,biolink:Disease,1,GARD:0016709,false,true,GARD
disease,GARD:0016710,Partial hypoxanthine-guanine phosphoribosyltransferase deficiency,biolink:Disease,1,GARD:0016710,false,true,GARD
disease,GARD:0016711,Glycogen storage disease IXb,biolink:Disease,1,GARD:0016711,false,true,GARD
disease,GARD:0016713,Congenital bile acid synthesis defect 3,biolink:Disease,1,GARD:0016713,false,true,GARD
disease,GARD:0016715,"Chondrodysplasia punctata, MT type",biolink:Disease,1,GARD:0016715,false,true,GARD
disease,GARD:0016716,"Chondrodysplasia punctata, Toriello type",biolink:Disease,1,GARD:0016716,false,true,GARD
disease,GARD:0016718,PHGDH deficiency,biolink:Disease,1,GARD:0016718,false,true,GARD
disease,GARD:0016719,Loricrin keratoderma,biolink:Disease,1,GARD:0016719,false,true,GARD
disease,GARD:0016720,Recessive dystrophic epidermolysis bullosa inversa,biolink:Disease,1,GARD:0016720,false,true,GARD
disease,GARD:0016722,Oculocutaneous albinism type 4,biolink:Disease,1,GARD:0016722,false,true,GARD
disease,GARD:0016725,Hypotonia-failure to thrive-microcephaly syndrome,biolink:Disease,1,GARD:0016725,false,true,GARD
disease,GARD:0016726,Autosomal recessive hyperinsulinism due to SUR1 deficiency,biolink:Disease,1,GARD:0016726,false,true,GARD
disease,GARD:0016727,Autosomal recessive hyperinsulinism due to Kir6.2 deficiency,biolink:Disease,1,GARD:0016727,false,true,GARD
disease,GARD:0016728,Glomuvenous malformation,biolink:Disease,1,GARD:0016728,false,true,GARD
disease,GARD:0016729,Congenital malabsorptive diarrhea 4,biolink:Disease,1,GARD:0016729,false,true,GARD
disease,GARD:0016730,Senior-Boichis syndrome,biolink:Disease,1,GARD:0016730,false,true,GARD
disease,GARD:0016731,Hereditary thermosensitive neuropathy,biolink:Disease,1,GARD:0016731,false,true,GARD
disease,GARD:0016733,Palmoplantar keratoderma-XX sex reversal-predisposition to squamous cell carcinoma syndrome,biolink:Disease,1,GARD:0016733,false,true,GARD
disease,GARD:0016734,Bothnia retinal dystrophy,biolink:Disease,1,GARD:0016734,false,true,GARD
disease,GARD:0016735,Familial digital arthropathy-brachydactyly,biolink:Disease,1,GARD:0016735,false,true,GARD
disease,GARD:0016736,"Microcephalic osteodysplastic dysplasia, Saul-Wilson type",biolink:Disease,1,GARD:0016736,false,true,GARD
disease,GARD:0016737,Craniometadiaphyseal dysplasia wormian bone type,biolink:Disease,1,GARD:0016737,false,true,GARD
disease,GARD:0016738,"Metaphyseal dysplasia, Braun-Tinschert type",biolink:Disease,1,GARD:0016738,false,true,GARD
disease,GARD:0016739,Calvarial doughnut lesions-bone fragility syndrome,biolink:Disease,1,GARD:0016739,false,true,GARD
disease,GARD:0016740,Spondylo-ocular syndrome,biolink:Disease,1,GARD:0016740,false,true,GARD
disease,GARD:0016741,Genochondromatosis type 1,biolink:Disease,1,GARD:0016741,false,true,GARD
disease,GARD:0016742,Armfield syndrome,biolink:Disease,1,GARD:0016742,false,true,GARD
disease,GARD:0016743,"X-linked intellectual disability, Cantagrel type",biolink:Disease,1,GARD:0016743,false,true,GARD
disease,GARD:0016744,Syndromic X-linked intellectual disability Claes-Jensen type,biolink:Disease,1,GARD:0016744,false,true,GARD
disease,GARD:0016745,X-linked intellectual disability-cubitus valgus-dysmorphism syndrome,biolink:Disease,1,GARD:0016745,false,true,GARD
disease,GARD:0016746,BRESEK syndrome,biolink:Disease,1,GARD:0016746,false,true,GARD
disease,GARD:0016747,Syndromic X-linked intellectual disability 12,biolink:Disease,1,GARD:0016747,false,true,GARD
disease,GARD:0016748,"Epilepsy, X-linked 1, with variable learning disabilities and behavior disorders",biolink:Disease,1,GARD:0016748,false,true,GARD
disease,GARD:0016750,"Deafness-intellectual disability, Martin-Probst type syndrome",biolink:Disease,1,GARD:0016750,false,true,GARD
disease,GARD:0016751,Syndromic X-linked intellectual disability Shrimpton type,biolink:Disease,1,GARD:0016751,false,true,GARD
disease,GARD:0016753,Fried syndrome,biolink:Disease,1,GARD:0016753,false,true,GARD
disease,GARD:0016754,ATTRV30M amyloidosis,biolink:Disease,1,GARD:0016754,false,true,GARD
disease,GARD:0016755,ATTRV122I amyloidosis,biolink:Disease,1,GARD:0016755,false,true,GARD
disease,GARD:0016756,X-linked reticulate pigmentary disorder,biolink:Disease,1,GARD:0016756,false,true,GARD
disease,GARD:0016757,Helicoid peripapillary chorioretinal degeneration,biolink:Disease,1,GARD:0016757,false,true,GARD
disease,GARD:0016758,Benign adult familial myoclonic epilepsy,biolink:Disease,1,GARD:0016758,false,true,GARD
disease,GARD:0016759,Congenital absence of salivary gland,biolink:Disease,1,GARD:0016759,false,true,GARD
disease,GARD:0016760,Hemolytic anemia due to adenylate kinase deficiency,biolink:Disease,1,GARD:0016760,false,true,GARD
disease,GARD:0016761,Alport syndrome-intellectual disability-midface hypoplasia-elliptocytosis syndrome,biolink:Disease,1,GARD:0016761,false,true,GARD
disease,GARD:0016762,Atrichia with papular lesions,biolink:Disease,1,GARD:0016762,false,true,GARD
disease,GARD:0016763,Lissencephaly type 3-metacarpal bone dysplasia syndrome,biolink:Disease,1,GARD:0016763,false,true,GARD
disease,GARD:0016766,Keratosis palmaris et plantaris-clinodactyly syndrome,biolink:Disease,1,GARD:0016766,false,true,GARD
disease,GARD:0016767,"Hereditary palmoplantar keratoderma, Gamborg-Nielsen type",biolink:Disease,1,GARD:0016767,false,true,GARD
disease,GARD:0016768,Blue color blindness,biolink:Disease,1,GARD:0016768,false,true,GARD
disease,GARD:0016769,Terminal osseous dysplasia-pigmentary defects syndrome,biolink:Disease,1,GARD:0016769,false,true,GARD
disease,GARD:0016770,Myopathy due to calsequestrin and SERCA1 protein overload,biolink:Disease,1,GARD:0016770,false,true,GARD
disease,GARD:0016772,Progressive hereditary glomerulonephritis without deafness,biolink:Disease,1,GARD:0016772,false,true,GARD
disease,GARD:0016773,Hepatocellular carcinoma,biolink:Disease,1,GARD:0016773,false,true,GARD
disease,GARD:0016778,"Epidermolysis bullosa simplex 1D, generalized, intermediate or severe, autosomal recessive",biolink:Disease,1,GARD:0016778,false,true,GARD
disease,GARD:0016779,Epidermolysis bullosa pruriginosa,biolink:Disease,1,GARD:0016779,false,true,GARD
disease,GARD:0016781,Autosomal dominant hypophosphatemic rickets,biolink:Disease,1,GARD:0016781,false,true,GARD
disease,GARD:0016782,X-linked cone dysfunction syndrome with myopia,biolink:Disease,1,GARD:0016782,false,true,GARD
disease,GARD:0016783,Primary immunodeficiency syndrome due to p14 deficiency,biolink:Disease,1,GARD:0016783,false,true,GARD
disease,GARD:0016785,Familial pseudohyperkalemia,biolink:Disease,1,GARD:0016785,false,true,GARD
disease,GARD:0016786,Charcot-Marie-Tooth disease-hearing loss-intellectual disability syndrome,biolink:Disease,1,GARD:0016786,false,true,GARD
disease,GARD:0016787,Hereditary motor and sensory neuropathy with optic atrophy,biolink:Disease,1,GARD:0016787,false,true,GARD
disease,GARD:0016789,Hypotrichosis simplex of the scalp,biolink:Disease,1,GARD:0016789,false,true,GARD
disease,GARD:0016793,Hypothyroidism due to TSH receptor mutations,biolink:Disease,1,GARD:0016793,false,true,GARD
disease,GARD:0016795,Cardiomyopathy-hypotonia-lactic acidosis syndrome,biolink:Disease,1,GARD:0016795,false,true,GARD
disease,GARD:0016796,Body skin hyperlaxity due to vitamin K-dependent coagulation factor deficiency,biolink:Disease,1,GARD:0016796,false,true,GARD
disease,GARD:0016797,Isolated cryptophthalmia,biolink:Disease,1,GARD:0016797,false,true,GARD
disease,GARD:0016799,Isolated congenital alacrima,biolink:Disease,1,GARD:0016799,false,true,GARD
disease,GARD:0016800,Sclerocornea,biolink:Disease,1,GARD:0016800,false,true,GARD
disease,GARD:0016801,Early-onset non-syndromic cataract,biolink:Disease,1,GARD:0016801,false,true,GARD
disease,GARD:0016802,Macular coloboma-cleft palate-hallux valgus syndrome,biolink:Disease,1,GARD:0016802,false,true,GARD
disease,GARD:0016803,Persistent hyperplastic primary vitreous,biolink:Disease,1,GARD:0016803,false,true,GARD
disease,GARD:0016805,"Vitamin D-dependent rickets, type 2",biolink:Disease,1,GARD:0016805,false,true,GARD
disease,GARD:0016806,Fragile X-associated tremor/ataxia syndrome,biolink:Disease,1,GARD:0016806,false,true,GARD
disease,GARD:0016808,Pfeiffer syndrome type 2,biolink:Disease,1,GARD:0016808,false,true,GARD
disease,GARD:0016809,Pfeiffer syndrome type 3,biolink:Disease,1,GARD:0016809,false,true,GARD
disease,GARD:0016810,Crouzon syndrome-acanthosis nigricans syndrome,biolink:Disease,1,GARD:0016810,false,true,GARD
disease,GARD:0016811,Cloverleaf skull-multiple congenital anomalies syndrome,biolink:Disease,1,GARD:0016811,false,true,GARD
disease,GARD:0016812,Namaqualand hip dysplasia,biolink:Disease,1,GARD:0016812,false,true,GARD
disease,GARD:0016813,"Spondyloepimetaphyseal dysplasia, PAPSS2 type",biolink:Disease,1,GARD:0016813,false,true,GARD
disease,GARD:0016814,"Spondyloepiphyseal dysplasia, Kimberley type",biolink:Disease,1,GARD:0016814,false,true,GARD
disease,GARD:0016816,Brachyolmia - Maroteaux type,biolink:Disease,1,GARD:0016816,false,true,GARD
disease,GARD:0016817,Postaxial polydactyly type A,biolink:Disease,1,GARD:0016817,false,true,GARD
disease,GARD:0016818,Postaxial polydactyly type B,biolink:Disease,1,GARD:0016818,false,true,GARD
disease,GARD:0016819,Autosomal recessive spondyloepimetaphyseal dysplasia,biolink:Disease,1,GARD:0016819,false,true,GARD
disease,GARD:0016820,Genochondromatosis type 2,biolink:Disease,1,GARD:0016820,false,true,GARD
disease,GARD:0016821,Brachydactyly-syndactyly syndrome,biolink:Disease,1,GARD:0016821,false,true,GARD
disease,GARD:0016831,Alobar holoprosencephaly,biolink:Disease,1,GARD:0016831,false,true,GARD
disease,GARD:0016834,Syndromic X-linked intellectual disability Hedera type,biolink:Disease,1,GARD:0016834,false,true,GARD
disease,GARD:0016835,Anotia,biolink:Disease,1,GARD:0016835,false,true,GARD
disease,GARD:0016836,Cayman type cerebellar ataxia,biolink:Disease,1,GARD:0016836,false,true,GARD
disease,GARD:0016838,Lissencephaly due to LIS1 mutation,biolink:Disease,1,GARD:0016838,false,true,GARD
disease,GARD:0016839,Familial adrenal hypoplasia with absent pituitary luteinizing hormone,biolink:Disease,1,GARD:0016839,false,true,GARD
disease,GARD:0016840,Posterior hypospadias,biolink:Disease,1,GARD:0016840,false,true,GARD
disease,GARD:0016841,Ectopic thyroid,biolink:Disease,1,GARD:0016841,false,true,GARD
disease,GARD:0016842,Thyroid agenesis,biolink:Disease,1,GARD:0016842,false,true,GARD
disease,GARD:0016843,Familial thyroid dyshormonogenesis,biolink:Disease,1,GARD:0016843,false,true,GARD
disease,GARD:0016844,Thyroid hemiagenesis,biolink:Disease,1,GARD:0016844,false,true,GARD
disease,GARD:0016845,Chromosome 6pter-p24 deletion syndrome,biolink:Disease,1,GARD:0016845,false,true,GARD
disease,GARD:0016847,Monosomy 13q34,biolink:Disease,1,GARD:0016847,false,true,GARD
disease,GARD:0016849,Maternal uniparental disomy of chromosome 20,biolink:Disease,1,GARD:0016849,false,true,GARD
disease,GARD:0016853,Familial papillary thyroid carcinoma with renal papillary neoplasia,biolink:Disease,1,GARD:0016853,false,true,GARD
disease,GARD:0016858,Syndromic orbital border hypoplasia,biolink:Disease,1,GARD:0016858,false,true,GARD
disease,GARD:0016862,Alpha thalassemia-intellectual disability syndrome type 1,biolink:Disease,1,GARD:0016862,false,true,GARD
disease,GARD:0016867,Southeast Asian ovalocytosis,biolink:Disease,1,GARD:0016867,false,true,GARD
disease,GARD:0016870,Desmin-related myofibrillar myopathy,biolink:Disease,1,GARD:0016870,false,true,GARD
disease,GARD:0016874,Huntington disease-like 2,biolink:Disease,1,GARD:0016874,false,true,GARD
disease,GARD:0016875,Coloboma of choroid and retina,biolink:Disease,1,GARD:0016875,false,true,GARD
disease,GARD:0016877,Lisch epithelial corneal dystrophy,biolink:Disease,1,GARD:0016877,false,true,GARD
disease,GARD:0016878,Subepithelial mucinous corneal dystrophy,biolink:Disease,1,GARD:0016878,false,true,GARD
disease,GARD:0016879,Fleck corneal dystrophy,biolink:Disease,1,GARD:0016879,false,true,GARD
disease,GARD:0016880,Posterior amorphous corneal dystrophy,biolink:Disease,1,GARD:0016880,false,true,GARD
disease,GARD:0016881,Central cloudy dystrophy of Francois,biolink:Disease,1,GARD:0016881,false,true,GARD
disease,GARD:0016882,Posterior polymorphous corneal dystrophy,biolink:Disease,1,GARD:0016882,false,true,GARD
disease,GARD:0016883,Glaucoma of childhood,biolink:Disease,1,GARD:0016883,false,true,GARD
disease,GARD:0016890,Butterfly-shaped pigment dystrophy,biolink:Disease,1,GARD:0016890,false,true,GARD
disease,GARD:0016897,6-phosphogluconate dehydrogenase deficiency,biolink:Disease,1,GARD:0016897,false,true,GARD
disease,GARD:0016898,Lymphedema-posterior choanal atresia syndrome,biolink:Disease,1,GARD:0016898,false,true,GARD
disease,GARD:0016900,Kandori fleck retina,biolink:Disease,1,GARD:0016900,false,true,GARD
disease,GARD:0016902,Metaphyseal chondromatosis with D-2-hydroxyglutaric aciduria,biolink:Disease,1,GARD:0016902,false,true,GARD
disease,GARD:0016903,"Ectodermal dysplasia 8, hair/tooth/nail type",biolink:Disease,1,GARD:0016903,false,true,GARD
disease,GARD:0016904,Myotonia fluctuans,biolink:Disease,1,GARD:0016904,false,true,GARD
disease,GARD:0016905,Myotonia permanens,biolink:Disease,1,GARD:0016905,false,true,GARD
disease,GARD:0016909,Haddad syndrome,biolink:Disease,1,GARD:0016909,false,true,GARD
disease,GARD:0016910,Oculootodental syndrome,biolink:Disease,1,GARD:0016910,false,true,GARD
disease,GARD:0016911,PEHO-like syndrome,biolink:Disease,1,GARD:0016911,false,true,GARD
disease,GARD:0016913,Familial gestational hyperthyroidism,biolink:Disease,1,GARD:0016913,false,true,GARD
disease,GARD:0016914,"Hypothyroidism, congenital, nongoitrous, 7",biolink:Disease,1,GARD:0016914,false,true,GARD
disease,GARD:0016916,Hereditary recurrent myoglobinuria,biolink:Disease,1,GARD:0016916,false,true,GARD
disease,GARD:0016917,Autosomal dominant myoglobinuria,biolink:Disease,1,GARD:0016917,false,true,GARD
disease,GARD:0016923,Familial isolated hyperparathyroidism,biolink:Disease,1,GARD:0016923,false,true,GARD
disease,GARD:0016925,Charcot-Marie-Tooth disease type 2A2,biolink:Disease,1,GARD:0016925,false,true,GARD
disease,GARD:0016926,Atypical teratoid rhabdoid tumor,biolink:Disease,1,GARD:0016926,false,true,GARD
disease,GARD:0016937,Porphobilinogen synthase deficiency,biolink:Disease,1,GARD:0016937,false,true,GARD
disease,GARD:0016938,Bathing suit ichthyosis,biolink:Disease,1,GARD:0016938,false,true,GARD
disease,GARD:0016939,Mast syndrome,biolink:Disease,1,GARD:0016939,false,true,GARD
disease,GARD:0016940,Hereditary spastic paraplegia 27,biolink:Disease,1,GARD:0016940,false,true,GARD
disease,GARD:0016941,Hereditary spastic paraplegia 28,biolink:Disease,1,GARD:0016941,false,true,GARD
disease,GARD:0016942,Hereditary spastic paraplegia 30,biolink:Disease,1,GARD:0016942,false,true,GARD
disease,GARD:0016943,Congenital stromal corneal dystrophy,biolink:Disease,1,GARD:0016943,false,true,GARD
disease,GARD:0016944,Familial isolated congenital asplenia,biolink:Disease,1,GARD:0016944,false,true,GARD
disease,GARD:0016945,Congenital sodium diarrhea,biolink:Disease,1,GARD:0016945,false,true,GARD
disease,GARD:0016947,"Lung fibrosis-immunodeficiency-46,XX gonadal dysgenesis syndrome",biolink:Disease,1,GARD:0016947,false,true,GARD
disease,GARD:0016949,Hepatoencephalopathy due to combined oxidative phosphorylation defect type 1,biolink:Disease,1,GARD:0016949,false,true,GARD
disease,GARD:0016950,Hypotonia with lactic acidemia and hyperammonemia,biolink:Disease,1,GARD:0016950,false,true,GARD
disease,GARD:0016952,17q11.2 microduplication syndrome,biolink:Disease,1,GARD:0016952,false,true,GARD
disease,GARD:0016953,"Neuronopathy, distal hereditary motor, autosomal dominant 1",biolink:Disease,1,GARD:0016953,false,true,GARD
disease,GARD:0016954,Distal hereditary motor neuropathy type 2,biolink:Disease,1,GARD:0016954,false,true,GARD
disease,GARD:0016955,"Neuronopathy, distal hereditary motor, type 5",biolink:Disease,1,GARD:0016955,false,true,GARD
disease,GARD:0016956,"Neuronopathy, distal hereditary motor, autosomal recessive 3",biolink:Disease,1,GARD:0016956,false,true,GARD
disease,GARD:0016957,X-linked distal spinal muscular atrophy type 3,biolink:Disease,1,GARD:0016957,false,true,GARD
disease,GARD:0016958,Hereditary sensory and autonomic neuropathy type 1B,biolink:Disease,1,GARD:0016958,false,true,GARD
disease,GARD:0016959,Hereditary sensory and autonomic neuropathy with spastic paraplegia,biolink:Disease,1,GARD:0016959,false,true,GARD
disease,GARD:0016960,Distal hereditary motor neuropathy type 7,biolink:Disease,1,GARD:0016960,false,true,GARD
disease,GARD:0016961,Primary intraosseous venous malformation,biolink:Disease,1,GARD:0016961,false,true,GARD
disease,GARD:0016962,Autosomal dominant slowed nerve conduction velocity,biolink:Disease,1,GARD:0016962,false,true,GARD
disease,GARD:0016964,Short stature due to primary acid-labile subunit deficiency,biolink:Disease,1,GARD:0016964,false,true,GARD
disease,GARD:0016965,Autosomal dominant macrothrombocytopenia,biolink:Disease,1,GARD:0016965,false,true,GARD
disease,GARD:0016966,Bilateral microtia-deafness-cleft palate syndrome,biolink:Disease,1,GARD:0016966,false,true,GARD
disease,GARD:0016967,"Palmoplantar keratoderma, Nagashima type",biolink:Disease,1,GARD:0016967,false,true,GARD
disease,GARD:0016971,Hemifacial hypertrophy,biolink:Disease,1,GARD:0016971,false,true,GARD
disease,GARD:0016972,Isolated congenital hypoglossia/aglossia,biolink:Disease,1,GARD:0016972,false,true,GARD
disease,GARD:0016973,Paramedian nasal cleft,biolink:Disease,1,GARD:0016973,false,true,GARD
disease,GARD:0016974,Tessier number 4 facial cleft,biolink:Disease,1,GARD:0016974,false,true,GARD
disease,GARD:0016975,Commissural facial cleft,biolink:Disease,1,GARD:0016975,false,true,GARD
disease,GARD:0016976,Cleft lip and alveolus,biolink:Disease,1,GARD:0016976,false,true,GARD
disease,GARD:0016977,Autosomal recessive hypophosphatemic bone disease,biolink:Disease,1,GARD:0016977,false,true,GARD
disease,GARD:0016981,Hereditary mixed polyposis syndrome,biolink:Disease,1,GARD:0016981,false,true,GARD
disease,GARD:0016982,Hyperplastic polyposis syndrome,biolink:Disease,1,GARD:0016982,false,true,GARD
disease,GARD:0016983,Cold-induced sweating syndrome,biolink:Disease,1,GARD:0016983,false,true,GARD
disease,GARD:0016984,Craniorhiny,biolink:Disease,1,GARD:0016984,false,true,GARD
disease,GARD:0016985,Huntington disease-like 1,biolink:Disease,1,GARD:0016985,false,true,GARD
disease,GARD:0016986,Huntington disease-like 3,biolink:Disease,1,GARD:0016986,false,true,GARD
disease,GARD:0016987,ANE syndrome,biolink:Disease,1,GARD:0016987,false,true,GARD
disease,GARD:0016988,Oculoauricular syndrome,biolink:Disease,1,GARD:0016988,false,true,GARD
disease,GARD:0016990,Epidermolysis bullosa simplex with migratory circinate erythema,biolink:Disease,1,GARD:0016990,false,true,GARD
disease,GARD:0016991,"Epidermolysis bullosa simplex 5C, with pyloric atresia",biolink:Disease,1,GARD:0016991,false,true,GARD
disease,GARD:0016993,"Spondyloepiphyseal dysplasia with coronal craniosynostosis, cataracts, cleft palate, and intellectual disability",biolink:Disease,1,GARD:0016993,false,true,GARD
disease,GARD:0016994,"Spondyloepiphyseal dysplasia, Reardon type",biolink:Disease,1,GARD:0016994,false,true,GARD
disease,GARD:0016995,"Spondyloepiphyseal dysplasia tarda, Kohn type",biolink:Disease,1,GARD:0016995,false,true,GARD
disease,GARD:0016996,"Spondyloepiphyseal dysplasia, MacDermot type",biolink:Disease,1,GARD:0016996,false,true,GARD
disease,GARD:0016997,Cortical dysplasia-focal epilepsy syndrome,biolink:Disease,1,GARD:0016997,false,true,GARD
disease,GARD:0016999,2p21 microdeletion syndrome,biolink:Disease,1,GARD:0016999,false,true,GARD
disease,GARD:0017000,Action myoclonus-renal failure syndrome,biolink:Disease,1,GARD:0017000,false,true,GARD
disease,GARD:0017002,Rolandic epilepsy-speech dyspraxia syndrome,biolink:Disease,1,GARD:0017002,false,true,GARD
disease,GARD:0017003,Rolandic epilepsy-paroxysmal exercise-induced dystonia-writer's cramp syndrome,biolink:Disease,1,GARD:0017003,false,true,GARD
disease,GARD:0017004,PCWH syndrome,biolink:Disease,1,GARD:0017004,false,true,GARD
disease,GARD:0017005,Syndromic X-linked intellectual disability Nascimento type,biolink:Disease,1,GARD:0017005,false,true,GARD
disease,GARD:0017006,X-linked cerebral-cerebellar-coloboma syndrome syndrome,biolink:Disease,1,GARD:0017006,false,true,GARD
disease,GARD:0017007,"X-linked dominant chondrodysplasia, Chassaing-Lacombe type",biolink:Disease,1,GARD:0017007,false,true,GARD
disease,GARD:0017008,"X-linked intellectual disability, van Esch type",biolink:Disease,1,GARD:0017008,false,true,GARD
disease,GARD:0017009,X-linked intellectual disability-craniofacioskeletal syndrome,biolink:Disease,1,GARD:0017009,false,true,GARD
disease,GARD:0017010,"Developmental and epileptic encephalopathy, 8",biolink:Disease,1,GARD:0017010,false,true,GARD
disease,GARD:0017012,"Multiple epiphyseal dysplasia, Beighton type",biolink:Disease,1,GARD:0017012,false,true,GARD
disease,GARD:0017013,"Multiple epiphyseal dysplasia, Lowry type",biolink:Disease,1,GARD:0017013,false,true,GARD
disease,GARD:0017014,"Multiple epiphyseal dysplasia, Al-Gazali type",biolink:Disease,1,GARD:0017014,false,true,GARD
disease,GARD:0017015,"Multiple epiphyseal dysplasia, with severe proximal femoral dysplasia",biolink:Disease,1,GARD:0017015,false,true,GARD
disease,GARD:0017016,"Multiple epiphyseal dysplasia, with miniepiphyses",biolink:Disease,1,GARD:0017016,false,true,GARD
disease,GARD:0017017,Metaphyseal chondrodysplasia-retinitis pigmentosa syndrome,biolink:Disease,1,GARD:0017017,false,true,GARD
disease,GARD:0017018,"Metaphyseal chondrodysplasia, Kaitila type",biolink:Disease,1,GARD:0017018,false,true,GARD
disease,GARD:0017026,FASTKD2-related infantile mitochondrial encephalomyopathy,biolink:Disease,1,GARD:0017026,false,true,GARD
disease,GARD:0017027,Isolated osteopoikilosis,biolink:Disease,1,GARD:0017027,false,true,GARD
disease,GARD:0017028,Hot water reflex epilepsy,biolink:Disease,1,GARD:0017028,false,true,GARD
disease,GARD:0017030,Spondyloepimetaphyseal dysplasia-abnormal dentition syndrome,biolink:Disease,1,GARD:0017030,false,true,GARD
disease,GARD:0017031,Congenital neuronal ceroid lipofuscinosis,biolink:Disease,1,GARD:0017031,false,true,GARD
disease,GARD:0017032,Late-infantile neuronal ceroid lipofuscinosis,biolink:Disease,1,GARD:0017032,false,true,GARD
disease,GARD:0017033,"Congenital adrenal insufficiency with 46, XY sex reversal OR 46,XY disorder of sex development-adrenal insufficiency due to CYP11A1 deficiency",biolink:Disease,1,GARD:0017033,false,true,GARD
disease,GARD:0017034,"46,XY gonadal dysgenesis-motor and sensory neuropathy syndrome",biolink:Disease,1,GARD:0017034,false,true,GARD
disease,GARD:0017035,Fatal mitochondrial disease due to combined oxidative phosphorylation defect type 3,biolink:Disease,1,GARD:0017035,false,true,GARD
disease,GARD:0017036,Hereditary cryohydrocytosis with reduced stomatin,biolink:Disease,1,GARD:0017036,false,true,GARD
disease,GARD:0017038,Enterokinase deficiency,biolink:Disease,1,GARD:0017038,false,true,GARD
disease,GARD:0017039,Seborrhea-like dermatitis with psoriasiform elements,biolink:Disease,1,GARD:0017039,false,true,GARD
disease,GARD:0017042,Generalized basaloid follicular hamartoma syndrome,biolink:Disease,1,GARD:0017042,false,true,GARD
disease,GARD:0017043,Myeloid neoplasm associated with FGFR1 rearrangement,biolink:Disease,1,GARD:0017043,false,true,GARD
disease,GARD:0017044,CLAPO syndrome,biolink:Disease,1,GARD:0017044,false,true,GARD
disease,GARD:0017045,Cernunnos-XLF deficiency,biolink:Disease,1,GARD:0017045,false,true,GARD
disease,GARD:0017046,Combined immunodeficiency due to CD3gamma deficiency,biolink:Disease,1,GARD:0017046,false,true,GARD
disease,GARD:0017048,Combined immunodeficiency due to CRAC channel dysfunction,biolink:Disease,1,GARD:0017048,false,true,GARD
disease,GARD:0017049,Immunodeficiency due to CD25 deficiency,biolink:Disease,1,GARD:0017049,false,true,GARD
disease,GARD:0017050,Immunodeficiency due to a late component of complement deficiency,biolink:Disease,1,GARD:0017050,false,true,GARD
disease,GARD:0017051,T-B+ severe combined immunodeficiency due to IL-7Ralpha deficiency,biolink:Disease,1,GARD:0017051,false,true,GARD
disease,GARD:0017052,T-B+ severe combined immunodeficiency due to CD45 deficiency,biolink:Disease,1,GARD:0017052,false,true,GARD
disease,GARD:0017053,T-B+ severe combined immunodeficiency due to CD3delta/CD3epsilon/CD3zeta,biolink:Disease,1,GARD:0017053,false,true,GARD
disease,GARD:0017054,Primary CD59 deficiency,biolink:Disease,1,GARD:0017054,false,true,GARD
disease,GARD:0017055,Recurrent Neisseria infections due to factor D deficiency,biolink:Disease,1,GARD:0017055,false,true,GARD
disease,GARD:0017062,Myofibrillar myopathy 5,biolink:Disease,1,GARD:0017062,false,true,GARD
disease,GARD:0017063,Hereditary spastic paraplegia 34,biolink:Disease,1,GARD:0017063,false,true,GARD
disease,GARD:0017064,Hereditary spastic paraplegia 37,biolink:Disease,1,GARD:0017064,false,true,GARD
disease,GARD:0017065,Hereditary spastic paraplegia 38,biolink:Disease,1,GARD:0017065,false,true,GARD
disease,GARD:0017066,Lissencephaly due to TUBA1A mutation,biolink:Disease,1,GARD:0017066,false,true,GARD
disease,GARD:0017067,Metabolic myopathy due to lactate transporter defect,biolink:Disease,1,GARD:0017067,false,true,GARD
disease,GARD:0017068,"Thyroid hormone metabolism, abnormal 1",biolink:Disease,1,GARD:0017068,false,true,GARD
disease,GARD:0017069,Cutis laxa - Marfanoid syndrome,biolink:Disease,1,GARD:0017069,false,true,GARD
disease,GARD:0017070,Blindness - scoliosis - arachnodactyly syndrome,biolink:Disease,1,GARD:0017070,false,true,GARD
disease,GARD:0017071,PHARC syndrome,biolink:Disease,1,GARD:0017071,false,true,GARD
disease,GARD:0017072,MEDNIK syndrome,biolink:Disease,1,GARD:0017072,false,true,GARD
disease,GARD:0017073,Hereditary spastic paraplegia 42,biolink:Disease,1,GARD:0017073,false,true,GARD
disease,GARD:0017079,Reticulate acropigmentation of Kitamura,biolink:Disease,1,GARD:0017079,false,true,GARD
disease,GARD:0017080,Distal myopathy with anterior tibial onset,biolink:Disease,1,GARD:0017080,false,true,GARD
disease,GARD:0017081,X-linked myopathy with postural muscle atrophy,biolink:Disease,1,GARD:0017081,false,true,GARD
disease,GARD:0017086,Recurrent infections associated with rare immunoglobulin isotypes deficiency,biolink:Disease,1,GARD:0017086,false,true,GARD
disease,GARD:0017089,Familial angiolipomatosis,biolink:Disease,1,GARD:0017089,false,true,GARD
disease,GARD:0017091,Cleft upper lip,biolink:Disease,1,GARD:0017091,false,true,GARD
disease,GARD:0017092,Cleft lip/palate,biolink:Disease,1,GARD:0017092,false,true,GARD
disease,GARD:0017093,Familial clubfoot with or without associated lower limb anomalies,biolink:Disease,1,GARD:0017093,false,true,GARD
disease,GARD:0017094,Endocrine-cerebro-osteodysplasia syndrome,biolink:Disease,1,GARD:0017094,false,true,GARD
disease,GARD:0017095,Pancreatic insufficiency-anemia-hyperostosis syndrome,biolink:Disease,1,GARD:0017095,false,true,GARD
disease,GARD:0017096,Myofibrillar myopathy 6,biolink:Disease,1,GARD:0017096,false,true,GARD
disease,GARD:0017098,Factor I deficiency,biolink:Disease,1,GARD:0017098,false,true,GARD
disease,GARD:0017099,Immunodeficiency with factor H anomaly,biolink:Disease,1,GARD:0017099,false,true,GARD
disease,GARD:0017101,"Neuronopathy, distal hereditary motor, autosomal recessive 4",biolink:Disease,1,GARD:0017101,false,true,GARD
disease,GARD:0017102,"Adult-onset proximal spinal muscular atrophy, autosomal dominant",biolink:Disease,1,GARD:0017102,false,true,GARD
disease,GARD:0017103,Severe neonatal-onset encephalopathy with microcephaly,biolink:Disease,1,GARD:0017103,false,true,GARD
disease,GARD:0017104,Autosomal dominant rhegmatogenous retinal detachment,biolink:Disease,1,GARD:0017104,false,true,GARD
disease,GARD:0017107,Episodic ataxia type 6,biolink:Disease,1,GARD:0017107,false,true,GARD
disease,GARD:0017108,Episodic ataxia type 7,biolink:Disease,1,GARD:0017108,false,true,GARD
disease,GARD:0017109,Spastic quadriplegic cerebral palsy,biolink:Disease,1,GARD:0017109,false,true,GARD
disease,GARD:0017110,"Lethal polymalformative syndrome, Boissel type",biolink:Disease,1,GARD:0017110,false,true,GARD
disease,GARD:0017111,Compton-North congenital myopathy,biolink:Disease,1,GARD:0017111,false,true,GARD
disease,GARD:0017112,Macrocephaly-autism syndrome,biolink:Disease,1,GARD:0017112,false,true,GARD
disease,GARD:0017113,Episodic ataxia type 5,biolink:Disease,1,GARD:0017113,false,true,GARD
disease,GARD:0017116,"Microcephaly-facio-cardio-skeletal syndrome, Hadziselimovic type",biolink:Disease,1,GARD:0017116,false,true,GARD
disease,GARD:0017117,Isolated congenital digital clubbing,biolink:Disease,1,GARD:0017117,false,true,GARD
disease,GARD:0017120,RIN2 syndrome,biolink:Disease,1,GARD:0017120,false,true,GARD
disease,GARD:0017121,Chromosome 17q21.31 duplication syndrome,biolink:Disease,1,GARD:0017121,false,true,GARD
disease,GARD:0017122,Chromosome 17p13.3 duplication syndrome,biolink:Disease,1,GARD:0017122,false,true,GARD
disease,GARD:0017123,Progressive demyelinating neuropathy with bilateral striatal necrosis,biolink:Disease,1,GARD:0017123,false,true,GARD
disease,GARD:0017124,Hereditary hypotrichosis with recurrent skin vesicles,biolink:Disease,1,GARD:0017124,false,true,GARD
disease,GARD:0017125,Hereditary thrombophilia due to congenital histidine-rich (poly-L) glycoprotein deficiency,biolink:Disease,1,GARD:0017125,false,true,GARD
disease,GARD:0017126,"Surfactant metabolism dysfunction, pulmonary, 1",biolink:Disease,1,GARD:0017126,false,true,GARD
disease,GARD:0017127,Chronic respiratory distress with surfactant metabolism deficiency,biolink:Disease,1,GARD:0017127,false,true,GARD
disease,GARD:0017128,Dilated cardiomyopathy 1J,biolink:Disease,1,GARD:0017128,false,true,GARD
disease,GARD:0017129,Familial isolated arrhythmogenic right ventricular dysplasia,biolink:Disease,1,GARD:0017129,false,true,GARD
disease,GARD:0017130,Xeroderma pigmentosum-Cockayne syndrome complex,biolink:Disease,1,GARD:0017130,false,true,GARD
disease,GARD:0017132,Bleeding diathesis due to thromboxane synthesis deficiency,biolink:Disease,1,GARD:0017132,false,true,GARD
disease,GARD:0017136,Hereditary sclerosing poikiloderma,biolink:Disease,1,GARD:0017136,false,true,GARD
disease,GARD:0017138,Fowler syndrome,biolink:Disease,1,GARD:0017138,false,true,GARD
disease,GARD:0017139,Combined immunodeficiency with faciooculoskeletal anomalies,biolink:Disease,1,GARD:0017139,false,true,GARD
disease,GARD:0017140,"Cutis laxa with severe pulmonary, gastrointestinal and urinary anomalies",biolink:Disease,1,GARD:0017140,false,true,GARD
disease,GARD:0017141,Familial infantile bilateral striatal necrosis,biolink:Disease,1,GARD:0017141,false,true,GARD
disease,GARD:0017142,Familial cancer of breast,biolink:Disease,1,GARD:0017142,false,true,GARD
disease,GARD:0017143,"Autosomal recessive optic atrophy, OPA7 type",biolink:Disease,1,GARD:0017143,false,true,GARD
disease,GARD:0017144,Severe combined immunodeficiency due to CORO1A deficiency,biolink:Disease,1,GARD:0017144,false,true,GARD
disease,GARD:0017145,Progressive sensorineural hearing loss-hypertrophic cardiomyopathy syndrome,biolink:Disease,1,GARD:0017145,false,true,GARD
disease,GARD:0017146,"Striatal degeneration, autosomal dominant",biolink:Disease,1,GARD:0017146,false,true,GARD
disease,GARD:0017147,Autosomal dominant Charcot-Marie-Tooth disease type 2M,biolink:Disease,1,GARD:0017147,false,true,GARD
disease,GARD:0017148,Patent ductus arteriosus-bicuspid aortic valve-hand anomalies syndrome,biolink:Disease,1,GARD:0017148,false,true,GARD
disease,GARD:0017153,Charcot-Marie-Tooth disease type 2B5,biolink:Disease,1,GARD:0017153,false,true,GARD
disease,GARD:0017154,Spondylo-megaepiphyseal-metaphyseal dysplasia,biolink:Disease,1,GARD:0017154,false,true,GARD
disease,GARD:0017155,Isolated agammaglobulinemia,biolink:Disease,1,GARD:0017155,false,true,GARD
disease,GARD:0017156,Ehlers-Danlos/osteogenesis imperfecta syndrome,biolink:Disease,1,GARD:0017156,false,true,GARD
disease,GARD:0017157,Erythema palmare hereditarium,biolink:Disease,1,GARD:0017157,false,true,GARD
disease,GARD:0017158,Familial generalized lentiginosis,biolink:Disease,1,GARD:0017158,false,true,GARD
disease,GARD:0017159,Rhabdoid tumor predisposition syndrome,biolink:Disease,1,GARD:0017159,false,true,GARD
disease,GARD:0017161,Intracranial berry aneurysm,biolink:Disease,1,GARD:0017161,false,true,GARD
disease,GARD:0017162,Beta-thalassemia major,biolink:Disease,1,GARD:0017162,false,true,GARD
disease,GARD:0017165,Delta-beta-thalassemia,biolink:Disease,1,GARD:0017165,false,true,GARD
disease,GARD:0017166,Beta-thalassemia-X-linked thrombocytopenia syndrome,biolink:Disease,1,GARD:0017166,false,true,GARD
disease,GARD:0017167,Acquired hemoglobin H disease,biolink:Disease,1,GARD:0017167,false,true,GARD
disease,GARD:0017171,Severe X-linked mitochondrial encephalomyopathy,biolink:Disease,1,GARD:0017171,false,true,GARD
disease,GARD:0017172,15q11q13 microduplication syndrome,biolink:Disease,1,GARD:0017172,false,true,GARD
disease,GARD:0017175,Atypical hypotonia-cystinuria syndrome,biolink:Disease,1,GARD:0017175,false,true,GARD
disease,GARD:0017176,Chuvash polycythemia,biolink:Disease,1,GARD:0017176,false,true,GARD
disease,GARD:0017180,Mammary-digital-nail syndrome,biolink:Disease,1,GARD:0017180,false,true,GARD
disease,GARD:0017181,Chromosome 4q21 deletion syndrome,biolink:Disease,1,GARD:0017181,false,true,GARD
disease,GARD:0017184,Nijmegen breakage syndrome-like disorder,biolink:Disease,1,GARD:0017184,false,true,GARD
disease,GARD:0017185,Dimethylglycine dehydrogenase deficiency,biolink:Disease,1,GARD:0017185,false,true,GARD
disease,GARD:0017188,Hyperphosphatasia-intellectual disability syndrome,biolink:Disease,1,GARD:0017188,false,true,GARD
disease,GARD:0017191,Perinatal lethal hypophosphatasia,biolink:Disease,1,GARD:0017191,false,true,GARD
disease,GARD:0017195,Mullerian aplasia and hyperandrogenism,biolink:Disease,1,GARD:0017195,false,true,GARD
disease,GARD:0017196,Juvenile cataract-microcornea-renal glucosuria syndrome,biolink:Disease,1,GARD:0017196,false,true,GARD
disease,GARD:0017198,Ectodermal dysplasia-syndactyly syndrome,biolink:Disease,1,GARD:0017198,false,true,GARD
disease,GARD:0017200,Occult macular dystrophy,biolink:Disease,1,GARD:0017200,false,true,GARD
disease,GARD:0017201,Familial cold autoinflammatory syndrome 2,biolink:Disease,1,GARD:0017201,false,true,GARD
disease,GARD:0017205,Isolated microphthalmia 5,biolink:Disease,1,GARD:0017205,false,true,GARD
disease,GARD:0017206,Spastic ataxia 1,biolink:Disease,1,GARD:0017206,false,true,GARD
disease,GARD:0017207,Parietal foramina with cleidocranial dysplasia,biolink:Disease,1,GARD:0017207,false,true,GARD
disease,GARD:0017208,Pigmented paravenous retinochoroidal atrophy,biolink:Disease,1,GARD:0017208,false,true,GARD
disease,GARD:0017209,Ataxia-telangiectasia-like disorder 1,biolink:Disease,1,GARD:0017209,false,true,GARD
disease,GARD:0017210,CK syndrome,biolink:Disease,1,GARD:0017210,false,true,GARD
disease,GARD:0017211,"46,XY partial gonadal dysgenesis",biolink:Disease,1,GARD:0017211,false,true,GARD
disease,GARD:0017212,Distal arthrogryposis type 10,biolink:Disease,1,GARD:0017212,false,true,GARD
disease,GARD:0017217,Turcot syndrome,biolink:Disease,1,GARD:0017217,false,true,GARD
disease,GARD:0017218,Distal 7q11.23 microdeletion syndrome,biolink:Disease,1,GARD:0017218,false,true,GARD
disease,GARD:0017219,Multiple congenital anomalies due to 14q32.2 maternally expressed gene defect,biolink:Disease,1,GARD:0017219,false,true,GARD
disease,GARD:0017226,Lethal infantile mitochondrial myopathy,biolink:Disease,1,GARD:0017226,false,true,GARD
disease,GARD:0017227,Mitochondrial myopathy with reversible cytochrome C oxidase deficiency,biolink:Disease,1,GARD:0017227,false,true,GARD
disease,GARD:0017228,"Mitochondrial DNA depletion syndrome, myopathic form",biolink:Disease,1,GARD:0017228,false,true,GARD
disease,GARD:0017229,Spinocerebellar ataxia with epilepsy,biolink:Disease,1,GARD:0017229,false,true,GARD
disease,GARD:0017230,Deafness-encephaloneuropathy-obesity-valvulopathy syndrome,biolink:Disease,1,GARD:0017230,false,true,GARD
disease,GARD:0017231,Renal tubulopathy-encephalopathy-liver failure syndrome,biolink:Disease,1,GARD:0017231,false,true,GARD
disease,GARD:0017232,Combined oxidative phosphorylation defect type 2,biolink:Disease,1,GARD:0017232,false,true,GARD
disease,GARD:0017233,Combined oxidative phosphorylation defect type 4,biolink:Disease,1,GARD:0017233,false,true,GARD
disease,GARD:0017234,Combined oxidative phosphorylation defect type 7,biolink:Disease,1,GARD:0017234,false,true,GARD
disease,GARD:0017235,Sideroblastic anemia 3,biolink:Disease,1,GARD:0017235,false,true,GARD
disease,GARD:0017240,Autosomal recessive sideroblastic anemia,biolink:Disease,1,GARD:0017240,false,true,GARD
disease,GARD:0017241,Chromosome 14q11-q22 deletion syndrome,biolink:Disease,1,GARD:0017241,false,true,GARD
disease,GARD:0017243,Chromosome 16p12.2-p11.2 deletion syndrome,biolink:Disease,1,GARD:0017243,false,true,GARD
disease,GARD:0017244,Distal 16p11.2 microdeletion syndrome,biolink:Disease,1,GARD:0017244,false,true,GARD
disease,GARD:0017245,"Chromosome 22q11.2 deletion syndrome, distal",biolink:Disease,1,GARD:0017245,false,true,GARD
disease,GARD:0017246,Chromosome Xp21 deletion syndrome,biolink:Disease,1,GARD:0017246,false,true,GARD
disease,GARD:0017247,Xq27.3q28 duplication syndrome,biolink:Disease,1,GARD:0017247,false,true,GARD
disease,GARD:0017254,Glycogen storage disease XV,biolink:Disease,1,GARD:0017254,false,true,GARD
disease,GARD:0017255,MRCS syndrome,biolink:Disease,1,GARD:0017255,false,true,GARD
disease,GARD:0017256,Hyperinsulinism due to INSR deficiency,biolink:Disease,1,GARD:0017256,false,true,GARD
disease,GARD:0017257,Acute necrotizing encephalopathy of childhood,biolink:Disease,1,GARD:0017257,false,true,GARD
disease,GARD:0017261,Glycogen storage disease due to liver phosphorylase kinase deficiency,biolink:Disease,1,GARD:0017261,false,true,GARD
disease,GARD:0017262,Autoimmune lymphoproliferative syndrome type 4,biolink:Disease,1,GARD:0017262,false,true,GARD
disease,GARD:0017269,Bilateral polymicrogyria,biolink:Disease,1,GARD:0017269,false,true,GARD
disease,GARD:0017273,Frontotemporal dementia with motor neuron disease,biolink:Disease,1,GARD:0017273,false,true,GARD
disease,GARD:0017275,Multiple endocrine neoplasia type 4,biolink:Disease,1,GARD:0017275,false,true,GARD
disease,GARD:0017276,Spinocerebellar ataxia type 32,biolink:Disease,1,GARD:0017276,false,true,GARD
disease,GARD:0017279,Hyperbiliverdinemia,biolink:Disease,1,GARD:0017279,false,true,GARD
disease,GARD:0017280,Chromosome 10q23 deletion syndrome,biolink:Disease,1,GARD:0017280,false,true,GARD
disease,GARD:0017281,Ogden syndrome,biolink:Disease,1,GARD:0017281,false,true,GARD
disease,GARD:0017282,Lower motor neuron syndrome with late-adult onset,biolink:Disease,1,GARD:0017282,false,true,GARD
disease,GARD:0017283,Autosomal dominant hyperinsulinism due to SUR1 deficiency,biolink:Disease,1,GARD:0017283,false,true,GARD
disease,GARD:0017284,Autosomal dominant hyperinsulinism due to Kir6.2 deficiency,biolink:Disease,1,GARD:0017284,false,true,GARD
disease,GARD:0017285,Diazoxide-resistant focal hyperinsulinism due to SUR1 deficiency,biolink:Disease,1,GARD:0017285,false,true,GARD
disease,GARD:0017286,Diazoxide-resistant focal hyperinsulinism due to Kir6.2 deficiency,biolink:Disease,1,GARD:0017286,false,true,GARD
disease,GARD:0017287,Hereditary neutrophilia,biolink:Disease,1,GARD:0017287,false,true,GARD
disease,GARD:0017288,Severe combined immunodeficiency due to LCK deficiency,biolink:Disease,1,GARD:0017288,false,true,GARD
disease,GARD:0017290,Microform holoprosencephaly,biolink:Disease,1,GARD:0017290,false,true,GARD
disease,GARD:0017291,"Pelizaeus-Merzbacher disease, connatal form",biolink:Disease,1,GARD:0017291,false,true,GARD
disease,GARD:0017293,Hypomyelinating leukodystrophy 2,biolink:Disease,1,GARD:0017293,false,true,GARD
disease,GARD:0017295,Familial steroid-resistant nephrotic syndrome with sensorineural deafness,biolink:Disease,1,GARD:0017295,false,true,GARD
disease,GARD:0017296,Fatal infantile hypertonic myofibrillar myopathy,biolink:Disease,1,GARD:0017296,false,true,GARD
disease,GARD:0017297,Hemoglobinopathy Toms River,biolink:Disease,1,GARD:0017297,false,true,GARD
disease,GARD:0017298,Familial progressive hyper- and hypopigmentation,biolink:Disease,1,GARD:0017298,false,true,GARD
disease,GARD:0017299,Occipital pachygyria and polymicrogyria,biolink:Disease,1,GARD:0017299,false,true,GARD
disease,GARD:0017301,Moyamoya angiopathy-short stature-facial dysmorphism-hypergonadotropic hypogonadism syndrome,biolink:Disease,1,GARD:0017301,false,true,GARD
disease,GARD:0017302,Syndromic recessive X-linked ichthyosis,biolink:Disease,1,GARD:0017302,false,true,GARD
disease,GARD:0017303,Self-healing collodion baby,biolink:Disease,1,GARD:0017303,false,true,GARD
disease,GARD:0017304,Annular epidermolytic ichthyosis,biolink:Disease,1,GARD:0017304,false,true,GARD
disease,GARD:0017306,Keratosis linearis-ichthyosis congenita-sclerosing keratoderma syndrome,biolink:Disease,1,GARD:0017306,false,true,GARD
disease,GARD:0017307,Inherited Creutzfeldt-Jakob disease,biolink:Disease,1,GARD:0017307,false,true,GARD
disease,GARD:0017308,"Larsen-like syndrome, B3GAT3 type",biolink:Disease,1,GARD:0017308,false,true,GARD
disease,GARD:0017309,Craniosynostosis and dental anomalies,biolink:Disease,1,GARD:0017309,false,true,GARD
disease,GARD:0017310,Chromosome 8q21.11 deletion syndrome,biolink:Disease,1,GARD:0017310,false,true,GARD
disease,GARD:0017312,Autosomal recessive spinocerebellar ataxia 11,biolink:Disease,1,GARD:0017312,false,true,GARD
disease,GARD:0017313,Autosomal recessive spinocerebellar ataxia 12,biolink:Disease,1,GARD:0017313,false,true,GARD
disease,GARD:0017314,Autosomal recessive spinocerebellar ataxia 10,biolink:Disease,1,GARD:0017314,false,true,GARD
disease,GARD:0017315,Pontocerebellar hypoplasia type 7,biolink:Disease,1,GARD:0017315,false,true,GARD
disease,GARD:0017319,"Vitamin D-dependent rickets, type 1",biolink:Disease,1,GARD:0017319,false,true,GARD
disease,GARD:0017320,Autosomal recessive hypophosphatemic vitamin D refractory rickets,biolink:Disease,1,GARD:0017320,false,true,GARD
disease,GARD:0017321,Adenosine kinase deficiency,biolink:Disease,1,GARD:0017321,false,true,GARD
disease,GARD:0017322,Methylmalonate semialdehyde dehydrogenase deficiency,biolink:Disease,1,GARD:0017322,false,true,GARD
disease,GARD:0017323,Familial vesicoureteral reflux,biolink:Disease,1,GARD:0017323,false,true,GARD
disease,GARD:0017324,Early-onset myopathy with fatal cardiomyopathy,biolink:Disease,1,GARD:0017324,false,true,GARD
disease,GARD:0017326,Syndromic X-linked intellectual disability 17,biolink:Disease,1,GARD:0017326,false,true,GARD
disease,GARD:0017328,Dysmorphism-conductive hearing loss-heart defect syndrome,biolink:Disease,1,GARD:0017328,false,true,GARD
disease,GARD:0017329,Exfoliative ichthyosis,biolink:Disease,1,GARD:0017329,false,true,GARD
disease,GARD:0017338,Epithelial recurrent erosion dystrophy,biolink:Disease,1,GARD:0017338,false,true,GARD
disease,GARD:0017339,X-linked endothelial corneal dystrophy,biolink:Disease,1,GARD:0017339,false,true,GARD
disease,GARD:0017341,"Blepharophimosis - intellectual disability syndrome, MKB type",biolink:Disease,1,GARD:0017341,false,true,GARD
disease,GARD:0017342,"Blepharophimosis - intellectual disability syndrome, Verloes type",biolink:Disease,1,GARD:0017342,false,true,GARD
disease,GARD:0017344,Congenital dyserythropoietic anemia type 4,biolink:Disease,1,GARD:0017344,false,true,GARD
disease,GARD:0017348,Lethal occipital encephalocele-skeletal dysplasia syndrome,biolink:Disease,1,GARD:0017348,false,true,GARD
disease,GARD:0017349,EDICT syndrome,biolink:Disease,1,GARD:0017349,false,true,GARD
disease,GARD:0017350,Distal Xq28 microduplication syndrome,biolink:Disease,1,GARD:0017350,false,true,GARD
disease,GARD:0017351,Hypertelorism-preauricular sinus-punctual pits-deafness syndrome,biolink:Disease,1,GARD:0017351,false,true,GARD
disease,GARD:0017352,Hypoinsulinemic hypoglycemia and body hemihypertrophy,biolink:Disease,1,GARD:0017352,false,true,GARD
disease,GARD:0017353,Deficiency in anterior pituitary function - variable immunodeficiency syndrome,biolink:Disease,1,GARD:0017353,false,true,GARD
disease,GARD:0017354,Microcephaly-capillary malformation syndrome,biolink:Disease,1,GARD:0017354,false,true,GARD
disease,GARD:0017355,Neonatal inflammatory skin and bowel disease,biolink:Disease,1,GARD:0017355,false,true,GARD
disease,GARD:0017356,Renal-hepatic-pancreatic dysplasia,biolink:Disease,1,GARD:0017356,false,true,GARD
disease,GARD:0017361,"Ehlers-Danlos syndrome, kyphoscoliotic type, 2",biolink:Disease,1,GARD:0017361,false,true,GARD
disease,GARD:0017362,"Bone fragility with contractures, arterial rupture, and deafness",biolink:Disease,1,GARD:0017362,false,true,GARD
disease,GARD:0017363,Transient infantile hypertriglyceridemia and hepatosteatosis,biolink:Disease,1,GARD:0017363,false,true,GARD
disease,GARD:0017364,Severe congenital hypochromic anemia with ringed sideroblasts,biolink:Disease,1,GARD:0017364,false,true,GARD
disease,GARD:0017365,Huppke-Brendel syndrome,biolink:Disease,1,GARD:0017365,false,true,GARD
disease,GARD:0017367,"Epidermolysis bullosa simplex 7, with nephropathy and deafness",biolink:Disease,1,GARD:0017367,false,true,GARD
disease,GARD:0017368,Autosomal systemic lupus erythematosus type 16,biolink:Disease,1,GARD:0017368,false,true,GARD
disease,GARD:0017369,Familial cold autoinflammatory syndrome 3,biolink:Disease,1,GARD:0017369,false,true,GARD
disease,GARD:0017371,Progeroid and marfanoid aspect-lipodystrophy syndrome,biolink:Disease,1,GARD:0017371,false,true,GARD
disease,GARD:0017374,Autosomal recessive infantile hypercalcemia,biolink:Disease,1,GARD:0017374,false,true,GARD
disease,GARD:0017375,Complex cortical dysplasia with other brain malformations 7,biolink:Disease,1,GARD:0017375,false,true,GARD
disease,GARD:0017376,Oligodontia-cancer predisposition syndrome,biolink:Disease,1,GARD:0017376,false,true,GARD
disease,GARD:0017377,"Epidermolysis bullosa, junctional 7, with interstitial lung disease and nephrotic syndrome",biolink:Disease,1,GARD:0017377,false,true,GARD
disease,GARD:0017378,Hereditary spastic paraplegia 48,biolink:Disease,1,GARD:0017378,false,true,GARD
disease,GARD:0017379,Congenital hereditary facial paralysis-variable hearing loss syndrome,biolink:Disease,1,GARD:0017379,false,true,GARD
disease,GARD:0017380,Porencephaly-microcephaly-bilateral congenital cataract syndrome,biolink:Disease,1,GARD:0017380,false,true,GARD
disease,GARD:0017383,Dystonia 21,biolink:Disease,1,GARD:0017383,false,true,GARD
disease,GARD:0017384,Hypotrichosis-osteolysis-periodontitis-palmoplantar keratoderma syndrome,biolink:Disease,1,GARD:0017384,false,true,GARD
disease,GARD:0017389,Branched-chain keto acid dehydrogenase kinase deficiency,biolink:Disease,1,GARD:0017389,false,true,GARD
disease,GARD:0017390,Methylmalonic acidemia due to methylmalonyl-CoA epimerase deficiency,biolink:Disease,1,GARD:0017390,false,true,GARD
disease,GARD:0017401,Pancreatic triacylglycerol lipase deficiency,biolink:Disease,1,GARD:0017401,false,true,GARD
disease,GARD:0017402,Pancreatic colipase deficiency,biolink:Disease,1,GARD:0017402,false,true,GARD
disease,GARD:0017403,Combined pancreatic lipase-colipase deficiency,biolink:Disease,1,GARD:0017403,false,true,GARD
disease,GARD:0017406,"Tay-Sachs disease, variant AB",biolink:Disease,1,GARD:0017406,false,true,GARD
disease,GARD:0017409,Spastic ataxia 5,biolink:Disease,1,GARD:0017409,false,true,GARD
disease,GARD:0017410,Jawad syndrome,biolink:Disease,1,GARD:0017410,false,true,GARD
disease,GARD:0017411,"Retinal dystrophy, optic nerve edema, splenomegaly, anhidrosis, and migraine headache syndrome",biolink:Disease,1,GARD:0017411,false,true,GARD
disease,GARD:0017412,Coats plus syndrome,biolink:Disease,1,GARD:0017412,false,true,GARD
disease,GARD:0017413,Familial cutaneous telangiectasia and oropharyngeal predisposition cancer syndrome,biolink:Disease,1,GARD:0017413,false,true,GARD
disease,GARD:0017417,Congenital diarrhea 6,biolink:Disease,1,GARD:0017417,false,true,GARD
disease,GARD:0017418,Intestinal obstruction in the newborn due to guanylate cyclase 2C deficiency,biolink:Disease,1,GARD:0017418,false,true,GARD
disease,GARD:0017419,Short stature-onychodysplasia-facial dysmorphism-hypotrichosis syndrome,biolink:Disease,1,GARD:0017419,false,true,GARD
disease,GARD:0017420,Autosomal dominant aplasia and myelodysplasia,biolink:Disease,1,GARD:0017420,false,true,GARD
disease,GARD:0017422,Craniofacial dysplasia - osteopenia syndrome,biolink:Disease,1,GARD:0017422,false,true,GARD
disease,GARD:0017423,15q overgrowth syndrome,biolink:Disease,1,GARD:0017423,false,true,GARD
disease,GARD:0017425,Spastic ataxia 3,biolink:Disease,1,GARD:0017425,false,true,GARD
disease,GARD:0017427,ATPase cation transporting 13A2 related juvenile neuronal ceroid lipofuscinosis,biolink:Disease,1,GARD:0017427,false,true,GARD
disease,GARD:0017428,Mitochondrial hypertrophic cardiomyopathy with lactic acidosis due to MTO1 deficiency,biolink:Disease,1,GARD:0017428,false,true,GARD
disease,GARD:0017429,Cerebellar dysfunction with variable cognitive and behavioral abnormalities,biolink:Disease,1,GARD:0017429,false,true,GARD
disease,GARD:0017430,Combined immunodeficiency due to STK4 deficiency,biolink:Disease,1,GARD:0017430,false,true,GARD
disease,GARD:0017432,Lethal arteriopathy syndrome due to fibulin-4 deficiency,biolink:Disease,1,GARD:0017432,false,true,GARD
disease,GARD:0017434,SHOX-related short stature,biolink:Disease,1,GARD:0017434,false,true,GARD
disease,GARD:0017435,Short stature due to partial GHR deficiency,biolink:Disease,1,GARD:0017435,false,true,GARD
disease,GARD:0017436,Short stature due to growth hormone secretagogue receptor deficiency,biolink:Disease,1,GARD:0017436,false,true,GARD
disease,GARD:0017439,X-linked non progressive cerebellar ataxia,biolink:Disease,1,GARD:0017439,false,true,GARD
disease,GARD:0017440,Cataract - congenital heart disease - neural tube defect syndrome,biolink:Disease,1,GARD:0017440,false,true,GARD
disease,GARD:0017441,Severe combined immunodeficiency due to DNA-PKcs deficiency,biolink:Disease,1,GARD:0017441,false,true,GARD
disease,GARD:0017442,Pancytopenia due to IKZF1 mutations,biolink:Disease,1,GARD:0017442,false,true,GARD
disease,GARD:0017443,Congenital myopathy with internal nuclei and atypical cores,biolink:Disease,1,GARD:0017443,false,true,GARD
disease,GARD:0017444,"Myoclonus, familial",biolink:Disease,1,GARD:0017444,false,true,GARD
disease,GARD:0017445,Hereditary spastic paraplegia 53,biolink:Disease,1,GARD:0017445,false,true,GARD
disease,GARD:0017447,Autosomal recessive myogenic arthrogryposis multiplex congenita,biolink:Disease,1,GARD:0017447,false,true,GARD
disease,GARD:0017448,Carney complex - trismus - pseudocamptodactyly syndrome,biolink:Disease,1,GARD:0017448,false,true,GARD
disease,GARD:0017449,Fanconi anemia complementation group D1,biolink:Disease,1,GARD:0017449,false,true,GARD
disease,GARD:0017450,Inherited acute myeloid leukemia,biolink:Disease,1,GARD:0017450,false,true,GARD
disease,GARD:0017451,Acute myeloid leukemia with CEBPA somatic mutations,biolink:Disease,1,GARD:0017451,false,true,GARD
disease,GARD:0017452,Combined oxidative phosphorylation defect type 8,biolink:Disease,1,GARD:0017452,false,true,GARD
disease,GARD:0017453,Combined oxidative phosphorylation defect type 9,biolink:Disease,1,GARD:0017453,false,true,GARD
disease,GARD:0017454,Combined oxidative phosphorylation defect type 13,biolink:Disease,1,GARD:0017454,false,true,GARD
disease,GARD:0017455,Combined oxidative phosphorylation defect type 14,biolink:Disease,1,GARD:0017455,false,true,GARD
disease,GARD:0017456,Combined oxidative phosphorylation defect type 15,biolink:Disease,1,GARD:0017456,false,true,GARD
disease,GARD:0017467,Retinal macular dystrophy type 2,biolink:Disease,1,GARD:0017467,false,true,GARD
disease,GARD:0017468,"Microcephalic primordial dwarfism, Alazami type",biolink:Disease,1,GARD:0017468,false,true,GARD
disease,GARD:0017469,Seckel syndrome 7,biolink:Disease,1,GARD:0017469,false,true,GARD
disease,GARD:0017470,Encephalopathy-hypertrophic cardiomyopathy-renal tubular disease syndrome,biolink:Disease,1,GARD:0017470,false,true,GARD
disease,GARD:0017471,Hereditary spastic paraplegia 41,biolink:Disease,1,GARD:0017471,false,true,GARD
disease,GARD:0017472,Hereditary spastic paraplegia 36,biolink:Disease,1,GARD:0017472,false,true,GARD
disease,GARD:0017473,Hereditary spastic paraplegia 43,biolink:Disease,1,GARD:0017473,false,true,GARD
disease,GARD:0017474,Hereditary spastic paraplegia 55,biolink:Disease,1,GARD:0017474,false,true,GARD
disease,GARD:0017475,Hereditary spastic paraplegia 54,biolink:Disease,1,GARD:0017475,false,true,GARD
disease,GARD:0017476,Hereditary spastic paraplegia 46,biolink:Disease,1,GARD:0017476,false,true,GARD
disease,GARD:0017477,Hereditary spastic paraplegia 45,biolink:Disease,1,GARD:0017477,false,true,GARD
disease,GARD:0017478,Hereditary spastic paraplegia 44,biolink:Disease,1,GARD:0017478,false,true,GARD
disease,GARD:0017479,"Spastic paraplegia, optic atropy, and neuropathy",biolink:Disease,1,GARD:0017479,false,true,GARD
disease,GARD:0017480,Hereditary spastic paraplegia 56,biolink:Disease,1,GARD:0017480,false,true,GARD
disease,GARD:0017482,Early-onset Lafora body disease,biolink:Disease,1,GARD:0017482,false,true,GARD
disease,GARD:0017483,T-cell immunodeficiency with epidermodysplasia verruciformis,biolink:Disease,1,GARD:0017483,false,true,GARD
disease,GARD:0017484,Sinoatrial node dysfunction and deafness,biolink:Disease,1,GARD:0017484,false,true,GARD
disease,GARD:0017485,X-linked intellectual disability-cardiomegaly-congestive heart failure syndrome,biolink:Disease,1,GARD:0017485,false,true,GARD
disease,GARD:0017486,Autoinflammation-PLCG2-associated antibody deficiency-immune dysregulation,biolink:Disease,1,GARD:0017486,false,true,GARD
disease,GARD:0017487,Combined oxidative phosphorylation defect type 11,biolink:Disease,1,GARD:0017487,false,true,GARD
disease,GARD:0017488,Pontocerebellar hypoplasia type 8,biolink:Disease,1,GARD:0017488,false,true,GARD
disease,GARD:0017494,Autoinflammatory syndrome with pyogenic bacterial infection and amylopectinosis,biolink:Disease,1,GARD:0017494,false,true,GARD
disease,GARD:0017495,Tall stature-scoliosis-macrodactyly of the great toes syndrome,biolink:Disease,1,GARD:0017495,false,true,GARD
disease,GARD:0017496,Developmental delay with autism spectrum disorder and gait instability,biolink:Disease,1,GARD:0017496,false,true,GARD
disease,GARD:0017497,Autosomal dominant neovascular inflammatory vitreoretinopathy,biolink:Disease,1,GARD:0017497,false,true,GARD
disease,GARD:0017498,Microcephalic primordial dwarfism due to ZNF335 deficiency,biolink:Disease,1,GARD:0017498,false,true,GARD
disease,GARD:0017499,X-linked central congenital hypothyroidism with late-onset testicular enlargement,biolink:Disease,1,GARD:0017499,false,true,GARD
disease,GARD:0017500,Congenital diarrhea 7 with exudative enteropathy,biolink:Disease,1,GARD:0017500,false,true,GARD
disease,GARD:0017501,"Progressive external ophthalmoplegia with mitochondrial DNA deletions, autosomal recessive 4",biolink:Disease,1,GARD:0017501,false,true,GARD
disease,GARD:0017502,Microcephaly-cerebellar hypoplasia-cardiac conduction defect syndrome,biolink:Disease,1,GARD:0017502,false,true,GARD
disease,GARD:0017503,Adult-onset chronic progressive external ophthalmoplegia with mitochondrial myopathy,biolink:Disease,1,GARD:0017503,false,true,GARD
disease,GARD:0017504,Lipoprotein glomerulopathy,biolink:Disease,1,GARD:0017504,false,true,GARD
disease,GARD:0017505,Chromosome 5p13 duplication syndrome,biolink:Disease,1,GARD:0017505,false,true,GARD
disease,GARD:0017507,Complement 3 glomerulopathy,biolink:Disease,1,GARD:0017507,false,true,GARD
disease,GARD:0017511,Autosomal recessive severe congenital neutropenia due to G6PC3 deficiency,biolink:Disease,1,GARD:0017511,false,true,GARD
disease,GARD:0017512,Immunodeficiency due to MASP-2 deficiency,biolink:Disease,1,GARD:0017512,false,true,GARD
disease,GARD:0017513,Immunodeficiency due to ficolin3 deficiency,biolink:Disease,1,GARD:0017513,false,true,GARD
disease,GARD:0017515,Congenital ichthyosis-intellectual disability-spastic quadriplegia syndrome,biolink:Disease,1,GARD:0017515,false,true,GARD
disease,GARD:0017516,Autosomal recessive spinocerebellar ataxia 14,biolink:Disease,1,GARD:0017516,false,true,GARD
disease,GARD:0017517,Mitochondrial DNA depletion syndrome 11,biolink:Disease,1,GARD:0017517,false,true,GARD
disease,GARD:0017518,Mitochondrial DNA deletion syndrome with progressive myopathy,biolink:Disease,1,GARD:0017518,false,true,GARD
disease,GARD:0017519,Autosomal recessive limb-girdle muscular dystrophy type 2U,biolink:Disease,1,GARD:0017519,false,true,GARD
disease,GARD:0017520,Autism spectrum disorder due to AUTS2 deficiency,biolink:Disease,1,GARD:0017520,false,true,GARD
disease,GARD:0017521,Familial infantile myoclonic epilepsy,biolink:Disease,1,GARD:0017521,false,true,GARD
disease,GARD:0017522,Progressive myoclonic epilepsy with dystonia,biolink:Disease,1,GARD:0017522,false,true,GARD
disease,GARD:0017523,Early-onset progressive neurodegeneration-blindness-ataxia-spasticity syndrome,biolink:Disease,1,GARD:0017523,false,true,GARD
disease,GARD:0017524,Hereditary benign intraepithelial dyskeratosis,biolink:Disease,1,GARD:0017524,false,true,GARD
disease,GARD:0017525,Corneal intraepithelial dyskeratosis-palmoplantar hyperkeratosis-laryngeal dyskeratosis syndrome,biolink:Disease,1,GARD:0017525,false,true,GARD
disease,GARD:0017526,Cobblestone lissencephaly without muscular or ocular involvement,biolink:Disease,1,GARD:0017526,false,true,GARD
disease,GARD:0017528,Facial dysmorphism-immunodeficiency-livedo-short stature syndrome,biolink:Disease,1,GARD:0017528,false,true,GARD
disease,GARD:0017529,Progressive retinal dystrophy due to retinol transport defect,biolink:Disease,1,GARD:0017529,false,true,GARD
disease,GARD:0017531,Oculocutaneous albinism type 7,biolink:Disease,1,GARD:0017531,false,true,GARD
disease,GARD:0017532,"Developmental and epileptic encephalopathy, 39",biolink:Disease,1,GARD:0017532,false,true,GARD
disease,GARD:0017533,Familial primary localized cutaneous amyloidosis,biolink:Disease,1,GARD:0017533,false,true,GARD
disease,GARD:0017540,"D,L-2-hydroxyglutaric aciduria",biolink:Disease,1,GARD:0017540,false,true,GARD
disease,GARD:0017541,Intellectual disability-hypotonia-spasticity-sleep disorder syndrome,biolink:Disease,1,GARD:0017541,false,true,GARD
disease,GARD:0017542,Chromosome 19p13.13 deletion syndrome,biolink:Disease,1,GARD:0017542,false,true,GARD
disease,GARD:0017547,Mandibulofacial dysostosis-macroblepharon-macrostomia syndrome,biolink:Disease,1,GARD:0017547,false,true,GARD
disease,GARD:0017548,Short ulna-dysmorphism-hypotonia-intellectual disability syndrome,biolink:Disease,1,GARD:0017548,false,true,GARD
disease,GARD:0017549,Severe combined immunodeficiency due to CARD11 deficiency,biolink:Disease,1,GARD:0017549,false,true,GARD
disease,GARD:0017550,Cryptosporidiosis-chronic cholangitis-liver disease syndrome,biolink:Disease,1,GARD:0017550,false,true,GARD
disease,GARD:0017551,Syndactyly-camptodactyly and clinodactyly of fifth fingers-bifid toes syndrome,biolink:Disease,1,GARD:0017551,false,true,GARD
disease,GARD:0017552,Severe neurodegenerative syndrome with lipodystrophy,biolink:Disease,1,GARD:0017552,false,true,GARD
disease,GARD:0017553,Fetal akinesia-cerebral and retinal hemorrhage syndrome,biolink:Disease,1,GARD:0017553,false,true,GARD
disease,GARD:0017554,Hypomyelination with brain stem and spinal cord involvement and leg spasticity,biolink:Disease,1,GARD:0017554,false,true,GARD
disease,GARD:0017555,Multiple mitochondrial dysfunctions syndrome 3,biolink:Disease,1,GARD:0017555,false,true,GARD
disease,GARD:0017556,Autosomal recessive cerebellar ataxia - pyramidal signs - nystagmus - oculomotor apraxia syndrome,biolink:Disease,1,GARD:0017556,false,true,GARD
disease,GARD:0017558,THOC6-related developmental delay-microcephaly-facial dysmorphism syndrome,biolink:Disease,1,GARD:0017558,false,true,GARD
disease,GARD:0017559,Spinal muscular atrophy with lower extremity predominance,biolink:Disease,1,GARD:0017559,false,true,GARD
disease,GARD:0017562,Hypohidrosis-enamel hypoplasia-palmoplantar keratoderma-intellectual disability syndrome,biolink:Disease,1,GARD:0017562,false,true,GARD
disease,GARD:0017563,Intellectual disability-strabismus syndrome,biolink:Disease,1,GARD:0017563,false,true,GARD
disease,GARD:0017564,"Mitochondrial DNA depletion syndrome, hepatocerebrorenal form",biolink:Disease,1,GARD:0017564,false,true,GARD
disease,GARD:0017565,Leukoencephalopathy with mild cerebellar ataxia and white matter edema,biolink:Disease,1,GARD:0017565,false,true,GARD
disease,GARD:0017566,CTCF-related neurodevelopmental disorder,biolink:Disease,1,GARD:0017566,false,true,GARD
disease,GARD:0017567,X-linked parkinsonism-spasticity syndrome,biolink:Disease,1,GARD:0017567,false,true,GARD
disease,GARD:0017568,Childhood-onset autosomal recessive myopathy with external ophthalmoplegia,biolink:Disease,1,GARD:0017568,false,true,GARD
disease,GARD:0017569,"Hyperuricemia, pulmonary hypertension, renal failure, alkalosis syndrome",biolink:Disease,1,GARD:0017569,false,true,GARD
disease,GARD:0017571,Craniofaciofrontodigital syndrome,biolink:Disease,1,GARD:0017571,false,true,GARD
disease,GARD:0017574,X-linked dyserythropoietic anemia with abnormal platelets and neutropenia,biolink:Disease,1,GARD:0017574,false,true,GARD
disease,GARD:0017575,Colobomatous microphthalmia - obesity - hypogenitalism - intellectual disability syndrome,biolink:Disease,1,GARD:0017575,false,true,GARD
disease,GARD:0017577,CBL-related disorder,biolink:Disease,1,GARD:0017577,false,true,GARD
disease,GARD:0017578,Charcot-Marie-Tooth disease type 4B3,biolink:Disease,1,GARD:0017578,false,true,GARD
disease,GARD:0017579,"Weill-Marchesani 4 syndrome, recessive",biolink:Disease,1,GARD:0017579,false,true,GARD
disease,GARD:0017582,Infantile epileptic dyskinetic encephalopathy,biolink:Disease,1,GARD:0017582,false,true,GARD
disease,GARD:0017583,Intellectual disability-brachydactyly-Pierre Robin syndrome,biolink:Disease,1,GARD:0017583,false,true,GARD
disease,GARD:0017584,Multiple congenital anomalies-hypotonia-seizures syndrome 3,biolink:Disease,1,GARD:0017584,false,true,GARD
disease,GARD:0017585,Congenital neutropenia-myelofibrosis-nephromegaly syndrome,biolink:Disease,1,GARD:0017585,false,true,GARD
disease,GARD:0017586,Congenital sideroblastic anemia-B-cell immunodeficiency-periodic fever-developmental delay syndrome,biolink:Disease,1,GARD:0017586,false,true,GARD
disease,GARD:0017587,Charcot-Marie-Tooth disease recessive intermediate C,biolink:Disease,1,GARD:0017587,false,true,GARD
disease,GARD:0017588,Cardiac anomalies - developmental delay - facial dysmorphism syndrome,biolink:Disease,1,GARD:0017588,false,true,GARD
disease,GARD:0017589,Combined oxidative phosphorylation defect type 17,biolink:Disease,1,GARD:0017589,false,true,GARD
disease,GARD:0017590,Pontocerebellar hypoplasia type 9,biolink:Disease,1,GARD:0017590,false,true,GARD
disease,GARD:0017591,Aldosterone-producing adenoma with seizures and neurological abnormalities,biolink:Disease,1,GARD:0017591,false,true,GARD
disease,GARD:0017592,Severe motor and intellectual disabilities-sensorineural deafness-dystonia syndrome,biolink:Disease,1,GARD:0017592,false,true,GARD
disease,GARD:0017593,Microcornea-myopic chorioretinal atrophy,biolink:Disease,1,GARD:0017593,false,true,GARD
disease,GARD:0017594,Severe dermatitis-multiple allergies-metabolic wasting syndrome,biolink:Disease,1,GARD:0017594,false,true,GARD
disease,GARD:0017595,Diffuse palmoplantar keratoderma with painful fissures,biolink:Disease,1,GARD:0017595,false,true,GARD
disease,GARD:0017596,Focal palmoplantar keratoderma with joint keratoses,biolink:Disease,1,GARD:0017596,false,true,GARD
disease,GARD:0017597,Ataxia - intellectual disability - oculomotor apraxia - cerebellar cysts syndrome,biolink:Disease,1,GARD:0017597,false,true,GARD
disease,GARD:0017598,Oculocutaneous albinism type 5,biolink:Disease,1,GARD:0017598,false,true,GARD
disease,GARD:0017599,Oculocutaneous albinism type 6,biolink:Disease,1,GARD:0017599,false,true,GARD
disease,GARD:0017602,STT3A-congenital disorder of glycosylation,biolink:Disease,1,GARD:0017602,false,true,GARD
disease,GARD:0017603,STT3B-congenital disorder of glycosylation,biolink:Disease,1,GARD:0017603,false,true,GARD
disease,GARD:0017604,Autism spectrum disorder - epilepsy - arthrogryposis syndrome,biolink:Disease,1,GARD:0017604,false,true,GARD
disease,GARD:0017606,Congenital muscular dystrophy with intellectual disability,biolink:Disease,1,GARD:0017606,false,true,GARD
disease,GARD:0017608,Muscle-eye-brain disease with bilateral multicystic leucodystrophy,biolink:Disease,1,GARD:0017608,false,true,GARD
disease,GARD:0017609,"Hypotonia, infantile, with psychomotor retardation and characteristic facies",biolink:Disease,1,GARD:0017609,false,true,GARD
disease,GARD:0017610,Multicentric osteolysis nodulosis arthropathy spectrum,biolink:Disease,1,GARD:0017610,false,true,GARD
disease,GARD:0017611,Severe intellectual disability-short stature-behavioral abnormalities-facial dysmorphism syndrome,biolink:Disease,1,GARD:0017611,false,true,GARD
disease,GARD:0017614,X-linked osteoporosis with fractures,biolink:Disease,1,GARD:0017614,false,true,GARD
disease,GARD:0017615,Growth and developmental delay-hypotonia-vision impairment-lactic acidosis syndrome,biolink:Disease,1,GARD:0017615,false,true,GARD
disease,GARD:0017616,Charcot-Marie-Tooth disease type 4K,biolink:Disease,1,GARD:0017616,false,true,GARD
disease,GARD:0017617,Congenital microcephaly - severe encephalopathy - progressive cerebral atrophy syndrome,biolink:Disease,1,GARD:0017617,false,true,GARD
disease,GARD:0017620,Primary microcephaly-mild intellectual disability-young-onset diabetes syndrome,biolink:Disease,1,GARD:0017620,false,true,GARD
disease,GARD:0017621,Atypical juvenile parkinsonism,biolink:Disease,1,GARD:0017621,false,true,GARD
disease,GARD:0017624,Feingold syndrome type 1,biolink:Disease,1,GARD:0017624,false,true,GARD
disease,GARD:0017630,Macrocephaly-developmental delay syndrome,biolink:Disease,1,GARD:0017630,false,true,GARD
disease,GARD:0017632,Foveal hypoplasia - optic nerve decussation defect - anterior segment dysgenesis syndrome,biolink:Disease,1,GARD:0017632,false,true,GARD
disease,GARD:0017633,Short stature-auditory canal atresia-mandibular hypoplasia-skeletal anomalies syndrome,biolink:Disease,1,GARD:0017633,false,true,GARD
disease,GARD:0017634,Familial hyperprolactinemia,biolink:Disease,1,GARD:0017634,false,true,GARD
disease,GARD:0017636,Autosomal recessive spinocerebellar ataxia 20,biolink:Disease,1,GARD:0017636,false,true,GARD
disease,GARD:0017637,Joubert syndrome with Jeune asphyxiating thoracic dystrophy,biolink:Disease,1,GARD:0017637,false,true,GARD
disease,GARD:0017638,Charcot-Marie-Tooth disease axonal type 2U,biolink:Disease,1,GARD:0017638,false,true,GARD
disease,GARD:0017639,Peripheral neuropathy-myopathy-hoarseness-hearing loss syndrome,biolink:Disease,1,GARD:0017639,false,true,GARD
disease,GARD:0017640,Retinal dystrophy with inner retinal dysfunction and ganglion cell anomalies,biolink:Disease,1,GARD:0017640,false,true,GARD
disease,GARD:0017642,Sacral agenesis-abnormal ossification of the vertebral bodies-persistent notochordal canal syndrome,biolink:Disease,1,GARD:0017642,false,true,GARD
disease,GARD:0017643,Polyglucosan body myopathy type 1,biolink:Disease,1,GARD:0017643,false,true,GARD
disease,GARD:0017644,Spastic ataxia 2,biolink:Disease,1,GARD:0017644,false,true,GARD
disease,GARD:0017645,Microcephaly-thin corpus callosum-intellectual disability syndrome,biolink:Disease,1,GARD:0017645,false,true,GARD
disease,GARD:0017646,TCR-alpha-beta-positive T-cell deficiency,biolink:Disease,1,GARD:0017646,false,true,GARD
disease,GARD:0017647,Combined immunodeficiency due to MALT1 deficiency,biolink:Disease,1,GARD:0017647,false,true,GARD
disease,GARD:0017648,Intellectual disability-obesity-prognathism-eye and skin anomalies syndrome,biolink:Disease,1,GARD:0017648,false,true,GARD
disease,GARD:0017651,Myofibrillar myopathy 2,biolink:Disease,1,GARD:0017651,false,true,GARD
disease,GARD:0017652,Finnish upper limb-onset distal myopathy,biolink:Disease,1,GARD:0017652,false,true,GARD
disease,GARD:0017653,Miyoshi muscular dystrophy 3,biolink:Disease,1,GARD:0017653,false,true,GARD
disease,GARD:0017654,Male infertility with teratozoospermia due to single gene mutation,biolink:Disease,1,GARD:0017654,false,true,GARD
disease,GARD:0017655,Pancytopenia-developmental delay syndrome,biolink:Disease,1,GARD:0017655,false,true,GARD
disease,GARD:0017656,Hereditary spastic paraplegia 61,biolink:Disease,1,GARD:0017656,false,true,GARD
disease,GARD:0017657,Hereditary spastic paraplegia 62,biolink:Disease,1,GARD:0017657,false,true,GARD
disease,GARD:0017658,Hereditary spastic paraplegia 63,biolink:Disease,1,GARD:0017658,false,true,GARD
disease,GARD:0017659,Hereditary spastic paraplegia 64,biolink:Disease,1,GARD:0017659,false,true,GARD
disease,GARD:0017660,Hereditary spastic paraplegia 72,biolink:Disease,1,GARD:0017660,false,true,GARD
disease,GARD:0017661,Multiple mitochondrial dysfunctions syndrome 1,biolink:Disease,1,GARD:0017661,false,true,GARD
disease,GARD:0017662,Multiple mitochondrial dysfunctions syndrome 2,biolink:Disease,1,GARD:0017662,false,true,GARD
disease,GARD:0017663,Familial median cleft of the upper and lower lips,biolink:Disease,1,GARD:0017663,false,true,GARD
disease,GARD:0017664,Moyamoya disease with early-onset achalasia,biolink:Disease,1,GARD:0017664,false,true,GARD
disease,GARD:0017665,Episodic ataxia type 8,biolink:Disease,1,GARD:0017665,false,true,GARD
disease,GARD:0017666,MEND syndrome,biolink:Disease,1,GARD:0017666,false,true,GARD
disease,GARD:0017667,"Autosomal recessive spondylometaphyseal dysplasia, Megarbane type",biolink:Disease,1,GARD:0017667,false,true,GARD
disease,GARD:0017668,Chromosome 1p32-p31 deletion syndrome,biolink:Disease,1,GARD:0017668,false,true,GARD
disease,GARD:0017669,"Palmoplantar keratoderma, nonepidermolytic, focal or diffuse",biolink:Disease,1,GARD:0017669,false,true,GARD
disease,GARD:0017670,Familial bicuspid aortic valve,biolink:Disease,1,GARD:0017670,false,true,GARD
disease,GARD:0017672,Diffuse cerebral and cerebellar atrophy - intractable seizures - progressive microcephaly syndrome,biolink:Disease,1,GARD:0017672,false,true,GARD
disease,GARD:0017673,Intellectual disability-facial dysmorphism syndrome due to SETD5 haploinsufficiency,biolink:Disease,1,GARD:0017673,false,true,GARD
disease,GARD:0017674,Tatton-Brown-Rahman overgrowth syndrome,biolink:Disease,1,GARD:0017674,false,true,GARD
disease,GARD:0017675,Female infertility due to zona pellucida defect,biolink:Disease,1,GARD:0017675,false,true,GARD
disease,GARD:0017676,Global developmental delay - lung cysts - overgrowth - Wilms tumor syndrome,biolink:Disease,1,GARD:0017676,false,true,GARD
disease,GARD:0017677,"Spinocerebellar ataxia, autosomal recessive 23",biolink:Disease,1,GARD:0017677,false,true,GARD
disease,GARD:0017678,Autosomal recessive spinocerebellar ataxia 15,biolink:Disease,1,GARD:0017678,false,true,GARD
disease,GARD:0017680,Pontocerebellar hypoplasia type 10,biolink:Disease,1,GARD:0017680,false,true,GARD
disease,GARD:0017683,Wolfram-like syndrome,biolink:Disease,1,GARD:0017683,false,true,GARD
disease,GARD:0017684,"Parkinson disease, late-onset",biolink:Disease,1,GARD:0017684,false,true,GARD
disease,GARD:0017686,Maternal riboflavin deficiency,biolink:Disease,1,GARD:0017686,false,true,GARD
disease,GARD:0017687,"Developmental and epileptic encephalopathy, 23",biolink:Disease,1,GARD:0017687,false,true,GARD
disease,GARD:0017688,Facial dysmorphism-lens dislocation-anterior segment abnormalities-spontaneous filtering blebs syndrome,biolink:Disease,1,GARD:0017688,false,true,GARD
disease,GARD:0017689,Autosomal recessive spinocerebellar ataxia 16,biolink:Disease,1,GARD:0017689,false,true,GARD
disease,GARD:0017690,"Epidermolysis bullosa simplex 3, localized or generalized intermediate, with BP230 deficiency",biolink:Disease,1,GARD:0017690,false,true,GARD
disease,GARD:0017691,"Epidermolysis bullosa simplex 4, localized or generalized intermediate, autosomal recessive",biolink:Disease,1,GARD:0017691,false,true,GARD
disease,GARD:0017692,Primary failure of tooth eruption,biolink:Disease,1,GARD:0017692,false,true,GARD
disease,GARD:0017693,Dystonia 24,biolink:Disease,1,GARD:0017693,false,true,GARD
disease,GARD:0017694,Dystonia 23,biolink:Disease,1,GARD:0017694,false,true,GARD
disease,GARD:0017695,Platelet-type bleeding disorder 18,biolink:Disease,1,GARD:0017695,false,true,GARD
disease,GARD:0017696,Combined immunodeficiency due to CTPS1 deficiency,biolink:Disease,1,GARD:0017696,false,true,GARD
disease,GARD:0017697,Wooly hair-palmoplantar keratoderma syndrome,biolink:Disease,1,GARD:0017697,false,true,GARD
disease,GARD:0017698,Autosomal recessive severe congenital neutropenia due to CSF3R deficiency,biolink:Disease,1,GARD:0017698,false,true,GARD
disease,GARD:0017699,Combined oxidative phosphorylation defect type 20,biolink:Disease,1,GARD:0017699,false,true,GARD
disease,GARD:0017700,Combined oxidative phosphorylation defect type 21,biolink:Disease,1,GARD:0017700,false,true,GARD
disease,GARD:0017701,RIDDLE syndrome,biolink:Disease,1,GARD:0017701,false,true,GARD
disease,GARD:0017702,Autosomal recessive severe congenital neutropenia due to JAGN1 deficiency,biolink:Disease,1,GARD:0017702,false,true,GARD
disease,GARD:0017703,Nail and teeth abnormalities-marginal palmoplantar keratoderma-oral hyperpigmentation syndrome,biolink:Disease,1,GARD:0017703,false,true,GARD
disease,GARD:0017704,Pseudo-Hurler polydystrophy,biolink:Disease,1,GARD:0017704,false,true,GARD
disease,GARD:0017705,GNPTG-mucolipidosis,biolink:Disease,1,GARD:0017705,false,true,GARD
disease,GARD:0017706,Progressive myoclonic epilepsy type 8,biolink:Disease,1,GARD:0017706,false,true,GARD
disease,GARD:0017707,Colobomatous microphthalmia-rhizomelic dysplasia syndrome,biolink:Disease,1,GARD:0017707,false,true,GARD
disease,GARD:0017708,Autosomal recessive limb-girdle muscular dystrophy type 2Y,biolink:Disease,1,GARD:0017708,false,true,GARD
disease,GARD:0017709,X-linked colobomatous microphthalmia-microcephaly-intellectual disability-short stature syndrome,biolink:Disease,1,GARD:0017709,false,true,GARD
disease,GARD:0017710,Combined immunodeficiency due to OX40 deficiency,biolink:Disease,1,GARD:0017710,false,true,GARD
disease,GARD:0017711,Primary immunodeficiency with post-measles-mumps-rubella vaccine viral infection,biolink:Disease,1,GARD:0017711,false,true,GARD
disease,GARD:0017712,Hereditary spastic paraplegia 57,biolink:Disease,1,GARD:0017712,false,true,GARD
disease,GARD:0017713,Gigantiform cementoma,biolink:Disease,1,GARD:0017713,false,true,GARD
disease,GARD:0017714,Charcot-Marie-Tooth disease type 2Y,biolink:Disease,1,GARD:0017714,false,true,GARD
disease,GARD:0017715,Progressive myoclonic epilepsy type 7,biolink:Disease,1,GARD:0017715,false,true,GARD
disease,GARD:0017716,Keppen-Lubinsky syndrome,biolink:Disease,1,GARD:0017716,false,true,GARD
disease,GARD:0017717,Short stature-advanced bone age-early-onset osteoarthritis syndrome,biolink:Disease,1,GARD:0017717,false,true,GARD
disease,GARD:0017718,Neonatal-onset encephalopathy with rigidity and seizures,biolink:Disease,1,GARD:0017718,false,true,GARD
disease,GARD:0017719,Colobomatous optic disc-macular atrophy-chorioretinopathy syndrome,biolink:Disease,1,GARD:0017719,false,true,GARD
disease,GARD:0017720,"Congenital disorder of glycosylation, type IIq",biolink:Disease,1,GARD:0017720,false,true,GARD
disease,GARD:0017721,X-linked microcephaly-growth retardation-prognathism-cryptorchidism syndrome,biolink:Disease,1,GARD:0017721,false,true,GARD
disease,GARD:0017722,Progeroid features-hepatocellular carcinoma predisposition syndrome,biolink:Disease,1,GARD:0017722,false,true,GARD
disease,GARD:0017723,Charcot-Marie-Tooth disease recessive intermediate D,biolink:Disease,1,GARD:0017723,false,true,GARD
disease,GARD:0017725,Periodic fever-infantile enterocolitis-autoinflammatory syndrome,biolink:Disease,1,GARD:0017725,false,true,GARD
disease,GARD:0017726,Thrombomodulin-related bleeding disorder,biolink:Disease,1,GARD:0017726,false,true,GARD
disease,GARD:0017727,Cataract-growth hormone deficiency-sensory neuropathy-sensorineural hearing loss-skeletal dysplasia syndrome,biolink:Disease,1,GARD:0017727,false,true,GARD
disease,GARD:0017729,Atrial conduction disease,biolink:Disease,1,GARD:0017729,false,true,GARD
disease,GARD:0017730,Retinitis pigmentosa-juvenile cataract-short stature-intellectual disability syndrome,biolink:Disease,1,GARD:0017730,false,true,GARD
disease,GARD:0017731,Gastrointestinal defects and immunodeficiency syndrome 1,biolink:Disease,1,GARD:0017731,false,true,GARD
disease,GARD:0017732,Autosomal recessive primary immunodeficiency with defective spontaneous natural killer cell cytotoxicity,biolink:Disease,1,GARD:0017732,false,true,GARD
disease,GARD:0017733,Ketoacidosis due to monocarboxylate transporter-1 deficiency,biolink:Disease,1,GARD:0017733,false,true,GARD
disease,GARD:0017734,Hypomyelinating leukodystrophy 9,biolink:Disease,1,GARD:0017734,false,true,GARD
disease,GARD:0017735,Steel syndrome,biolink:Disease,1,GARD:0017735,false,true,GARD
disease,GARD:0017736,Ataxia-telangiectasia-like disorder 2,biolink:Disease,1,GARD:0017736,false,true,GARD
disease,GARD:0017737,STAT3-related early-onset multisystem autoimmune disease,biolink:Disease,1,GARD:0017737,false,true,GARD
disease,GARD:0017738,Platelet-type bleeding disorder 19,biolink:Disease,1,GARD:0017738,false,true,GARD
disease,GARD:0017740,PURA-related severe neonatal hypotonia-seizures-encephalopathy syndrome due to a point mutation,biolink:Disease,1,GARD:0017740,false,true,GARD
disease,GARD:0017741,ITM2B amyloidosis,biolink:Disease,1,GARD:0017741,false,true,GARD
disease,GARD:0017742,Chromosome 5q12 deletion syndrome,biolink:Disease,1,GARD:0017742,false,true,GARD
disease,GARD:0017743,Lethal fetal cerebrorenogenitourinary agenesis/hypoplasia syndrome,biolink:Disease,1,GARD:0017743,false,true,GARD
disease,GARD:0017744,SFTPC-related interstitial lung disease,biolink:Disease,1,GARD:0017744,false,true,GARD
disease,GARD:0017745,Interstitial lung disease due to ABCA3 deficiency,biolink:Disease,1,GARD:0017745,false,true,GARD
disease,GARD:0017746,Severe early-onset pulmonary alveolar proteinosis due to MARS deficiency,biolink:Disease,1,GARD:0017746,false,true,GARD
disease,GARD:0017747,Deficiency of ribose-5-phosphate isomerase,biolink:Disease,1,GARD:0017747,false,true,GARD
disease,GARD:0017748,L-ferritin deficiency,biolink:Disease,1,GARD:0017748,false,true,GARD
disease,GARD:0017750,Familial porphyria cutanea tarda,biolink:Disease,1,GARD:0017750,false,true,GARD
disease,GARD:0017751,Charcot-Marie-Tooth disease axonal type 2S,biolink:Disease,1,GARD:0017751,false,true,GARD
disease,GARD:0017753,Hyperostosis cranialis interna,biolink:Disease,1,GARD:0017753,false,true,GARD
disease,GARD:0017755,X-linked erythropoietic protoporphyria,biolink:Disease,1,GARD:0017755,false,true,GARD
disease,GARD:0017757,Ventriculomegaly-cystic kidney disease,biolink:Disease,1,GARD:0017757,false,true,GARD
disease,GARD:0017758,Mandibulofacial dysostosis with alopecia,biolink:Disease,1,GARD:0017758,false,true,GARD
disease,GARD:0017759,Combined oxidative phosphorylation defect type 23,biolink:Disease,1,GARD:0017759,false,true,GARD
disease,GARD:0017760,"46,XX ovarian dysgenesis-short stature syndrome",biolink:Disease,1,GARD:0017760,false,true,GARD
disease,GARD:0017761,Cerebellar-facial-dental syndrome,biolink:Disease,1,GARD:0017761,false,true,GARD
disease,GARD:0017762,Autoimmune interstitial lung disease-arthritis syndrome,biolink:Disease,1,GARD:0017762,false,true,GARD
disease,GARD:0017763,Hereditary spastic paraplegia 73,biolink:Disease,1,GARD:0017763,false,true,GARD
disease,GARD:0017764,Peeling skin-leukonuchia-acral punctate keratoses-cheilitis-knuckle pads syndrome,biolink:Disease,1,GARD:0017764,false,true,GARD
disease,GARD:0017765,Combined oxidative phosphorylation defect type 24,biolink:Disease,1,GARD:0017765,false,true,GARD
disease,GARD:0017766,Autoimmune hemolytic anemia-autoimmune thrombocytopenia-primary immunodeficiency syndrome,biolink:Disease,1,GARD:0017766,false,true,GARD
disease,GARD:0017767,"3-methylglutaconic aciduria, type VIIB",biolink:Disease,1,GARD:0017767,false,true,GARD
disease,GARD:0017768,Juvenile-onset diabetes mellitus-central and peripheral neurodegeneration syndrome,biolink:Disease,1,GARD:0017768,false,true,GARD
disease,GARD:0017769,Limb-girdle muscular dystrophy due to POMK deficiency,biolink:Disease,1,GARD:0017769,false,true,GARD
disease,GARD:0017770,Autosomal recessive complex spastic paraplegia type 9B,biolink:Disease,1,GARD:0017770,false,true,GARD
disease,GARD:0017771,Mitochondrial pyruvate carrier deficiency,biolink:Disease,1,GARD:0017771,false,true,GARD
disease,GARD:0017775,Combined oxidative phosphorylation defect type 25,biolink:Disease,1,GARD:0017775,false,true,GARD
disease,GARD:0017776,Pigmentation defects-palmoplantar keratoderma-skin carcinoma syndrome,biolink:Disease,1,GARD:0017776,false,true,GARD
disease,GARD:0017777,Charcot-Marie-Tooth disease axonal type 2V,biolink:Disease,1,GARD:0017777,false,true,GARD
disease,GARD:0017778,Klippel-Feil anomaly-myopathy-facial dysmorphism syndrome,biolink:Disease,1,GARD:0017778,false,true,GARD
disease,GARD:0017779,Progressive scapulohumeroperoneal distal myopathy,biolink:Disease,1,GARD:0017779,false,true,GARD
disease,GARD:0017780,Lichtenstein-Knorr syndrome,biolink:Disease,1,GARD:0017780,false,true,GARD
disease,GARD:0017782,Regressive spondylometaphyseal dysplasia,biolink:Disease,1,GARD:0017782,false,true,GARD
disease,GARD:0017784,Familial congenital nasolacrimal duct obstruction,biolink:Disease,1,GARD:0017784,false,true,GARD
disease,GARD:0017785,Neurodevelopmental disorder-craniofacial dysmorphism-cardiac defect-hip dysplasia syndrome,biolink:Disease,1,GARD:0017785,false,true,GARD
disease,GARD:0017786,Autosomal recessive spinocerebellar ataxia 17,biolink:Disease,1,GARD:0017786,false,true,GARD
disease,GARD:0017787,Polyendocrine-polyneuropathy syndrome,biolink:Disease,1,GARD:0017787,false,true,GARD
disease,GARD:0017790,Familial adenomatous polyposis 3,biolink:Disease,1,GARD:0017790,false,true,GARD
disease,GARD:0017791,"Neurologic, endocrine, and pancreatic disease, multisystem, infantile-onset 1",biolink:Disease,1,GARD:0017791,false,true,GARD
disease,GARD:0017792,X-linked myotubular myopathy-abnormal genitalia syndrome,biolink:Disease,1,GARD:0017792,false,true,GARD
disease,GARD:0017793,Polyglucosan body myopathy type 2,biolink:Disease,1,GARD:0017793,false,true,GARD
disease,GARD:0017794,Autosomal dominant mitochondrial myopathy with exercise intolerance,biolink:Disease,1,GARD:0017794,false,true,GARD
disease,GARD:0017796,Neonatal encephalomyopathy-cardiomyopathy-respiratory distress syndrome,biolink:Disease,1,GARD:0017796,false,true,GARD
disease,GARD:0017797,Autosomal dominant intellectual disability-craniofacial anomalies-cardiac defects syndrome,biolink:Disease,1,GARD:0017797,false,true,GARD
disease,GARD:0017798,Progressive essential tremor-speech impairment-facial dysmorphism-intellectual disability-abnormal behavior syndrome,biolink:Disease,1,GARD:0017798,false,true,GARD
disease,GARD:0017799,Combined oxidative phosphorylation deficiency 34,biolink:Disease,1,GARD:0017799,false,true,GARD
disease,GARD:0017800,X-linked intellectual disability-short stature-overweight syndrome,biolink:Disease,1,GARD:0017800,false,true,GARD
disease,GARD:0017801,Progressive myoclonic epilepsy type 9,biolink:Disease,1,GARD:0017801,false,true,GARD
disease,GARD:0017802,Houge-janssens syndrome 1,biolink:Disease,1,GARD:0017802,false,true,GARD
disease,GARD:0017803,Houge-Janssens syndrome 2,biolink:Disease,1,GARD:0017803,false,true,GARD
disease,GARD:0017804,Microcephaly-intellectual disability-sensorineural hearing loss-epilepsy-abnormal muscle tone syndrome,biolink:Disease,1,GARD:0017804,false,true,GARD
disease,GARD:0017805,Megalencephaly-severe kyphoscoliosis-overgrowth syndrome,biolink:Disease,1,GARD:0017805,false,true,GARD
disease,GARD:0017806,"Developmental and epileptic encephalopathy, 35",biolink:Disease,1,GARD:0017806,false,true,GARD
disease,GARD:0017807,Complex lethal osteochondrodysplasia,biolink:Disease,1,GARD:0017807,false,true,GARD
disease,GARD:0017808,Progressive spondyloepimetaphyseal dysplasia-short stature-short fourth metatarsals-intellectual disability syndrome,biolink:Disease,1,GARD:0017808,false,true,GARD
disease,GARD:0017809,Multiple mitochondrial dysfunctions syndrome 4,biolink:Disease,1,GARD:0017809,false,true,GARD
disease,GARD:0017810,Spinocerebellar ataxia type 41,biolink:Disease,1,GARD:0017810,false,true,GARD
disease,GARD:0017811,Spinocerebellar ataxia type 42,biolink:Disease,1,GARD:0017811,false,true,GARD
disease,GARD:0017812,"Spondyloepiphyseal dysplasia, Stanescu type",biolink:Disease,1,GARD:0017812,false,true,GARD
disease,GARD:0017813,Hereditary spastic paraplegia 75,biolink:Disease,1,GARD:0017813,false,true,GARD
disease,GARD:0017814,"Developmental delay with short stature, dysmorphic facial features, and sparse hair 1",biolink:Disease,1,GARD:0017814,false,true,GARD
disease,GARD:0017815,X-linked intellectual disability-cerebellar hypoplasia-spondylo-epiphyseal dysplasia syndrome,biolink:Disease,1,GARD:0017815,false,true,GARD
disease,GARD:0017816,Spastic paraplegia-severe developmental delay-epilepsy syndrome,biolink:Disease,1,GARD:0017816,false,true,GARD
disease,GARD:0017817,Short stature-brachydactyly-obesity-global developmental delay syndrome,biolink:Disease,1,GARD:0017817,false,true,GARD
disease,GARD:0017818,NEK9-related lethal skeletal dysplasia,biolink:Disease,1,GARD:0017818,false,true,GARD
disease,GARD:0017819,Dystonia 27,biolink:Disease,1,GARD:0017819,false,true,GARD
disease,GARD:0017820,Infantile liver failure,biolink:Disease,1,GARD:0017820,false,true,GARD
disease,GARD:0017821,Congenital cataract-microcephaly-nevus flammeus simplex-severe intellectual disability syndrome,biolink:Disease,1,GARD:0017821,false,true,GARD
disease,GARD:0017822,Familial cavitary optic disk anomaly,biolink:Disease,1,GARD:0017822,false,true,GARD
disease,GARD:0017823,Cocoon syndrome,biolink:Disease,1,GARD:0017823,false,true,GARD
disease,GARD:0017824,Severe intellectual disability-corpus callosum agenesis-facial dysmorphism-cerebellar ataxia syndrome,biolink:Disease,1,GARD:0017824,false,true,GARD
disease,GARD:0017825,TMEM199-CDG,biolink:Disease,1,GARD:0017825,false,true,GARD
disease,GARD:0017826,Patterned macular dystrophy 3,biolink:Disease,1,GARD:0017826,false,true,GARD
disease,GARD:0017827,Hereditary spastic paraplegia 77,biolink:Disease,1,GARD:0017827,false,true,GARD
disease,GARD:0017829,Charcot-Marie-Tooth disease axonal type 2Z,biolink:Disease,1,GARD:0017829,false,true,GARD
disease,GARD:0017830,Charcot-Marie-Tooth disease axonal type 2X,biolink:Disease,1,GARD:0017830,false,true,GARD
disease,GARD:0017831,Combined oxidative phosphorylation deficiency 28,biolink:Disease,1,GARD:0017831,false,true,GARD
disease,GARD:0017832,Syndromic X-linked intellectual disability 34,biolink:Disease,1,GARD:0017832,false,true,GARD
disease,GARD:0017833,Acute infantile liver failure-cerebellar ataxia-peripheral sensory motor neuropathy syndrome,biolink:Disease,1,GARD:0017833,false,true,GARD
disease,GARD:0017834,Autosomal recessive limb-girdle muscular dystrophy type 2W,biolink:Disease,1,GARD:0017834,false,true,GARD
disease,GARD:0017836,Seizures-scoliosis-macrocephaly syndrome,biolink:Disease,1,GARD:0017836,false,true,GARD
disease,GARD:0017837,Hypomyelinating leukodystrophy 12,biolink:Disease,1,GARD:0017837,false,true,GARD
disease,GARD:0017838,DeSanto-Shinawi syndrome,biolink:Disease,1,GARD:0017838,false,true,GARD
disease,GARD:0017839,DeSanto-Shinawi syndrome due to WAC point mutation,biolink:Disease,1,GARD:0017839,false,true,GARD
disease,GARD:0017840,Severe hypotonia-psychomotor developmental delay-strabismus-cardiac septal defect syndrome,biolink:Disease,1,GARD:0017840,false,true,GARD
disease,GARD:0017841,Microcephalic primordial dwarfism due to RTTN deficiency,biolink:Disease,1,GARD:0017841,false,true,GARD
disease,GARD:0017842,Hereditary spastic paraplegia 74,biolink:Disease,1,GARD:0017842,false,true,GARD
disease,GARD:0017843,Isolated anhidrosis with normal sweat glands,biolink:Disease,1,GARD:0017843,false,true,GARD
disease,GARD:0017844,Colobomatous macrophthalmia-microcornea syndrome,biolink:Disease,1,GARD:0017844,false,true,GARD
disease,GARD:0017845,CCDC115-CDG,biolink:Disease,1,GARD:0017845,false,true,GARD
disease,GARD:0017846,SLC39A8-CDG,biolink:Disease,1,GARD:0017846,false,true,GARD
disease,GARD:0017847,Autosomal recessive limb-girdle muscular dystrophy type 2X,biolink:Disease,1,GARD:0017847,false,true,GARD
disease,GARD:0017848,"Autoinflammatory syndrome, familial, Behcet-like 1",biolink:Disease,1,GARD:0017848,false,true,GARD
disease,GARD:0017849,TFRC-related combined immunodeficiency,biolink:Disease,1,GARD:0017849,false,true,GARD
disease,GARD:0017850,Micrognathia-recurrent infections-behavioral abnormalities-mild intellectual disability syndrome,biolink:Disease,1,GARD:0017850,false,true,GARD
disease,GARD:0017851,"Charcot-Marie-Tooth disease, demyelinating, type 1G",biolink:Disease,1,GARD:0017851,false,true,GARD
disease,GARD:0017852,IL21-related infantile inflammatory bowel disease,biolink:Disease,1,GARD:0017852,false,true,GARD
disease,GARD:0017853,Glutamate pyruvate transaminase 2 deficiency,biolink:Disease,1,GARD:0017853,false,true,GARD
disease,GARD:0017854,Combined oxidative phosphorylation defect type 26,biolink:Disease,1,GARD:0017854,false,true,GARD
disease,GARD:0017855,"Microangiopathy and leukoencephalopathy, pontine, autosomal dominant",biolink:Disease,1,GARD:0017855,false,true,GARD
disease,GARD:0017856,Combined oxidative phosphorylation defect type 27,biolink:Disease,1,GARD:0017856,false,true,GARD
disease,GARD:0017857,Cytosolic phospholipase-A2 alpha deficiency associated bleeding disorder,biolink:Disease,1,GARD:0017857,false,true,GARD
disease,GARD:0017858,Progressive microcephaly-seizures-cortical blindness-developmental delay syndrome,biolink:Disease,1,GARD:0017858,false,true,GARD
disease,GARD:0017859,PMP22-RAI1 contiguous gene duplication syndrome,biolink:Disease,1,GARD:0017859,false,true,GARD
disease,GARD:0017860,Skeletal overgrowth-craniofacial dysmorphism-hyperelastic skin-white matter lesions syndrome,biolink:Disease,1,GARD:0017860,false,true,GARD
disease,GARD:0017862,Palatal anomalies-widely spaced teeth-facial dysmorphism-developmental delay syndrome,biolink:Disease,1,GARD:0017862,false,true,GARD
disease,GARD:0017863,Combined oxidative phosphorylation deficiency 29,biolink:Disease,1,GARD:0017863,false,true,GARD
disease,GARD:0017864,Combined oxidative phosphorylation defect type 30,biolink:Disease,1,GARD:0017864,false,true,GARD
disease,GARD:0017865,Lethal left ventricular non-compaction-seizures-hypotonia-cataract-developmental delay syndrome,biolink:Disease,1,GARD:0017865,false,true,GARD
disease,GARD:0017866,Congenital insensitivity to pain-hypohidrosis syndrome,biolink:Disease,1,GARD:0017866,false,true,GARD
disease,GARD:0017869,Autosomal recessive limb-girdle muscular dystrophy type 2R1,biolink:Disease,1,GARD:0017869,false,true,GARD
disease,GARD:0017870,Thrombocytopenia 6,biolink:Disease,1,GARD:0017870,false,true,GARD
disease,GARD:0017871,Global developmental delay-visual anomalies-progressive cerebellar atrophy-truncal hypotonia syndrome,biolink:Disease,1,GARD:0017871,false,true,GARD
disease,GARD:0017874,Familial chilblain lupus,biolink:Disease,1,GARD:0017874,false,true,GARD
disease,GARD:0017875,Pseudo-TORCH syndrome 2,biolink:Disease,1,GARD:0017875,false,true,GARD
disease,GARD:0017877,HTRA1-related autosomal dominant cerebral small vessel disease,biolink:Disease,1,GARD:0017877,false,true,GARD
disease,GARD:0017878,"Myopathy, distal, 5",biolink:Disease,1,GARD:0017878,false,true,GARD
disease,GARD:0017880,"Intellectual disability, X-linked 49",biolink:Disease,1,GARD:0017880,false,true,GARD
disease,GARD:0017882,Prenatal-onset spinal muscular atrophy with congenital bone fractures,biolink:Disease,1,GARD:0017882,false,true,GARD
disease,GARD:0017883,Congenital muscular dystrophy-respiratory failure-skin abnormalities-joint hyperlaxity syndrome,biolink:Disease,1,GARD:0017883,false,true,GARD
disease,GARD:0017884,Macrothrombocytopenia-lymphedema-developmental delay-facial dysmorphism-camptodactyly syndrome,biolink:Disease,1,GARD:0017884,false,true,GARD
disease,GARD:0017885,Pierpont syndrome,biolink:Disease,1,GARD:0017885,false,true,GARD
disease,GARD:0017886,Microcephaly-congenital cataract-psoriasiform dermatitis syndrome,biolink:Disease,1,GARD:0017886,false,true,GARD
disease,GARD:0017887,Female infertility due to oocyte meiotic arrest,biolink:Disease,1,GARD:0017887,false,true,GARD
disease,GARD:0017888,Familial progressive retinal dystrophy-iris coloboma-congenital cataract syndrome,biolink:Disease,1,GARD:0017888,false,true,GARD
disease,GARD:0017889,Split-foot malformation-mesoaxial polydactyly syndrome,biolink:Disease,1,GARD:0017889,false,true,GARD
disease,GARD:0017890,14q32 duplication syndrome,biolink:Disease,1,GARD:0017890,false,true,GARD
disease,GARD:0017891,Autosomal dominant Charcot-Marie-Tooth disease type 2W,biolink:Disease,1,GARD:0017891,false,true,GARD
disease,GARD:0017892,Autosomal recessive spastic paraplegia type 76,biolink:Disease,1,GARD:0017892,false,true,GARD
disease,GARD:0017894,Transketolase deficiency,biolink:Disease,1,GARD:0017894,false,true,GARD
disease,GARD:0017895,Severe growth deficiency-strabismus-extensive dermal melanocytosis-intellectual disability syndrome,biolink:Disease,1,GARD:0017895,false,true,GARD
disease,GARD:0017896,"Hypotonia, infantile, with psychomotor retardation and characteristic facies 3",biolink:Disease,1,GARD:0017896,false,true,GARD
disease,GARD:0017898,TELO2-related intellectual disability-neurodevelopmental disorder,biolink:Disease,1,GARD:0017898,false,true,GARD
disease,GARD:0017899,DDX41-related hematologic malignancy predisposition syndrome,biolink:Disease,1,GARD:0017899,false,true,GARD
disease,GARD:0017900,"Distal myopathy, Tateyama type",biolink:Disease,1,GARD:0017900,false,true,GARD
disease,GARD:0017901,Vibratory angioedema,biolink:Disease,1,GARD:0017901,false,true,GARD
disease,GARD:0017902,"Neurodevelopmental disorder with or without anomalies of the brain, eye, or heart",biolink:Disease,1,GARD:0017902,false,true,GARD
disease,GARD:0017903,Retinitis pigmentosa-hearing loss-premature aging-short stature-facial dysmorphism syndrome,biolink:Disease,1,GARD:0017903,false,true,GARD
disease,GARD:0017904,DIAPH1-related sensorineural hearing loss-thrombocytopenia syndrome,biolink:Disease,1,GARD:0017904,false,true,GARD
disease,GARD:0017905,Infantile-onset generalized dyskinesia with orofacial involvement,biolink:Disease,1,GARD:0017905,false,true,GARD
disease,GARD:0017906,Childhood-onset benign chorea with striatal involvement,biolink:Disease,1,GARD:0017906,false,true,GARD
disease,GARD:0017909,Charcot-Marie-Tooth disease type 2T,biolink:Disease,1,GARD:0017909,false,true,GARD
disease,GARD:0017910,C11orf73-related autosomal recessive hypomyelinating leukodystrophy,biolink:Disease,1,GARD:0017910,false,true,GARD
disease,GARD:0017911,Early-onset progressive diffuse brain atrophy-microcephaly-muscle weakness-optic atrophy syndrome,biolink:Disease,1,GARD:0017911,false,true,GARD
disease,GARD:0017912,Kyphosis-lateral tongue atrophy-myofibrillar myopathy syndrome,biolink:Disease,1,GARD:0017912,false,true,GARD
disease,GARD:0017913,Even-plus syndrome,biolink:Disease,1,GARD:0017913,false,true,GARD
disease,GARD:0017914,Early-onset progressive encephalopathy-spastic ataxia-distal spinal muscular atrophy syndrome,biolink:Disease,1,GARD:0017914,false,true,GARD
disease,GARD:0017915,Harel-Yoon syndrome,biolink:Disease,1,GARD:0017915,false,true,GARD
disease,GARD:0017916,MME-related autosomal dominant Charcot Marie Tooth disease type 2,biolink:Disease,1,GARD:0017916,false,true,GARD
disease,GARD:0017917,Spinocerebellar ataxia 43,biolink:Disease,1,GARD:0017917,false,true,GARD
disease,GARD:0017918,"Striatonigral degeneration, childhood-onset",biolink:Disease,1,GARD:0017918,false,true,GARD
disease,GARD:0017921,Tall stature-intellectual disability-renal anomalies syndrome,biolink:Disease,1,GARD:0017921,false,true,GARD
disease,GARD:0017922,Multinucleated neurons-anhydramnios-renal dysplasia-cerebellar hypoplasia-hydranencephaly syndrome,biolink:Disease,1,GARD:0017922,false,true,GARD
disease,GARD:0017923,Early-onset progressive encephalopathy-hearing loss-pons hypoplasia-brain atrophy syndrome,biolink:Disease,1,GARD:0017923,false,true,GARD
disease,GARD:0017924,"Intellectual disability, autosomal dominant 48",biolink:Disease,1,GARD:0017924,false,true,GARD
disease,GARD:0017926,X-linked external auditory canal atresia-dilated internal auditory canal-facial dysmorphism syndrome,biolink:Disease,1,GARD:0017926,false,true,GARD
disease,GARD:0017930,"Neurodevelopmental disorder with epilepsy, cataracts, feeding difficulties, and delayed brain myelination",biolink:Disease,1,GARD:0017930,false,true,GARD
disease,GARD:0017931,Osteosclerotic metaphyseal dysplasia,biolink:Disease,1,GARD:0017931,false,true,GARD
disease,GARD:0017934,Mitochondrial myopathy-cerebellar ataxia-pigmentary retinopathy syndrome,biolink:Disease,1,GARD:0017934,false,true,GARD
disease,GARD:0017935,"Intellectual disability, autosomal dominant 47",biolink:Disease,1,GARD:0017935,false,true,GARD
disease,GARD:0017936,Alkaline ceramidase 3 deficiency,biolink:Disease,1,GARD:0017936,false,true,GARD
disease,GARD:0017937,Cerebellar ataxia with neuropathy and bilateral vestibular areflexia syndrome,biolink:Disease,1,GARD:0017937,false,true,GARD
disease,GARD:0017938,Severe combined immunodeficiency due to LAT deficiency,biolink:Disease,1,GARD:0017938,false,true,GARD
disease,GARD:0017939,Combined immunodeficiency due to moesin deficiency,biolink:Disease,1,GARD:0017939,false,true,GARD
disease,GARD:0017940,3-methylglutaconic aciduria type 9,biolink:Disease,1,GARD:0017940,false,true,GARD
disease,GARD:0017941,Combined immunodeficiency due to GINS1 deficiency,biolink:Disease,1,GARD:0017941,false,true,GARD
disease,GARD:0017942,"Intellectual developmental disorder with dysmorphic facies, seizures, and distal limb anomalies",biolink:Disease,1,GARD:0017942,false,true,GARD
disease,GARD:0017943,Psychomotor regression-oculomotor apraxia-movement disorder-nephropathy syndrome,biolink:Disease,1,GARD:0017943,false,true,GARD
disease,GARD:0017944,Mucopolysaccharidosis-plus syndrome,biolink:Disease,1,GARD:0017944,false,true,GARD
disease,GARD:0017945,Stromme syndrome,biolink:Disease,1,GARD:0017945,false,true,GARD
disease,GARD:0017946,Autosomal recessive complex spastic paraplegia due to kennedy pathway dysfunction,biolink:Disease,1,GARD:0017946,false,true,GARD
disease,GARD:0017947,Gabriele de Vries syndrome,biolink:Disease,1,GARD:0017947,false,true,GARD
disease,GARD:0017948,Intellectual disability-cardiac anomalies-short stature-joint laxity syndrome,biolink:Disease,1,GARD:0017948,false,true,GARD
disease,GARD:0017949,Intrauterine growth restriction-congenital multiple café-au-lait macules-increased sister chromatid exchange syndrome,biolink:Disease,1,GARD:0017949,false,true,GARD
disease,GARD:0017950,Hyperphenylalaninemia due to DNAJC12 deficiency,biolink:Disease,1,GARD:0017950,false,true,GARD
disease,GARD:0017951,"Epidermolysis bullosa simplex 6, generalized, with scarring and hair loss",biolink:Disease,1,GARD:0017951,false,true,GARD
disease,GARD:0017952,Autosomal recessive spastic paraplegia type 78,biolink:Disease,1,GARD:0017952,false,true,GARD
disease,GARD:0017953,Skraban-Deardorff syndrome,biolink:Disease,1,GARD:0017953,false,true,GARD
disease,GARD:0017954,Anterior segment dysgenesis 8,biolink:Disease,1,GARD:0017954,false,true,GARD
disease,GARD:0017955,Xq25 microduplication syndrome,biolink:Disease,1,GARD:0017955,false,true,GARD
disease,GARD:0017956,Proximal myopathy with focal depletion of mitochondria,biolink:Disease,1,GARD:0017956,false,true,GARD
disease,GARD:0017957,"Spastic paraplegia, intellectual disability, nystagmus, and obesity",biolink:Disease,1,GARD:0017957,false,true,GARD
disease,GARD:0017958,Hypermanganesemia with dystonia 2,biolink:Disease,1,GARD:0017958,false,true,GARD
disease,GARD:0017959,"Charcot-Marie-tooth disease, axonal, type 2DD",biolink:Disease,1,GARD:0017959,false,true,GARD
disease,GARD:0017960,"Neurodevelopmental disorder with progressive microcephaly, spasticity, and brain anomalies",biolink:Disease,1,GARD:0017960,false,true,GARD
disease,GARD:0017961,Congenital vertebral-cardiac-renal anomalies syndrome,biolink:Disease,1,GARD:0017961,false,true,GARD
disease,GARD:0017962,Infantile hypotonia-oculomotor anomalies-hyperkinetic movements-developmental delay syndrome,biolink:Disease,1,GARD:0017962,false,true,GARD
disease,GARD:0017963,"Joint laxity, short stature, and myopia",biolink:Disease,1,GARD:0017963,false,true,GARD
disease,GARD:0017964,"Spastic ataxia 8, autosomal recessive, with hypomyelinating leukodystrophy",biolink:Disease,1,GARD:0017964,false,true,GARD
disease,GARD:0017965,Complex neurodevelopmental disorder,biolink:Disease,1,GARD:0017965,false,true,GARD
disease,GARD:0017966,Hydrops-lactic acidosis-sideroblastic anemia-multisystemic failure syndrome,biolink:Disease,1,GARD:0017966,false,true,GARD
disease,GARD:0017967,HELIX syndrome,biolink:Disease,1,GARD:0017967,false,true,GARD
disease,GARD:0017968,Duane retraction syndrome with congenital deafness,biolink:Disease,1,GARD:0017968,false,true,GARD
disease,GARD:0017969,Glycosylphosphatidylinositol biosynthesis defect 15,biolink:Disease,1,GARD:0017969,false,true,GARD
disease,GARD:0017970,Pilarowski-Bjornsson syndrome,biolink:Disease,1,GARD:0017970,false,true,GARD
disease,GARD:0017975,"Ehlers-Danlos syndrome, classic-like, 2",biolink:Disease,1,GARD:0017975,false,true,GARD
disease,GARD:0017976,"Polyneuropathy, lethal neonatal, axonal sensorimotor, autosomal recessive",biolink:Disease,1,GARD:0017976,false,true,GARD
disease,GARD:0017977,Palmoplantar keratoderma-hereditary motor and sensory neuropathy syndrome,biolink:Disease,1,GARD:0017977,false,true,GARD
disease,GARD:0017978,Severe combined immunodeficiency due to CD70 deficiency,biolink:Disease,1,GARD:0017978,false,true,GARD
disease,GARD:0017979,Lymphoproliferative syndrome 1,biolink:Disease,1,GARD:0017979,false,true,GARD
disease,GARD:0017980,"Growth retardation, intellectual developmental disorder, hypotonia, and hepatopathy",biolink:Disease,1,GARD:0017980,false,true,GARD
disease,GARD:0017981,Severe combined immunodeficiency due to CARMIL2 deficiency,biolink:Disease,1,GARD:0017981,false,true,GARD
disease,GARD:0017982,Gnb5-related intellectual disability-cardiac arrhythmia syndrome,biolink:Disease,1,GARD:0017982,false,true,GARD
disease,GARD:0017983,Auditory neuropathy-optic atrophy syndrome,biolink:Disease,1,GARD:0017983,false,true,GARD
disease,GARD:0017984,Isolated hyperchlorhidrosis,biolink:Disease,1,GARD:0017984,false,true,GARD
disease,GARD:0017985,"Neurodevelopmental disorder with microcephaly, hypotonia, and variable brain anomalies",biolink:Disease,1,GARD:0017985,false,true,GARD
disease,GARD:0017987,Neurodevelopmental disorder with alopecia and brain abnormalities,biolink:Disease,1,GARD:0017987,false,true,GARD
disease,GARD:0017988,"Developmental and epileptic encephalopathy, 73",biolink:Disease,1,GARD:0017988,false,true,GARD
disease,GARD:0017989,Congenital myopathy with reduced type 2 muscle fibers,biolink:Disease,1,GARD:0017989,false,true,GARD
disease,GARD:0017990,NAD(P)HX dehydratase deficiency,biolink:Disease,1,GARD:0017990,false,true,GARD
disease,GARD:0017991,"Encephalopathy, progressive, early-onset, with brain edema and/or leukoencephalopathy, 1",biolink:Disease,1,GARD:0017991,false,true,GARD
disease,GARD:0017992,Pancreatic agenesis-holoprosencephaly syndrome,biolink:Disease,1,GARD:0017992,false,true,GARD
disease,GARD:0017993,Oculocerebrodental syndrome,biolink:Disease,1,GARD:0017993,false,true,GARD
disease,GARD:0017994,"Developmental and epileptic encephalopathy, 71",biolink:Disease,1,GARD:0017994,false,true,GARD
disease,GARD:0017995,Heme oxygenase 1 deficiency,biolink:Disease,1,GARD:0017995,false,true,GARD
disease,GARD:0017997,"Intellectual disability, anterior maxillary protrusion, and strabismus",biolink:Disease,1,GARD:0017997,false,true,GARD
disease,GARD:0017998,Intellectual developmental disorder with cardiac defects and dysmorphic facies,biolink:Disease,1,GARD:0017998,false,true,GARD
disease,GARD:0018000,"Inflammatory bowel disease, immunodeficiency, and encephalopathy",biolink:Disease,1,GARD:0018000,false,true,GARD
disease,GARD:0018005,Galactosemia 4,biolink:Disease,1,GARD:0018005,false,true,GARD
disease,GARD:0018006,Combined oxidative phosphorylation deficiency 40,biolink:Disease,1,GARD:0018006,false,true,GARD
disease,GARD:0018015,Ververi-Brady syndrome 1,biolink:Disease,1,GARD:0018015,false,true,GARD
disease,GARD:0018099,Autosomal dominant nonsyndromic hearing loss 2A,biolink:Disease,1,GARD:0018099,false,true,GARD
disease,GARD:0018202,"Epilepsy, familial focal, with variable foci 1",biolink:Disease,1,GARD:0018202,false,true,GARD
disease,GARD:0018396,Frontotemporal dementia and/or amyotrophic lateral sclerosis 1,biolink:Disease,1,GARD:0018396,false,true,GARD
disease,GARD:0018433,X-linked acrogigantism due to Xq26 microduplication,biolink:Disease,1,GARD:0018433,false,true,GARD
disease,GARD:0018458,"Hypotonia, infantile, with psychomotor retardation and characteristic facies 2",biolink:Disease,1,GARD:0018458,false,true,GARD
disease,GARD:0018461,Juvenile onset Parkinson disease 19A,biolink:Disease,1,GARD:0018461,false,true,GARD
disease,GARD:0018478,Parkinson disease 17,biolink:Disease,1,GARD:0018478,false,true,GARD
disease,GARD:0018501,"Intellectual disability, autosomal dominant 42",biolink:Disease,1,GARD:0018501,false,true,GARD
disease,GARD:0018527,Intellectual developmental disorder with seizures and language delay,biolink:Disease,1,GARD:0018527,false,true,GARD
disease,GARD:0018534,"Neurodevelopmental disorder with microcephaly, impaired language, and gait abnormalities",biolink:Disease,1,GARD:0018534,false,true,GARD
disease,GARD:0018535,"Neurodevelopmental disorder with microcephaly, impaired language, epilepsy, and gait abnormalities",biolink:Disease,1,GARD:0018535,false,true,GARD
disease,GARD:0018543,Neurodevelopmental disorder with dysmorphic facies and variable seizures,biolink:Disease,1,GARD:0018543,false,true,GARD
disease,GARD:0018582,Tumor predisposition syndrome 3,biolink:Disease,1,GARD:0018582,false,true,GARD
disease,GARD:0018605,Autosomal recessive early-onset Parkinson disease 6,biolink:Disease,1,GARD:0018605,false,true,GARD
disease,GARD:0018615,Dilated cardiomyopathy 1A,biolink:Disease,1,GARD:0018615,false,true,GARD
disease,GARD:0018616,Myoclonic dystonia 11,biolink:Disease,1,GARD:0018616,false,true,GARD
disease,GARD:0018641,Generalized epilepsy with febrile seizures plus,biolink:Disease,1,GARD:0018641,false,true,GARD
disease,GARD:0018642,Hereditary persistence of fetal hemoglobin-beta-thalassemia syndrome,biolink:Disease,1,GARD:0018642,false,true,GARD
disease,GARD:0018648,Hereditary persistence of fetal hemoglobin-sickle cell disease syndrome,biolink:Disease,1,GARD:0018648,false,true,GARD
disease,GARD:0018649,Mitochondrial proton-transporting ATP synthase complex deficiency,biolink:Disease,1,GARD:0018649,false,true,GARD
disease,GARD:0018651,Familial benign flecked retina,biolink:Disease,1,GARD:0018651,false,true,GARD
disease,GARD:0018652,Isolated sedoheptulokinase deficiency,biolink:Disease,1,GARD:0018652,false,true,GARD
disease,GARD:0018653,Charcot-Marie-Tooth disease axonal type 2T,biolink:Disease,1,GARD:0018653,false,true,GARD
disease,GARD:0018675,Amoebiasis due to Entamoeba histolytica,biolink:Disease,1,GARD:0018675,false,true,GARD
disease,GARD:0018676,Amyloidosis,biolink:Disease,1,GARD:0018676,false,true,GARD
disease,GARD:0018678,Atresia of urethra,biolink:Disease,1,GARD:0018678,false,true,GARD
disease,GARD:0018682,Neonatal diabetes mellitus,biolink:Disease,1,GARD:0018682,false,true,GARD
disease,GARD:0018684,Digestive duplication,biolink:Disease,1,GARD:0018684,false,true,GARD
disease,GARD:0018687,Congenital herpes simplex virus infection,biolink:Disease,1,GARD:0018687,false,true,GARD
disease,GARD:0018689,Hemorrhagic fever-renal syndrome,biolink:Disease,1,GARD:0018689,false,true,GARD
disease,GARD:0018692,Histoplasmosis,biolink:Disease,1,GARD:0018692,false,true,GARD
disease,GARD:0018693,Familial keratoacanthoma,biolink:Disease,1,GARD:0018693,false,true,GARD
disease,GARD:0018700,Congenital primary megaureter,biolink:Disease,1,GARD:0018700,false,true,GARD
disease,GARD:0018702,Plague,biolink:Disease,1,GARD:0018702,false,true,GARD
disease,GARD:0018703,Pili bifurcati,biolink:Disease,1,GARD:0018703,false,true,GARD
disease,GARD:0018705,Scleroderma,biolink:Disease,1,GARD:0018705,false,true,GARD
disease,GARD:0018708,Congenital toxoplasmosis,biolink:Disease,1,GARD:0018708,false,true,GARD
disease,GARD:0018713,Alopecia antibody deficiency,biolink:Disease,1,GARD:0018713,false,true,GARD
disease,GARD:0018715,Isolated lissencephaly type 1 without known genetic defect,biolink:Disease,1,GARD:0018715,false,true,GARD
disease,GARD:0018716,Radial deficiency-tibial hypoplasia syndrome,biolink:Disease,1,GARD:0018716,false,true,GARD
disease,GARD:0018719,Maternally-inherited cardiomyopathy and hearing loss,biolink:Disease,1,GARD:0018719,false,true,GARD
disease,GARD:0018721,Paroxysmal dyskinesia,biolink:Disease,1,GARD:0018721,false,true,GARD
disease,GARD:0018727,Thin ribs-tubular bones-dysmorphism syndrome,biolink:Disease,1,GARD:0018727,false,true,GARD
disease,GARD:0018729,Non-distal monosomy 10q,biolink:Disease,1,GARD:0018729,false,true,GARD
disease,GARD:0018730,Deletion 5q35,biolink:Disease,1,GARD:0018730,false,true,GARD
disease,GARD:0018731,Distal monosomy 7q36,biolink:Disease,1,GARD:0018731,false,true,GARD
disease,GARD:0018732,Distal monosomy 9p syndrome,biolink:Disease,1,GARD:0018732,false,true,GARD
disease,GARD:0018733,Xp22.3 microdeletion syndrome,biolink:Disease,1,GARD:0018733,false,true,GARD
disease,GARD:0018735,Familial idiopathic dilatation of the right atrium,biolink:Disease,1,GARD:0018735,false,true,GARD
disease,GARD:0018736,Mosaic trisomy 1,biolink:Disease,1,GARD:0018736,false,true,GARD
disease,GARD:0018737,Non-distal trisomy 10q,biolink:Disease,1,GARD:0018737,false,true,GARD
disease,GARD:0018738,Non-distal trisomy 13q,biolink:Disease,1,GARD:0018738,false,true,GARD
disease,GARD:0018739,Distal trisomy 14q,biolink:Disease,1,GARD:0018739,false,true,GARD
disease,GARD:0018741,Mosaic trisomy 16,biolink:Disease,1,GARD:0018741,false,true,GARD
disease,GARD:0018742,Distal trisomy 18q,biolink:Disease,1,GARD:0018742,false,true,GARD
disease,GARD:0018743,Distal trisomy 19q,biolink:Disease,1,GARD:0018743,false,true,GARD
disease,GARD:0018744,Mosaic trisomy 20,biolink:Disease,1,GARD:0018744,false,true,GARD
disease,GARD:0018745,Distal trisomy 6p,biolink:Disease,1,GARD:0018745,false,true,GARD
disease,GARD:0018746,Fibular dimelia-diplopodia syndrome,biolink:Disease,1,GARD:0018746,false,true,GARD
disease,GARD:0018747,"45,X/46,XY mixed gonadal dysgenesis",biolink:Disease,1,GARD:0018747,false,true,GARD
disease,GARD:0018748,Multicystic kidney dysplasia,biolink:Disease,1,GARD:0018748,false,true,GARD
disease,GARD:0018751,Toluene embryopathy,biolink:Disease,1,GARD:0018751,false,true,GARD
disease,GARD:0018755,Cleft lip/palate-deafness-sacral lipoma syndrome,biolink:Disease,1,GARD:0018755,false,true,GARD
disease,GARD:0018756,Midline cleft of lower lip,biolink:Disease,1,GARD:0018756,false,true,GARD
disease,GARD:0018759,Progressive non-infectious anterior vertebral fusion,biolink:Disease,1,GARD:0018759,false,true,GARD
disease,GARD:0018760,Dysmorphism-pectus carinatum-joint laxity syndrome,biolink:Disease,1,GARD:0018760,false,true,GARD
disease,GARD:0018762,"Craniosynostosis, Herrmann-Opitz type",biolink:Disease,1,GARD:0018762,false,true,GARD
disease,GARD:0018763,"Hypotrichosis-intellectual disability, Lopes type",biolink:Disease,1,GARD:0018763,false,true,GARD
disease,GARD:0018764,Dysmorphism-short stature-deafness-disorder of sex development syndrome,biolink:Disease,1,GARD:0018764,false,true,GARD
disease,GARD:0018766,Epidermolysis bullosa simplex with anodontia/hypodontia,biolink:Disease,1,GARD:0018766,false,true,GARD
disease,GARD:0018767,Kallmann syndrome-heart disease syndrome,biolink:Disease,1,GARD:0018767,false,true,GARD
disease,GARD:0018773,Lower limb deficiency-hypospadias syndrome,biolink:Disease,1,GARD:0018773,false,true,GARD
disease,GARD:0018774,Microcephaly-seizures-intellectual disability-heart disease syndrome,biolink:Disease,1,GARD:0018774,false,true,GARD
disease,GARD:0018776,Osteochondrodysplatic nanism-deafness-retinitis pigmentosa syndrome,biolink:Disease,1,GARD:0018776,false,true,GARD
disease,GARD:0018777,Adult familial nephronophthisis-spastic quadriparesia syndrome,biolink:Disease,1,GARD:0018777,false,true,GARD
disease,GARD:0018778,Osteoporosis-macrocephaly-blindness-joint hyperlaxity syndrome,biolink:Disease,1,GARD:0018778,false,true,GARD
disease,GARD:0018780,Pericardial and diaphragmatic defect,biolink:Disease,1,GARD:0018780,false,true,GARD
disease,GARD:0018781,"Hereditary acrokeratotic poikiloderma, Weary type",biolink:Disease,1,GARD:0018781,false,true,GARD
disease,GARD:0018782,"46,XX disorder of sex development-anorectal anomalies syndrome",biolink:Disease,1,GARD:0018782,false,true,GARD
disease,GARD:0018784,Mirror polydactyly-vertebral segmentation-limbs defects syndrome,biolink:Disease,1,GARD:0018784,false,true,GARD
disease,GARD:0018787,Multiple sclerosis-ichthyosis-factor VIII deficiency syndrome,biolink:Disease,1,GARD:0018787,false,true,GARD
disease,GARD:0018788,Hearing loss-familial salivary gland insensitivity to aldosterone syndrome,biolink:Disease,1,GARD:0018788,false,true,GARD
disease,GARD:0018789,Central nervous system calcification-deafness-tubular acidosis-anemia syndrome,biolink:Disease,1,GARD:0018789,false,true,GARD
disease,GARD:0018791,Telecanthus-hypertelorism-strabismus-pes cavus syndrome,biolink:Disease,1,GARD:0018791,false,true,GARD
disease,GARD:0018792,Tetrasomy 5p,biolink:Disease,1,GARD:0018792,false,true,GARD
disease,GARD:0018793,Toxocariasis,biolink:Disease,1,GARD:0018793,false,true,GARD
disease,GARD:0018794,Distal trisomy 17q,biolink:Disease,1,GARD:0018794,false,true,GARD
disease,GARD:0018795,Infection by Trypanosoma cruzi,biolink:Disease,1,GARD:0018795,false,true,GARD
disease,GARD:0018796,Neural tube defect,biolink:Disease,1,GARD:0018796,false,true,GARD
disease,GARD:0018811,Idiopathic disseminated cytomegalovirus infection,biolink:Disease,1,GARD:0018811,false,true,GARD
disease,GARD:0018813,Epidermal nevus syndrome,biolink:Disease,1,GARD:0018813,false,true,GARD
disease,GARD:0018818,Polymicrogyria,biolink:Disease,1,GARD:0018818,false,true,GARD
disease,GARD:0018819,Staphylococcal scarlet fever,biolink:Disease,1,GARD:0018819,false,true,GARD
disease,GARD:0018820,Bullous impetigo,biolink:Disease,1,GARD:0018820,false,true,GARD
disease,GARD:0018821,Staphylococcal necrotizing pneumonia,biolink:Disease,1,GARD:0018821,false,true,GARD
disease,GARD:0018823,Familial cervical artery dissection,biolink:Disease,1,GARD:0018823,false,true,GARD
disease,GARD:0018825,Interstitial cystitis,biolink:Disease,1,GARD:0018825,false,true,GARD
disease,GARD:0018840,Microlissencephaly-micromelia syndrome,biolink:Disease,1,GARD:0018840,false,true,GARD
disease,GARD:0018841,Zellweger-like syndrome without peroxisomal anomalies,biolink:Disease,1,GARD:0018841,false,true,GARD
disease,GARD:0018842,Duane anomaly-myopathy-scoliosis syndrome,biolink:Disease,1,GARD:0018842,false,true,GARD
disease,GARD:0018844,Vasculitis,biolink:Disease,1,GARD:0018844,false,true,GARD
disease,GARD:0018846,Posterior cortical atrophy,biolink:Disease,1,GARD:0018846,false,true,GARD
disease,GARD:0018848,Sarcocystosis,biolink:Disease,1,GARD:0018848,false,true,GARD
disease,GARD:0018849,Pneumococcal meningitis,biolink:Disease,1,GARD:0018849,false,true,GARD
disease,GARD:0018853,Mazabraud syndrome,biolink:Disease,1,GARD:0018853,false,true,GARD
disease,GARD:0018858,Paraneoplastic pemphigus,biolink:Disease,1,GARD:0018858,false,true,GARD
disease,GARD:0018859,"Acrofacial dysostosis, Kennedy-Teebi type",biolink:Disease,1,GARD:0018859,false,true,GARD
disease,GARD:0018862,Trench fever,biolink:Disease,1,GARD:0018862,false,true,GARD
disease,GARD:0018868,Short fifth metacarpals-insulin resistance syndrome,biolink:Disease,1,GARD:0018868,false,true,GARD
disease,GARD:0018869,Sensorineural hearing loss-early graying-essential tremor syndrome,biolink:Disease,1,GARD:0018869,false,true,GARD
disease,GARD:0018896,Congenital membranous nephropathy due to maternal anti-neutral endopeptidase alloimmunization,biolink:Disease,1,GARD:0018896,false,true,GARD
disease,GARD:0018897,Bilateral acute depigmentation of the iris,biolink:Disease,1,GARD:0018897,false,true,GARD
disease,GARD:0018903,Congenital Epstein-Barr virus infection,biolink:Disease,1,GARD:0018903,false,true,GARD
disease,GARD:0018908,Retinal capillary malformation,biolink:Disease,1,GARD:0018908,false,true,GARD
disease,GARD:0018909,Dentinogenesis imperfecta-short stature-hearing loss-intellectual disability syndrome,biolink:Disease,1,GARD:0018909,false,true,GARD
disease,GARD:0018913,Benign paroxysmal torticollis of infancy,biolink:Disease,1,GARD:0018913,false,true,GARD
disease,GARD:0018919,Global developmental delay-osteopenia-ectodermal defect syndrome,biolink:Disease,1,GARD:0018919,false,true,GARD
disease,GARD:0018920,Tubular renal disease-cardiomyopathy syndrome,biolink:Disease,1,GARD:0018920,false,true,GARD
disease,GARD:0018921,Ossification anomalies-psychomotor developmental delay syndrome,biolink:Disease,1,GARD:0018921,false,true,GARD
disease,GARD:0018922,Spinal muscular atrophy-Dandy-Walker malformation-cataracts syndrome,biolink:Disease,1,GARD:0018922,false,true,GARD
disease,GARD:0018923,Visceral neuropathy-brain anomalies-facial dysmorphism-developmental delay syndrome,biolink:Disease,1,GARD:0018923,false,true,GARD
disease,GARD:0018924,Myiasis,biolink:Disease,1,GARD:0018924,false,true,GARD
disease,GARD:0018925,Oligocone trichromacy,biolink:Disease,1,GARD:0018925,false,true,GARD
disease,GARD:0018926,Brain malformation-congenital heart disease-postaxial polydactyly syndrome,biolink:Disease,1,GARD:0018926,false,true,GARD
disease,GARD:0018927,Angioosteohypotrophic syndrome,biolink:Disease,1,GARD:0018927,false,true,GARD
disease,GARD:0018931,6q terminal deletion syndrome,biolink:Disease,1,GARD:0018931,false,true,GARD
disease,GARD:0018933,Auricular abnormalities-cleft lip with or without cleft palate-ocular abnormalities syndrome,biolink:Disease,1,GARD:0018933,false,true,GARD
disease,GARD:0018934,Monosomy 9q22.3,biolink:Disease,1,GARD:0018934,false,true,GARD
disease,GARD:0018938,Folinic acid-responsive seizures,biolink:Disease,1,GARD:0018938,false,true,GARD
disease,GARD:0018943,Trichodysplasia-amelogenesis imperfecta syndrome,biolink:Disease,1,GARD:0018943,false,true,GARD
disease,GARD:0018946,Inborn carbohydrate metabolic disorder,biolink:Disease,1,GARD:0018946,false,true,GARD
disease,GARD:0018985,Ichthyosis,biolink:Disease,1,GARD:0018985,false,true,GARD
disease,GARD:0019026,Pili gemini,biolink:Disease,1,GARD:0019026,false,true,GARD
disease,GARD:0019030,Rickettsialpox,biolink:Disease,1,GARD:0019030,false,true,GARD
disease,GARD:0019032,Epidemic louse-borne typhus,biolink:Disease,1,GARD:0019032,false,true,GARD
disease,GARD:0019033,Endemic typhus,biolink:Disease,1,GARD:0019033,false,true,GARD
disease,GARD:0019034,Pseudotyphus of California,biolink:Disease,1,GARD:0019034,false,true,GARD
disease,GARD:0019035,Scrub typhus,biolink:Disease,1,GARD:0019035,false,true,GARD
disease,GARD:0019040,Mycoplasma encephalitis,biolink:Disease,1,GARD:0019040,false,true,GARD
disease,GARD:0019041,St. Louis encephalitis,biolink:Disease,1,GARD:0019041,false,true,GARD
disease,GARD:0019042,Colorado tick fever,biolink:Disease,1,GARD:0019042,false,true,GARD
disease,GARD:0019043,Progressive rubella panencephalitis,biolink:Disease,1,GARD:0019043,false,true,GARD
disease,GARD:0019044,Macrostomia-preauricular tags-external ophthalmoplegia syndrome,biolink:Disease,1,GARD:0019044,false,true,GARD
disease,GARD:0019045,Pelvis syndrome,biolink:Disease,1,GARD:0019045,false,true,GARD
disease,GARD:0019046,Idiopathic malabsorption due to bile acid synthesis defects,biolink:Disease,1,GARD:0019046,false,true,GARD
disease,GARD:0019049,Craniofacial conodysplasia,biolink:Disease,1,GARD:0019049,false,true,GARD
disease,GARD:0019050,Astley-Kendall dysplasia,biolink:Disease,1,GARD:0019050,false,true,GARD
disease,GARD:0019051,Dysspondyloenchondromatosis,biolink:Disease,1,GARD:0019051,false,true,GARD
disease,GARD:0019052,Ischio-vertebral syndrome,biolink:Disease,1,GARD:0019052,false,true,GARD
disease,GARD:0019053,X-linked intellectual disability-hypogammaglobulinemia-progressive neurological deterioration syndrome,biolink:Disease,1,GARD:0019053,false,true,GARD
disease,GARD:0019054,X-linked intellectual disability-epilepsy-progressive joint contractures-dysmorphism syndrome,biolink:Disease,1,GARD:0019054,false,true,GARD
disease,GARD:0019055,X-linked intellectual disability-macrocephaly-macroorchidism syndrome,biolink:Disease,1,GARD:0019055,false,true,GARD
disease,GARD:0019056,"X-linked intellectual disability, Pai type",biolink:Disease,1,GARD:0019056,false,true,GARD
disease,GARD:0019057,"X-linked intellectual disability, Seemanova type",biolink:Disease,1,GARD:0019057,false,true,GARD
disease,GARD:0019058,"X-linked intellectual disability, Stevenson type",biolink:Disease,1,GARD:0019058,false,true,GARD
disease,GARD:0019059,"X-linked intellectual disability, Stoll type",biolink:Disease,1,GARD:0019059,false,true,GARD
disease,GARD:0019060,X-linked intellectual disability-acromegaly-hyperactivity syndrome,biolink:Disease,1,GARD:0019060,false,true,GARD
disease,GARD:0019061,"X-linked neurodegenerative syndrome, Bertini type",biolink:Disease,1,GARD:0019061,false,true,GARD
disease,GARD:0019062,"X-linked neurodegenerative syndrome, Hamel type",biolink:Disease,1,GARD:0019062,false,true,GARD
disease,GARD:0019063,X-linked intellectual disability-ataxia-apraxia syndrome,biolink:Disease,1,GARD:0019063,false,true,GARD
disease,GARD:0019067,Lissencephaly type 3-familial fetal akinesia sequence syndrome,biolink:Disease,1,GARD:0019067,false,true,GARD
disease,GARD:0019068,Lissencephaly with cerebellar hypoplasia,biolink:Disease,1,GARD:0019068,false,true,GARD
disease,GARD:0019070,Myelodysplastic syndrome with excess blasts,biolink:Disease,1,GARD:0019070,false,true,GARD
disease,GARD:0019084,Hypothalamic hamartomas with gelastic seizures,biolink:Disease,1,GARD:0019084,false,true,GARD
disease,GARD:0019087,Epilepsy with myoclonic absences,biolink:Disease,1,GARD:0019087,false,true,GARD
disease,GARD:0019088,Myoclonic epilepsy in non-progressive encephalopathies,biolink:Disease,1,GARD:0019088,false,true,GARD
disease,GARD:0019089,Diffuse palmoplantar keratoderma - acrocyanosis syndrome,biolink:Disease,1,GARD:0019089,false,true,GARD
disease,GARD:0019092,Obesity-colitis-hypothyroidism-cardiac hypertrophy-developmental delay syndrome,biolink:Disease,1,GARD:0019092,false,true,GARD
disease,GARD:0019093,Pseudohyperaldosteronism type 2,biolink:Disease,1,GARD:0019093,false,true,GARD
disease,GARD:0019103,Hemoglobin D disease,biolink:Disease,1,GARD:0019103,false,true,GARD
disease,GARD:0019123,Severe early-onset axonal neuropathy due to MFN2 deficiency,biolink:Disease,1,GARD:0019123,false,true,GARD
disease,GARD:0019124,Hereditary motor and sensory neuropathy with acrodystrophy,biolink:Disease,1,GARD:0019124,false,true,GARD
disease,GARD:0019130,Chilblain lupus,biolink:Disease,1,GARD:0019130,false,true,GARD
disease,GARD:0019165,Congenital esophageal diverticulum,biolink:Disease,1,GARD:0019165,false,true,GARD
disease,GARD:0019168,Isolated ankyloblepharon filiforme adnatum,biolink:Disease,1,GARD:0019168,false,true,GARD
disease,GARD:0019169,Congenital ectropion uveae,biolink:Disease,1,GARD:0019169,false,true,GARD
disease,GARD:0019171,Relapsing fever,biolink:Disease,1,GARD:0019171,false,true,GARD
disease,GARD:0019172,Renal hypoplasia,biolink:Disease,1,GARD:0019172,false,true,GARD
disease,GARD:0019173,Renal dysplasia,biolink:Disease,1,GARD:0019173,false,true,GARD
disease,GARD:0019182,Ulnar hemimelia,biolink:Disease,1,GARD:0019182,false,true,GARD
disease,GARD:0019243,Oromandibular dystonia,biolink:Disease,1,GARD:0019243,false,true,GARD
disease,GARD:0019244,Humeroulnar synostosis,biolink:Disease,1,GARD:0019244,false,true,GARD
disease,GARD:0019247,Severe intellectual disability-epilepsy-anal anomalies-distal phalangeal hypoplasia,biolink:Disease,1,GARD:0019247,false,true,GARD
disease,GARD:0019251,Recessive mitochondrial ataxia syndrome,biolink:Disease,1,GARD:0019251,false,true,GARD
disease,GARD:0019298,Idiopathic congenital hypothyroidism,biolink:Disease,1,GARD:0019298,false,true,GARD
disease,GARD:0019300,Mosaic trisomy 4,biolink:Disease,1,GARD:0019300,false,true,GARD
disease,GARD:0019301,Mosaic trisomy 5,biolink:Disease,1,GARD:0019301,false,true,GARD
disease,GARD:0019302,Mosaic trisomy 10,biolink:Disease,1,GARD:0019302,false,true,GARD
disease,GARD:0019303,Distal trisomy 1p36,biolink:Disease,1,GARD:0019303,false,true,GARD
disease,GARD:0019304,Distal trisomy 2p,biolink:Disease,1,GARD:0019304,false,true,GARD
disease,GARD:0019305,Distal trisomy 3p,biolink:Disease,1,GARD:0019305,false,true,GARD
disease,GARD:0019306,4p16.3 microduplication syndrome,biolink:Disease,1,GARD:0019306,false,true,GARD
disease,GARD:0019307,Distal trisomy 7p,biolink:Disease,1,GARD:0019307,false,true,GARD
disease,GARD:0019309,8p inverted duplication/deletion syndrome,biolink:Disease,1,GARD:0019309,false,true,GARD
disease,GARD:0019310,Distal trisomy 2q,biolink:Disease,1,GARD:0019310,false,true,GARD
disease,GARD:0019311,3q26 microduplication syndrome,biolink:Disease,1,GARD:0019311,false,true,GARD
disease,GARD:0019312,Distal trisomy 4q,biolink:Disease,1,GARD:0019312,false,true,GARD
disease,GARD:0019313,Distal trisomy 5q,biolink:Disease,1,GARD:0019313,false,true,GARD
disease,GARD:0019314,Distal trisomy 6q,biolink:Disease,1,GARD:0019314,false,true,GARD
disease,GARD:0019315,Distal trisomy 8q,biolink:Disease,1,GARD:0019315,false,true,GARD
disease,GARD:0019316,Distal trisomy 9q,biolink:Disease,1,GARD:0019316,false,true,GARD
disease,GARD:0019317,Distal trisomy 10q,biolink:Disease,1,GARD:0019317,false,true,GARD
disease,GARD:0019318,Distal trisomy 11q,biolink:Disease,1,GARD:0019318,false,true,GARD
disease,GARD:0019319,Distal trisomy 13q,biolink:Disease,1,GARD:0019319,false,true,GARD
disease,GARD:0019320,Distal trisomy 16q,biolink:Disease,1,GARD:0019320,false,true,GARD
disease,GARD:0019321,Distal trisomy 20q,biolink:Disease,1,GARD:0019321,false,true,GARD
disease,GARD:0019322,Distal trisomy 22q,biolink:Disease,1,GARD:0019322,false,true,GARD
disease,GARD:0019323,Non-distal trisomy 9q,biolink:Disease,1,GARD:0019323,false,true,GARD
disease,GARD:0019324,Monosomy 22,biolink:Disease,1,GARD:0019324,false,true,GARD
disease,GARD:0019325,Distal monosomy 7p,biolink:Disease,1,GARD:0019325,false,true,GARD
disease,GARD:0019326,Distal monosomy 19p13.3,biolink:Disease,1,GARD:0019326,false,true,GARD
disease,GARD:0019327,Distal monosomy 4q,biolink:Disease,1,GARD:0019327,false,true,GARD
disease,GARD:0019329,Distal monosomy 14q,biolink:Disease,1,GARD:0019329,false,true,GARD
disease,GARD:0019330,Non-distal monosomy 12q,biolink:Disease,1,GARD:0019330,false,true,GARD
disease,GARD:0019331,Maternal uniparental disomy of chromosome 2,biolink:Disease,1,GARD:0019331,false,true,GARD
disease,GARD:0019332,Maternal uniparental disomy of chromosome 4,biolink:Disease,1,GARD:0019332,false,true,GARD
disease,GARD:0019333,Maternal uniparental disomy of chromosome 6,biolink:Disease,1,GARD:0019333,false,true,GARD
disease,GARD:0019335,Maternal uniparental disomy of chromosome 9,biolink:Disease,1,GARD:0019335,false,true,GARD
disease,GARD:0019336,Maternal uniparental disomy of chromosome 16,biolink:Disease,1,GARD:0019336,false,true,GARD
disease,GARD:0019337,Maternal uniparental disomy of chromosome 21,biolink:Disease,1,GARD:0019337,false,true,GARD
disease,GARD:0019338,Maternal uniparental disomy of chromosome 22,biolink:Disease,1,GARD:0019338,false,true,GARD
disease,GARD:0019339,Paternal uniparental disomy of chromosome 5,biolink:Disease,1,GARD:0019339,false,true,GARD
disease,GARD:0019340,Paternal uniparental disomy of chromosome 6,biolink:Disease,1,GARD:0019340,false,true,GARD
disease,GARD:0019341,Paternal uniparental disomy of chromosome 7,biolink:Disease,1,GARD:0019341,false,true,GARD
disease,GARD:0019343,Paternal uniparental disomy of chromosome 20,biolink:Disease,1,GARD:0019343,false,true,GARD
disease,GARD:0019344,Paternal uniparental disomy of chromosome 21,biolink:Disease,1,GARD:0019344,false,true,GARD
disease,GARD:0019345,X small rings,biolink:Disease,1,GARD:0019345,false,true,GARD
disease,GARD:0019354,Zebra body myopathy,biolink:Disease,1,GARD:0019354,false,true,GARD
disease,GARD:0019369,Persistent placoid maculopathy,biolink:Disease,1,GARD:0019369,false,true,GARD
disease,GARD:0019382,Maternal uniparental disomy of chromosome 13,biolink:Disease,1,GARD:0019382,false,true,GARD
disease,GARD:0019579,Isochromosomy Yp,biolink:Disease,1,GARD:0019579,false,true,GARD
disease,GARD:0019580,Isochromosomy Yq,biolink:Disease,1,GARD:0019580,false,true,GARD
disease,GARD:0019605,Eyelid coloboma,biolink:Disease,1,GARD:0019605,false,true,GARD
disease,GARD:0019610,Congenital hereditary endothelial dystrophy type I,biolink:Disease,1,GARD:0019610,false,true,GARD
disease,GARD:0019612,Multifocal pattern dystrophy simulating fundus flavimaculatus,biolink:Disease,1,GARD:0019612,false,true,GARD
disease,GARD:0019613,Fundus pulverulentus,biolink:Disease,1,GARD:0019613,false,true,GARD
disease,GARD:0019669,Hemolytic anemia due to erythrocyte adenosine deaminase overproduction,biolink:Disease,1,GARD:0019669,false,true,GARD
disease,GARD:0019671,Epiblepharon,biolink:Disease,1,GARD:0019671,false,true,GARD
disease,GARD:0019672,Tarsal kink syndrome,biolink:Disease,1,GARD:0019672,false,true,GARD
disease,GARD:0019673,Isolated congenital ectropion,biolink:Disease,1,GARD:0019673,false,true,GARD
disease,GARD:0019674,Euryblepharon,biolink:Disease,1,GARD:0019674,false,true,GARD
disease,GARD:0019675,Congenital eyelid retraction,biolink:Disease,1,GARD:0019675,false,true,GARD
disease,GARD:0019678,Paternal uniparental disomy of chromosome 13,biolink:Disease,1,GARD:0019678,false,true,GARD
disease,GARD:0019679,"49,XYYYY syndrome",biolink:Disease,1,GARD:0019679,false,true,GARD
disease,GARD:0019683,Dermotrichic syndrome,biolink:Disease,1,GARD:0019683,false,true,GARD
disease,GARD:0019684,Mesial temporal lobe epilepsy with hippocampal sclerosis,biolink:Disease,1,GARD:0019684,false,true,GARD
disease,GARD:0019687,Bifid uvula,biolink:Disease,1,GARD:0019687,false,true,GARD
disease,GARD:0019688,Lassa fever,biolink:Disease,1,GARD:0019688,false,true,GARD
disease,GARD:0019689,Nipah virus disease,biolink:Disease,1,GARD:0019689,false,true,GARD
disease,GARD:0019690,Crimean-Congo hemorrhagic fever,biolink:Disease,1,GARD:0019690,false,true,GARD
disease,GARD:0019691,Primary syringomyelia,biolink:Disease,1,GARD:0019691,false,true,GARD
disease,GARD:0019698,Ectopic Cushing syndrome,biolink:Disease,1,GARD:0019698,false,true,GARD
disease,GARD:0019724,Intermediate DEND syndrome,biolink:Disease,1,GARD:0019724,false,true,GARD
disease,GARD:0019731,Lissencephaly with cerebellar hypoplasia type A,biolink:Disease,1,GARD:0019731,false,true,GARD
disease,GARD:0019732,Lissencephaly with cerebellar hypoplasia type B,biolink:Disease,1,GARD:0019732,false,true,GARD
disease,GARD:0019733,Lissencephaly with cerebellar hypoplasia type C,biolink:Disease,1,GARD:0019733,false,true,GARD
disease,GARD:0019734,Lissencephaly with cerebellar hypoplasia type D,biolink:Disease,1,GARD:0019734,false,true,GARD
disease,GARD:0019735,Lissencephaly with cerebellar hypoplasia type E,biolink:Disease,1,GARD:0019735,false,true,GARD
disease,GARD:0019736,Lissencephaly with cerebellar hypoplasia type F,biolink:Disease,1,GARD:0019736,false,true,GARD
disease,GARD:0019744,Esophageal duplication cyst,biolink:Disease,1,GARD:0019744,false,true,GARD
disease,GARD:0019745,Tubular duplication of the esophagus,biolink:Disease,1,GARD:0019745,false,true,GARD
disease,GARD:0019769,FRAXF syndrome,biolink:Disease,1,GARD:0019769,false,true,GARD
disease,GARD:0019803,Primary adrenocortical insufficiency,biolink:Disease,1,GARD:0019803,false,true,GARD
disease,GARD:0019838,Chronic diarrhea due to glucoamylase deficiency,biolink:Disease,1,GARD:0019838,false,true,GARD
disease,GARD:0019839,Congenital enterocyte heparan sulfate deficiency,biolink:Disease,1,GARD:0019839,false,true,GARD
disease,GARD:0019875,Neonatal asphyxia,biolink:Disease,1,GARD:0019875,false,true,GARD
disease,GARD:0019881,Segmental outgrowth-lipomatosis-arteriovenous malformation-epidermal nevus syndrome,biolink:Disease,1,GARD:0019881,false,true,GARD
disease,GARD:0019882,Intractable diarrhea-choanal atresia-eye anomalies syndrome,biolink:Disease,1,GARD:0019882,false,true,GARD
disease,GARD:0019883,Cardiac anomalies-heterotaxy syndrome,biolink:Disease,1,GARD:0019883,false,true,GARD
disease,GARD:0019887,Madras motor neuron disease,biolink:Disease,1,GARD:0019887,false,true,GARD
disease,GARD:0019917,Leukoencephalopathy with bilateral anterior temporal lobe cysts,biolink:Disease,1,GARD:0019917,false,true,GARD
disease,GARD:0019918,Progressive cavitating leukoencephalopathy,biolink:Disease,1,GARD:0019918,false,true,GARD
disease,GARD:0019919,Neuropathy with hearing impairment,biolink:Disease,1,GARD:0019919,false,true,GARD
disease,GARD:0019920,Hereditary sensory and autonomic neuropathy with deafness and global delay,biolink:Disease,1,GARD:0019920,false,true,GARD
disease,GARD:0019932,Linear atrophoderma of Moulin,biolink:Disease,1,GARD:0019932,false,true,GARD
disease,GARD:0019954,Glossopalatine ankylosis,biolink:Disease,1,GARD:0019954,false,true,GARD
disease,GARD:0019962,Isolated congenital syngnathia,biolink:Disease,1,GARD:0019962,false,true,GARD
disease,GARD:0019966,Median cleft of the upper lip and maxilla,biolink:Disease,1,GARD:0019966,false,true,GARD
disease,GARD:0019968,Tessier number 5 facial cleft,biolink:Disease,1,GARD:0019968,false,true,GARD
disease,GARD:0019969,Tessier number 6 facial cleft,biolink:Disease,1,GARD:0019969,false,true,GARD
disease,GARD:0019971,Midline cervical cleft,biolink:Disease,1,GARD:0019971,false,true,GARD
disease,GARD:0019977,Upper eyelid coloboma,biolink:Disease,1,GARD:0019977,false,true,GARD
disease,GARD:0019978,Lower eyelid coloboma,biolink:Disease,1,GARD:0019978,false,true,GARD
disease,GARD:0020012,Growth disorder,biolink:Disease,1,GARD:0020012,false,true,GARD
disease,GARD:0020014,Epithelioid hemangioendothelioma,biolink:Disease,1,GARD:0020014,false,true,GARD
disease,GARD:0020015,Congenital pseudoarthrosis of the limbs,biolink:Disease,1,GARD:0020015,false,true,GARD
disease,GARD:0020029,Huntington disease-like syndrome,biolink:Disease,1,GARD:0020029,false,true,GARD
disease,GARD:0020050,Cryptogenic late-onset epileptic spasms,biolink:Disease,1,GARD:0020050,false,true,GARD
disease,GARD:0020054,"X-linked intellectual disability, Cilliers type",biolink:Disease,1,GARD:0020054,false,true,GARD
disease,GARD:0020065,Wound myiasis,biolink:Disease,1,GARD:0020065,false,true,GARD
disease,GARD:0020066,Cavitary myiasis,biolink:Disease,1,GARD:0020066,false,true,GARD
disease,GARD:0020072,Benign partial epilepsy of infancy with complex partial seizures,biolink:Disease,1,GARD:0020072,false,true,GARD
disease,GARD:0020073,Benign partial epilepsy with secondarily generalized seizures in infancy,biolink:Disease,1,GARD:0020073,false,true,GARD
disease,GARD:0020074,Benign infantile seizures associated with mild gastroenteritis,biolink:Disease,1,GARD:0020074,false,true,GARD
disease,GARD:0020075,Benign infantile focal epilepsy with midline spikes and waves during sleep,biolink:Disease,1,GARD:0020075,false,true,GARD
disease,GARD:0020098,"Dysplasia of head of femur, Meyer type",biolink:Disease,1,GARD:0020098,false,true,GARD
disease,GARD:0020102,Malignant peritoneal mesothelioma,biolink:Disease,1,GARD:0020102,false,true,GARD
disease,GARD:0020103,Primary peritoneal carcinoma,biolink:Disease,1,GARD:0020103,false,true,GARD
disease,GARD:0020112,Transient hypogammaglobulinemia of infancy,biolink:Disease,1,GARD:0020112,false,true,GARD
disease,GARD:0020122,Rectal duplication,biolink:Disease,1,GARD:0020122,false,true,GARD
disease,GARD:0020125,Microcephaly-polymicrogyria-corpus callosum agenesis syndrome,biolink:Disease,1,GARD:0020125,false,true,GARD
disease,GARD:0020126,6q16 deletion syndrome,biolink:Disease,1,GARD:0020126,false,true,GARD
disease,GARD:0020127,Craniosynostosis-hydrocephalus-Arnold-Chiari malformation type I-radioulnar synostosis syndrome,biolink:Disease,1,GARD:0020127,false,true,GARD
disease,GARD:0020129,Myopathy with hexagonally cross-linked tubular arrays,biolink:Disease,1,GARD:0020129,false,true,GARD
disease,GARD:0020147,Osteosclerosis-developmental delay-craniosynostosis syndrome,biolink:Disease,1,GARD:0020147,false,true,GARD
disease,GARD:0020148,Hemorrhagic disease due to alpha-1-antitrypsin Pittsburgh mutation,biolink:Disease,1,GARD:0020148,false,true,GARD
disease,GARD:0020174,True unicornuate uterus,biolink:Disease,1,GARD:0020174,false,true,GARD
disease,GARD:0020175,Pseudounicornuate uterus,biolink:Disease,1,GARD:0020175,false,true,GARD
disease,GARD:0020204,Fallopian tube cancer,biolink:Disease,1,GARD:0020204,false,true,GARD
disease,GARD:0020234,Aplastic anemia,biolink:Disease,1,GARD:0020234,false,true,GARD
disease,GARD:0020245,Pneumoconiosis,biolink:Disease,1,GARD:0020245,false,true,GARD
disease,GARD:0020286,Hereditary ataxia,biolink:Disease,1,GARD:0020286,false,true,GARD
disease,GARD:0020332,Tetragametic chimerism,biolink:Disease,1,GARD:0020332,false,true,GARD
disease,GARD:0020334,"Isolated autosomal dominant hypomagnesemia, Glaudemans type",biolink:Disease,1,GARD:0020334,false,true,GARD
disease,GARD:0020335,"Congenital myopathy, Paradas type",biolink:Disease,1,GARD:0020335,false,true,GARD
disease,GARD:0020343,Infantile Krabbe disease,biolink:Disease,1,GARD:0020343,false,true,GARD
disease,GARD:0020350,Symptomatic form of muscular dystrophy of Duchenne and Becker in female carriers,biolink:Disease,1,GARD:0020350,false,true,GARD
disease,GARD:0020356,Isolated asymptomatic elevation of creatine phosphokinase,biolink:Disease,1,GARD:0020356,false,true,GARD
disease,GARD:0020365,Bulbospinal muscular atrophy,biolink:Disease,1,GARD:0020365,false,true,GARD
disease,GARD:0020405,Spinocerebellar ataxia 7,biolink:Disease,1,GARD:0020405,false,true,GARD
disease,GARD:0020441,Hypercholesterolemia due to cholesterol 7alpha-hydroxylase deficiency,biolink:Disease,1,GARD:0020441,false,true,GARD
disease,GARD:0020445,Benign familial nocturnal alternating hemiplegia of childhood,biolink:Disease,1,GARD:0020445,false,true,GARD
disease,GARD:0020448,Leukonychia totalis-acanthosis-nigricans-like lesions-abnormal hair syndrome,biolink:Disease,1,GARD:0020448,false,true,GARD
disease,GARD:0020450,Congenital temporomandibular joint ankylosis,biolink:Disease,1,GARD:0020450,false,true,GARD
disease,GARD:0020468,Hereditary site-specific ovarian cancer syndrome,biolink:Disease,1,GARD:0020468,false,true,GARD
disease,GARD:0020525,Primary familial dilated cardiomyopathy,biolink:Disease,1,GARD:0020525,false,true,GARD
disease,GARD:0020532,Familial restrictive cardiomyopathy,biolink:Disease,1,GARD:0020532,false,true,GARD
disease,GARD:0020538,Macrothrombocytopenia with mitral valve insufficiency,biolink:Disease,1,GARD:0020538,false,true,GARD
disease,GARD:0020549,Sporadic infantile bilateral striatal necrosis,biolink:Disease,1,GARD:0020549,false,true,GARD
disease,GARD:0020562,Hypothyroidism due to deficient transcription factors involved in pituitary development or function,biolink:Disease,1,GARD:0020562,false,true,GARD
disease,GARD:0020568,Anal fistula,biolink:Disease,1,GARD:0020568,false,true,GARD
disease,GARD:0020570,Fusariosis,biolink:Disease,1,GARD:0020570,false,true,GARD
disease,GARD:0020585,Familial anetoderma,biolink:Disease,1,GARD:0020585,false,true,GARD
disease,GARD:0020592,Virus-associated trichodysplasia spinulosa,biolink:Disease,1,GARD:0020592,false,true,GARD
disease,GARD:0020593,Ptosis-upper ocular movement limitation-absence of lacrimal punctum syndrome,biolink:Disease,1,GARD:0020593,false,true,GARD
disease,GARD:0020594,Polyvalvular heart disease syndrome,biolink:Disease,1,GARD:0020594,false,true,GARD
disease,GARD:0020595,5q35 microduplication syndrome,biolink:Disease,1,GARD:0020595,false,true,GARD
disease,GARD:0020608,Hemoglobin C-beta-thalassemia syndrome,biolink:Disease,1,GARD:0020608,false,true,GARD
disease,GARD:0020609,Hemoglobin E/beta thalassemia disease,biolink:Disease,1,GARD:0020609,false,true,GARD
disease,GARD:0020625,Epibulbar lipodermoid-preauricular appendage-polythelia syndrome,biolink:Disease,1,GARD:0020625,false,true,GARD
disease,GARD:0020630,Familial hyperaldosteronism,biolink:Disease,1,GARD:0020630,false,true,GARD
disease,GARD:0020643,Isolated congenital hypogonadotropic hypogonadism,biolink:Disease,1,GARD:0020643,false,true,GARD
disease,GARD:0020657,Inhalational anthrax,biolink:Disease,1,GARD:0020657,false,true,GARD
disease,GARD:0020658,Autosomal recessive secondary polycythemia not associated with VHL gene,biolink:Disease,1,GARD:0020658,false,true,GARD
disease,GARD:0020661,Citrin deficiency,biolink:Disease,1,GARD:0020661,false,true,GARD
disease,GARD:0020674,Isolated delta-storage pool disease,biolink:Disease,1,GARD:0020674,false,true,GARD
disease,GARD:0020686,Autosomal dominant optic atrophy and peripheral neuropathy,biolink:Disease,1,GARD:0020686,false,true,GARD
disease,GARD:0020687,Polymicrogyria with optic nerve hypoplasia,biolink:Disease,1,GARD:0020687,false,true,GARD
disease,GARD:0020688,Paternal uniparental disomy of chromosome 1,biolink:Disease,1,GARD:0020688,false,true,GARD
disease,GARD:0020689,Maternal uniparental disomy of chromosome 1,biolink:Disease,1,GARD:0020689,false,true,GARD
disease,GARD:0020690,2q31.1 microdeletion syndrome,biolink:Disease,1,GARD:0020690,false,true,GARD
disease,GARD:0020691,6p22 microdeletion syndrome,biolink:Disease,1,GARD:0020691,false,true,GARD
disease,GARD:0020692,7q31 microdeletion syndrome,biolink:Disease,1,GARD:0020692,false,true,GARD
disease,GARD:0020693,8p11.2 deletion syndrome,biolink:Disease,1,GARD:0020693,false,true,GARD
disease,GARD:0020700,Sickle cell-hemoglobin E disease syndrome,biolink:Disease,1,GARD:0020700,false,true,GARD
disease,GARD:0020720,Ependymoblastoma,biolink:Disease,1,GARD:0020720,false,true,GARD
disease,GARD:0020759,Ataxia neuropathy spectrum,biolink:Disease,1,GARD:0020759,false,true,GARD
disease,GARD:0020767,Maternally-inherited mitochondrial dystonia,biolink:Disease,1,GARD:0020767,false,true,GARD
disease,GARD:0020768,Pure mitochondrial myopathy,biolink:Disease,1,GARD:0020768,false,true,GARD
disease,GARD:0020769,"Mitochondrial DNA depletion syndrome, hepatocerebral form",biolink:Disease,1,GARD:0020769,false,true,GARD
disease,GARD:0020770,Distal 7q11.23 microduplication syndrome,biolink:Disease,1,GARD:0020770,false,true,GARD
disease,GARD:0020772,16p11.2p12.2 microduplication syndrome,biolink:Disease,1,GARD:0020772,false,true,GARD
disease,GARD:0020773,14q11.2 microduplication syndrome,biolink:Disease,1,GARD:0020773,false,true,GARD
disease,GARD:0020774,16p13.11 microdeletion syndrome,biolink:Disease,1,GARD:0020774,false,true,GARD
disease,GARD:0020775,16p13.11 microduplication syndrome,biolink:Disease,1,GARD:0020775,false,true,GARD
disease,GARD:0020776,Distal 17p13.3 microdeletion syndrome,biolink:Disease,1,GARD:0020776,false,true,GARD
disease,GARD:0020777,Paternal 20q13.2q13.3 microdeletion syndrome,biolink:Disease,1,GARD:0020777,false,true,GARD
disease,GARD:0020778,20q13.33 microdeletion syndrome,biolink:Disease,1,GARD:0020778,false,true,GARD
disease,GARD:0020779,21q22.11q22.12 microdeletion syndrome,biolink:Disease,1,GARD:0020779,false,true,GARD
disease,GARD:0020780,Distal 22q11.2 microduplication syndrome,biolink:Disease,1,GARD:0020780,false,true,GARD
disease,GARD:0020781,Trisomy 1q,biolink:Disease,1,GARD:0020781,false,true,GARD
disease,GARD:0020782,Atypical Norrie disease due to monosomy Xp11.3,biolink:Disease,1,GARD:0020782,false,true,GARD
disease,GARD:0020783,Maternal uniparental disomy of chromosome X,biolink:Disease,1,GARD:0020783,false,true,GARD
disease,GARD:0020784,Paternal uniparental disomy of chromosome X,biolink:Disease,1,GARD:0020784,false,true,GARD
disease,GARD:0020785,Ring chromosome Y,biolink:Disease,1,GARD:0020785,false,true,GARD
disease,GARD:0020899,Infantile spasms-psychomotor retardation-progressive brain atrophy-basal ganglia disease syndrome,biolink:Disease,1,GARD:0020899,false,true,GARD
disease,GARD:0020900,Angiosarcoma,biolink:Disease,1,GARD:0020900,false,true,GARD
disease,GARD:0020903,Hyperinsulinism due to HNF4A deficiency,biolink:Disease,1,GARD:0020903,false,true,GARD
disease,GARD:0020920,Trisomy 8p,biolink:Disease,1,GARD:0020920,false,true,GARD
disease,GARD:0020965,Posterior meningocele,biolink:Disease,1,GARD:0020965,false,true,GARD
disease,GARD:0020968,Meningoencephalocele,biolink:Disease,1,GARD:0020968,false,true,GARD
disease,GARD:0020973,Leptomyelolipoma,biolink:Disease,1,GARD:0020973,false,true,GARD
disease,GARD:0020975,Neurenteric cyst,biolink:Disease,1,GARD:0020975,false,true,GARD
disease,GARD:0020976,Amyelia,biolink:Disease,1,GARD:0020976,false,true,GARD
disease,GARD:0020980,Unilateral polymicrogyria,biolink:Disease,1,GARD:0020980,false,true,GARD
disease,GARD:0021041,Bile acid CoA ligase deficiency and defective amidation,biolink:Disease,1,GARD:0021041,false,true,GARD
disease,GARD:0021044,Multiple endocrine neoplasia,biolink:Disease,1,GARD:0021044,false,true,GARD
disease,GARD:0021051,Hemihyperplasia-multiple lipomatosis syndrome,biolink:Disease,1,GARD:0021051,false,true,GARD
disease,GARD:0021052,10q22.3q23.3 microduplication syndrome,biolink:Disease,1,GARD:0021052,false,true,GARD
disease,GARD:0021054,Hyperinsulinism due to UCP2 deficiency,biolink:Disease,1,GARD:0021054,false,true,GARD
disease,GARD:0021057,Symptomatic form of Coffin-Lowry syndrome in female carriers,biolink:Disease,1,GARD:0021057,false,true,GARD
disease,GARD:0021073,"Pelizaeus-Merzbacher disease, classic form",biolink:Disease,1,GARD:0021073,false,true,GARD
disease,GARD:0021078,Distal monosomy 12p,biolink:Disease,1,GARD:0021078,false,true,GARD
disease,GARD:0021080,Autosomal semi-dominant severe lipodystrophic laminopathy,biolink:Disease,1,GARD:0021080,false,true,GARD
disease,GARD:0021083,Recessive intellectual disability-motor dysfunction-multiple joint contractures syndrome,biolink:Disease,1,GARD:0021083,false,true,GARD
disease,GARD:0021084,Familial Alzheimer-like prion disease,biolink:Disease,1,GARD:0021084,false,true,GARD
disease,GARD:0021086,Familial omphalocele syndrome with facial dysmorphism,biolink:Disease,1,GARD:0021086,false,true,GARD
disease,GARD:0021106,Autosomal recessive congenital ichthyosis,biolink:Disease,1,GARD:0021106,false,true,GARD
disease,GARD:0021108,Acral self-healing collodion baby,biolink:Disease,1,GARD:0021108,false,true,GARD
disease,GARD:0021117,Xp22.13p22.2 duplication syndrome,biolink:Disease,1,GARD:0021117,false,true,GARD
disease,GARD:0021124,Ocular albinism,biolink:Disease,1,GARD:0021124,false,true,GARD
disease,GARD:0021128,Neonatal Marfan syndrome,biolink:Disease,1,GARD:0021128,false,true,GARD
disease,GARD:0021134,Early-onset epileptic encephalopathy and intellectual disability due to GRIN2A mutation,biolink:Disease,1,GARD:0021134,false,true,GARD
disease,GARD:0021135,Infective dermatitis associated with HTLV-1,biolink:Disease,1,GARD:0021135,false,true,GARD
disease,GARD:0021141,12q15q21.1 microdeletion syndrome,biolink:Disease,1,GARD:0021141,false,true,GARD
disease,GARD:0021142,Microtriplication 11q24.1,biolink:Disease,1,GARD:0021142,false,true,GARD
disease,GARD:0021143,Inherited isolated adrenal insufficiency due to partial CYP11A1 deficiency,biolink:Disease,1,GARD:0021143,false,true,GARD
disease,GARD:0021167,Grayson-Wilbrandt corneal dystrophy,biolink:Disease,1,GARD:0021167,false,true,GARD
disease,GARD:0021168,Pre-descemet corneal dystrophy,biolink:Disease,1,GARD:0021168,false,true,GARD
disease,GARD:0021173,1p21.3 microdeletion syndrome,biolink:Disease,1,GARD:0021173,false,true,GARD
disease,GARD:0021174,Hypogonadotropic hypogonadism-severe microcephaly-sensorineural hearing loss-dysmorphism syndrome,biolink:Disease,1,GARD:0021174,false,true,GARD
disease,GARD:0021177,Multiple pterygium syndrome,biolink:Disease,1,GARD:0021177,false,true,GARD
disease,GARD:0021189,Popliteal pterygium syndrome,biolink:Disease,1,GARD:0021189,false,true,GARD
disease,GARD:0021190,Amelia of upper limb,biolink:Disease,1,GARD:0021190,false,true,GARD
disease,GARD:0021191,Amelia of lower limb,biolink:Disease,1,GARD:0021191,false,true,GARD
disease,GARD:0021192,Humeral agenesis/hypoplasia,biolink:Disease,1,GARD:0021192,false,true,GARD
disease,GARD:0021193,Congenital absence of thigh and lower leg with foot present,biolink:Disease,1,GARD:0021193,false,true,GARD
disease,GARD:0021194,Congenital absence of both forearm and hand,biolink:Disease,1,GARD:0021194,false,true,GARD
disease,GARD:0021195,Congenital absence of both lower leg and foot,biolink:Disease,1,GARD:0021195,false,true,GARD
disease,GARD:0021196,Absent hand,biolink:Disease,1,GARD:0021196,false,true,GARD
disease,GARD:0021197,Absent foot,biolink:Disease,1,GARD:0021197,false,true,GARD
disease,GARD:0021199,Hyperphalangy,biolink:Disease,1,GARD:0021199,false,true,GARD
disease,GARD:0021200,Central polydactyly of fingers,biolink:Disease,1,GARD:0021200,false,true,GARD
disease,GARD:0021201,Syndactyly type 6,biolink:Disease,1,GARD:0021201,false,true,GARD
disease,GARD:0021202,Finger clinodactyly,biolink:Disease,1,GARD:0021202,false,true,GARD
disease,GARD:0021208,Tibio-fibular synostosis,biolink:Disease,1,GARD:0021208,false,true,GARD
disease,GARD:0021209,Congenital shoulder dislocation,biolink:Disease,1,GARD:0021209,false,true,GARD
disease,GARD:0021210,Congenital elbow dislocation,biolink:Disease,1,GARD:0021210,false,true,GARD
disease,GARD:0021211,Congenital knee dislocation,biolink:Disease,1,GARD:0021211,false,true,GARD
disease,GARD:0021213,Hemihypertrophy of lower limb,biolink:Disease,1,GARD:0021213,false,true,GARD
disease,GARD:0021232,11p15.4 microduplication syndrome,biolink:Disease,1,GARD:0021232,false,true,GARD
disease,GARD:0021253,Neoplasm of the pituitary gland,biolink:Disease,1,GARD:0021253,false,true,GARD
disease,GARD:0021254,Familial primary hypomagnesemia with hypercalciuria and nephrocalcinosis,biolink:Disease,1,GARD:0021254,false,true,GARD
disease,GARD:0021255,Myospherulosis,biolink:Disease,1,GARD:0021255,false,true,GARD
disease,GARD:0021262,Hemiparkinsonism-hemiatrophy syndrome,biolink:Disease,1,GARD:0021262,false,true,GARD
disease,GARD:0021299,Focal acral hyperkeratosis,biolink:Disease,1,GARD:0021299,false,true,GARD
disease,GARD:0021310,"Glycogen storage disease due to acid maltase deficiency, infantile onset",biolink:Disease,1,GARD:0021310,false,true,GARD
disease,GARD:0021315,Deficiency of mevalonate kinase,biolink:Disease,1,GARD:0021315,false,true,GARD
disease,GARD:0021319,Deficiency of 3-hydroxyacyl-CoA dehydrogenase,biolink:Disease,1,GARD:0021319,false,true,GARD
disease,GARD:0021331,Sialidosis,biolink:Disease,1,GARD:0021331,false,true,GARD
disease,GARD:0021360,20p13 microdeletion syndrome,biolink:Disease,1,GARD:0021360,false,true,GARD
disease,GARD:0021363,2q23.1 microduplication syndrome,biolink:Disease,1,GARD:0021363,false,true,GARD
disease,GARD:0021364,Contractures - webbed neck - micrognathia - hypoplastic nipples syndrome,biolink:Disease,1,GARD:0021364,false,true,GARD
disease,GARD:0021366,High bone mass osteogenesis imperfecta,biolink:Disease,1,GARD:0021366,false,true,GARD
disease,GARD:0021367,7p22.1 microduplication syndrome,biolink:Disease,1,GARD:0021367,false,true,GARD
disease,GARD:0021368,Marfanoid habitus-inguinal hernia-advanced bone age syndrome,biolink:Disease,1,GARD:0021368,false,true,GARD
disease,GARD:0021369,Xq12-q13.3 duplication syndrome,biolink:Disease,1,GARD:0021369,false,true,GARD
disease,GARD:0021371,Spigelian hernia-cryptorchidism syndrome,biolink:Disease,1,GARD:0021371,false,true,GARD
disease,GARD:0021378,Autosomal recessive leukoencephalopathy-ischemic stroke-retinitis pigmentosa syndrome,biolink:Disease,1,GARD:0021378,false,true,GARD
disease,GARD:0021379,Intellectual disability-hypotonia-brachycephaly-pyloric stenosis-cryptorchidism syndrome,biolink:Disease,1,GARD:0021379,false,true,GARD
disease,GARD:0021381,Duplication of the pituitary gland,biolink:Disease,1,GARD:0021381,false,true,GARD
disease,GARD:0021382,Variant ABeta2M amyloidosis,biolink:Disease,1,GARD:0021382,false,true,GARD
disease,GARD:0021384,Segmental progressive overgrowth syndrome with fibroadipose hyperplasia,biolink:Disease,1,GARD:0021384,false,true,GARD
disease,GARD:0021407,Diencephalic-mesencephalic junction dysplasia,biolink:Disease,1,GARD:0021407,false,true,GARD
disease,GARD:0021408,Chondroectodermal dysplasia with night blindness,biolink:Disease,1,GARD:0021408,false,true,GARD
disease,GARD:0021410,Lujo hemorrhagic fever,biolink:Disease,1,GARD:0021410,false,true,GARD
disease,GARD:0021411,Argentine hemorrhagic fever,biolink:Disease,1,GARD:0021411,false,true,GARD
disease,GARD:0021412,Bolivian hemorrhagic fever,biolink:Disease,1,GARD:0021412,false,true,GARD
disease,GARD:0021413,Venezuelan hemorrhagic fever,biolink:Disease,1,GARD:0021413,false,true,GARD
disease,GARD:0021414,Brazilian hemorrhagic fever,biolink:Disease,1,GARD:0021414,false,true,GARD
disease,GARD:0021415,Chapare hemorrhagic fever,biolink:Disease,1,GARD:0021415,false,true,GARD
disease,GARD:0021416,Rift valley fever,biolink:Disease,1,GARD:0021416,false,true,GARD
disease,GARD:0021433,Maternally-inherited spastic paraplegia,biolink:Disease,1,GARD:0021433,false,true,GARD
disease,GARD:0021435,Multiple paragangliomas associated with polycythemia,biolink:Disease,1,GARD:0021435,false,true,GARD
disease,GARD:0021436,Severe lateral tibial bowing with short stature,biolink:Disease,1,GARD:0021436,false,true,GARD
disease,GARD:0021437,9p13 microdeletion syndrome,biolink:Disease,1,GARD:0021437,false,true,GARD
disease,GARD:0021438,Congenital achiasma,biolink:Disease,1,GARD:0021438,false,true,GARD
disease,GARD:0021439,Mixed sclerosing bone dystrophy with extra-skeletal manifestations,biolink:Disease,1,GARD:0021439,false,true,GARD
disease,GARD:0021440,Hereditary inclusion body myopathy type 4,biolink:Disease,1,GARD:0021440,false,true,GARD
disease,GARD:0021441,Muscular hypertrophy-hepatomegaly-polyhydramnios syndrome,biolink:Disease,1,GARD:0021441,false,true,GARD
disease,GARD:0021442,Hypertrophic cardiomyopathy and renal tubular disease due to mitochondrial DNA mutation,biolink:Disease,1,GARD:0021442,false,true,GARD
disease,GARD:0021443,Aphonia-deafness-retinal dystrophy-bifid halluces-intellectual disability syndrome,biolink:Disease,1,GARD:0021443,false,true,GARD
disease,GARD:0021444,Hyperinsulinism due to HNF1A deficiency,biolink:Disease,1,GARD:0021444,false,true,GARD
disease,GARD:0021445,Benign Samaritan congenital myopathy,biolink:Disease,1,GARD:0021445,false,true,GARD
disease,GARD:0021446,Autosomal dominant intermediate Charcot-Marie-Tooth disease with neuropathic pain,biolink:Disease,1,GARD:0021446,false,true,GARD
disease,GARD:0021447,Autosomal dominant Charcot-Marie-Tooth disease type 2 due to KIF5A mutation,biolink:Disease,1,GARD:0021447,false,true,GARD
disease,GARD:0021448,Hendra virus infection,biolink:Disease,1,GARD:0021448,false,true,GARD
disease,GARD:0021449,Invasive non-typhoidal salmonellosis,biolink:Disease,1,GARD:0021449,false,true,GARD
disease,GARD:0021451,Trichorhinophalangeal syndrome,biolink:Disease,1,GARD:0021451,false,true,GARD
disease,GARD:0021469,"46,XY ovotesticular disorder of sex development",biolink:Disease,1,GARD:0021469,false,true,GARD
disease,GARD:0021487,Hereditary thrombocytosis with transverse limb defect,biolink:Disease,1,GARD:0021487,false,true,GARD
disease,GARD:0021489,Autosomal recessive frontotemporal pachygyria,biolink:Disease,1,GARD:0021489,false,true,GARD
disease,GARD:0021491,Spastic paraplegia-Paget disease of bone syndrome,biolink:Disease,1,GARD:0021491,false,true,GARD
disease,GARD:0021492,Adult-onset distal myopathy due to VCP mutation,biolink:Disease,1,GARD:0021492,false,true,GARD
disease,GARD:0021493,Mosaic genome-wide paternal uniparental disomy,biolink:Disease,1,GARD:0021493,false,true,GARD
disease,GARD:0021498,Transient neonatal multiple acyl-CoA dehydrogenase deficiency,biolink:Disease,1,GARD:0021498,false,true,GARD
disease,GARD:0021499,Intermittent hydrarthrosis,biolink:Disease,1,GARD:0021499,false,true,GARD
disease,GARD:0021503,Lead poisoning,biolink:Disease,1,GARD:0021503,false,true,GARD
disease,GARD:0021504,Hypotrichosis-deafness syndrome,biolink:Disease,1,GARD:0021504,false,true,GARD
disease,GARD:0021505,Hemoglobin Lepore-beta-thalassemia syndrome,biolink:Disease,1,GARD:0021505,false,true,GARD
disease,GARD:0021521,Intellectual disability-obesity-brain malformations-facial dysmorphism syndrome,biolink:Disease,1,GARD:0021521,false,true,GARD
disease,GARD:0021522,Focal epilepsy-intellectual disability-cerebro-cerebellar malformation,biolink:Disease,1,GARD:0021522,false,true,GARD
disease,GARD:0021523,16q24.1 microdeletion syndrome,biolink:Disease,1,GARD:0021523,false,true,GARD
disease,GARD:0021524,Phalangeal microgeodic syndrome,biolink:Disease,1,GARD:0021524,false,true,GARD
disease,GARD:0021525,Autosomal recessive cerebellar ataxia with late-onset spasticity,biolink:Disease,1,GARD:0021525,false,true,GARD
disease,GARD:0021527,Attenuated Chédiak-Higashi syndrome,biolink:Disease,1,GARD:0021527,false,true,GARD
disease,GARD:0021530,Congenital retinal arteriovenous communication,biolink:Disease,1,GARD:0021530,false,true,GARD
disease,GARD:0021534,3q26q27 microdeletion syndrome,biolink:Disease,1,GARD:0021534,false,true,GARD
disease,GARD:0021538,Primary non-essential cutis verticis gyrata,biolink:Disease,1,GARD:0021538,false,true,GARD
disease,GARD:0021555,LMNA-related cardiocutaneous progeria syndrome,biolink:Disease,1,GARD:0021555,false,true,GARD
disease,GARD:0021556,20q11.2 microduplication syndrome,biolink:Disease,1,GARD:0021556,false,true,GARD
disease,GARD:0021557,2p13.2 microdeletion syndrome,biolink:Disease,1,GARD:0021557,false,true,GARD
disease,GARD:0021560,Autosomal recessive cerebral atrophy,biolink:Disease,1,GARD:0021560,false,true,GARD
disease,GARD:0021565,Severe early-childhood-onset retinal dystrophy,biolink:Disease,1,GARD:0021565,false,true,GARD
disease,GARD:0021566,Bipartite talus,biolink:Disease,1,GARD:0021566,false,true,GARD
disease,GARD:0021579,Intellectual disability-hyperkinetic movement-truncal ataxia syndrome,biolink:Disease,1,GARD:0021579,false,true,GARD
disease,GARD:0021581,2p21 microdeletion syndrome without cystinuria,biolink:Disease,1,GARD:0021581,false,true,GARD
disease,GARD:0021583,Intellectual disability-seizures-macrocephaly-obesity syndrome,biolink:Disease,1,GARD:0021583,false,true,GARD
disease,GARD:0021584,Finger hyperphalangy - toe anomalies - severe pectus excavatum syndrome,biolink:Disease,1,GARD:0021584,false,true,GARD
disease,GARD:0021585,Intellectual disability-facial dysmorphism-hand anomalies syndrome,biolink:Disease,1,GARD:0021585,false,true,GARD
disease,GARD:0021586,"Spondyloepimetaphyseal dysplasia, Isidor type",biolink:Disease,1,GARD:0021586,false,true,GARD
disease,GARD:0021587,"Spondylometaphyseal dysplasia, Czarny-Ratajczak type",biolink:Disease,1,GARD:0021587,false,true,GARD
disease,GARD:0021597,Ataxia - telangiectasia variant,biolink:Disease,1,GARD:0021597,false,true,GARD
disease,GARD:0021598,Medich giant platelet syndrome,biolink:Disease,1,GARD:0021598,false,true,GARD
disease,GARD:0021599,XYLT1-congenital disorder of glycosylation,biolink:Disease,1,GARD:0021599,false,true,GARD
disease,GARD:0021600,Congenital muscular dystrophy with hyperlaxity,biolink:Disease,1,GARD:0021600,false,true,GARD
disease,GARD:0021619,Infantile-onset mesial temporal lobe epilepsy with severe cognitive regression,biolink:Disease,1,GARD:0021619,false,true,GARD
disease,GARD:0021620,Fatal post-viral neurodegenerative disorder,biolink:Disease,1,GARD:0021620,false,true,GARD
disease,GARD:0021621,Growth retardation-mild developmental delay-chronic hepatitis syndrome,biolink:Disease,1,GARD:0021621,false,true,GARD
disease,GARD:0021631,Deep dermatophytosis,biolink:Disease,1,GARD:0021631,false,true,GARD
disease,GARD:0021632,PrP systemic amyloidosis,biolink:Disease,1,GARD:0021632,false,true,GARD
disease,GARD:0021633,3q27.3 microdeletion syndrome,biolink:Disease,1,GARD:0021633,false,true,GARD
disease,GARD:0021634,Periodic paralysis with later-onset distal motor neuropathy,biolink:Disease,1,GARD:0021634,false,true,GARD
disease,GARD:0021637,Ferro-cerebro-cutaneous syndrome,biolink:Disease,1,GARD:0021637,false,true,GARD
disease,GARD:0021655,KLHL9-related early-onset distal myopathy,biolink:Disease,1,GARD:0021655,false,true,GARD
disease,GARD:0021656,Nebulin-related early-onset distal myopathy,biolink:Disease,1,GARD:0021656,false,true,GARD
disease,GARD:0021657,Bone necrosis,biolink:Disease,1,GARD:0021657,false,true,GARD
disease,GARD:0021695,Autosomal recessive spastic paraplegia type 59,biolink:Disease,1,GARD:0021695,false,true,GARD
disease,GARD:0021696,Autosomal recessive spastic paraplegia type 60,biolink:Disease,1,GARD:0021696,false,true,GARD
disease,GARD:0021697,Autosomal recessive spastic paraplegia type 66,biolink:Disease,1,GARD:0021697,false,true,GARD
disease,GARD:0021698,Autosomal recessive spastic paraplegia type 67,biolink:Disease,1,GARD:0021698,false,true,GARD
disease,GARD:0021699,Autosomal recessive spastic paraplegia type 69,biolink:Disease,1,GARD:0021699,false,true,GARD
disease,GARD:0021700,Autosomal recessive spastic paraplegia type 70,biolink:Disease,1,GARD:0021700,false,true,GARD
disease,GARD:0021701,Autosomal recessive spastic paraplegia type 71,biolink:Disease,1,GARD:0021701,false,true,GARD
disease,GARD:0021702,Huntington disease-like syndrome due to C9ORF72 expansions,biolink:Disease,1,GARD:0021702,false,true,GARD
disease,GARD:0021704,Fibrolamellar hepatocellular carcinoma,biolink:Disease,1,GARD:0021704,false,true,GARD
disease,GARD:0021705,9q31.1q31.3 microdeletion syndrome,biolink:Disease,1,GARD:0021705,false,true,GARD
disease,GARD:0021706,14q24.1q24.3 microdeletion syndrome,biolink:Disease,1,GARD:0021706,false,true,GARD
disease,GARD:0021707,Partial corpus callosum agenesis-cerebellar vermis hypoplasia with posterior fossa cysts syndrome,biolink:Disease,1,GARD:0021707,false,true,GARD
disease,GARD:0021716,Hepatitis D virus infection,biolink:Disease,1,GARD:0021716,false,true,GARD
disease,GARD:0021717,FBLN1-related developmental delay-central nervous system anomaly-syndactyly syndrome,biolink:Disease,1,GARD:0021717,false,true,GARD
disease,GARD:0021723,Spinal muscular atrophy with respiratory distress type 2,biolink:Disease,1,GARD:0021723,false,true,GARD
disease,GARD:0021737,13q12.3 microdeletion syndrome,biolink:Disease,1,GARD:0021737,false,true,GARD
disease,GARD:0021738,PRKAR1B-related neurodegenerative dementia with intermediate filaments,biolink:Disease,1,GARD:0021738,false,true,GARD
disease,GARD:0021739,Dystonia-aphonia syndrome,biolink:Disease,1,GARD:0021739,false,true,GARD
disease,GARD:0021747,Autosomal recessive severe congenital neutropenia due to CXCR2 deficiency,biolink:Disease,1,GARD:0021747,false,true,GARD
disease,GARD:0021750,Cono-spondylar dysplasia,biolink:Disease,1,GARD:0021750,false,true,GARD
disease,GARD:0021751,Microcephaly-short stature-intellectual disability-facial dysmorphism syndrome,biolink:Disease,1,GARD:0021751,false,true,GARD
disease,GARD:0021752,X-linked intellectual disability-limb spasticity-retinal dystrophy-diabetes insipidus syndrome,biolink:Disease,1,GARD:0021752,false,true,GARD
disease,GARD:0021762,Microcephaly-complex motor and sensory axonal neuropathy syndrome,biolink:Disease,1,GARD:0021762,false,true,GARD
disease,GARD:0021783,Congenital myopathy with myasthenic-like onset,biolink:Disease,1,GARD:0021783,false,true,GARD
disease,GARD:0021813,3p25.3 microdeletion syndrome,biolink:Disease,1,GARD:0021813,false,true,GARD
disease,GARD:0021815,Autosomal dominant Charcot-Marie-Tooth disease type 2 due to TFG mutation,biolink:Disease,1,GARD:0021815,false,true,GARD
disease,GARD:0021816,Contractures-developmental delay-Pierre Robin syndrome,biolink:Disease,1,GARD:0021816,false,true,GARD
disease,GARD:0021817,Severe intellectual disability-hypotonia-strabismus-coarse face-planovalgus syndrome,biolink:Disease,1,GARD:0021817,false,true,GARD
disease,GARD:0021818,Intrauterine growth restriction-short stature-early adult-onset diabetes syndrome,biolink:Disease,1,GARD:0021818,false,true,GARD
disease,GARD:0021819,Non-progressive predominantly posterior cavitating leukoencephalopathy with peripheral neuropathy,biolink:Disease,1,GARD:0021819,false,true,GARD
disease,GARD:0021820,Pseudoxanthoma elasticum-like skin manifestations with retinitis pigmentosa,biolink:Disease,1,GARD:0021820,false,true,GARD
disease,GARD:0021822,Human infection by orthopoxvirus,biolink:Disease,1,GARD:0021822,false,true,GARD
disease,GARD:0021836,Congenital oculomotor nerve palsy,biolink:Disease,1,GARD:0021836,false,true,GARD
disease,GARD:0021837,Congenital abducens nerve palsy,biolink:Disease,1,GARD:0021837,false,true,GARD
disease,GARD:0021838,Autosomal dominant myopia-midfacial retrusion-sensorineural hearing loss-rhizomelic dysplasia syndrome,biolink:Disease,1,GARD:0021838,false,true,GARD
disease,GARD:0021839,Necrotizing soft tissue infection,biolink:Disease,1,GARD:0021839,false,true,GARD
disease,GARD:0021840,Familial colorectal cancer type X,biolink:Disease,1,GARD:0021840,false,true,GARD
disease,GARD:0021852,Nut midline carcinoma,biolink:Disease,1,GARD:0021852,false,true,GARD
disease,GARD:0021855,Paratyphoid fever,biolink:Disease,1,GARD:0021855,false,true,GARD
disease,GARD:0021858,11q22.2q22.3 microdeletion syndrome,biolink:Disease,1,GARD:0021858,false,true,GARD
disease,GARD:0021859,20q11.2 microdeletion syndrome,biolink:Disease,1,GARD:0021859,false,true,GARD
disease,GARD:0021864,NIK deficiency,biolink:Disease,1,GARD:0021864,false,true,GARD
disease,GARD:0021866,Autosomal dominant complex spastic paraplegia type 9B,biolink:Disease,1,GARD:0021866,false,true,GARD
disease,GARD:0021875,19p13.3 microduplication syndrome,biolink:Disease,1,GARD:0021875,false,true,GARD
disease,GARD:0021880,Scedosporiosis,biolink:Disease,1,GARD:0021880,false,true,GARD
disease,GARD:0021890,Congenital insensitivity to pain with severe intellectual disability,biolink:Disease,1,GARD:0021890,false,true,GARD
disease,GARD:0021895,Isolated tracheo-esophageal fistula,biolink:Disease,1,GARD:0021895,false,true,GARD
disease,GARD:0021897,Avian influenza,biolink:Disease,1,GARD:0021897,false,true,GARD
disease,GARD:0021898,1p35.2 microdeletion syndrome,biolink:Disease,1,GARD:0021898,false,true,GARD
disease,GARD:0021899,Hereditary neuroendocrine tumor of small intestine,biolink:Disease,1,GARD:0021899,false,true,GARD
disease,GARD:0021904,Infantile-onset axonal motor and sensory neuropathy-optic atrophy-neurodegenerative syndrome,biolink:Disease,1,GARD:0021904,false,true,GARD
disease,GARD:0021905,Clear cell sarcoma of kidney,biolink:Disease,1,GARD:0021905,false,true,GARD
disease,GARD:0021906,Intellectual disability-muscle weakness-short stature-facial dysmorphism syndrome,biolink:Disease,1,GARD:0021906,false,true,GARD
disease,GARD:0021918,Corpus callosum agenesis-macrocephaly-hypertelorism syndrome,biolink:Disease,1,GARD:0021918,false,true,GARD
disease,GARD:0021942,Childhood-onset progressive contractures-limb-girdle weakness-muscle dystrophy syndrome,biolink:Disease,1,GARD:0021942,false,true,GARD
disease,GARD:0021944,Tubulinopathy-associated dysgyria,biolink:Disease,1,GARD:0021944,false,true,GARD
disease,GARD:0021945,Cryptogenic multifocal ulcerous stenosing enteritis,biolink:Disease,1,GARD:0021945,false,true,GARD
disease,GARD:0021946,Chronic enteropathy associated with SLCO2A1 gene,biolink:Disease,1,GARD:0021946,false,true,GARD
disease,GARD:0021953,Autosomal dominant preaxial polydactyly-upperback hypertrichosis syndrome,biolink:Disease,1,GARD:0021953,false,true,GARD
disease,GARD:0021956,Congenital generalized hypercontractile muscle stiffness syndrome,biolink:Disease,1,GARD:0021956,false,true,GARD
disease,GARD:0021966,Primary condylar hyperplasia,biolink:Disease,1,GARD:0021966,false,true,GARD
disease,GARD:0021976,Caroli syndrome,biolink:Disease,1,GARD:0021976,false,true,GARD
disease,GARD:0021978,Lethal hydranencephaly-diaphragmatic hernia syndrome,biolink:Disease,1,GARD:0021978,false,true,GARD
disease,GARD:0021983,Isolated neonatal sclerosing cholangitis,biolink:Disease,1,GARD:0021983,false,true,GARD
disease,GARD:0021990,X-linked keloid scarring-reduced joint mobility-increased optic cup-to-disc ratio syndrome,biolink:Disease,1,GARD:0021990,false,true,GARD
disease,GARD:0021993,16p12.1p12.3 triplication syndrome,biolink:Disease,1,GARD:0021993,false,true,GARD
disease,GARD:0021994,EMILIN-1-related connective tissue disease,biolink:Disease,1,GARD:0021994,false,true,GARD
disease,GARD:0021995,Congenital hepatic fibrosis,biolink:Disease,1,GARD:0021995,false,true,GARD
disease,GARD:0021999,Autosomal dominant charcot-marie-tooth disease type 2 due to DGAT2 mutation,biolink:Disease,1,GARD:0021999,false,true,GARD
disease,GARD:0022001,Six2-related frontonasal dysplasia,biolink:Disease,1,GARD:0022001,false,true,GARD
disease,GARD:0022009,9q33.3q34.11 microdeletion syndrome,biolink:Disease,1,GARD:0022009,false,true,GARD
disease,GARD:0022010,Congenital labioscrotal agenesis-cerebellar malformation-corneal dystrophy-facial dysmorphism syndrome,biolink:Disease,1,GARD:0022010,false,true,GARD
disease,GARD:0022012,Kyphoscoliosis-lateral tongue atrophy-hereditary spastic paraplegia syndrome,biolink:Disease,1,GARD:0022012,false,true,GARD
disease,GARD:0022016,Epidermolytic nevus,biolink:Disease,1,GARD:0022016,false,true,GARD
disease,GARD:0022029,Hyaline fibromatosis syndrome,biolink:Disease,1,GARD:0022029,false,true,GARD
disease,GARD:0022031,LRP5-related primary osteoporosis,biolink:Disease,1,GARD:0022031,false,true,GARD
disease,GARD:0022032,Overgrowth syndrome with 2q37 translocation,biolink:Disease,1,GARD:0022032,false,true,GARD
disease,GARD:0022035,MYBPC1-related autosomal recessive non-lethal arthrogryposis multiplex congenita syndrome,biolink:Disease,1,GARD:0022035,false,true,GARD
disease,GARD:0022036,Congenital syphilis,biolink:Disease,1,GARD:0022036,false,true,GARD
disease,GARD:0022043,SIN3A-related intellectual disability syndrome,biolink:Disease,1,GARD:0022043,false,true,GARD
disease,GARD:0022048,4q25 proximal deletion syndrome,biolink:Disease,1,GARD:0022048,false,true,GARD
disease,GARD:0022050,3-methylglutaconic aciduria type 8,biolink:Disease,1,GARD:0022050,false,true,GARD
disease,GARD:0022068,Cleft lip and palate-craniofacial dysmorphism-congenital heart defect-hearing loss syndrome,biolink:Disease,1,GARD:0022068,false,true,GARD
disease,GARD:0022069,Orofaciodigital syndrome 18,biolink:Disease,1,GARD:0022069,false,true,GARD
disease,GARD:0022070,Skeletal dysplasia-T-cell immunodeficiency-developmental delay syndrome,biolink:Disease,1,GARD:0022070,false,true,GARD
disease,GARD:0022071,Congenital progressive bone marrow failure-B-cell immunodeficiency-skeletal dysplasia syndrome,biolink:Disease,1,GARD:0022071,false,true,GARD
disease,GARD:0022074,Autosomal recessive epidermolytic ichthyosis,biolink:Disease,1,GARD:0022074,false,true,GARD
disease,GARD:0022075,Congenital cerebellar ataxia due to RNU12 mutation,biolink:Disease,1,GARD:0022075,false,true,GARD
disease,GARD:0022076,Congenital brachyesophagus-intrathoracic stomach-vertebral anomalies syndrome,biolink:Disease,1,GARD:0022076,false,true,GARD
disease,GARD:0022142,Frontonasal dysplasia-bifid nose-upper limb anomalies syndrome,biolink:Disease,1,GARD:0022142,false,true,GARD
disease,GARD:0022143,Autosomal recessive axonal charcot-marie-tooth disease due to copper metabolism defect,biolink:Disease,1,GARD:0022143,false,true,GARD
disease,GARD:0022144,Congenital cataract-severe neonatal hepatopathy-global developmental delay syndrome,biolink:Disease,1,GARD:0022144,false,true,GARD
disease,GARD:0022146,LAMA5-related multisystemic syndrome,biolink:Disease,1,GARD:0022146,false,true,GARD
disease,GARD:0022192,Encephalopathy due to mitochondrial and peroxisomal fission defect,biolink:Disease,1,GARD:0022192,false,true,GARD
disease,GARD:0022193,Diaphragmatic hernia-short bowel-asplenia syndrome,biolink:Disease,1,GARD:0022193,false,true,GARD
disease,GARD:0022194,Hereditary angioedema with C1Inh deficiency,biolink:Disease,1,GARD:0022194,false,true,GARD
disease,GARD:0022197,Acute bilirubin encephalopathy,biolink:Disease,1,GARD:0022197,false,true,GARD
disease,GARD:0022198,Chronic bilirubin encephalopathy,biolink:Disease,1,GARD:0022198,false,true,GARD
disease,GARD:0022202,17q24.2 microdeletion syndrome,biolink:Disease,1,GARD:0022202,false,true,GARD
disease,GARD:0022204,Immune dysregulation-inflammatory bowel disease-arthritis-recurrent infections-lymphopenia syndrome,biolink:Disease,1,GARD:0022204,false,true,GARD
disease,GARD:0022205,Inflammatory bowel disease-recurrent sinopulmonary infections syndrome,biolink:Disease,1,GARD:0022205,false,true,GARD
disease,GARD:0022206,Dermoid or epidermoid cyst of the central nervous system,biolink:Disease,1,GARD:0022206,false,true,GARD
disease,GARD:0022211,Lamb-Shaffer syndrome,biolink:Disease,1,GARD:0022211,false,true,GARD
disease,GARD:0022212,9q21.13 microdeletion syndrome,biolink:Disease,1,GARD:0022212,false,true,GARD
disease,GARD:0022214,Spondylodysplastic Ehlers-Danlos syndrome,biolink:Disease,1,GARD:0022214,false,true,GARD
disease,GARD:0022216,"Ehlers-Danlos syndrome, kyphoscoliotic type 1",biolink:Disease,1,GARD:0022216,false,true,GARD
disease,GARD:0022218,Congenital axonal neuropathy with encephalopathy,biolink:Disease,1,GARD:0022218,false,true,GARD
disease,GARD:0022231,Optic atrophy-ataxia-peripheral neuropathy-global developmental delay syndrome,biolink:Disease,1,GARD:0022231,false,true,GARD
disease,GARD:0022233,Hemolytic-uremic syndrome,biolink:Disease,1,GARD:0022233,false,true,GARD
disease,GARD:0022246,Early-onset calcifying leukoencephalopathy-skeletal dysplasia,biolink:Disease,1,GARD:0022246,false,true,GARD
disease,GARD:0022247,Spastic ataxia-dysarthria due to glutaminase deficiency,biolink:Disease,1,GARD:0022247,false,true,GARD
disease,GARD:0022262,Syndromic congenital sodium diarrhea,biolink:Disease,1,GARD:0022262,false,true,GARD
disease,GARD:0022273,CEBPE-associated autoinflammation-immunodeficiency-neutrophil dysfunction syndrome,biolink:Disease,1,GARD:0022273,false,true,GARD
disease,GARD:0022274,Congenital autosomal recessive small-platelet thrombocytopenia,biolink:Disease,1,GARD:0022274,false,true,GARD
disease,GARD:0022275,Resistance to thyroid hormone due to a mutation in thyroid hormone receptor alpha,biolink:Disease,1,GARD:0022275,false,true,GARD
disease,GARD:0022299,GJC2-related late-onset primary lymphedema,biolink:Disease,1,GARD:0022299,false,true,GARD
disease,GARD:0022300,Warts-immunodeficiency-lymphedema-anogenital dysplasia syndrome,biolink:Disease,1,GARD:0022300,false,true,GARD
disease,GARD:0022301,Lymphatic malformation 6,biolink:Disease,1,GARD:0022301,false,true,GARD
disease,GARD:0022302,EPHB4-related lymphatic-related hydrops fetalis,biolink:Disease,1,GARD:0022302,false,true,GARD
disease,GARD:0022305,Multiple mitochondrial dysfunctions syndrome 5,biolink:Disease,1,GARD:0022305,false,true,GARD
disease,GARD:0022306,CELSR1-related late-onset primary lymphedema,biolink:Disease,1,GARD:0022306,false,true,GARD
disease,GARD:0022307,Congenital primary lymphedema of Gordon,biolink:Disease,1,GARD:0022307,false,true,GARD
disease,GARD:0022313,Infantile-onset pulmonary alveolar proteinosis-hypogammaglobulinemia,biolink:Disease,1,GARD:0022313,false,true,GARD
disease,GARD:0022314,DONSON-related microcephaly-short stature-limb abnormalities spectrum,biolink:Disease,1,GARD:0022314,false,true,GARD
disease,GARD:0022315,Pheochromocytoma-paraganglioma,biolink:Disease,1,GARD:0022315,false,true,GARD
disease,GARD:0022320,Cathepsin a-related arteriopathy-strokes-leukoencephalopathy,biolink:Disease,1,GARD:0022320,false,true,GARD
disease,GARD:0022326,SATB2 associated disorder,biolink:Disease,1,GARD:0022326,false,true,GARD
disease,GARD:0022358,"Linear hypopigmentation and craniofacial asymmetry with acral, ocular and brain anomalies",biolink:Disease,1,GARD:0022358,false,true,GARD
disease,GARD:0022359,"Dystonia 28, childhood-onset",biolink:Disease,1,GARD:0022359,false,true,GARD
disease,GARD:0022367,PHIP-related behavioral problems-intellectual disability-obesity-dysmorphic features syndrome,biolink:Disease,1,GARD:0022367,false,true,GARD
disease,GARD:0022370,TRAF7-associated heart defect-digital anomalies-facial dysmorphism-motor and speech delay syndrome,biolink:Disease,1,GARD:0022370,false,true,GARD
disease,GARD:0022388,Localized dystrophic epidermolysis bullosa,biolink:Disease,1,GARD:0022388,false,true,GARD
disease,GARD:0022416,NRXN1-related severe neurodevelopmental disorder-motor stereotypies-chronic constipation-sleep-wake cycle disturbance,biolink:Disease,1,GARD:0022416,false,true,GARD
disease,GARD:0022458,Hereditary persistence of fetal hemoglobin-intellectual disability syndrome,biolink:Disease,1,GARD:0022458,false,true,GARD
disease,GARD:0022460,Narcolepsy,biolink:Disease,1,GARD:0022460,false,true,GARD
disease,GARD:0022493,Paraneoplastic cerebellar degeneration,biolink:Disease,1,GARD:0022493,false,true,GARD
disease,GARD:0022588,Autosomal recessive nonsyndromic hearing loss 9,biolink:Disease,1,GARD:0022588,false,true,GARD
disease,GARD:0022699,"Intellectual disability, X-linked 1",biolink:Disease,1,GARD:0022699,false,true,GARD
disease,GARD:0022710,"Anemia, hypochromic microcytic with iron overload",biolink:Disease,1,GARD:0022710,false,true,GARD
disease,GARD:0022713,Giant axonal neuropathy,biolink:Disease,1,GARD:0022713,false,true,GARD
disease,GARD:0022724,GLUT1 deficiency syndrome,biolink:Disease,1,GARD:0022724,false,true,GARD
disease,GARD:0022727,Hypermanganesemia with dystonia,biolink:Disease,1,GARD:0022727,false,true,GARD
disease,GARD:0022754,Hypermethioninemia,biolink:Disease,1,GARD:0022754,false,true,GARD
disease,GARD:0022762,Vitelliform macular dystrophy,biolink:Disease,1,GARD:0022762,false,true,GARD
disease,GARD:0022770,Paraganglioma,biolink:Disease,1,GARD:0022770,false,true,GARD
disease,GARD:0022884,Familial erythrocytosis,biolink:Disease,1,GARD:0022884,false,true,GARD
disease,GARD:0022993,Pulmonary sarcoidosis,biolink:Disease,1,GARD:0022993,false,true,GARD
disease,GARD:0023070,Bone cancer,biolink:Disease,1,GARD:0023070,false,true,GARD
disease,GARD:0023095,Factor XIII deficiency,biolink:Disease,1,GARD:0023095,false,true,GARD
disease,GARD:0023098,Factor VII deficiency,biolink:Disease,1,GARD:0023098,false,true,GARD
disease,GARD:0023100,Factor X deficiency,biolink:Disease,1,GARD:0023100,false,true,GARD
disease,GARD:0023177,Thymus cancer,biolink:Disease,1,GARD:0023177,false,true,GARD
disease,GARD:0023194,Ewing sarcoma of bone,biolink:Disease,1,GARD:0023194,false,true,GARD
disease,GARD:0023241,Pulmonary fibrosis,biolink:Disease,1,GARD:0023241,false,true,GARD
disease,GARD:0023352,Bile duct cancer,biolink:Disease,1,GARD:0023352,false,true,GARD
disease,GARD:0023354,Bilateral retinoblastoma,biolink:Disease,1,GARD:0023354,false,true,GARD
disease,GARD:0023523,Childhood ependymoma,biolink:Disease,1,GARD:0023523,false,true,GARD
disease,GARD:0023650,Childhood central nervous system germ cell tumor,biolink:Disease,1,GARD:0023650,false,true,GARD
disease,GARD:0023676,Pericardial mesothelioma,biolink:Disease,1,GARD:0023676,false,true,GARD
disease,GARD:0023883,Childhood germ cell brain tumor,biolink:Disease,1,GARD:0023883,false,true,GARD
disease,GARD:0023954,Childhood leukemia,biolink:Disease,1,GARD:0023954,false,true,GARD
disease,GARD:0024099,Tyrosinemia,biolink:Disease,1,GARD:0024099,false,true,GARD
disease,GARD:0024150,Malignant pleural mesothelioma,biolink:Disease,1,GARD:0024150,false,true,GARD
disease,GARD:0024173,Creutzfeldt-Jakob disease,biolink:Disease,1,GARD:0024173,false,true,GARD
disease,GARD:0024176,Carcinoid tumor,biolink:Disease,1,GARD:0024176,false,true,GARD
disease,GARD:0024183,Prion disease,biolink:Disease,1,GARD:0024183,false,true,GARD
disease,GARD:0024237,Legionnaires' disease,biolink:Disease,1,GARD:0024237,false,true,GARD
disease,GARD:0024298,"Blast phase chronic myelogenous leukemia, BCR-ABL1 positive",biolink:Disease,1,GARD:0024298,false,true,GARD
disease,GARD:0024368,Myelodysplastic/myeloproliferative neoplasm,biolink:Disease,1,GARD:0024368,false,true,GARD
disease,GARD:0024398,Salivary gland adenosquamous carcinoma,biolink:Disease,1,GARD:0024398,false,true,GARD
disease,GARD:0024400,Salivary gland small cell carcinoma,biolink:Disease,1,GARD:0024400,false,true,GARD
disease,GARD:0024401,Sarcomatoid mesothelioma,biolink:Disease,1,GARD:0024401,false,true,GARD
disease,GARD:0024434,Hereditary hemochromatosis,biolink:Disease,1,GARD:0024434,false,true,GARD
disease,GARD:0024436,Congenital generalized lipodystrophy,biolink:Disease,1,GARD:0024436,false,true,GARD
disease,GARD:0024469,Fungal meningitis,biolink:Disease,1,GARD:0024469,false,true,GARD
disease,GARD:0024537,Epidermolytic ichthyosis,biolink:Disease,1,GARD:0024537,false,true,GARD
disease,GARD:0024611,Pick disease,biolink:Disease,1,GARD:0024611,false,true,GARD
disease,GARD:0024612,Familial pityriasis rubra pilaris,biolink:Disease,1,GARD:0024612,false,true,GARD
disease,GARD:0024699,Autosomal recessive inherited pseudoxanthoma elasticum,biolink:Disease,1,GARD:0024699,false,true,GARD
disease,GARD:0024731,"Intellectual disability, X-linked, syndromic 33",biolink:Disease,1,GARD:0024731,false,true,GARD
disease,GARD:0024743,Acute leukemia,biolink:Disease,1,GARD:0024743,false,true,GARD
disease,GARD:0024765,Ayme-Gripp syndrome,biolink:Disease,1,GARD:0024765,false,true,GARD
disease,GARD:0024792,Ovarian germ cell tumor,biolink:Disease,1,GARD:0024792,false,true,GARD
disease,GARD:0024814,Rippling muscle disease,biolink:Disease,1,GARD:0024814,false,true,GARD
disease,GARD:0024820,Lymphangiomyomatosis,biolink:Disease,1,GARD:0024820,false,true,GARD
disease,GARD:0025008,Hypomyelinating leukodystrophy 10,biolink:Disease,1,GARD:0025008,false,true,GARD
disease,GARD:0025179,Factor V deficiency,biolink:Disease,1,GARD:0025179,false,true,GARD
disease,GARD:0025180,Factor XI deficiency,biolink:Disease,1,GARD:0025180,false,true,GARD
disease,GARD:0025185,Simpson-Golabi-Behmel syndrome type 1,biolink:Disease,1,GARD:0025185,false,true,GARD
disease,GARD:0025239,Sporadic hemiplegic migraine,biolink:Disease,1,GARD:0025239,false,true,GARD
disease,GARD:0025384,Vitamin D-dependent rickets,biolink:Disease,1,GARD:0025384,false,true,GARD
disease,GARD:0025386,Prothrombin deficiency,biolink:Disease,1,GARD:0025386,false,true,GARD
disease,GARD:0025858,Phosphoribosylpyrophosphate synthetase deficiency,biolink:Disease,1,GARD:0025858,false,true,GARD
disease,GARD:0025905,Prekallikrein deficiency,biolink:Disease,1,GARD:0025905,false,true,GARD
disease,GARD:0026016,Epilepsy of infancy with migrating focal seizures,biolink:Disease,1,GARD:0026016,false,true,GARD
disease,GARD:0026021,CDKL5 disorder,biolink:Disease,1,GARD:0026021,false,true,GARD
disease,GARD:0026022,FOXG1 disorder,biolink:Disease,1,GARD:0026022,false,true,GARD
disease,GARD:0026032,Tyrosine hydroxylase deficiency,biolink:Disease,1,GARD:0026032,false,true,GARD
disease,GARD:0026086,A20 haploinsufficiency,biolink:Disease,1,GARD:0026086,false,true,GARD
disease,GARD:0026089,LAMA2-related muscular dystrophy,biolink:Disease,1,GARD:0026089,false,true,GARD
disease,GARD:0026231,Acid sphingomyelinase deficiency,biolink:Disease,1,GARD:0026231,false,true,GARD
disease,GARD:0026245,Generalized pustular psoriasis,biolink:Disease,1,GARD:0026245,false,true,GARD
disease,GARD:0026262,ASAH1-related sphingolipidosis,biolink:Disease,1,GARD:0026262,false,true,GARD
disease,GARD:0026301,Idiopathic inflammatory myopathy,biolink:Disease,1,GARD:0026301,false,true,GARD
disease,GARD:0026363,SLC6A3-related dopamine transporter deficiency syndrome,biolink:Disease,1,GARD:0026363,false,true,GARD
disease,GARD:0026364,Distal chromosome 18q deletion syndrome,biolink:Disease,1,GARD:0026364,false,true,GARD
disease,GARD:0026395,RAB18 deficiency,biolink:Disease,1,GARD:0026395,false,true,GARD
disease,GARD:0026411,CHEK2-related cancer predisposition,biolink:Disease,1,GARD:0026411,false,true,GARD
disease,GARD:0026470,Knobloch syndrome,biolink:Disease,1,GARD:0026470,false,true,GARD
disease,GARD:0026560,Congenital amegakaryocytic thrombocytopenia,biolink:Disease,1,GARD:0026560,false,true,GARD
disease,GARD:0026588,Spinal muscular atrophy type 0,biolink:Disease,1,GARD:0026588,false,true,GARD
disease,GARD:0026596,Core binding factor acute myeloid leukemia,biolink:Disease,1,GARD:0026596,false,true,GARD
disease,GARD:0026598,Pemphigoid,biolink:Disease,1,GARD:0026598,false,true,GARD
disease,GARD:0026761,Grade III lymphomatoid granulomatosis,biolink:Disease,1,GARD:0026761,false,true,GARD
disease,GARD:0027044,Long QT syndrome,biolink:Disease,1,GARD:0027044,false,true,GARD
disease,GARD:0027146,POLR3-related leukodystrophy,biolink:Disease,1,GARD:0027146,false,true,GARD
disease,GARD:0027233,PI4KA-related disorder,biolink:Disease,1,GARD:0027233,false,true,GARD
disease,GARD:0027262,Hyperzincemia and hypercalprotectinemia,biolink:Disease,1,GARD:0027262,false,true,GARD
disease,GARD:0027263,Arrhinia with choanal atresia and microphthalmia syndrome,biolink:Disease,1,GARD:0027263,false,true,GARD
disease,GARD:0027299,Early-infantile DEE,biolink:Disease,1,GARD:0027299,false,true,GARD
disease,GARD:0027304,Developmental and/or epileptic encephalopathy with spike-wave activation in sleep,biolink:Disease,1,GARD:0027304,false,true,GARD
disease,GARD:0027315,"Neurodevelopmental disorder with hypotonia, brain anomalies, distinctive facies, and absent language",biolink:Disease,1,GARD:0027315,false,true,GARD
disease,GARD:0027355,Dermatofibrosis lenticularis disseminata,biolink:Disease,1,GARD:0027355,false,true,GARD
disease,GARD:0027356,Pernicious anemia,biolink:Disease,1,GARD:0027356,false,true,GARD
disease,GARD:0027358,Diabetes-deafness syndrome maternally transmitted,biolink:Disease,1,GARD:0027358,false,true,GARD
disease,GARD:0027359,Shashi-Pena syndrome,biolink:Disease,1,GARD:0027359,false,true,GARD
disease,GARD:0027375,DCTN1-related neurodegeneration,biolink:Disease,1,GARD:0027375,false,true,GARD
disease,GARD:0027428,"Myopathy, myofibrillar, 13, with rimmed vacuoles",biolink:Disease,1,GARD:0027428,false,true,GARD
disease,GARD:0027945,Weiss-Kruszka syndrome,biolink:Disease,1,GARD:0027945,false,true,GARD
disease,GARD:0028067,Idiopathic Pulmonary Fibrosis,biolink:Disease,1,GARD:0028067,false,true,GARD
disease,GARD:0028179,Pediatric acute-onset neuropsychiatric syndrome,biolink:Disease,1,GARD:0028179,false,true,GARD
