target,target_label,target_prefix,subject_count,subject,subject_label
ICD10:H90.3,"Sensorineural hearing loss, bilateral",ICD10,134,DOID:0050564,autosomal dominant nonsyndromic deafness
ICD10:H90.3,"Sensorineural hearing loss, bilateral",ICD10,134,DOID:0050565,autosomal recessive nonsyndromic deafness
ICD10:H90.3,"Sensorineural hearing loss, bilateral",ICD10,134,DOID:0050566,X-linked nonsyndromic deafness
ICD10:H90.3,"Sensorineural hearing loss, bilateral",ICD10,134,DOID:0060690,autosomal dominant auditory neuropathy 1
ICD10:H90.3,"Sensorineural hearing loss, bilateral",ICD10,134,DOID:0110462,autosomal recessive nonsyndromic deafness 101
ICD10:H90.3,"Sensorineural hearing loss, bilateral",ICD10,134,DOID:0110463,autosomal recessive nonsyndromic deafness 102
ICD10:H90.3,"Sensorineural hearing loss, bilateral",ICD10,134,DOID:0110464,autosomal recessive nonsyndromic deafness 103
ICD10:H90.3,"Sensorineural hearing loss, bilateral",ICD10,134,DOID:0110465,autosomal recessive nonsyndromic deafness 104
ICD10:H90.3,"Sensorineural hearing loss, bilateral",ICD10,134,DOID:0110467,autosomal recessive nonsyndromic deafness 12
ICD10:H90.3,"Sensorineural hearing loss, bilateral",ICD10,134,DOID:0110468,autosomal recessive nonsyndromic deafness 13
ICD10:H90.3,"Sensorineural hearing loss, bilateral",ICD10,134,DOID:0110469,autosomal recessive nonsyndromic deafness 14
ICD10:H90.3,"Sensorineural hearing loss, bilateral",ICD10,134,DOID:0110470,autosomal recessive nonsyndromic deafness 15
ICD10:H90.3,"Sensorineural hearing loss, bilateral",ICD10,134,DOID:0110471,autosomal recessive nonsyndromic deafness 16
ICD10:H90.3,"Sensorineural hearing loss, bilateral",ICD10,134,DOID:0110472,autosomal recessive nonsyndromic deafness 17
ICD10:H90.3,"Sensorineural hearing loss, bilateral",ICD10,134,DOID:0110473,autosomal recessive nonsyndromic deafness 18A
ICD10:H90.3,"Sensorineural hearing loss, bilateral",ICD10,134,DOID:0110474,autosomal recessive nonsyndromic deafness 18B
ICD10:H90.3,"Sensorineural hearing loss, bilateral",ICD10,134,DOID:0110475,autosomal recessive nonsyndromic deafness 1A
ICD10:H90.3,"Sensorineural hearing loss, bilateral",ICD10,134,DOID:0110476,autosomal recessive nonsyndromic deafness 1B
ICD10:H90.3,"Sensorineural hearing loss, bilateral",ICD10,134,DOID:0110477,autosomal recessive nonsyndromic deafness 2
ICD10:H90.3,"Sensorineural hearing loss, bilateral",ICD10,134,DOID:0110478,autosomal recessive nonsyndromic deafness 20
ICD10:H90.3,"Sensorineural hearing loss, bilateral",ICD10,134,DOID:0110479,autosomal recessive nonsyndromic deafness 21
ICD10:H90.3,"Sensorineural hearing loss, bilateral",ICD10,134,DOID:0110480,autosomal recessive nonsyndromic deafness 22
ICD10:H90.3,"Sensorineural hearing loss, bilateral",ICD10,134,DOID:0110481,autosomal recessive nonsyndromic deafness 23
ICD10:H90.3,"Sensorineural hearing loss, bilateral",ICD10,134,DOID:0110482,autosomal recessive nonsyndromic deafness 24
ICD10:H90.3,"Sensorineural hearing loss, bilateral",ICD10,134,DOID:0110483,autosomal recessive nonsyndromic deafness 25
ICD10:H90.3,"Sensorineural hearing loss, bilateral",ICD10,134,DOID:0110484,autosomal recessive nonsyndromic deafness 26
ICD10:H90.3,"Sensorineural hearing loss, bilateral",ICD10,134,DOID:0110485,autosomal recessive nonsyndromic deafness 27
ICD10:H90.3,"Sensorineural hearing loss, bilateral",ICD10,134,DOID:0110486,autosomal recessive nonsyndromic deafness 28
ICD10:H90.3,"Sensorineural hearing loss, bilateral",ICD10,134,DOID:0110487,autosomal recessive nonsyndromic deafness 29
ICD10:H90.3,"Sensorineural hearing loss, bilateral",ICD10,134,DOID:0110488,autosomal recessive nonsyndromic deafness 3
ICD10:H90.3,"Sensorineural hearing loss, bilateral",ICD10,134,DOID:0110489,autosomal recessive nonsyndromic deafness 30
ICD10:H90.3,"Sensorineural hearing loss, bilateral",ICD10,134,DOID:0110490,autosomal recessive nonsyndromic deafness 31
ICD10:H90.3,"Sensorineural hearing loss, bilateral",ICD10,134,DOID:0110491,autosomal recessive nonsyndromic deafness 32
ICD10:H90.3,"Sensorineural hearing loss, bilateral",ICD10,134,DOID:0110492,autosomal recessive nonsyndromic deafness 33
ICD10:H90.3,"Sensorineural hearing loss, bilateral",ICD10,134,DOID:0110493,autosomal recessive nonsyndromic deafness 35
ICD10:H90.3,"Sensorineural hearing loss, bilateral",ICD10,134,DOID:0110494,autosomal recessive nonsyndromic deafness 36
ICD10:H90.3,"Sensorineural hearing loss, bilateral",ICD10,134,DOID:0110495,autosomal recessive nonsyndromic deafness 37
ICD10:H90.3,"Sensorineural hearing loss, bilateral",ICD10,134,DOID:0110496,autosomal recessive nonsyndromic deafness 38
ICD10:H90.3,"Sensorineural hearing loss, bilateral",ICD10,134,DOID:0110497,autosomal recessive nonsyndromic deafness 39
ICD10:H90.3,"Sensorineural hearing loss, bilateral",ICD10,134,DOID:0110498,autosomal recessive nonsyndromic deafness 4
ICD10:H90.3,"Sensorineural hearing loss, bilateral",ICD10,134,DOID:0110499,autosomal recessive nonsyndromic deafness 40
ICD10:H90.3,"Sensorineural hearing loss, bilateral",ICD10,134,DOID:0110500,autosomal recessive nonsyndromic deafness 42
ICD10:H90.3,"Sensorineural hearing loss, bilateral",ICD10,134,DOID:0110501,autosomal recessive nonsyndromic deafness 44
ICD10:H90.3,"Sensorineural hearing loss, bilateral",ICD10,134,DOID:0110502,autosomal recessive nonsyndromic deafness 45
ICD10:H90.3,"Sensorineural hearing loss, bilateral",ICD10,134,DOID:0110503,autosomal recessive nonsyndromic deafness 46
ICD10:H90.3,"Sensorineural hearing loss, bilateral",ICD10,134,DOID:0110504,autosomal recessive nonsyndromic deafness 47
ICD10:H90.3,"Sensorineural hearing loss, bilateral",ICD10,134,DOID:0110505,autosomal recessive nonsyndromic deafness 48
ICD10:H90.3,"Sensorineural hearing loss, bilateral",ICD10,134,DOID:0110506,autosomal recessive nonsyndromic deafness 49
ICD10:H90.3,"Sensorineural hearing loss, bilateral",ICD10,134,DOID:0110507,autosomal recessive nonsyndromic deafness 5
ICD10:H90.3,"Sensorineural hearing loss, bilateral",ICD10,134,DOID:0110508,autosomal recessive nonsyndromic deafness 51
ICD10:H90.3,"Sensorineural hearing loss, bilateral",ICD10,134,DOID:0110509,autosomal recessive nonsyndromic deafness 53
ICD10:H90.3,"Sensorineural hearing loss, bilateral",ICD10,134,DOID:0110510,autosomal recessive nonsyndromic deafness 55
ICD10:H90.3,"Sensorineural hearing loss, bilateral",ICD10,134,DOID:0110511,autosomal recessive nonsyndromic deafness 59
ICD10:H90.3,"Sensorineural hearing loss, bilateral",ICD10,134,DOID:0110512,autosomal recessive nonsyndromic deafness 6
ICD10:H90.3,"Sensorineural hearing loss, bilateral",ICD10,134,DOID:0110513,autosomal recessive nonsyndromic deafness 61
ICD10:H90.3,"Sensorineural hearing loss, bilateral",ICD10,134,DOID:0110514,autosomal recessive nonsyndromic deafness 62
ICD10:H90.3,"Sensorineural hearing loss, bilateral",ICD10,134,DOID:0110515,autosomal recessive nonsyndromic deafness 63
ICD10:H90.3,"Sensorineural hearing loss, bilateral",ICD10,134,DOID:0110516,autosomal recessive nonsyndromic deafness 65
ICD10:H90.3,"Sensorineural hearing loss, bilateral",ICD10,134,DOID:0110517,autosomal recessive nonsyndromic deafness 66
ICD10:H90.3,"Sensorineural hearing loss, bilateral",ICD10,134,DOID:0110518,autosomal recessive nonsyndromic deafness 67
ICD10:H90.3,"Sensorineural hearing loss, bilateral",ICD10,134,DOID:0110519,autosomal recessive nonsyndromic deafness 68
ICD10:H90.3,"Sensorineural hearing loss, bilateral",ICD10,134,DOID:0110520,autosomal recessive nonsyndromic deafness 7
ICD10:H90.3,"Sensorineural hearing loss, bilateral",ICD10,134,DOID:0110521,autosomal recessive nonsyndromic deafness 70
ICD10:H90.3,"Sensorineural hearing loss, bilateral",ICD10,134,DOID:0110522,autosomal recessive nonsyndromic deafness 71
ICD10:H90.3,"Sensorineural hearing loss, bilateral",ICD10,134,DOID:0110523,autosomal recessive nonsyndromic deafness 74
ICD10:H90.3,"Sensorineural hearing loss, bilateral",ICD10,134,DOID:0110524,autosomal recessive nonsyndromic deafness 76
ICD10:H90.3,"Sensorineural hearing loss, bilateral",ICD10,134,DOID:0110525,autosomal recessive nonsyndromic deafness 77
ICD10:H90.3,"Sensorineural hearing loss, bilateral",ICD10,134,DOID:0110526,autosomal recessive nonsyndromic deafness 79
ICD10:H90.3,"Sensorineural hearing loss, bilateral",ICD10,134,DOID:0110527,autosomal recessive nonsyndromic deafness 8
ICD10:H90.3,"Sensorineural hearing loss, bilateral",ICD10,134,DOID:0110528,autosomal recessive nonsyndromic deafness 83
ICD10:H90.3,"Sensorineural hearing loss, bilateral",ICD10,134,DOID:0110529,autosomal recessive nonsyndromic deafness 84A
ICD10:H90.3,"Sensorineural hearing loss, bilateral",ICD10,134,DOID:0110530,autosomal recessive nonsyndromic deafness 84B
ICD10:H90.3,"Sensorineural hearing loss, bilateral",ICD10,134,DOID:0110531,autosomal recessive nonsyndromic deafness 85
ICD10:H90.3,"Sensorineural hearing loss, bilateral",ICD10,134,DOID:0110532,autosomal recessive nonsyndromic deafness 86
ICD10:H90.3,"Sensorineural hearing loss, bilateral",ICD10,134,DOID:0110533,autosomal recessive nonsyndromic deafness 88
ICD10:H90.3,"Sensorineural hearing loss, bilateral",ICD10,134,DOID:0110534,autosomal recessive nonsyndromic deafness 89
ICD10:H90.3,"Sensorineural hearing loss, bilateral",ICD10,134,DOID:0110535,autosomal recessive nonsyndromic deafness 9
ICD10:H90.3,"Sensorineural hearing loss, bilateral",ICD10,134,DOID:0110536,autosomal recessive nonsyndromic deafness 91
ICD10:H90.3,"Sensorineural hearing loss, bilateral",ICD10,134,DOID:0110537,autosomal recessive nonsyndromic deafness 93
ICD10:H90.3,"Sensorineural hearing loss, bilateral",ICD10,134,DOID:0110538,autosomal recessive nonsyndromic deafness 96
ICD10:H90.3,"Sensorineural hearing loss, bilateral",ICD10,134,DOID:0110539,autosomal recessive nonsyndromic deafness 97
ICD10:H90.3,"Sensorineural hearing loss, bilateral",ICD10,134,DOID:0110540,autosomal recessive nonsyndromic deafness 98
ICD10:H90.3,"Sensorineural hearing loss, bilateral",ICD10,134,DOID:0110541,autosomal dominant nonsyndromic deafness 1
ICD10:H90.3,"Sensorineural hearing loss, bilateral",ICD10,134,DOID:0110542,autosomal dominant nonsyndromic deafness 10
ICD10:H90.3,"Sensorineural hearing loss, bilateral",ICD10,134,DOID:0110543,autosomal dominant nonsyndromic deafness 11
ICD10:H90.3,"Sensorineural hearing loss, bilateral",ICD10,134,DOID:0110544,autosomal dominant nonsyndromic deafness 12
ICD10:H90.3,"Sensorineural hearing loss, bilateral",ICD10,134,DOID:0110545,autosomal dominant nonsyndromic deafness 13
ICD10:H90.3,"Sensorineural hearing loss, bilateral",ICD10,134,DOID:0110546,autosomal dominant nonsyndromic deafness 15
ICD10:H90.3,"Sensorineural hearing loss, bilateral",ICD10,134,DOID:0110547,autosomal dominant nonsyndromic deafness 16
ICD10:H90.3,"Sensorineural hearing loss, bilateral",ICD10,134,DOID:0110548,autosomal dominant nonsyndromic deafness 17
ICD10:H90.3,"Sensorineural hearing loss, bilateral",ICD10,134,DOID:0110549,autosomal dominant nonsyndromic deafness 18
ICD10:H90.3,"Sensorineural hearing loss, bilateral",ICD10,134,DOID:0110550,autosomal dominant nonsyndromic deafness 20
ICD10:H90.3,"Sensorineural hearing loss, bilateral",ICD10,134,DOID:0110551,autosomal dominant nonsyndromic deafness 21
ICD10:H90.3,"Sensorineural hearing loss, bilateral",ICD10,134,DOID:0110552,autosomal dominant nonsyndromic deafness 22
ICD10:H90.3,"Sensorineural hearing loss, bilateral",ICD10,134,DOID:0110553,autosomal dominant nonsyndromic deafness 23
ICD10:H90.3,"Sensorineural hearing loss, bilateral",ICD10,134,DOID:0110554,autosomal dominant nonsyndromic deafness 24
ICD10:H90.3,"Sensorineural hearing loss, bilateral",ICD10,134,DOID:0110555,autosomal dominant nonsyndromic deafness 25
ICD10:H90.3,"Sensorineural hearing loss, bilateral",ICD10,134,DOID:0110556,autosomal dominant nonsyndromic deafness 27
ICD10:H90.3,"Sensorineural hearing loss, bilateral",ICD10,134,DOID:0110557,autosomal dominant nonsyndromic deafness 28
ICD10:H90.3,"Sensorineural hearing loss, bilateral",ICD10,134,DOID:0110558,autosomal dominant nonsyndromic deafness 2A
ICD10:H90.3,"Sensorineural hearing loss, bilateral",ICD10,134,DOID:0110559,autosomal dominant nonsyndromic deafness 2B
ICD10:H90.3,"Sensorineural hearing loss, bilateral",ICD10,134,DOID:0110560,autosomal dominant nonsyndromic deafness 30
ICD10:H90.3,"Sensorineural hearing loss, bilateral",ICD10,134,DOID:0110561,autosomal dominant nonsyndromic deafness 31
ICD10:H90.3,"Sensorineural hearing loss, bilateral",ICD10,134,DOID:0110562,autosomal dominant nonsyndromic deafness 33
ICD10:H90.3,"Sensorineural hearing loss, bilateral",ICD10,134,DOID:0110563,autosomal dominant nonsyndromic deafness 36
ICD10:H90.3,"Sensorineural hearing loss, bilateral",ICD10,134,DOID:0110564,autosomal dominant nonsyndromic deafness 3A
ICD10:H90.3,"Sensorineural hearing loss, bilateral",ICD10,134,DOID:0110565,autosomal dominant nonsyndromic deafness 3B
ICD10:H90.3,"Sensorineural hearing loss, bilateral",ICD10,134,DOID:0110566,autosomal dominant nonsyndromic deafness 40
ICD10:H90.3,"Sensorineural hearing loss, bilateral",ICD10,134,DOID:0110567,autosomal dominant nonsyndromic deafness 41
ICD10:H90.3,"Sensorineural hearing loss, bilateral",ICD10,134,DOID:0110568,autosomal dominant nonsyndromic deafness 43
ICD10:H90.3,"Sensorineural hearing loss, bilateral",ICD10,134,DOID:0110569,autosomal dominant nonsyndromic deafness 44
ICD10:H90.3,"Sensorineural hearing loss, bilateral",ICD10,134,DOID:0110570,autosomal dominant nonsyndromic deafness 47
ICD10:H90.3,"Sensorineural hearing loss, bilateral",ICD10,134,DOID:0110571,autosomal dominant nonsyndromic deafness 48
ICD10:H90.3,"Sensorineural hearing loss, bilateral",ICD10,134,DOID:0110572,autosomal dominant nonsyndromic deafness 49
ICD10:H90.3,"Sensorineural hearing loss, bilateral",ICD10,134,DOID:0110573,autosomal dominant nonsyndromic deafness 4A
ICD10:H90.3,"Sensorineural hearing loss, bilateral",ICD10,134,DOID:0110574,autosomal dominant nonsyndromic deafness 4B
ICD10:H90.3,"Sensorineural hearing loss, bilateral",ICD10,134,DOID:0110575,autosomal dominant nonsyndromic deafness 5
ICD10:H90.3,"Sensorineural hearing loss, bilateral",ICD10,134,DOID:0110576,autosomal dominant nonsyndromic deafness 50
ICD10:H90.3,"Sensorineural hearing loss, bilateral",ICD10,134,DOID:0110577,autosomal dominant nonsyndromic deafness 51
ICD10:H90.3,"Sensorineural hearing loss, bilateral",ICD10,134,DOID:0110579,autosomal dominant nonsyndromic deafness 53
ICD10:H90.3,"Sensorineural hearing loss, bilateral",ICD10,134,DOID:0110580,autosomal dominant nonsyndromic deafness 54
ICD10:H90.3,"Sensorineural hearing loss, bilateral",ICD10,134,DOID:0110581,autosomal dominant nonsyndromic deafness 56
ICD10:H90.3,"Sensorineural hearing loss, bilateral",ICD10,134,DOID:0110582,autosomal dominant nonsyndromic deafness 58
ICD10:H90.3,"Sensorineural hearing loss, bilateral",ICD10,134,DOID:0110583,autosomal dominant nonsyndromic deafness 59
ICD10:H90.3,"Sensorineural hearing loss, bilateral",ICD10,134,DOID:0110584,autosomal dominant nonsyndromic deafness 6
ICD10:H90.3,"Sensorineural hearing loss, bilateral",ICD10,134,DOID:0110585,autosomal dominant nonsyndromic deafness 64
ICD10:H90.3,"Sensorineural hearing loss, bilateral",ICD10,134,DOID:0110586,autosomal dominant nonsyndromic deafness 65
ICD10:H90.3,"Sensorineural hearing loss, bilateral",ICD10,134,DOID:0110587,autosomal dominant nonsyndromic deafness 66
ICD10:H90.3,"Sensorineural hearing loss, bilateral",ICD10,134,DOID:0110588,autosomal dominant nonsyndromic deafness 67
ICD10:H90.3,"Sensorineural hearing loss, bilateral",ICD10,134,DOID:0110589,autosomal dominant nonsyndromic deafness 68
ICD10:H90.3,"Sensorineural hearing loss, bilateral",ICD10,134,DOID:0110590,autosomal dominant nonsyndromic deafness 69
ICD10:H90.3,"Sensorineural hearing loss, bilateral",ICD10,134,DOID:0110591,autosomal dominant nonsyndromic deafness 7
ICD10:H90.3,"Sensorineural hearing loss, bilateral",ICD10,134,DOID:0110592,autosomal dominant nonsyndromic deafness 70
ICD10:H90.3,"Sensorineural hearing loss, bilateral",ICD10,134,DOID:0110593,autosomal dominant nonsyndromic deafness 9
ICD10:H35.5,Hereditary retinal dystrophy,ICD10,107,DOID:0050572,cone-rod dystrophy
ICD10:H35.5,Hereditary retinal dystrophy,ICD10,107,DOID:0050661,vitelliform macular dystrophy
ICD10:H35.5,Hereditary retinal dystrophy,ICD10,107,DOID:0060745,Doyne honeycomb retinal dystrophy
ICD10:H35.5,Hereditary retinal dystrophy,ICD10,107,DOID:0060746,basal laminar drusen
ICD10:H35.5,Hereditary retinal dystrophy,ICD10,107,DOID:0060863,patterned macular dystrophy
ICD10:H35.5,Hereditary retinal dystrophy,ICD10,107,DOID:0080350,retinitis pigmentosa 77
ICD10:H35.5,Hereditary retinal dystrophy,ICD10,107,DOID:0110005,Leber congenital amaurosis 9
ICD10:H35.5,Hereditary retinal dystrophy,ICD10,107,DOID:0110016,Leber congenital amaurosis 2
ICD10:H35.5,Hereditary retinal dystrophy,ICD10,107,DOID:0110078,Leber congenital amaurosis 1
ICD10:H35.5,Hereditary retinal dystrophy,ICD10,107,DOID:0110079,Leber congenital amaurosis 8
ICD10:H35.5,Hereditary retinal dystrophy,ICD10,107,DOID:0110080,Leber congenital amaurosis 12
ICD10:H35.5,Hereditary retinal dystrophy,ICD10,107,DOID:0110118,Leber congenital amaurosis 16
ICD10:H35.5,Hereditary retinal dystrophy,ICD10,107,DOID:0110188,Leber congenital amaurosis 14
ICD10:H35.5,Hereditary retinal dystrophy,ICD10,107,DOID:0110189,Leber congenital amaurosis 15
ICD10:H35.5,Hereditary retinal dystrophy,ICD10,107,DOID:0110215,Leber congenital amaurosis 5
ICD10:H35.5,Hereditary retinal dystrophy,ICD10,107,DOID:0110216,Leber congenital amaurosis 11
ICD10:H35.5,Hereditary retinal dystrophy,ICD10,107,DOID:0110217,Leber congenital amaurosis 17
ICD10:H35.5,Hereditary retinal dystrophy,ICD10,107,DOID:0110291,Leber congenital amaurosis 10
ICD10:H35.5,Hereditary retinal dystrophy,ICD10,107,DOID:0110329,Leber congenital amaurosis 6
ICD10:H35.5,Hereditary retinal dystrophy,ICD10,107,DOID:0110330,Leber congenital amaurosis 13
ICD10:H35.5,Hereditary retinal dystrophy,ICD10,107,DOID:0110331,Leber congenital amaurosis 3
ICD10:H35.5,Hereditary retinal dystrophy,ICD10,107,DOID:0110332,Leber congenital amaurosis 4
ICD10:H35.5,Hereditary retinal dystrophy,ICD10,107,DOID:0110333,Leber congenital amaurosis 7
ICD10:H35.5,Hereditary retinal dystrophy,ICD10,107,DOID:0110352,retinitis pigmentosa 59
ICD10:H35.5,Hereditary retinal dystrophy,ICD10,107,DOID:0110353,retinitis pigmentosa 20
ICD10:H35.5,Hereditary retinal dystrophy,ICD10,107,DOID:0110354,retinitis pigmentosa 19
ICD10:H35.5,Hereditary retinal dystrophy,ICD10,107,DOID:0110355,retinitis pigmentosa 32
ICD10:H35.5,Hereditary retinal dystrophy,ICD10,107,DOID:0110356,retinitis pigmentosa 18
ICD10:H35.5,Hereditary retinal dystrophy,ICD10,107,DOID:0110357,retinitis pigmentosa 35
ICD10:H35.5,Hereditary retinal dystrophy,ICD10,107,DOID:0110358,retinitis pigmentosa 12
ICD10:H35.5,Hereditary retinal dystrophy,ICD10,107,DOID:0110359,retinitis pigmentosa 67
ICD10:H35.5,Hereditary retinal dystrophy,ICD10,107,DOID:0110360,retinitis pigmentosa 39
ICD10:H35.5,Hereditary retinal dystrophy,ICD10,107,DOID:0110361,retinitis pigmentosa 75
ICD10:H35.5,Hereditary retinal dystrophy,ICD10,107,DOID:0110362,retinitis pigmentosa 58
ICD10:H35.5,Hereditary retinal dystrophy,ICD10,107,DOID:0110363,retinitis pigmentosa 71
ICD10:H35.5,Hereditary retinal dystrophy,ICD10,107,DOID:0110364,retinitis pigmentosa 54
ICD10:H35.5,Hereditary retinal dystrophy,ICD10,107,DOID:0110365,retinitis pigmentosa 28
ICD10:H35.5,Hereditary retinal dystrophy,ICD10,107,DOID:0110366,retinitis pigmentosa 33
ICD10:H35.5,Hereditary retinal dystrophy,ICD10,107,DOID:0110367,retinitis pigmentosa 38
ICD10:H35.5,Hereditary retinal dystrophy,ICD10,107,DOID:0110368,retinitis pigmentosa 26
ICD10:H35.5,Hereditary retinal dystrophy,ICD10,107,DOID:0110369,retinitis pigmentosa 47
ICD10:H35.5,Hereditary retinal dystrophy,ICD10,107,DOID:0110370,retinitis pigmentosa 55
ICD10:H35.5,Hereditary retinal dystrophy,ICD10,107,DOID:0110371,retinitis pigmentosa 56
ICD10:H35.5,Hereditary retinal dystrophy,ICD10,107,DOID:0110372,retinitis pigmentosa 4
ICD10:H35.5,Hereditary retinal dystrophy,ICD10,107,DOID:0110373,retinitis pigmentosa 61
ICD10:H35.5,Hereditary retinal dystrophy,ICD10,107,DOID:0110374,retinitis pigmentosa 68
ICD10:H35.5,Hereditary retinal dystrophy,ICD10,107,DOID:0110375,retinitis pigmentosa 40
ICD10:H35.5,Hereditary retinal dystrophy,ICD10,107,DOID:0110376,retinitis pigmentosa 41
ICD10:H35.5,Hereditary retinal dystrophy,ICD10,107,DOID:0110377,retinitis pigmentosa 49
ICD10:H35.5,Hereditary retinal dystrophy,ICD10,107,DOID:0110378,retinitis pigmentosa 29
ICD10:H35.5,Hereditary retinal dystrophy,ICD10,107,DOID:0110379,retinitis pigmentosa 43
ICD10:H35.5,Hereditary retinal dystrophy,ICD10,107,DOID:0110380,retinitis pigmentosa 62
ICD10:H35.5,Hereditary retinal dystrophy,ICD10,107,DOID:0110381,retinitis pigmentosa 14
ICD10:H35.5,Hereditary retinal dystrophy,ICD10,107,DOID:0110382,retinitis pigmentosa 48
ICD10:H35.5,Hereditary retinal dystrophy,ICD10,107,DOID:0110383,retinitis pigmentosa 7
ICD10:H35.5,Hereditary retinal dystrophy,ICD10,107,DOID:0110384,retinitis pigmentosa 25
ICD10:H35.5,Hereditary retinal dystrophy,ICD10,107,DOID:0110385,retinitis pigmentosa 63
ICD10:H35.5,Hereditary retinal dystrophy,ICD10,107,DOID:0110386,retinitis pigmentosa 42
ICD10:H35.5,Hereditary retinal dystrophy,ICD10,107,DOID:0110387,retinitis pigmentosa 9
ICD10:H35.5,Hereditary retinal dystrophy,ICD10,107,DOID:0110388,retinitis pigmentosa 10
ICD10:H35.5,Hereditary retinal dystrophy,ICD10,107,DOID:0110389,retinitis pigmentosa 73
ICD10:H35.5,Hereditary retinal dystrophy,ICD10,107,DOID:0110390,retinitis pigmentosa 1
ICD10:H35.5,Hereditary retinal dystrophy,ICD10,107,DOID:0110391,retinitis pigmentosa 31
ICD10:H35.5,Hereditary retinal dystrophy,ICD10,107,DOID:0110392,retinitis pigmentosa 70
ICD10:H35.5,Hereditary retinal dystrophy,ICD10,107,DOID:0110393,retinitis pigmentosa 66
ICD10:H35.5,Hereditary retinal dystrophy,ICD10,107,DOID:0110394,retinitis pigmentosa 44
ICD10:H35.5,Hereditary retinal dystrophy,ICD10,107,DOID:0110395,retinitis pigmentosa 72
ICD10:H35.5,Hereditary retinal dystrophy,ICD10,107,DOID:0110396,retinitis pigmentosa 50
ICD10:H35.5,Hereditary retinal dystrophy,ICD10,107,DOID:0110397,retinitis pigmentosa 27
ICD10:H35.5,Hereditary retinal dystrophy,ICD10,107,DOID:0110398,retinitis pigmentosa 51
ICD10:H35.5,Hereditary retinal dystrophy,ICD10,107,DOID:0110399,retinitis pigmentosa 37
ICD10:H35.5,Hereditary retinal dystrophy,ICD10,107,DOID:0110400,retinitis pigmentosa 22
ICD10:H35.5,Hereditary retinal dystrophy,ICD10,107,DOID:0110401,retinitis pigmentosa 74
ICD10:H35.5,Hereditary retinal dystrophy,ICD10,107,DOID:0110402,retinitis pigmentosa 45
ICD10:H35.5,Hereditary retinal dystrophy,ICD10,107,DOID:0110403,retinitis pigmentosa 13
ICD10:H35.5,Hereditary retinal dystrophy,ICD10,107,DOID:0110404,retinitis pigmentosa 17
ICD10:H35.5,Hereditary retinal dystrophy,ICD10,107,DOID:0110405,retinitis pigmentosa 36
ICD10:H35.5,Hereditary retinal dystrophy,ICD10,107,DOID:0110406,retinitis pigmentosa 30
ICD10:H35.5,Hereditary retinal dystrophy,ICD10,107,DOID:0110407,retinitis pigmentosa 57
ICD10:H35.5,Hereditary retinal dystrophy,ICD10,107,DOID:0110408,retinitis pigmentosa 11
ICD10:H35.5,Hereditary retinal dystrophy,ICD10,107,DOID:0110409,retinitis pigmentosa 46
ICD10:H35.5,Hereditary retinal dystrophy,ICD10,107,DOID:0110410,retinitis pigmentosa 69
ICD10:H35.5,Hereditary retinal dystrophy,ICD10,107,DOID:0110411,retinitis pigmentosa 60
ICD10:H35.5,Hereditary retinal dystrophy,ICD10,107,DOID:0110412,retinitis pigmentosa 23
ICD10:H35.5,Hereditary retinal dystrophy,ICD10,107,DOID:0110413,retinitis pigmentosa 6
ICD10:H35.5,Hereditary retinal dystrophy,ICD10,107,DOID:0110414,retinitis pigmentosa 3
ICD10:H35.5,Hereditary retinal dystrophy,ICD10,107,DOID:0110415,retinitis pigmentosa 2
ICD10:H35.5,Hereditary retinal dystrophy,ICD10,107,DOID:0110416,retinitis pigmentosa 24
ICD10:H35.5,Hereditary retinal dystrophy,ICD10,107,DOID:0110417,retinitis pigmentosa 34
ICD10:H35.5,Hereditary retinal dystrophy,ICD10,107,DOID:0110418,retinitis pigmentosa Y-linked
ICD10:H35.5,Hereditary retinal dystrophy,ICD10,107,DOID:0110419,retinitis pigmentosa with or without situs inversus
ICD10:H35.5,Hereditary retinal dystrophy,ICD10,107,DOID:0110420,dominant pericentral pigmentary retinopathy
ICD10:H35.5,Hereditary retinal dystrophy,ICD10,107,DOID:0110421,late-adult onset retinitis pigmentosa
ICD10:H35.5,Hereditary retinal dystrophy,ICD10,107,DOID:0110422,autosomal recessive pericentral pigmentary retinopathy
ICD10:H35.5,Hereditary retinal dystrophy,ICD10,107,DOID:0110830,Usher syndrome type 1C
ICD10:H35.5,Hereditary retinal dystrophy,ICD10,107,DOID:0110831,Usher syndrome type 1D
ICD10:H35.5,Hereditary retinal dystrophy,ICD10,107,DOID:0110832,Usher syndrome type 1F
ICD10:H35.5,Hereditary retinal dystrophy,ICD10,107,DOID:0110833,Usher syndrome type 1E
ICD10:H35.5,Hereditary retinal dystrophy,ICD10,107,DOID:0110834,Usher syndrome type 1G
ICD10:H35.5,Hereditary retinal dystrophy,ICD10,107,DOID:0110835,Usher syndrome type 1H
ICD10:H35.5,Hereditary retinal dystrophy,ICD10,107,DOID:0110837,Usher syndrome type 1K
ICD10:H35.5,Hereditary retinal dystrophy,ICD10,107,DOID:0110838,Usher syndrome type 2A
ICD10:H35.5,Hereditary retinal dystrophy,ICD10,107,DOID:0110839,Usher syndrome type 2C
ICD10:H35.5,Hereditary retinal dystrophy,ICD10,107,DOID:0110840,Usher syndrome type 2D
ICD10:H35.5,Hereditary retinal dystrophy,ICD10,107,DOID:0110841,Usher syndrome type 3A
ICD10:H35.5,Hereditary retinal dystrophy,ICD10,107,DOID:0110842,Usher syndrome type 3B
ICD10:H35.5,Hereditary retinal dystrophy,ICD10,107,DOID:8500,hereditary retinal dystrophy
ICD10:G11.4,Hereditary spastic paraplegia,ICD10,60,DOID:0050886,Troyer syndrome
ICD10:G11.4,Hereditary spastic paraplegia,ICD10,60,DOID:0060245,Mast syndrome
ICD10:G11.4,Hereditary spastic paraplegia,ICD10,60,DOID:0060491,SPOAN syndrome
ICD10:G11.4,Hereditary spastic paraplegia,ICD10,60,DOID:0110763,hereditary spastic paraplegia 10
ICD10:G11.4,Hereditary spastic paraplegia,ICD10,60,DOID:0110764,hereditary spastic paraplegia 11
ICD10:G11.4,Hereditary spastic paraplegia,ICD10,60,DOID:0110765,hereditary spastic paraplegia 12
ICD10:G11.4,Hereditary spastic paraplegia,ICD10,60,DOID:0110766,hereditary spastic paraplegia 13
ICD10:G11.4,Hereditary spastic paraplegia,ICD10,60,DOID:0110767,hereditary spastic paraplegia 14
ICD10:G11.4,Hereditary spastic paraplegia,ICD10,60,DOID:0110768,hereditary spastic paraplegia 15
ICD10:G11.4,Hereditary spastic paraplegia,ICD10,60,DOID:0110769,hereditary spastic paraplegia 16
ICD10:G11.4,Hereditary spastic paraplegia,ICD10,60,DOID:0110770,hereditary spastic paraplegia 17
ICD10:G11.4,Hereditary spastic paraplegia,ICD10,60,DOID:0110771,hereditary spastic paraplegia 18
ICD10:G11.4,Hereditary spastic paraplegia,ICD10,60,DOID:0110772,hereditary spastic paraplegia 19
ICD10:G11.4,Hereditary spastic paraplegia,ICD10,60,DOID:0110773,hereditary spastic paraplegia 2
ICD10:G11.4,Hereditary spastic paraplegia,ICD10,60,DOID:0110774,hereditary spastic paraplegia 23
ICD10:G11.4,Hereditary spastic paraplegia,ICD10,60,DOID:0110775,hereditary spastic paraplegia 24
ICD10:G11.4,Hereditary spastic paraplegia,ICD10,60,DOID:0110776,hereditary spastic paraplegia 25
ICD10:G11.4,Hereditary spastic paraplegia,ICD10,60,DOID:0110777,hereditary spastic paraplegia 26
ICD10:G11.4,Hereditary spastic paraplegia,ICD10,60,DOID:0110778,hereditary spastic paraplegia 27
ICD10:G11.4,Hereditary spastic paraplegia,ICD10,60,DOID:0110779,hereditary spastic paraplegia 28
ICD10:G11.4,Hereditary spastic paraplegia,ICD10,60,DOID:0110780,hereditary spastic paraplegia 29
ICD10:G11.4,Hereditary spastic paraplegia,ICD10,60,DOID:0110781,hereditary spastic paraplegia 30
ICD10:G11.4,Hereditary spastic paraplegia,ICD10,60,DOID:0110782,hereditary spastic paraplegia 31
ICD10:G11.4,Hereditary spastic paraplegia,ICD10,60,DOID:0110783,hereditary spastic paraplegia 32
ICD10:G11.4,Hereditary spastic paraplegia,ICD10,60,DOID:0110785,hereditary spastic paraplegia 34
ICD10:G11.4,Hereditary spastic paraplegia,ICD10,60,DOID:0110786,hereditary spastic paraplegia 35
ICD10:G11.4,Hereditary spastic paraplegia,ICD10,60,DOID:0110787,hereditary spastic paraplegia 36
ICD10:G11.4,Hereditary spastic paraplegia,ICD10,60,DOID:0110788,hereditary spastic paraplegia 37
ICD10:G11.4,Hereditary spastic paraplegia,ICD10,60,DOID:0110789,hereditary spastic paraplegia 38
ICD10:G11.4,Hereditary spastic paraplegia,ICD10,60,DOID:0110790,hereditary spastic paraplegia 39
ICD10:G11.4,Hereditary spastic paraplegia,ICD10,60,DOID:0110791,hereditary spastic paraplegia 3A
ICD10:G11.4,Hereditary spastic paraplegia,ICD10,60,DOID:0110792,hereditary spastic paraplegia 4
ICD10:G11.4,Hereditary spastic paraplegia,ICD10,60,DOID:0110793,hereditary spastic paraplegia 41
ICD10:G11.4,Hereditary spastic paraplegia,ICD10,60,DOID:0110794,hereditary spastic paraplegia 42
ICD10:G11.4,Hereditary spastic paraplegia,ICD10,60,DOID:0110795,hereditary spastic paraplegia 43
ICD10:G11.4,Hereditary spastic paraplegia,ICD10,60,DOID:0110796,hereditary spastic paraplegia 44
ICD10:G11.4,Hereditary spastic paraplegia,ICD10,60,DOID:0110797,hereditary spastic paraplegia 45
ICD10:G11.4,Hereditary spastic paraplegia,ICD10,60,DOID:0110798,hereditary spastic paraplegia 46
ICD10:G11.4,Hereditary spastic paraplegia,ICD10,60,DOID:0110800,hereditary spastic paraplegia 48
ICD10:G11.4,Hereditary spastic paraplegia,ICD10,60,DOID:0110801,hereditary sensory and autonomic neuropathy type 9
ICD10:G11.4,Hereditary spastic paraplegia,ICD10,60,DOID:0110805,hereditary spastic paraplegia 53
ICD10:G11.4,Hereditary spastic paraplegia,ICD10,60,DOID:0110806,hereditary spastic paraplegia 54
ICD10:G11.4,Hereditary spastic paraplegia,ICD10,60,DOID:0110807,hereditary spastic paraplegia 55
ICD10:G11.4,Hereditary spastic paraplegia,ICD10,60,DOID:0110808,hereditary spastic paraplegia 56
ICD10:G11.4,Hereditary spastic paraplegia,ICD10,60,DOID:0110809,hereditary spastic paraplegia 57
ICD10:G11.4,Hereditary spastic paraplegia,ICD10,60,DOID:0110810,hereditary spastic paraplegia 5A
ICD10:G11.4,Hereditary spastic paraplegia,ICD10,60,DOID:0110811,hereditary spastic paraplegia 6
ICD10:G11.4,Hereditary spastic paraplegia,ICD10,60,DOID:0110812,hereditary spastic paraplegia 61
ICD10:G11.4,Hereditary spastic paraplegia,ICD10,60,DOID:0110813,hereditary spastic paraplegia 62
ICD10:G11.4,Hereditary spastic paraplegia,ICD10,60,DOID:0110814,hereditary spastic paraplegia 63
ICD10:G11.4,Hereditary spastic paraplegia,ICD10,60,DOID:0110815,hereditary spastic paraplegia 64
ICD10:G11.4,Hereditary spastic paraplegia,ICD10,60,DOID:0110816,hereditary spastic paraplegia 7
ICD10:G11.4,Hereditary spastic paraplegia,ICD10,60,DOID:0110817,hereditary spastic paraplegia 72A
ICD10:G11.4,Hereditary spastic paraplegia,ICD10,60,DOID:0110818,hereditary spastic paraplegia 73
ICD10:G11.4,Hereditary spastic paraplegia,ICD10,60,DOID:0110820,hereditary spastic paraplegia 75
ICD10:G11.4,Hereditary spastic paraplegia,ICD10,60,DOID:0110822,hereditary spastic paraplegia 77
ICD10:G11.4,Hereditary spastic paraplegia,ICD10,60,DOID:0110823,hereditary spastic paraplegia 8
ICD10:G11.4,Hereditary spastic paraplegia,ICD10,60,DOID:0110824,hereditary spastic paraplegia 9A
ICD10:G11.4,Hereditary spastic paraplegia,ICD10,60,DOID:0110825,hereditary spastic paraplegia 9B
ICD10:G11.4,Hereditary spastic paraplegia,ICD10,60,DOID:2476,hereditary spastic paraplegia
ICD10:G60.0,Hereditary motor and sensory neuropathy,ICD10,58,DOID:0090003,agenesis of the corpus callosum with peripheral neuropathy
ICD10:G60.0,Hereditary motor and sensory neuropathy,ICD10,58,DOID:0110148,Charcot-Marie-Tooth disease type 1A
ICD10:G60.0,Hereditary motor and sensory neuropathy,ICD10,58,DOID:0110149,Charcot-Marie-Tooth disease type 1F
ICD10:G60.0,Hereditary motor and sensory neuropathy,ICD10,58,DOID:0110150,Charcot-Marie-Tooth disease type 1D
ICD10:G60.0,Hereditary motor and sensory neuropathy,ICD10,58,DOID:0110151,Charcot-Marie-Tooth disease type 1C
ICD10:G60.0,Hereditary motor and sensory neuropathy,ICD10,58,DOID:0110152,Charcot-Marie-Tooth disease type 1B
ICD10:G60.0,Hereditary motor and sensory neuropathy,ICD10,58,DOID:0110153,Charcot-Marie-Tooth disease type 1E
ICD10:G60.0,Hereditary motor and sensory neuropathy,ICD10,58,DOID:0110154,Charcot-Marie-Tooth disease type 2A1
ICD10:G60.0,Hereditary motor and sensory neuropathy,ICD10,58,DOID:0110155,Charcot-Marie-Tooth disease type 2A2A
ICD10:G60.0,Hereditary motor and sensory neuropathy,ICD10,58,DOID:0110156,Charcot-Marie-Tooth disease type 2B1
ICD10:G60.0,Hereditary motor and sensory neuropathy,ICD10,58,DOID:0110157,Charcot-Marie-Tooth disease type 2J
ICD10:G60.0,Hereditary motor and sensory neuropathy,ICD10,58,DOID:0110158,Charcot-Marie-Tooth disease type 2I
ICD10:G60.0,Hereditary motor and sensory neuropathy,ICD10,58,DOID:0110159,Charcot-Marie-Tooth disease type 2B
ICD10:G60.0,Hereditary motor and sensory neuropathy,ICD10,58,DOID:0110160,Charcot-Marie-Tooth disease axonal type 2T
ICD10:G60.0,Hereditary motor and sensory neuropathy,ICD10,58,DOID:0110161,Charcot-Marie-Tooth disease type 2R
ICD10:G60.0,Hereditary motor and sensory neuropathy,ICD10,58,DOID:0110163,Charcot-Marie-Tooth disease axonal type 2F
ICD10:G60.0,Hereditary motor and sensory neuropathy,ICD10,58,DOID:0110164,Charcot-Marie-Tooth disease type 2D
ICD10:G60.0,Hereditary motor and sensory neuropathy,ICD10,58,DOID:0110165,Charcot-Marie-Tooth disease type 2E
ICD10:G60.0,Hereditary motor and sensory neuropathy,ICD10,58,DOID:0110166,Charcot-Marie-Tooth disease axonal type 2H
ICD10:G60.0,Hereditary motor and sensory neuropathy,ICD10,58,DOID:0110167,Charcot-Marie-Tooth disease axonal type 2K
ICD10:G60.0,Hereditary motor and sensory neuropathy,ICD10,58,DOID:0110168,Charcot-Marie-Tooth disease type 2Y
ICD10:G60.0,Hereditary motor and sensory neuropathy,ICD10,58,DOID:0110169,Charcot-Marie-Tooth disease axonal type 2P
ICD10:G60.0,Hereditary motor and sensory neuropathy,ICD10,58,DOID:0110170,Charcot-Marie-Tooth disease axonal type 2Q
ICD10:G60.0,Hereditary motor and sensory neuropathy,ICD10,58,DOID:0110173,Charcot-Marie-Tooth disease axonal type 2U
ICD10:G60.0,Hereditary motor and sensory neuropathy,ICD10,58,DOID:0110174,Charcot-Marie-Tooth disease axonal type 2L
ICD10:G60.0,Hereditary motor and sensory neuropathy,ICD10,58,DOID:0110175,Charcot-Marie-Tooth disease axonal type 2O
ICD10:G60.0,Hereditary motor and sensory neuropathy,ICD10,58,DOID:0110177,Charcot-Marie-Tooth disease axonal type 2N
ICD10:G60.0,Hereditary motor and sensory neuropathy,ICD10,58,DOID:0110179,Charcot-Marie-Tooth disease type 2B2
ICD10:G60.0,Hereditary motor and sensory neuropathy,ICD10,58,DOID:0110182,Charcot-Marie-Tooth disease axonal type 2C
ICD10:G60.0,Hereditary motor and sensory neuropathy,ICD10,58,DOID:0110183,Charcot-Marie-Tooth disease type 4C
ICD10:G60.0,Hereditary motor and sensory neuropathy,ICD10,58,DOID:0110184,Charcot-Marie-Tooth disease type 4J
ICD10:G60.0,Hereditary motor and sensory neuropathy,ICD10,58,DOID:0110185,Charcot-Marie-Tooth disease type 4A
ICD10:G60.0,Hereditary motor and sensory neuropathy,ICD10,58,DOID:0110186,Charcot-Marie-Tooth disease type 4D
ICD10:G60.0,Hereditary motor and sensory neuropathy,ICD10,58,DOID:0110187,Charcot-Marie-Tooth disease type 4K
ICD10:G60.0,Hereditary motor and sensory neuropathy,ICD10,58,DOID:0110190,Charcot-Marie-Tooth disease type 4B2
ICD10:G60.0,Hereditary motor and sensory neuropathy,ICD10,58,DOID:0110191,Charcot-Marie-Tooth disease type 4B1
ICD10:G60.0,Hereditary motor and sensory neuropathy,ICD10,58,DOID:0110192,Charcot-Marie-Tooth disease type 4H
ICD10:G60.0,Hereditary motor and sensory neuropathy,ICD10,58,DOID:0110193,Charcot-Marie-Tooth disease type 4F
ICD10:G60.0,Hereditary motor and sensory neuropathy,ICD10,58,DOID:0110194,Charcot-Marie-Tooth disease type 4B3
ICD10:G60.0,Hereditary motor and sensory neuropathy,ICD10,58,DOID:0110195,congenital hypomyelinating neuropathy 1
ICD10:G60.0,Hereditary motor and sensory neuropathy,ICD10,58,DOID:0110196,Charcot-Marie-Tooth disease type 4G
ICD10:G60.0,Hereditary motor and sensory neuropathy,ICD10,58,DOID:0110197,Charcot-Marie-Tooth disease dominant intermediate B
ICD10:G60.0,Hereditary motor and sensory neuropathy,ICD10,58,DOID:0110198,Charcot-Marie-Tooth disease recessive intermediate C
ICD10:G60.0,Hereditary motor and sensory neuropathy,ICD10,58,DOID:0110199,Charcot-Marie-Tooth disease dominant intermediate C
ICD10:G60.0,Hereditary motor and sensory neuropathy,ICD10,58,DOID:0110200,Charcot-Marie-Tooth disease dominant intermediate D
ICD10:G60.0,Hereditary motor and sensory neuropathy,ICD10,58,DOID:0110202,Charcot-Marie-Tooth disease dominant intermediate A
ICD10:G60.0,Hereditary motor and sensory neuropathy,ICD10,58,DOID:0110203,Charcot-Marie-Tooth disease recessive intermediate D
ICD10:G60.0,Hereditary motor and sensory neuropathy,ICD10,58,DOID:0110204,Charcot-Marie-Tooth disease recessive intermediate B
ICD10:G60.0,Hereditary motor and sensory neuropathy,ICD10,58,DOID:0110205,Charcot-Marie-Tooth disease dominant intermediate E
ICD10:G60.0,Hereditary motor and sensory neuropathy,ICD10,58,DOID:0110206,Charcot-Marie-Tooth disease dominant intermediate F
ICD10:G60.0,Hereditary motor and sensory neuropathy,ICD10,58,DOID:0110207,Charcot-Marie-Tooth disease X-linked dominant 6
ICD10:G60.0,Hereditary motor and sensory neuropathy,ICD10,58,DOID:0110208,Charcot-Marie-Tooth disease X-linked recessive 2
ICD10:G60.0,Hereditary motor and sensory neuropathy,ICD10,58,DOID:0110209,Charcot-Marie-Tooth disease X-linked dominant 1
ICD10:G60.0,Hereditary motor and sensory neuropathy,ICD10,58,DOID:0110210,Charcot-Marie-Tooth disease X-linked recessive 5
ICD10:G60.0,Hereditary motor and sensory neuropathy,ICD10,58,DOID:0110211,Charcot-Marie-Tooth disease X-linked recessive 3
ICD10:G60.0,Hereditary motor and sensory neuropathy,ICD10,58,DOID:0110212,Charcot-Marie-Tooth disease X-linked recessive 4
ICD10:G60.0,Hereditary motor and sensory neuropathy,ICD10,58,DOID:10595,Charcot-Marie-Tooth disease
ICD10:G60.0,Hereditary motor and sensory neuropathy,ICD10,58,DOID:2477,motor peripheral neuropathy
ICD10:Q12.0,Congenital cataract,ICD10,44,DOID:0110227,cataract 32 multiple types
ICD10:Q12.0,Congenital cataract,ICD10,44,DOID:0110228,cataract 8 multiple types
ICD10:Q12.0,Congenital cataract,ICD10,44,DOID:0110229,cataract 6 multiple types
ICD10:Q12.0,Congenital cataract,ICD10,44,DOID:0110230,cataract 34 multiple types
ICD10:Q12.0,Congenital cataract,ICD10,44,DOID:0110231,cataract 1 multiple types
ICD10:Q12.0,Congenital cataract,ICD10,44,DOID:0110232,cataract 29
ICD10:Q12.0,Congenital cataract,ICD10,44,DOID:0110233,cataract 27
ICD10:Q12.0,Congenital cataract,ICD10,44,DOID:0110234,cataract 4 multiple types
ICD10:Q12.0,Congenital cataract,ICD10,44,DOID:0110235,cataract 2 multiple types
ICD10:Q12.0,Congenital cataract,ICD10,44,DOID:0110236,cataract 39 multiple types
ICD10:Q12.0,Congenital cataract,ICD10,44,DOID:0110237,cataract 42
ICD10:Q12.0,Congenital cataract,ICD10,44,DOID:0110238,cataract 18
ICD10:Q12.0,Congenital cataract,ICD10,44,DOID:0110239,cataract 12 multiple types
ICD10:Q12.0,Congenital cataract,ICD10,44,DOID:0110240,cataract 20 multiple types
ICD10:Q12.0,Congenital cataract,ICD10,44,DOID:0110241,cataract 41
ICD10:Q12.0,Congenital cataract,ICD10,44,DOID:0110242,cataract 13 with adult i phenotype
ICD10:Q12.0,Congenital cataract,ICD10,44,DOID:0110243,cataract 46 juvenile-onset
ICD10:Q12.0,Congenital cataract,ICD10,44,DOID:0110245,cataract 38
ICD10:Q12.0,Congenital cataract,ICD10,44,DOID:0110246,cataract 26 multiple types
ICD10:Q12.0,Congenital cataract,ICD10,44,DOID:0110248,cataract 30
ICD10:Q12.0,Congenital cataract,ICD10,44,DOID:0110249,cataract 11 multiple types
ICD10:Q12.0,Congenital cataract,ICD10,44,DOID:0110250,cataract 16 multiple types
ICD10:Q12.0,Congenital cataract,ICD10,44,DOID:0110251,cataract 15 multiple types
ICD10:Q12.0,Congenital cataract,ICD10,44,DOID:0110252,cataract 37
ICD10:Q12.0,Congenital cataract,ICD10,44,DOID:0110253,cataract 14 multiple types
ICD10:Q12.0,Congenital cataract,ICD10,44,DOID:0110254,cataract 25
ICD10:Q12.0,Congenital cataract,ICD10,44,DOID:0110255,cataract 5 multiple types
ICD10:Q12.0,Congenital cataract,ICD10,44,DOID:0110256,cataract 21 multiple types
ICD10:Q12.0,Congenital cataract,ICD10,44,DOID:0110257,cataract 24
ICD10:Q12.0,Congenital cataract,ICD10,44,DOID:0110258,cataract 10 multiple types
ICD10:Q12.0,Congenital cataract,ICD10,44,DOID:0110259,cataract 43
ICD10:Q12.0,Congenital cataract,ICD10,44,DOID:0110260,cataract 7
ICD10:Q12.0,Congenital cataract,ICD10,44,DOID:0110261,cataract 35
ICD10:Q12.0,Congenital cataract,ICD10,44,DOID:0110262,cataract 45
ICD10:Q12.0,Congenital cataract,ICD10,44,DOID:0110263,cataract 19 multiple types
ICD10:Q12.0,Congenital cataract,ICD10,44,DOID:0110264,cataract 33
ICD10:Q12.0,Congenital cataract,ICD10,44,DOID:0110265,cataract 31 multiple types
ICD10:Q12.0,Congenital cataract,ICD10,44,DOID:0110266,cataract 9 multiple types
ICD10:Q12.0,Congenital cataract,ICD10,44,DOID:0110267,cataract 44
ICD10:Q12.0,Congenital cataract,ICD10,44,DOID:0110268,cataract 22 multiple types
ICD10:Q12.0,Congenital cataract,ICD10,44,DOID:0110269,cataract 3 multiple types
ICD10:Q12.0,Congenital cataract,ICD10,44,DOID:0110270,cataract 17 multiple types
ICD10:Q12.0,Congenital cataract,ICD10,44,DOID:0110271,cataract 23
ICD10:Q12.0,Congenital cataract,ICD10,44,DOID:0110272,cataract 40
ICD10:I42.0,Dilated cardiomyopathy,ICD10,38,DOID:0110423,dilated cardiomyopathy 1C
ICD10:I42.0,Dilated cardiomyopathy,ICD10,38,DOID:0110424,dilated cardiomyopathy 1CC
ICD10:I42.0,Dilated cardiomyopathy,ICD10,38,DOID:0110426,dilated cardiomyopathy 1D
ICD10:I42.0,Dilated cardiomyopathy,ICD10,38,DOID:0110427,dilated cardiomyopathy 1V
ICD10:I42.0,Dilated cardiomyopathy,ICD10,38,DOID:0110428,dilated cardiomyopathy 1AA
ICD10:I42.0,Dilated cardiomyopathy,ICD10,38,DOID:0110429,dilated cardiomyopathy 1H
ICD10:I42.0,Dilated cardiomyopathy,ICD10,38,DOID:0110430,dilated cardiomyopathy 1G
ICD10:I42.0,Dilated cardiomyopathy,ICD10,38,DOID:0110431,dilated cardiomyopathy 1I
ICD10:I42.0,Dilated cardiomyopathy,ICD10,38,DOID:0110432,dilated cardiomyopathy 1NN
ICD10:I42.0,Dilated cardiomyopathy,ICD10,38,DOID:0110433,dilated cardiomyopathy 1E
ICD10:I42.0,Dilated cardiomyopathy,ICD10,38,DOID:0110434,dilated cardiomyopathy 1Z
ICD10:I42.0,Dilated cardiomyopathy,ICD10,38,DOID:0110435,dilated cardiomyopathy 1GG
ICD10:I42.0,Dilated cardiomyopathy,ICD10,38,DOID:0110436,dilated cardiomyopathy 1L
ICD10:I42.0,Dilated cardiomyopathy,ICD10,38,DOID:0110437,dilated cardiomyopathy 1K
ICD10:I42.0,Dilated cardiomyopathy,ICD10,38,DOID:0110438,dilated cardiomyopathy 1JJ
ICD10:I42.0,Dilated cardiomyopathy,ICD10,38,DOID:0110439,dilated cardiomyopathy 1P
ICD10:I42.0,Dilated cardiomyopathy,ICD10,38,DOID:0110441,dilated cardiomyopathy 2B
ICD10:I42.0,Dilated cardiomyopathy,ICD10,38,DOID:0110442,dilated cardiomyopathy 1Q
ICD10:I42.0,Dilated cardiomyopathy,ICD10,38,DOID:0110443,dilated cardiomyopathy 1B
ICD10:I42.0,Dilated cardiomyopathy,ICD10,38,DOID:0110444,dilated cardiomyopathy 1X
ICD10:I42.0,Dilated cardiomyopathy,ICD10,38,DOID:0110445,dilated cardiomyopathy 1KK
ICD10:I42.0,Dilated cardiomyopathy,ICD10,38,DOID:0110446,dilated cardiomyopathy 1W
ICD10:I42.0,Dilated cardiomyopathy,ICD10,38,DOID:0110447,dilated cardiomyopathy 1DD
ICD10:I42.0,Dilated cardiomyopathy,ICD10,38,DOID:0110448,dilated cardiomyopathy 1HH
ICD10:I42.0,Dilated cardiomyopathy,ICD10,38,DOID:0110449,dilated cardiomyopathy 1M
ICD10:I42.0,Dilated cardiomyopathy,ICD10,38,DOID:0110450,dilated cardiomyopathy 1II
ICD10:I42.0,Dilated cardiomyopathy,ICD10,38,DOID:0110451,dilated cardiomyopathy 1O
ICD10:I42.0,Dilated cardiomyopathy,ICD10,38,DOID:0110452,dilated cardiomyopathy 1T
ICD10:I42.0,Dilated cardiomyopathy,ICD10,38,DOID:0110453,dilated cardiomyopathy 1EE
ICD10:I42.0,Dilated cardiomyopathy,ICD10,38,DOID:0110454,dilated cardiomyopathy 1S
ICD10:I42.0,Dilated cardiomyopathy,ICD10,38,DOID:0110455,dilated cardiomyopathy 1U
ICD10:I42.0,Dilated cardiomyopathy,ICD10,38,DOID:0110456,dilated cardiomyopathy 1R
ICD10:I42.0,Dilated cardiomyopathy,ICD10,38,DOID:0110457,dilated cardiomyopathy 1Y
ICD10:I42.0,Dilated cardiomyopathy,ICD10,38,DOID:0110458,dilated cardiomyopathy 1BB
ICD10:I42.0,Dilated cardiomyopathy,ICD10,38,DOID:0110459,dilated cardiomyopathy 1FF
ICD10:I42.0,Dilated cardiomyopathy,ICD10,38,DOID:0110460,dilated cardiomyopathy 2A
ICD10:I42.0,Dilated cardiomyopathy,ICD10,38,DOID:0110461,dilated cardiomyopathy 3B
ICD10:I42.0,Dilated cardiomyopathy,ICD10,38,DOID:12930,dilated cardiomyopathy
ICD10:E23.0,Hypopituitarism,ICD10,32,DOID:0060870,isolated growth hormone deficiency
ICD10:E23.0,Hypopituitarism,ICD10,32,DOID:0060872,isolated growth hormone deficiency type II
ICD10:E23.0,Hypopituitarism,ICD10,32,DOID:0060873,isolated growth hormone deficiency type IA
ICD10:E23.0,Hypopituitarism,ICD10,32,DOID:0060874,isolated growth hormone deficiency type IB
ICD10:E23.0,Hypopituitarism,ICD10,32,DOID:0060875,isolated growth hormone deficiency type III
ICD10:E23.0,Hypopituitarism,ICD10,32,DOID:0090070,hypogonadotropic hypogonadism
ICD10:E23.0,Hypopituitarism,ICD10,32,DOID:0090071,hypogonadotropic hypogonadism 11 with or without anosmia
ICD10:E23.0,Hypopituitarism,ICD10,32,DOID:0090072,hypogonadotropic hypogonadism 12 with or without anosmia
ICD10:E23.0,Hypopituitarism,ICD10,32,DOID:0090073,hypogonadotropic hypogonadism 13 with or without anosmia
ICD10:E23.0,Hypopituitarism,ICD10,32,DOID:0090074,hypogonadotropic hypogonadism 8 with or without anosmia
ICD10:E23.0,Hypopituitarism,ICD10,32,DOID:0090075,hypogonadotropic hypogonadism 15 with or without anosmia
ICD10:E23.0,Hypopituitarism,ICD10,32,DOID:0090076,hypogonadotropic hypogonadism 18 with or without anosmia
ICD10:E23.0,Hypopituitarism,ICD10,32,DOID:0090077,hypogonadotropic hypogonadism 4 with or without anosmia
ICD10:E23.0,Hypopituitarism,ICD10,32,DOID:0090078,hypogonadotropic hypogonadism 7 with or without anosmia
ICD10:E23.0,Hypopituitarism,ICD10,32,DOID:0090079,hypogonadotropic hypogonadism 17 with or without anosmia
ICD10:E23.0,Hypopituitarism,ICD10,32,DOID:0090080,hypogonadotropic hypogonadism 16 with or without anosmia
ICD10:E23.0,Hypopituitarism,ICD10,32,DOID:0090081,hypogonadotropic hypogonadism 22 with or without anosmia
ICD10:E23.0,Hypopituitarism,ICD10,32,DOID:0090082,hypogonadotropic hypogonadism 20 with or without anosmia
ICD10:E23.0,Hypopituitarism,ICD10,32,DOID:0090083,hypogonadotropic hypogonadism 2 with or without anosmia
ICD10:E23.0,Hypopituitarism,ICD10,32,DOID:0090084,hypogonadotropic hypogonadism 5 with or without anosmia
ICD10:E23.0,Hypopituitarism,ICD10,32,DOID:0090085,hypogonadotropic hypogonadism 9 with or without anosmia
ICD10:E23.0,Hypopituitarism,ICD10,32,DOID:0090086,hypogonadotropic hypogonadism 6 with or without anosmia
ICD10:E23.0,Hypopituitarism,ICD10,32,DOID:0090087,hypogonadotropic hypogonadism 14 with or without anosmia
ICD10:E23.0,Hypopituitarism,ICD10,32,DOID:0090089,hypogonadotropic hypogonadism 10 with or without anosmia
ICD10:E23.0,Hypopituitarism,ICD10,32,DOID:0090090,hypogonadotropic hypogonadism 19 with or without anosmia
ICD10:E23.0,Hypopituitarism,ICD10,32,DOID:0090092,hypogonadotropic hypogonadism 3 with or without anosmia
ICD10:E23.0,Hypopituitarism,ICD10,32,DOID:0090093,hypogonadotropic hypogonadism 21 with or without anosmia
ICD10:E23.0,Hypopituitarism,ICD10,32,DOID:0090094,hypogonadotropic hypogonadism 1 with or without anosmia
ICD10:E23.0,Hypopituitarism,ICD10,32,DOID:3614,Kallmann syndrome
ICD10:E23.0,Hypopituitarism,ICD10,32,DOID:9406,hypopituitarism
ICD10:E23.0,Hypopituitarism,ICD10,32,DOID:9410,combined pituitary hormone deficiency
ICD10:E23.0,Hypopituitarism,ICD10,32,DOID:9476,Sheehan syndrome
ICD10:Q34.8,Other specified congenital malformations of respiratory system,ICD10,32,DOID:0110594,primary ciliary dyskinesia 1
ICD10:Q34.8,Other specified congenital malformations of respiratory system,ICD10,32,DOID:0110596,primary ciliary dyskinesia 21
ICD10:Q34.8,Other specified congenital malformations of respiratory system,ICD10,32,DOID:0110597,primary ciliary dyskinesia 22
ICD10:Q34.8,Other specified congenital malformations of respiratory system,ICD10,32,DOID:0110598,primary ciliary dyskinesia 14
ICD10:Q34.8,Other specified congenital malformations of respiratory system,ICD10,32,DOID:0110599,primary ciliary dyskinesia 3
ICD10:Q34.8,Other specified congenital malformations of respiratory system,ICD10,32,DOID:0110600,primary ciliary dyskinesia 29
ICD10:Q34.8,Other specified congenital malformations of respiratory system,ICD10,32,DOID:0110601,primary ciliary dyskinesia 12
ICD10:Q34.8,Other specified congenital malformations of respiratory system,ICD10,32,DOID:0110602,primary ciliary dyskinesia 11
ICD10:Q34.8,Other specified congenital malformations of respiratory system,ICD10,32,DOID:0110603,primary ciliary dyskinesia 32
ICD10:Q34.8,Other specified congenital malformations of respiratory system,ICD10,32,DOID:0110604,primary ciliary dyskinesia 18
ICD10:Q34.8,Other specified congenital malformations of respiratory system,ICD10,32,DOID:0110605,primary ciliary dyskinesia 7
ICD10:Q34.8,Other specified congenital malformations of respiratory system,ICD10,32,DOID:0110606,primary ciliary dyskinesia 6
ICD10:Q34.8,Other specified congenital malformations of respiratory system,ICD10,32,DOID:0110607,primary ciliary dyskinesia 28
ICD10:Q34.8,Other specified congenital malformations of respiratory system,ICD10,32,DOID:0110608,primary ciliary dyskinesia 19
ICD10:Q34.8,Other specified congenital malformations of respiratory system,ICD10,32,DOID:0110609,primary ciliary dyskinesia 23
ICD10:Q34.8,Other specified congenital malformations of respiratory system,ICD10,32,DOID:0110611,primary ciliary dyskinesia 27
ICD10:Q34.8,Other specified congenital malformations of respiratory system,ICD10,32,DOID:0110612,primary ciliary dyskinesia 10
ICD10:Q34.8,Other specified congenital malformations of respiratory system,ICD10,32,DOID:0110613,primary ciliary dyskinesia 16
ICD10:Q34.8,Other specified congenital malformations of respiratory system,ICD10,32,DOID:0110614,primary ciliary dyskinesia 4
ICD10:Q34.8,Other specified congenital malformations of respiratory system,ICD10,32,DOID:0110615,primary ciliary dyskinesia 25
ICD10:Q34.8,Other specified congenital malformations of respiratory system,ICD10,32,DOID:0110616,primary ciliary dyskinesia 8
ICD10:Q34.8,Other specified congenital malformations of respiratory system,ICD10,32,DOID:0110617,primary ciliary dyskinesia 5
ICD10:Q34.8,Other specified congenital malformations of respiratory system,ICD10,32,DOID:0110618,primary ciliary dyskinesia 13
ICD10:Q34.8,Other specified congenital malformations of respiratory system,ICD10,32,DOID:0110619,primary ciliary dyskinesia 33
ICD10:Q34.8,Other specified congenital malformations of respiratory system,ICD10,32,DOID:0110621,primary ciliary dyskinesia 17
ICD10:Q34.8,Other specified congenital malformations of respiratory system,ICD10,32,DOID:0110622,primary ciliary dyskinesia 9
ICD10:Q34.8,Other specified congenital malformations of respiratory system,ICD10,32,DOID:0110623,primary ciliary dyskinesia 15
ICD10:Q34.8,Other specified congenital malformations of respiratory system,ICD10,32,DOID:0110624,primary ciliary dyskinesia 30
ICD10:Q34.8,Other specified congenital malformations of respiratory system,ICD10,32,DOID:0110625,primary ciliary dyskinesia 20
ICD10:Q34.8,Other specified congenital malformations of respiratory system,ICD10,32,DOID:0110626,primary ciliary dyskinesia 2
ICD10:Q34.8,Other specified congenital malformations of respiratory system,ICD10,32,DOID:0110627,primary ciliary dyskinesia 26
ICD10:Q34.8,Other specified congenital malformations of respiratory system,ICD10,32,DOID:0110628,primary ciliary dyskinesia 24
ICD10:G71.0,Muscular dystrophy,ICD10,31,DOID:0070247,autosomal dominant Emery-Dreifuss muscular dystrophy 2
ICD10:G71.0,Muscular dystrophy,ICD10,31,DOID:0080092,myofibrillar myopathy 1
ICD10:G71.0,Muscular dystrophy,ICD10,31,DOID:0080094,myofibrillar myopathy 3
ICD10:G71.0,Muscular dystrophy,ICD10,31,DOID:0110273,autosomal dominant limb-girdle muscular dystrophy
ICD10:G71.0,Muscular dystrophy,ICD10,31,DOID:0110274,autosomal recessive limb-girdle muscular dystrophy
ICD10:G71.0,Muscular dystrophy,ICD10,31,DOID:0110275,autosomal recessive limb-girdle muscular dystrophy type 2A
ICD10:G71.0,Muscular dystrophy,ICD10,31,DOID:0110276,autosomal recessive limb-girdle muscular dystrophy type 2B
ICD10:G71.0,Muscular dystrophy,ICD10,31,DOID:0110277,autosomal recessive limb-girdle muscular dystrophy type 2C
ICD10:G71.0,Muscular dystrophy,ICD10,31,DOID:0110278,autosomal recessive limb-girdle muscular dystrophy type 2D
ICD10:G71.0,Muscular dystrophy,ICD10,31,DOID:0110279,autosomal recessive limb-girdle muscular dystrophy type 2E
ICD10:G71.0,Muscular dystrophy,ICD10,31,DOID:0110280,autosomal recessive limb-girdle muscular dystrophy type 2F
ICD10:G71.0,Muscular dystrophy,ICD10,31,DOID:0110281,autosomal recessive limb-girdle muscular dystrophy type 2G
ICD10:G71.0,Muscular dystrophy,ICD10,31,DOID:0110282,autosomal recessive limb-girdle muscular dystrophy type 2H
ICD10:G71.0,Muscular dystrophy,ICD10,31,DOID:0110283,autosomal recessive limb-girdle muscular dystrophy type 2J
ICD10:G71.0,Muscular dystrophy,ICD10,31,DOID:0110284,autosomal recessive limb-girdle muscular dystrophy type 2L
ICD10:G71.0,Muscular dystrophy,ICD10,31,DOID:0110285,autosomal recessive limb-girdle muscular dystrophy type 2Q
ICD10:G71.0,Muscular dystrophy,ICD10,31,DOID:0110287,autosomal recessive limb-girdle muscular dystrophy type 2S
ICD10:G71.0,Muscular dystrophy,ICD10,31,DOID:0110289,autosomal recessive limb-girdle muscular dystrophy type 2Y
ICD10:G71.0,Muscular dystrophy,ICD10,31,DOID:0110292,autosomal recessive limb-girdle muscular dystrophy type 2O
ICD10:G71.0,Muscular dystrophy,ICD10,31,DOID:0110293,autosomal recessive limb-girdle muscular dystrophy type 2P
ICD10:G71.0,Muscular dystrophy,ICD10,31,DOID:0110294,autosomal recessive limb-girdle muscular dystrophy type 2T
ICD10:G71.0,Muscular dystrophy,ICD10,31,DOID:0110295,autosomal recessive limb-girdle muscular dystrophy type 2U
ICD10:G71.0,Muscular dystrophy,ICD10,31,DOID:0110296,autosomal recessive limb-girdle muscular dystrophy type 2M
ICD10:G71.0,Muscular dystrophy,ICD10,31,DOID:0110297,autosomal recessive limb-girdle muscular dystrophy type 2K
ICD10:G71.0,Muscular dystrophy,ICD10,31,DOID:0110298,autosomal recessive limb-girdle muscular dystrophy type 2N
ICD10:G71.0,Muscular dystrophy,ICD10,31,DOID:0110299,autosomal recessive limb-girdle muscular dystrophy type 2I
ICD10:G71.0,Muscular dystrophy,ICD10,31,DOID:0110303,autosomal dominant limb-girdle muscular dystrophy type 1H
ICD10:G71.0,Muscular dystrophy,ICD10,31,DOID:0110304,autosomal dominant limb-girdle muscular dystrophy type 2
ICD10:G71.0,Muscular dystrophy,ICD10,31,DOID:0110305,autosomal dominant limb-girdle muscular dystrophy type 1
ICD10:G71.0,Muscular dystrophy,ICD10,31,DOID:0110306,autosomal dominant limb-girdle muscular dystrophy type 3
ICD10:G71.0,Muscular dystrophy,ICD10,31,DOID:9884,muscular dystrophy
ICD10:E10,brittle diabetes (mellitus),ICD10,21,DOID:0110741,type 1 diabetes mellitus 2
ICD10:E10,brittle diabetes (mellitus),ICD10,21,DOID:0110742,type 1 diabetes mellitus 3
ICD10:E10,brittle diabetes (mellitus),ICD10,21,DOID:0110743,type 1 diabetes mellitus 4
ICD10:E10,brittle diabetes (mellitus),ICD10,21,DOID:0110744,type 1 diabetes mellitus 5
ICD10:E10,brittle diabetes (mellitus),ICD10,21,DOID:0110745,type 1 diabetes mellitus 6
ICD10:E10,brittle diabetes (mellitus),ICD10,21,DOID:0110746,type 1 diabetes mellitus 7
ICD10:E10,brittle diabetes (mellitus),ICD10,21,DOID:0110747,type 1 diabetes mellitus 8
ICD10:E10,brittle diabetes (mellitus),ICD10,21,DOID:0110749,type 1 diabetes mellitus 10
ICD10:E10,brittle diabetes (mellitus),ICD10,21,DOID:0110750,type 1 diabetes mellitus 11
ICD10:E10,brittle diabetes (mellitus),ICD10,21,DOID:0110751,type 1 diabetes mellitus 12
ICD10:E10,brittle diabetes (mellitus),ICD10,21,DOID:0110752,type 1 diabetes mellitus 13
ICD10:E10,brittle diabetes (mellitus),ICD10,21,DOID:0110753,type 1 diabetes mellitus 15
ICD10:E10,brittle diabetes (mellitus),ICD10,21,DOID:0110754,type 1 diabetes mellitus 17
ICD10:E10,brittle diabetes (mellitus),ICD10,21,DOID:0110755,type 1 diabetes mellitus 18
ICD10:E10,brittle diabetes (mellitus),ICD10,21,DOID:0110756,type 1 diabetes mellitus 19
ICD10:E10,brittle diabetes (mellitus),ICD10,21,DOID:0110757,type 1 diabetes mellitus 20
ICD10:E10,brittle diabetes (mellitus),ICD10,21,DOID:0110758,type 1 diabetes mellitus 21
ICD10:E10,brittle diabetes (mellitus),ICD10,21,DOID:0110759,type 1 diabetes mellitus 22
ICD10:E10,brittle diabetes (mellitus),ICD10,21,DOID:0110760,type 1 diabetes mellitus 23
ICD10:E10,brittle diabetes (mellitus),ICD10,21,DOID:0110761,type 1 diabetes mellitus 24
ICD10:E10,brittle diabetes (mellitus),ICD10,21,DOID:9744,type 1 diabetes mellitus
ICD10:Q87.8,"Other specified congenital malformation syndromes, not elsewhere classified",ICD10,20,DOID:0050764,Armfield syndrome
ICD10:Q87.8,"Other specified congenital malformation syndromes, not elsewhere classified",ICD10,20,DOID:0050779,hydrolethalus syndrome
ICD10:Q87.8,"Other specified congenital malformation syndromes, not elsewhere classified",ICD10,20,DOID:0060225,3MC syndrome
ICD10:Q87.8,"Other specified congenital malformation syndromes, not elsewhere classified",ICD10,20,DOID:0060233,cardiofaciocutaneous syndrome
ICD10:Q87.8,"Other specified congenital malformation syndromes, not elsewhere classified",ICD10,20,DOID:0060464,Feingold syndrome
ICD10:Q87.8,"Other specified congenital malformation syndromes, not elsewhere classified",ICD10,20,DOID:0060482,oculoauricular syndrome
ICD10:Q87.8,"Other specified congenital malformation syndromes, not elsewhere classified",ICD10,20,DOID:0060641,endocrine-cerebro-osteodysplasia syndrome
ICD10:Q87.8,"Other specified congenital malformation syndromes, not elsewhere classified",ICD10,20,DOID:0060747,Duane-radial ray syndrome
ICD10:Q87.8,"Other specified congenital malformation syndromes, not elsewhere classified",ICD10,20,DOID:0060802,syndromic X-linked intellectual disability Snyder type
ICD10:Q87.8,"Other specified congenital malformation syndromes, not elsewhere classified",ICD10,20,DOID:0060804,syndromic X-linked intellectual disability 12
ICD10:Q87.8,"Other specified congenital malformation syndromes, not elsewhere classified",ICD10,20,DOID:0060809,syndromic X-linked intellectual disability Claes-Jensen type
ICD10:Q87.8,"Other specified congenital malformation syndromes, not elsewhere classified",ICD10,20,DOID:0060811,syndromic X-linked intellectual disability Turner type
ICD10:Q87.8,"Other specified congenital malformation syndromes, not elsewhere classified",ICD10,20,DOID:0060813,syndromic X-linked intellectual disability Shrimpton type
ICD10:Q87.8,"Other specified congenital malformation syndromes, not elsewhere classified",ICD10,20,DOID:0060816,corpus callosum agenesis-intellectual disability-coloboma-micrognathia syndrome
ICD10:Q87.8,"Other specified congenital malformation syndromes, not elsewhere classified",ICD10,20,DOID:0060820,syndromic X-linked intellectual disability Nascimento type
ICD10:Q87.8,"Other specified congenital malformation syndromes, not elsewhere classified",ICD10,20,DOID:0060822,syndromic X-linked intellectual disability Cabezas type
ICD10:Q87.8,"Other specified congenital malformation syndromes, not elsewhere classified",ICD10,20,DOID:0060824,syndromic X-linked intellectual disability Raymond type
ICD10:Q87.8,"Other specified congenital malformation syndromes, not elsewhere classified",ICD10,20,DOID:0060826,syndromic X-linked intellectual disability Shashi type
ICD10:Q87.8,"Other specified congenital malformation syndromes, not elsewhere classified",ICD10,20,DOID:0060830,"deafness-intellectual disability, Martin-Probst type syndrome"
ICD10:Q87.8,"Other specified congenital malformation syndromes, not elsewhere classified",ICD10,20,DOID:0110595,Stromme syndrome
ICD10:Q87.89,"Other specified congenital malformation syndromes, not elsewhere classified",ICD10,19,DOID:0110123,Bardet-Biedl syndrome 1
ICD10:Q87.89,"Other specified congenital malformation syndromes, not elsewhere classified",ICD10,19,DOID:0110124,Bardet-Biedl syndrome 2
ICD10:Q87.89,"Other specified congenital malformation syndromes, not elsewhere classified",ICD10,19,DOID:0110125,Bardet-Biedl syndrome 3
ICD10:Q87.89,"Other specified congenital malformation syndromes, not elsewhere classified",ICD10,19,DOID:0110126,Bardet-Biedl syndrome 4
ICD10:Q87.89,"Other specified congenital malformation syndromes, not elsewhere classified",ICD10,19,DOID:0110127,Bardet-Biedl syndrome 5
ICD10:Q87.89,"Other specified congenital malformation syndromes, not elsewhere classified",ICD10,19,DOID:0110128,Bardet-Biedl syndrome 6
ICD10:Q87.89,"Other specified congenital malformation syndromes, not elsewhere classified",ICD10,19,DOID:0110129,Bardet-Biedl syndrome 7
ICD10:Q87.89,"Other specified congenital malformation syndromes, not elsewhere classified",ICD10,19,DOID:0110130,Bardet-Biedl syndrome 8
ICD10:Q87.89,"Other specified congenital malformation syndromes, not elsewhere classified",ICD10,19,DOID:0110131,Bardet-Biedl syndrome 9
ICD10:Q87.89,"Other specified congenital malformation syndromes, not elsewhere classified",ICD10,19,DOID:0110132,Bardet-Biedl syndrome 10
ICD10:Q87.89,"Other specified congenital malformation syndromes, not elsewhere classified",ICD10,19,DOID:0110133,Bardet-Biedl syndrome 11
ICD10:Q87.89,"Other specified congenital malformation syndromes, not elsewhere classified",ICD10,19,DOID:0110134,Bardet-Biedl syndrome 12
ICD10:Q87.89,"Other specified congenital malformation syndromes, not elsewhere classified",ICD10,19,DOID:0110135,Bardet-Biedl syndrome 13
ICD10:Q87.89,"Other specified congenital malformation syndromes, not elsewhere classified",ICD10,19,DOID:0110136,Bardet-Biedl syndrome 14
ICD10:Q87.89,"Other specified congenital malformation syndromes, not elsewhere classified",ICD10,19,DOID:0110137,Bardet-Biedl syndrome 15
ICD10:Q87.89,"Other specified congenital malformation syndromes, not elsewhere classified",ICD10,19,DOID:0110138,Bardet-Biedl syndrome 16
ICD10:Q87.89,"Other specified congenital malformation syndromes, not elsewhere classified",ICD10,19,DOID:0110139,Bardet-Biedl syndrome 17
ICD10:Q87.89,"Other specified congenital malformation syndromes, not elsewhere classified",ICD10,19,DOID:0110140,Bardet-Biedl syndrome 18
ICD10:Q87.89,"Other specified congenital malformation syndromes, not elsewhere classified",ICD10,19,DOID:0110141,Bardet-Biedl syndrome 19
ICD10:Q93.5,Other deletions of part of a chromosome,ICD10,19,DOID:0060390,distal 10q deletion syndrome
ICD10:Q93.5,Other deletions of part of a chromosome,ICD10,19,DOID:0060391,chromosome 13q14 deletion syndrome
ICD10:Q93.5,Other deletions of part of a chromosome,ICD10,19,DOID:0060394,chromosome 15q13.3 microdeletion syndrome
ICD10:Q93.5,Other deletions of part of a chromosome,ICD10,19,DOID:0060395,chromosome 15q24 deletion syndrome
ICD10:Q93.5,Other deletions of part of a chromosome,ICD10,19,DOID:0060397,chromosome 15q26-qter deletion syndrome
ICD10:Q93.5,Other deletions of part of a chromosome,ICD10,19,DOID:0060400,chromosome 16p12.2-p11.2 deletion syndrome
ICD10:Q93.5,Other deletions of part of a chromosome,ICD10,19,DOID:0060404,chromosome 17q12 deletion syndrome
ICD10:Q93.5,Other deletions of part of a chromosome,ICD10,19,DOID:0060405,chromosome 17q23.1-q23.2 deletion syndrome
ICD10:Q93.5,Other deletions of part of a chromosome,ICD10,19,DOID:0060407,chromosome 18q deletion syndrome
ICD10:Q93.5,Other deletions of part of a chromosome,ICD10,19,DOID:0060409,NFIA-related disorder
ICD10:Q93.5,Other deletions of part of a chromosome,ICD10,19,DOID:0060411,chromosome 1q21.1 deletion syndrome
ICD10:Q93.5,Other deletions of part of a chromosome,ICD10,19,DOID:0060412,chromosome 1q41-q42 deletion syndrome
ICD10:Q93.5,Other deletions of part of a chromosome,ICD10,19,DOID:0060415,chromosome 2p16.1-p15 deletion syndrome
ICD10:Q93.5,Other deletions of part of a chromosome,ICD10,19,DOID:0060417,3p deletion syndrome
ICD10:Q93.5,Other deletions of part of a chromosome,ICD10,19,DOID:0060422,chromosome 6pter-p24 deletion syndrome
ICD10:Q93.5,Other deletions of part of a chromosome,ICD10,19,DOID:0060425,chromosome 8q21.11 deletion syndrome
ICD10:Q93.5,Other deletions of part of a chromosome,ICD10,19,DOID:0060428,SATB2-associated syndrome
ICD10:Q93.5,Other deletions of part of a chromosome,ICD10,19,DOID:0060732,chromosome 9p deletion syndrome
ICD10:Q93.5,Other deletions of part of a chromosome,ICD10,19,DOID:0060768,Smith-Magenis syndrome
ICD10:K00.5,"Hereditary disturbances in tooth structure, not elsewhere classified",ICD10,18,DOID:0110052,amelogenesis imperfecta type 1B
ICD10:K00.5,"Hereditary disturbances in tooth structure, not elsewhere classified",ICD10,18,DOID:0110053,amelogenesis imperfecta type 4
ICD10:K00.5,"Hereditary disturbances in tooth structure, not elsewhere classified",ICD10,18,DOID:0110054,amelogenesis imperfecta type 1A
ICD10:K00.5,"Hereditary disturbances in tooth structure, not elsewhere classified",ICD10,18,DOID:0110055,amelogenesis imperfecta type 3A
ICD10:K00.5,"Hereditary disturbances in tooth structure, not elsewhere classified",ICD10,18,DOID:0110056,amelogenesis imperfecta type 1C
ICD10:K00.5,"Hereditary disturbances in tooth structure, not elsewhere classified",ICD10,18,DOID:0110057,amelogenesis imperfecta type 2A1
ICD10:K00.5,"Hereditary disturbances in tooth structure, not elsewhere classified",ICD10,18,DOID:0110058,amelogenesis imperfecta type 1E
ICD10:K00.5,"Hereditary disturbances in tooth structure, not elsewhere classified",ICD10,18,DOID:0110059,X-linked amelogenesis imperfecta hypoplastic/hypomaturation 2
ICD10:K00.5,"Hereditary disturbances in tooth structure, not elsewhere classified",ICD10,18,DOID:0110060,amelogenesis imperfecta hypomaturation type 2A2
ICD10:K00.5,"Hereditary disturbances in tooth structure, not elsewhere classified",ICD10,18,DOID:0110061,amelogenesis imperfecta hypomaturation type 2A3
ICD10:K00.5,"Hereditary disturbances in tooth structure, not elsewhere classified",ICD10,18,DOID:0110062,amelogenesis imperfecta hypomaturation type 2A4
ICD10:K00.5,"Hereditary disturbances in tooth structure, not elsewhere classified",ICD10,18,DOID:0110063,amelogenesis imperfecta hypomaturation type 2A5
ICD10:K00.5,"Hereditary disturbances in tooth structure, not elsewhere classified",ICD10,18,DOID:0110064,amelogenesis imperfecta type 1H
ICD10:K00.5,"Hereditary disturbances in tooth structure, not elsewhere classified",ICD10,18,DOID:0110065,amelogenesis imperfecta type 1F
ICD10:K00.5,"Hereditary disturbances in tooth structure, not elsewhere classified",ICD10,18,DOID:0110066,amelogenesis imperfecta type 1G
ICD10:K00.5,"Hereditary disturbances in tooth structure, not elsewhere classified",ICD10,18,DOID:2187,amelogenesis imperfecta
ICD10:K00.5,"Hereditary disturbances in tooth structure, not elsewhere classified",ICD10,18,DOID:4154,dentinogenesis imperfecta
ICD10:K00.5,"Hereditary disturbances in tooth structure, not elsewhere classified",ICD10,18,DOID:701,dentin dysplasia
ICD10:Q78.0,Osteogenesis imperfecta,ICD10,18,DOID:0110335,"osteogenesis imperfecta with opalescent teeth, blue sclerae and wormian bones but without fractures"
ICD10:Q78.0,Osteogenesis imperfecta,ICD10,18,DOID:0110336,osteogenesis imperfecta type 8
ICD10:Q78.0,Osteogenesis imperfecta,ICD10,18,DOID:0110337,osteogenesis imperfecta type 7
ICD10:Q78.0,Osteogenesis imperfecta,ICD10,18,DOID:0110338,osteogenesis imperfecta type 17
ICD10:Q78.0,Osteogenesis imperfecta,ICD10,18,DOID:0110339,osteogenesis imperfecta type 3
ICD10:Q78.0,Osteogenesis imperfecta,ICD10,18,DOID:0110340,osteogenesis imperfecta type 4
ICD10:Q78.0,Osteogenesis imperfecta,ICD10,18,DOID:0110341,osteogenesis imperfecta type 2
ICD10:Q78.0,Osteogenesis imperfecta,ICD10,18,DOID:0110342,osteogenesis imperfecta type 13
ICD10:Q78.0,Osteogenesis imperfecta,ICD10,18,DOID:0110343,osteogenesis imperfecta type 14
ICD10:Q78.0,Osteogenesis imperfecta,ICD10,18,DOID:0110344,osteogenesis imperfecta type 5
ICD10:Q78.0,Osteogenesis imperfecta,ICD10,18,DOID:0110345,osteogenesis imperfecta type 16
ICD10:Q78.0,Osteogenesis imperfecta,ICD10,18,DOID:0110346,osteogenesis imperfecta type 10
ICD10:Q78.0,Osteogenesis imperfecta,ICD10,18,DOID:0110347,osteogenesis imperfecta type 15
ICD10:Q78.0,Osteogenesis imperfecta,ICD10,18,DOID:0110348,osteogenesis imperfecta type 12
ICD10:Q78.0,Osteogenesis imperfecta,ICD10,18,DOID:0110349,osteogenesis imperfecta type 9
ICD10:Q78.0,Osteogenesis imperfecta,ICD10,18,DOID:0110350,osteogenesis imperfecta type 6
ICD10:Q78.0,Osteogenesis imperfecta,ICD10,18,DOID:0110351,osteogenesis imperfecta type 11
ICD10:Q78.0,Osteogenesis imperfecta,ICD10,18,DOID:12347,osteogenesis imperfecta
ICD10:E75.2,Other sphingolipidosis,ICD10,16,DOID:0060787,hypomyelinating leukodystrophy 2
ICD10:E75.2,Other sphingolipidosis,ICD10,16,DOID:0060789,hypomyelinating leukodystrophy 4
ICD10:E75.2,Other sphingolipidosis,ICD10,16,DOID:0060790,hypomyelinating leukodystrophy 3
ICD10:E75.2,Other sphingolipidosis,ICD10,16,DOID:0060791,hypomyelinating leukodystrophy 9
ICD10:E75.2,Other sphingolipidosis,ICD10,16,DOID:0060798,hypomyelinating leukodystrophy 6
ICD10:E75.2,Other sphingolipidosis,ICD10,16,DOID:0060868,leukoencephalopathy with vanishing white matter
ICD10:E75.2,Other sphingolipidosis,ICD10,16,DOID:0070111,Niemann-Pick disease type A
ICD10:E75.2,Other sphingolipidosis,ICD10,16,DOID:0070112,Niemann-Pick disease type B
ICD10:E75.2,Other sphingolipidosis,ICD10,16,DOID:0070113,Niemann-Pick disease type C1
ICD10:E75.2,Other sphingolipidosis,ICD10,16,DOID:0070114,Niemann-Pick disease type C2
ICD10:E75.2,Other sphingolipidosis,ICD10,16,DOID:0090111,PCWH syndrome
ICD10:E75.2,Other sphingolipidosis,ICD10,16,DOID:0110957,Gaucher's disease type I
ICD10:E75.2,Other sphingolipidosis,ICD10,16,DOID:0110958,Gaucher's disease type II
ICD10:E75.2,Other sphingolipidosis,ICD10,16,DOID:0110959,Gaucher's disease type III
ICD10:E75.2,Other sphingolipidosis,ICD10,16,DOID:0110960,Gaucher's disease perinatal lethal
ICD10:E75.2,Other sphingolipidosis,ICD10,16,DOID:0110961,atypical Gaucher's disease due to saposin c deficiency
ICD10:G24.1,Idiopathic familial dystonia,ICD10,16,DOID:0050835,generalized dystonia
ICD10:G24.1,Idiopathic familial dystonia,ICD10,16,DOID:0060730,torsion dystonia 1
ICD10:G24.1,Idiopathic familial dystonia,ICD10,16,DOID:0090034,myoclonic dystonia 11
ICD10:G24.1,Idiopathic familial dystonia,ICD10,16,DOID:0090037,torsion dystonia 13
ICD10:G24.1,Idiopathic familial dystonia,ICD10,16,DOID:0090038,torsion dystonia 2
ICD10:G24.1,Idiopathic familial dystonia,ICD10,16,DOID:0090039,torsion dystonia 6
ICD10:G24.1,Idiopathic familial dystonia,ICD10,16,DOID:0090041,torsion dystonia 4
ICD10:G24.1,Idiopathic familial dystonia,ICD10,16,DOID:0090042,torsion dystonia 17
ICD10:G24.1,Idiopathic familial dystonia,ICD10,16,DOID:0090043,dopa-responsive dystonia
ICD10:G24.1,Idiopathic familial dystonia,ICD10,16,DOID:0090046,dystonia 21
ICD10:G24.1,Idiopathic familial dystonia,ICD10,16,DOID:0090048,dystonia 16
ICD10:G24.1,Idiopathic familial dystonia,ICD10,16,DOID:0090050,dystonia 27
ICD10:G24.1,Idiopathic familial dystonia,ICD10,16,DOID:0090055,dystonia 25
ICD10:G24.1,Idiopathic familial dystonia,ICD10,16,DOID:0090056,dystonia 12
ICD10:G24.1,Idiopathic familial dystonia,ICD10,16,DOID:0090057,X-linked dystonia-parkinsonism
ICD10:G24.1,Idiopathic familial dystonia,ICD10,16,DOID:0090058,torsion dystonia with onset in infancy
ICD10:Q82.8,Other specified congenital malformations of skin,ICD10,16,DOID:0050429,Hailey-Hailey disease
ICD10:Q82.8,Other specified congenital malformations of skin,ICD10,16,DOID:0070129,autosomal recessive cutis laxa type IID
ICD10:Q82.8,Other specified congenital malformations of skin,ICD10,16,DOID:0070130,autosomal dominant cutis laxa 1
ICD10:Q82.8,Other specified congenital malformations of skin,ICD10,16,DOID:0070131,autosomal dominant cutis laxa 3
ICD10:Q82.8,Other specified congenital malformations of skin,ICD10,16,DOID:0070132,autosomal recessive cutis laxa type IIIA
ICD10:Q82.8,Other specified congenital malformations of skin,ICD10,16,DOID:0070133,autosomal recessive cutis laxa type IB
ICD10:Q82.8,Other specified congenital malformations of skin,ICD10,16,DOID:0070134,autosomal recessive cutis laxa type IIA
ICD10:Q82.8,Other specified congenital malformations of skin,ICD10,16,DOID:0070135,autosomal recessive cutis laxa type IA
ICD10:Q82.8,Other specified congenital malformations of skin,ICD10,16,DOID:0070136,autosomal dominant cutis laxa 2
ICD10:Q82.8,Other specified congenital malformations of skin,ICD10,16,DOID:0070137,autosomal recessive cutis laxa type IIB
ICD10:Q82.8,Other specified congenital malformations of skin,ICD10,16,DOID:0070138,autosomal recessive cutis laxa type IIIB
ICD10:Q82.8,Other specified congenital malformations of skin,ICD10,16,DOID:0070140,autosomal recessive cutis laxa type IIC
ICD10:Q82.8,Other specified congenital malformations of skin,ICD10,16,DOID:0070141,autosomal recessive cutis laxa type II classic type
ICD10:Q82.8,Other specified congenital malformations of skin,ICD10,16,DOID:0070142,autosomal dominant cutis laxa
ICD10:Q82.8,Other specified congenital malformations of skin,ICD10,16,DOID:2732,Rothmund-Thomson syndrome
ICD10:Q82.8,Other specified congenital malformations of skin,ICD10,16,DOID:3144,cutis laxa
ICD10:E75.4,Neuronal ceroid lipofuscinosis,ICD10,15,DOID:0110720,neuronal ceroid lipofuscinosis 4
ICD10:E75.4,Neuronal ceroid lipofuscinosis,ICD10,15,DOID:0110721,neuronal ceroid lipofuscinosis 1
ICD10:E75.4,Neuronal ceroid lipofuscinosis,ICD10,15,DOID:0110722,neuronal ceroid lipofuscinosis 7
ICD10:E75.4,Neuronal ceroid lipofuscinosis,ICD10,15,DOID:0110723,neuronal ceroid lipofuscinosis 8
ICD10:E75.4,Neuronal ceroid lipofuscinosis,ICD10,15,DOID:0110724,neuronal ceroid lipofuscinosis 8 northern epilepsy variant
ICD10:E75.4,Neuronal ceroid lipofuscinosis,ICD10,15,DOID:0110725,neuronal ceroid lipofuscinosis 10
ICD10:E75.4,Neuronal ceroid lipofuscinosis,ICD10,15,DOID:0110726,neuronal ceroid lipofuscinosis 2
ICD10:E75.4,Neuronal ceroid lipofuscinosis,ICD10,15,DOID:0110727,neuronal ceroid lipofuscinosis 13
ICD10:E75.4,Neuronal ceroid lipofuscinosis,ICD10,15,DOID:0110728,neuronal ceroid lipofuscinosis 5
ICD10:E75.4,Neuronal ceroid lipofuscinosis,ICD10,15,DOID:0110729,neuronal ceroid lipofuscinosis 6A
ICD10:E75.4,Neuronal ceroid lipofuscinosis,ICD10,15,DOID:0110730,neuronal ceroid lipofuscinosis 6B
ICD10:E75.4,Neuronal ceroid lipofuscinosis,ICD10,15,DOID:0110731,neuronal ceroid lipofuscinosis 3
ICD10:E75.4,Neuronal ceroid lipofuscinosis,ICD10,15,DOID:0110732,neuronal ceroid lipofuscinosis 11
ICD10:E75.4,Neuronal ceroid lipofuscinosis,ICD10,15,DOID:0110733,neuronal ceroid lipofuscinosis 9
ICD10:E75.4,Neuronal ceroid lipofuscinosis,ICD10,15,DOID:14503,neuronal ceroid lipofuscinosis
ICD10:Q87.0,Congenital malformation syndromes predominantly affecting facial appearance,ICD10,15,DOID:0060316,orofaciodigital syndrome I
ICD10:Q87.0,Congenital malformation syndromes predominantly affecting facial appearance,ICD10,15,DOID:0060359,Sakati-Nyhan syndrome
ICD10:Q87.0,Congenital malformation syndromes predominantly affecting facial appearance,ICD10,15,DOID:0060380,orofaciodigital syndrome X
ICD10:Q87.0,Congenital malformation syndromes predominantly affecting facial appearance,ICD10,15,DOID:0070757,Pilarowski-Bjornsson syndrome
ICD10:Q87.0,Congenital malformation syndromes predominantly affecting facial appearance,ICD10,15,DOID:0070791,craniofaciocardiohepatic syndrome
ICD10:Q87.0,Congenital malformation syndromes predominantly affecting facial appearance,ICD10,15,DOID:0090001,Fraser syndrome
ICD10:Q87.0,Congenital malformation syndromes predominantly affecting facial appearance,ICD10,15,DOID:0110716,Warburg micro syndrome 1
ICD10:Q87.0,Congenital malformation syndromes predominantly affecting facial appearance,ICD10,15,DOID:0110717,Warburg micro syndrome 2
ICD10:Q87.0,Congenital malformation syndromes predominantly affecting facial appearance,ICD10,15,DOID:0110718,Warburg micro syndrome 3
ICD10:Q87.0,Congenital malformation syndromes predominantly affecting facial appearance,ICD10,15,DOID:0110719,Warburg micro syndrome 4
ICD10:Q87.0,Congenital malformation syndromes predominantly affecting facial appearance,ICD10,15,DOID:0111604,Freeman-Sheldon syndrome
ICD10:Q87.0,Congenital malformation syndromes predominantly affecting facial appearance,ICD10,15,DOID:13501,Moebius syndrome
ICD10:Q87.0,Congenital malformation syndromes predominantly affecting facial appearance,ICD10,15,DOID:2907,Goldenhar syndrome
ICD10:Q87.0,Congenital malformation syndromes predominantly affecting facial appearance,ICD10,15,DOID:4258,Weissenbacher-Zweymuller syndrome
ICD10:Q87.0,Congenital malformation syndromes predominantly affecting facial appearance,ICD10,15,DOID:4501,orofaciodigital syndrome
ICD10:Q87.1,Congenital malformation syndromes predominantly associated with short stature,ICD10,13,DOID:0050569,Seckel syndrome
ICD10:Q87.1,Congenital malformation syndromes predominantly associated with short stature,ICD10,13,DOID:0060578,Noonan syndrome 1
ICD10:Q87.1,Congenital malformation syndromes predominantly associated with short stature,ICD10,13,DOID:0060580,Noonan syndrome 2
ICD10:Q87.1,Congenital malformation syndromes predominantly associated with short stature,ICD10,13,DOID:0060581,Noonan syndrome 3
ICD10:Q87.1,Congenital malformation syndromes predominantly associated with short stature,ICD10,13,DOID:0060582,Noonan syndrome 4
ICD10:Q87.1,Congenital malformation syndromes predominantly associated with short stature,ICD10,13,DOID:0060583,Noonan syndrome 5
ICD10:Q87.1,Congenital malformation syndromes predominantly associated with short stature,ICD10,13,DOID:0060584,Noonan syndrome 6
ICD10:Q87.1,Congenital malformation syndromes predominantly associated with short stature,ICD10,13,DOID:0060585,Noonan syndrome 7
ICD10:Q87.1,Congenital malformation syndromes predominantly associated with short stature,ICD10,13,DOID:0060586,Noonan syndrome 8
ICD10:Q87.1,Congenital malformation syndromes predominantly associated with short stature,ICD10,13,DOID:0060587,Noonan syndrome 9
ICD10:Q87.1,Congenital malformation syndromes predominantly associated with short stature,ICD10,13,DOID:0060588,Noonan syndrome 10
ICD10:Q87.1,Congenital malformation syndromes predominantly associated with short stature,ICD10,13,DOID:0060608,microcephalic osteodysplastic primordial dwarfism type I
ICD10:Q87.1,Congenital malformation syndromes predominantly associated with short stature,ICD10,13,DOID:0060609,microcephalic osteodysplastic primordial dwarfism type II
ICD10:G30,Alzheimer's dementia senile and presenile forms,ICD10,12,DOID:0110035,Alzheimer's disease 2
ICD10:G30,Alzheimer's dementia senile and presenile forms,ICD10,12,DOID:0110037,Alzheimer's disease 5
ICD10:G30,Alzheimer's dementia senile and presenile forms,ICD10,12,DOID:0110038,Alzheimer's disease 6
ICD10:G30,Alzheimer's dementia senile and presenile forms,ICD10,12,DOID:0110039,Alzheimer's disease 7
ICD10:G30,Alzheimer's dementia senile and presenile forms,ICD10,12,DOID:0110041,Alzheimer's disease 8
ICD10:G30,Alzheimer's dementia senile and presenile forms,ICD10,12,DOID:0110043,Alzheimer's disease 10
ICD10:G30,Alzheimer's dementia senile and presenile forms,ICD10,12,DOID:0110044,Alzheimer's disease 11
ICD10:G30,Alzheimer's dementia senile and presenile forms,ICD10,12,DOID:0110045,Alzheimer's disease 12
ICD10:G30,Alzheimer's dementia senile and presenile forms,ICD10,12,DOID:0110046,Alzheimer's disease 13
ICD10:G30,Alzheimer's dementia senile and presenile forms,ICD10,12,DOID:0110047,Alzheimer's disease 14
ICD10:G30,Alzheimer's dementia senile and presenile forms,ICD10,12,DOID:0110048,Alzheimer's disease 15
ICD10:G30,Alzheimer's dementia senile and presenile forms,ICD10,12,DOID:10652,Alzheimer's disease
ICD10:I42.8,Other cardiomyopathies,ICD10,12,DOID:0060675,catecholaminergic polymorphic ventricular tachycardia 1
ICD10:I42.8,Other cardiomyopathies,ICD10,12,DOID:0110070,arrhythmogenic right ventricular dysplasia 1
ICD10:I42.8,Other cardiomyopathies,ICD10,12,DOID:0110072,arrhythmogenic right ventricular dysplasia 3
ICD10:I42.8,Other cardiomyopathies,ICD10,12,DOID:0110073,arrhythmogenic right ventricular dysplasia 4
ICD10:I42.8,Other cardiomyopathies,ICD10,12,DOID:0110074,arrhythmogenic right ventricular dysplasia 5
ICD10:I42.8,Other cardiomyopathies,ICD10,12,DOID:0110075,arrhythmogenic right ventricular dysplasia 6
ICD10:I42.8,Other cardiomyopathies,ICD10,12,DOID:0110076,arrhythmogenic right ventricular dysplasia 8
ICD10:I42.8,Other cardiomyopathies,ICD10,12,DOID:0110077,arrhythmogenic right ventricular dysplasia 9
ICD10:I42.8,Other cardiomyopathies,ICD10,12,DOID:0110081,arrhythmogenic right ventricular dysplasia 10
ICD10:I42.8,Other cardiomyopathies,ICD10,12,DOID:0110082,arrhythmogenic right ventricular dysplasia 11
ICD10:I42.8,Other cardiomyopathies,ICD10,12,DOID:0110083,arrhythmogenic right ventricular dysplasia 12
ICD10:I42.8,Other cardiomyopathies,ICD10,12,DOID:0110084,arrhythmogenic right ventricular dysplasia 13
ICD10:I45.8,Other specified conduction disorders,ICD10,12,DOID:0110644,long QT syndrome 1
ICD10:I45.8,Other specified conduction disorders,ICD10,12,DOID:0110645,long QT syndrome 2
ICD10:I45.8,Other specified conduction disorders,ICD10,12,DOID:0110646,long QT syndrome 3
ICD10:I45.8,Other specified conduction disorders,ICD10,12,DOID:0110647,long QT syndrome 5
ICD10:I45.8,Other specified conduction disorders,ICD10,12,DOID:0110648,long QT syndrome 6
ICD10:I45.8,Other specified conduction disorders,ICD10,12,DOID:0110650,long QT syndrome 9
ICD10:I45.8,Other specified conduction disorders,ICD10,12,DOID:0110651,long QT syndrome 10
ICD10:I45.8,Other specified conduction disorders,ICD10,12,DOID:0110652,long QT syndrome 11
ICD10:I45.8,Other specified conduction disorders,ICD10,12,DOID:0110653,long QT syndrome 12
ICD10:I45.8,Other specified conduction disorders,ICD10,12,DOID:0110654,long QT syndrome 13
ICD10:I45.8,Other specified conduction disorders,ICD10,12,DOID:0110655,long QT syndrome 14
ICD10:I45.8,Other specified conduction disorders,ICD10,12,DOID:0110656,long QT syndrome 15
ICD10:Q77.2,Short rib syndrome,ICD10,12,DOID:0050592,asphyxiating thoracic dystrophy
ICD10:Q77.2,Short rib syndrome,ICD10,12,DOID:0110085,asphyxiating thoracic dystrophy 1
ICD10:Q77.2,Short rib syndrome,ICD10,12,DOID:0110086,asphyxiating thoracic dystrophy 2
ICD10:Q77.2,Short rib syndrome,ICD10,12,DOID:0110087,asphyxiating thoracic dystrophy 3
ICD10:Q77.2,Short rib syndrome,ICD10,12,DOID:0110088,asphyxiating thoracic dystrophy 4
ICD10:Q77.2,Short rib syndrome,ICD10,12,DOID:0110089,asphyxiating thoracic dystrophy 5
ICD10:Q77.2,Short rib syndrome,ICD10,12,DOID:0110090,short-rib thoracic dysplasia 7 with or without polydactyly
ICD10:Q77.2,Short rib syndrome,ICD10,12,DOID:0110091,short-rib thoracic dysplasia 10 with or without polydactyly
ICD10:Q77.2,Short rib syndrome,ICD10,12,DOID:0110092,short-rib thoracic dysplasia 6 with or without polydactyly
ICD10:Q77.2,Short rib syndrome,ICD10,12,DOID:0110093,short-rib thoracic dysplasia 13 with or without polydactyly
ICD10:Q77.2,Short rib syndrome,ICD10,12,DOID:0110094,short-rib thoracic dysplasia 8 with or without polydactyly
ICD10:Q77.2,Short rib syndrome,ICD10,12,DOID:0110095,short-rib thoracic dysplasia 11 with or without polydactyly
ICD10:I49.8,Other specified cardiac arrhythmias,ICD10,10,DOID:0050451,Brugada syndrome
ICD10:I49.8,Other specified cardiac arrhythmias,ICD10,10,DOID:0110218,Brugada syndrome 1
ICD10:I49.8,Other specified cardiac arrhythmias,ICD10,10,DOID:0110219,Brugada syndrome 2
ICD10:I49.8,Other specified cardiac arrhythmias,ICD10,10,DOID:0110220,Brugada syndrome 3
ICD10:I49.8,Other specified cardiac arrhythmias,ICD10,10,DOID:0110221,Brugada syndrome 4
ICD10:I49.8,Other specified cardiac arrhythmias,ICD10,10,DOID:0110222,Brugada syndrome 5
ICD10:I49.8,Other specified cardiac arrhythmias,ICD10,10,DOID:0110223,Brugada syndrome 6
ICD10:I49.8,Other specified cardiac arrhythmias,ICD10,10,DOID:0110224,Brugada syndrome 7
ICD10:I49.8,Other specified cardiac arrhythmias,ICD10,10,DOID:0110225,Brugada syndrome 8
ICD10:I49.8,Other specified cardiac arrhythmias,ICD10,10,DOID:0110226,Brugada syndrome 9
ICD10:Q04.3,Other reduction deformities of brain,ICD10,10,DOID:0050453,lissencephaly
ICD10:Q04.3,Other reduction deformities of brain,ICD10,10,DOID:0050777,Joubert syndrome
ICD10:Q04.3,Other reduction deformities of brain,ICD10,10,DOID:0060270,pontocerebellar hypoplasia type 2D
ICD10:Q04.3,Other reduction deformities of brain,ICD10,10,DOID:0060276,pontocerebellar hypoplasia type 7
ICD10:Q04.3,Other reduction deformities of brain,ICD10,10,DOID:0060277,pontocerebellar hypoplasia type 8
ICD10:Q04.3,Other reduction deformities of brain,ICD10,10,DOID:0060278,pontocerebellar hypoplasia type 9
ICD10:Q04.3,Other reduction deformities of brain,ICD10,10,DOID:0060807,syndromic X-linked intellectual disability Najm type
ICD10:Q04.3,Other reduction deformities of brain,ICD10,10,DOID:0090137,complex cortical dysplasia with other brain malformations 1
ICD10:Q04.3,Other reduction deformities of brain,ICD10,10,DOID:0110096,short-rib thoracic dysplasia 14 with polydactyly
ICD10:Q04.3,Other reduction deformities of brain,ICD10,10,DOID:4626,hydranencephaly
ICD10:Q21.1,Atrial septal defect,ICD10,10,DOID:0110106,atrial heart septal defect 1
ICD10:Q21.1,Atrial septal defect,ICD10,10,DOID:0110107,atrial heart septal defect 2
ICD10:Q21.1,Atrial septal defect,ICD10,10,DOID:0110108,atrial heart septal defect 3
ICD10:Q21.1,Atrial septal defect,ICD10,10,DOID:0110109,atrial heart septal defect 4
ICD10:Q21.1,Atrial septal defect,ICD10,10,DOID:0110110,atrial heart septal defect 5
ICD10:Q21.1,Atrial septal defect,ICD10,10,DOID:0110111,atrial heart septal defect 6
ICD10:Q21.1,Atrial septal defect,ICD10,10,DOID:0110112,atrial heart septal defect 7
ICD10:Q21.1,Atrial septal defect,ICD10,10,DOID:0110113,atrial heart septal defect 8
ICD10:Q21.1,Atrial septal defect,ICD10,10,DOID:0110114,atrial heart septal defect 9
ICD10:Q21.1,Atrial septal defect,ICD10,10,DOID:1882,atrial heart septal defect
ICD10:Q80.2,Lamellar ichthyosis,ICD10,10,DOID:0060656,autosomal recessive congenital ichthyosis 1
ICD10:Q80.2,Lamellar ichthyosis,ICD10,10,DOID:0060710,autosomal recessive congenital ichthyosis 2
ICD10:Q80.2,Lamellar ichthyosis,ICD10,10,DOID:0060711,autosomal recessive congenital ichthyosis 3
ICD10:Q80.2,Lamellar ichthyosis,ICD10,10,DOID:0060712,autosomal recessive congenital ichthyosis 4A
ICD10:Q80.2,Lamellar ichthyosis,ICD10,10,DOID:0060714,autosomal recessive congenital ichthyosis 5
ICD10:Q80.2,Lamellar ichthyosis,ICD10,10,DOID:0060715,autosomal recessive congenital ichthyosis 6
ICD10:Q80.2,Lamellar ichthyosis,ICD10,10,DOID:0060716,autosomal recessive congenital ichthyosis 7
ICD10:Q80.2,Lamellar ichthyosis,ICD10,10,DOID:0060717,autosomal recessive congenital ichthyosis 8
ICD10:Q80.2,Lamellar ichthyosis,ICD10,10,DOID:0060718,autosomal recessive congenital ichthyosis 9
ICD10:Q80.2,Lamellar ichthyosis,ICD10,10,DOID:0060719,autosomal recessive congenital ichthyosis 10
ICD10:D84.1,Defects in the complement system,ICD10,9,DOID:0060295,complement component 2 deficiency
ICD10:D84.1,Defects in the complement system,ICD10,9,DOID:0060297,complement component 4a deficiency
ICD10:D84.1,Defects in the complement system,ICD10,9,DOID:0060298,complement component 4b deficiency
ICD10:D84.1,Defects in the complement system,ICD10,9,DOID:0060299,complement component 6 deficiency
ICD10:D84.1,Defects in the complement system,ICD10,9,DOID:0060300,complement component 7 deficiency
ICD10:D84.1,Defects in the complement system,ICD10,9,DOID:0060301,type I complement component 8 deficiency
ICD10:D84.1,Defects in the complement system,ICD10,9,DOID:0060302,type II complement component 8 deficiency
ICD10:D84.1,Defects in the complement system,ICD10,9,DOID:0060303,complement component 9 deficiency
ICD10:D84.1,Defects in the complement system,ICD10,9,DOID:626,complement deficiency
ICD10:Q82.1,Xeroderma pigmentosum,ICD10,9,DOID:0050427,xeroderma pigmentosum
ICD10:Q82.1,Xeroderma pigmentosum,ICD10,9,DOID:0110843,xeroderma pigmentosum group A
ICD10:Q82.1,Xeroderma pigmentosum,ICD10,9,DOID:0110844,xeroderma pigmentosum group C
ICD10:Q82.1,Xeroderma pigmentosum,ICD10,9,DOID:0110845,xeroderma pigmentosum group D
ICD10:Q82.1,Xeroderma pigmentosum,ICD10,9,DOID:0110846,xeroderma pigmentosum group E
ICD10:Q82.1,Xeroderma pigmentosum,ICD10,9,DOID:0110847,xeroderma pigmentosum variant type
ICD10:Q82.1,Xeroderma pigmentosum,ICD10,9,DOID:0110848,xeroderma pigmentosum group F
ICD10:Q82.1,Xeroderma pigmentosum,ICD10,9,DOID:0110849,xeroderma pigmentosum group G
ICD10:Q82.1,Xeroderma pigmentosum,ICD10,9,DOID:0110850,xeroderma pigmentosum group B
ICD10:Q92.3,Minor partial trisomy,ICD10,9,DOID:0060430,chromosome 16p11.2 duplication syndrome
ICD10:Q92.3,Minor partial trisomy,ICD10,9,DOID:0060431,chromosome 16p13.3 duplication syndrome
ICD10:Q92.3,Minor partial trisomy,ICD10,9,DOID:0060432,chromosome 17p13.3 duplication syndrome
ICD10:Q92.3,Minor partial trisomy,ICD10,9,DOID:0060433,chromosome 17q12 duplication syndrome
ICD10:Q92.3,Minor partial trisomy,ICD10,9,DOID:0060434,chromosome 17q21.31 duplication syndrome
ICD10:Q92.3,Minor partial trisomy,ICD10,9,DOID:0060435,chromosome 1q21.1 duplication syndrome
ICD10:Q92.3,Minor partial trisomy,ICD10,9,DOID:0060436,chromosome 22q11.2 microduplication syndrome
ICD10:Q92.3,Minor partial trisomy,ICD10,9,DOID:0060459,chromosome 3q29 microduplication syndrome
ICD10:Q92.3,Minor partial trisomy,ICD10,9,DOID:0060460,chromosome 5p13 duplication syndrome
ICD0:9811/3,,ICD0,8,DOID:0070623,B-lymphoblastic leukemia with MEF2D rearrangement
ICD0:9811/3,,ICD0,8,DOID:0070624,B-lymphoblastic leukemia with MYC rearrangement
ICD0:9811/3,,ICD0,8,DOID:0070625,B-lymphoblastic leukemia with NUTM1 rearrangement
ICD0:9811/3,,ICD0,8,DOID:0070626,B-lymphoblastic leukemia with PAX5alt
ICD0:9811/3,,ICD0,8,DOID:0070627,B-lymphoblastic leukemia with TCF3-HLF fusion
ICD0:9811/3,,ICD0,8,DOID:0070628,B-lymphoblastic leukemia with ZNF384 rearrangement
ICD0:9811/3,,ICD0,8,DOID:0081411,B-lymphoblastic leukemia with PAX5 p.P80R
ICD0:9811/3,,ICD0,8,DOID:0081412,B-lymphoblastic leukemia with DUX4 rearrangement
ICD0:9861/3,,ICD0,8,DOID:0070323,childhood acute myeloid leukemia
ICD0:9861/3,,ICD0,8,DOID:0070629,acute myeloid leukemia with CBFA2T3-GLIS2 fusion
ICD0:9861/3,,ICD0,8,DOID:0070630,acute myeloid leukemia with KAT6A-CREBBP fusion
ICD0:9861/3,,ICD0,8,DOID:0070631,acute myeloid leukemia with FUS-ERG fusion
ICD0:9861/3,,ICD0,8,DOID:0070632,acute myeloid leukemia with MNX1-ETV6 fusion
ICD0:9861/3,,ICD0,8,DOID:0070633,acute myeloid leukemia with NPM1-MLF1 fusion
ICD0:9861/3,,ICD0,8,DOID:0081095,acute myeloid leukemia with mutated CEBPA
ICD0:9861/3,,ICD0,8,DOID:9119,acute myeloid leukemia
ICD10:E03.1,Congenital hypothyroidism without goiter,ICD10,8,DOID:0050328,congenital hypothyroidism
ICD10:E03.1,Congenital hypothyroidism without goiter,ICD10,8,DOID:0070123,congenital nongoitrous hypothyroidism 4
ICD10:E03.1,Congenital hypothyroidism without goiter,ICD10,8,DOID:0070124,congenital nongoitrous hypothyroidism 2
ICD10:E03.1,Congenital hypothyroidism without goiter,ICD10,8,DOID:0070125,congenital nongoitrous hypothyroidism 5
ICD10:E03.1,Congenital hypothyroidism without goiter,ICD10,8,DOID:0070126,congenital nongoitrous hypothyroidism 1
ICD10:E03.1,Congenital hypothyroidism without goiter,ICD10,8,DOID:0070127,congenital nongoitrous hypothyroidism 3
ICD10:E03.1,Congenital hypothyroidism without goiter,ICD10,8,DOID:0070128,congenital nongoitrous hypothyroidism 6
ICD10:E03.1,Congenital hypothyroidism without goiter,ICD10,8,DOID:0111140,IGSF1 deficiency syndrome
ICD10:G71.2,Congenital myopathies,ICD10,8,DOID:0110632,megaconial type congenital muscular dystrophy
ICD10:G71.2,Congenital myopathies,ICD10,8,DOID:0110633,rigid spine muscular dystrophy 1
ICD10:G71.2,Congenital myopathies,ICD10,8,DOID:0110634,congenital muscular dystrophy 1B
ICD10:G71.2,Congenital myopathies,ICD10,8,DOID:0110635,muscular dystrophy-dystroglycanopathy type B5
ICD10:G71.2,Congenital myopathies,ICD10,8,DOID:0110637,muscular dystrophy-dystroglycanopathy type B6
ICD10:G71.2,Congenital myopathies,ICD10,8,DOID:0110639,congenital muscular dystrophy due to integrin alpha-7 deficiency
ICD10:G71.2,Congenital myopathies,ICD10,8,DOID:0110640,congenital muscular dystrophy due to LMNA mutation
ICD10:G71.2,Congenital myopathies,ICD10,8,DOID:0112374,muscular dystrophy-dystroglycanopathy
ICD10:H18.5,Hereditary corneal dystrophies,ICD10,8,DOID:0060445,congenital stromal corneal dystrophy
ICD10:H18.5,Hereditary corneal dystrophies,ICD10,8,DOID:0060446,X-linked endothelial corneal dystrophy
ICD10:H18.5,Hereditary corneal dystrophies,ICD10,8,DOID:0060447,epithelial basement membrane dystrophy
ICD10:H18.5,Hereditary corneal dystrophies,ICD10,8,DOID:0060450,Lisch epithelial corneal dystrophy
ICD10:H18.5,Hereditary corneal dystrophies,ICD10,8,DOID:0060452,posterior amorphous corneal dystrophy
ICD10:H18.5,Hereditary corneal dystrophies,ICD10,8,DOID:0060454,subepithelial mucinous corneal dystrophy
ICD10:H18.5,Hereditary corneal dystrophies,ICD10,8,DOID:0060457,posterior polymorphous corneal dystrophy
ICD10:H18.5,Hereditary corneal dystrophies,ICD10,8,DOID:2566,corneal dystrophy
ICD10:Q61.9,"Cystic kidney disease, unspecified",ICD10,8,DOID:0050778,Meckel syndrome
ICD10:Q61.9,"Cystic kidney disease, unspecified",ICD10,8,DOID:0070115,Meckel syndrome 1
ICD10:Q61.9,"Cystic kidney disease, unspecified",ICD10,8,DOID:0070116,Meckel syndrome 2
ICD10:Q61.9,"Cystic kidney disease, unspecified",ICD10,8,DOID:0070117,Meckel syndrome 3
ICD10:Q61.9,"Cystic kidney disease, unspecified",ICD10,8,DOID:0070118,Meckel syndrome 4
ICD10:Q61.9,"Cystic kidney disease, unspecified",ICD10,8,DOID:0070119,Meckel syndrome 5
ICD10:Q61.9,"Cystic kidney disease, unspecified",ICD10,8,DOID:0070120,Meckel syndrome 6
ICD10:Q61.9,"Cystic kidney disease, unspecified",ICD10,8,DOID:0070122,Meckel syndrome 8
ICD10:Q87.2,Congenital malformation syndromes predominantly involving limbs,ICD10,8,DOID:0060468,Holt-Oram syndrome
ICD10:Q87.2,Congenital malformation syndromes predominantly involving limbs,ICD10,8,DOID:0060861,microphthalmia with limb anomalies
ICD10:Q87.2,Congenital malformation syndromes predominantly involving limbs,ICD10,8,DOID:0090024,split hand-foot malformation 1 with sensorineural hearing loss
ICD10:Q87.2,Congenital malformation syndromes predominantly involving limbs,ICD10,8,DOID:14679,VACTERL association
ICD10:Q87.2,Congenital malformation syndromes predominantly involving limbs,ICD10,8,DOID:14699,thrombocytopenia-absent radius syndrome
ICD10:Q87.2,Congenital malformation syndromes predominantly involving limbs,ICD10,8,DOID:1933,Rubinstein-Taybi syndrome
ICD10:Q87.2,Congenital malformation syndromes predominantly involving limbs,ICD10,8,DOID:2926,Klippel-Trenaunay syndrome
ICD10:Q87.2,Congenital malformation syndromes predominantly involving limbs,ICD10,8,DOID:9467,nail-patella syndrome
ICD10:N04.1,"Nephrotic syndrome, focal and segmental glomerular lesions",ICD10,7,DOID:0111128,focal segmental glomerulosclerosis 1
ICD10:N04.1,"Nephrotic syndrome, focal and segmental glomerular lesions",ICD10,7,DOID:0111129,focal segmental glomerulosclerosis 2
ICD10:N04.1,"Nephrotic syndrome, focal and segmental glomerular lesions",ICD10,7,DOID:0111130,focal segmental glomerulosclerosis 5
ICD10:N04.1,"Nephrotic syndrome, focal and segmental glomerular lesions",ICD10,7,DOID:0111131,focal segmental glomerulosclerosis 6
ICD10:N04.1,"Nephrotic syndrome, focal and segmental glomerular lesions",ICD10,7,DOID:0111132,focal segmental glomerulosclerosis 7
ICD10:N04.1,"Nephrotic syndrome, focal and segmental glomerular lesions",ICD10,7,DOID:0111133,focal segmental glomerulosclerosis 8
ICD10:N04.1,"Nephrotic syndrome, focal and segmental glomerular lesions",ICD10,7,DOID:0111134,focal segmental glomerulosclerosis 9
ICD10:P78.3,Noninfective neonatal diarrhea,ICD10,7,DOID:0060775,microvillus inclusion disease
ICD10:P78.3,Noninfective neonatal diarrhea,ICD10,7,DOID:0060776,congenital diarrhea 5 with tufting enteropathy
ICD10:P78.3,Noninfective neonatal diarrhea,ICD10,7,DOID:0060777,congenital secretory sodium diarrhea 8
ICD10:P78.3,Noninfective neonatal diarrhea,ICD10,7,DOID:0060778,congenital diarrhea 7 with exudative enteropathy
ICD10:P78.3,Noninfective neonatal diarrhea,ICD10,7,DOID:0060779,congenital malabsorptive diarrhea 4
ICD10:P78.3,Noninfective neonatal diarrhea,ICD10,7,DOID:0060780,congenital diarrhea 6
ICD10:P78.3,Noninfective neonatal diarrhea,ICD10,7,DOID:0060781,congenital secretory sodium diarrhea 3
ICD10:Q11.0,Cystic eyeball,ICD10,7,DOID:0060835,isolated microphthalmia 6
ICD10:Q11.0,Cystic eyeball,ICD10,7,DOID:0060836,isolated microphthalmia 4
ICD10:Q11.0,Cystic eyeball,ICD10,7,DOID:0060838,isolated microphthalmia 7
ICD10:Q11.0,Cystic eyeball,ICD10,7,DOID:0060839,isolated microphthalmia 2
ICD10:Q11.0,Cystic eyeball,ICD10,7,DOID:0060840,isolated microphthalmia 1
ICD10:Q11.0,Cystic eyeball,ICD10,7,DOID:0060841,isolated microphthalmia 8
ICD10:Q11.0,Cystic eyeball,ICD10,7,DOID:0060842,syndromic microphthalmia 16
ICD10:Q87.19,Other congenital malformation syndromes predominantly associated with short stature,ICD10,7,DOID:0060254,Robinow syndrome
ICD10:Q87.19,Other congenital malformation syndromes predominantly associated with short stature,ICD10,7,DOID:11725,Cornelia de Lange syndrome
ICD10:Q87.19,Other congenital malformation syndromes predominantly associated with short stature,ICD10,7,DOID:14681,Silver-Russell syndrome
ICD10:Q87.19,Other congenital malformation syndromes predominantly associated with short stature,ICD10,7,DOID:14796,Dubowitz syndrome
ICD10:Q87.19,Other congenital malformation syndromes predominantly associated with short stature,ICD10,7,DOID:2962,Cockayne syndrome
ICD10:Q87.19,Other congenital malformation syndromes predominantly associated with short stature,ICD10,7,DOID:3490,Noonan syndrome
ICD10:Q87.19,Other congenital malformation syndromes predominantly associated with short stature,ICD10,7,DOID:6683,X-linked Aarskog syndrome
ICD0:9396/3,,ICD0,6,DOID:0080888,"spinal ependymoma, MYCN-amplified"
ICD0:9396/3,,ICD0,6,DOID:0080892,RELA fusion-positive ependymoma
ICD0:9396/3,,ICD0,6,DOID:0081252,"supratentorial ependymoma, ZFTA fusion–positive"
ICD0:9396/3,,ICD0,6,DOID:0081253,"supratentorial ependymoma, YAP1 fusion–positive"
ICD0:9396/3,,ICD0,6,DOID:0081254,posterior fossa group A ependymoma
ICD0:9396/3,,ICD0,6,DOID:0081255,posterior fossa group B ependymoma
ICD10:E26.8,Other hyperaldosteronism,ICD10,6,DOID:0110142,Bartter disease type 1
ICD10:E26.8,Other hyperaldosteronism,ICD10,6,DOID:0110143,Bartter disease type 2
ICD10:E26.8,Other hyperaldosteronism,ICD10,6,DOID:0110144,Bartter disease type 3
ICD10:E26.8,Other hyperaldosteronism,ICD10,6,DOID:0110145,Bartter disease type 4a
ICD10:E26.8,Other hyperaldosteronism,ICD10,6,DOID:0110146,Bartter disease type 4b
ICD10:E26.8,Other hyperaldosteronism,ICD10,6,DOID:0110147,Bartter disease type 5
ICD10:E74.0,Glycogen storage disease,ICD10,6,DOID:0090101,lethal congenital glycogen storage disease of heart
ICD10:E74.0,Glycogen storage disease,ICD10,6,DOID:0111040,glycogen storage disease IXd
ICD10:E74.0,Glycogen storage disease,ICD10,6,DOID:0111041,glycogen storage disease IXb
ICD10:E74.0,Glycogen storage disease,ICD10,6,DOID:0111042,glycogen storage disease IXa1
ICD10:E74.0,Glycogen storage disease,ICD10,6,DOID:0111043,glycogen storage disease IXc
ICD10:E74.0,Glycogen storage disease,ICD10,6,DOID:2747,glycogen storage disease
ICD10:E83.4,Disorders of magnesium metabolism,ICD10,6,DOID:0060879,primary hypomagnesemia
ICD10:E83.4,Disorders of magnesium metabolism,ICD10,6,DOID:0060880,renal hypomagnesemia 3
ICD10:E83.4,Disorders of magnesium metabolism,ICD10,6,DOID:0060882,renal hypomagnesemia 4
ICD10:E83.4,Disorders of magnesium metabolism,ICD10,6,DOID:0060883,intestinal hypomagnesemia 1
ICD10:E83.4,Disorders of magnesium metabolism,ICD10,6,DOID:0060884,renal hypomagnesemia 6
ICD10:E83.4,Disorders of magnesium metabolism,ICD10,6,DOID:0060885,renal hypomagnesemia 2
ICD10:G23.0,Hallervorden-Spatz disease,ICD10,6,DOID:0110735,neurodegeneration with brain iron accumulation 2a
ICD10:G23.0,Hallervorden-Spatz disease,ICD10,6,DOID:0110736,neurodegeneration with brain iron accumulation 2b
ICD10:G23.0,Hallervorden-Spatz disease,ICD10,6,DOID:0110738,neurodegeneration with brain iron accumulation 4
ICD10:G23.0,Hallervorden-Spatz disease,ICD10,6,DOID:0110739,neurodegeneration with brain iron accumulation 5
ICD10:G23.0,Hallervorden-Spatz disease,ICD10,6,DOID:0110740,neurodegeneration with brain iron accumulation 6
ICD10:G23.0,Hallervorden-Spatz disease,ICD10,6,DOID:3981,pantothenate kinase-associated neurodegeneration
ICD10:G24.8,Other dystonia,ICD10,6,DOID:0090047,paroxysmal nonkinesigenic dyskinesia 2
ICD10:G24.8,Other dystonia,ICD10,6,DOID:0090049,paroxysmal nonkinesigenic dyskinesia 1
ICD10:G24.8,Other dystonia,ICD10,6,DOID:0090051,dystonia 23
ICD10:G24.8,Other dystonia,ICD10,6,DOID:0090052,dystonia 24
ICD10:G24.8,Other dystonia,ICD10,6,DOID:0090053,episodic kinesigenic dyskinesia 1
ICD10:G24.8,Other dystonia,ICD10,6,DOID:0090054,episodic kinesigenic dyskinesia 2
ICD10:I47.2,Ventricular tachycardia,ICD10,6,DOID:0060674,catecholaminergic polymorphic ventricular tachycardia
ICD10:I47.2,Ventricular tachycardia,ICD10,6,DOID:0060675,catecholaminergic polymorphic ventricular tachycardia 1
ICD10:I47.2,Ventricular tachycardia,ICD10,6,DOID:0060676,catecholaminergic polymorphic ventricular tachycardia 2
ICD10:I47.2,Ventricular tachycardia,ICD10,6,DOID:0060677,catecholaminergic polymorphic ventricular tachycardia 3
ICD10:I47.2,Ventricular tachycardia,ICD10,6,DOID:0060678,catecholaminergic polymorphic ventricular tachycardia 4
ICD10:I47.2,Ventricular tachycardia,ICD10,6,DOID:0060679,catecholaminergic polymorphic ventricular tachycardia 5
ICD10:Q77.3,Chondrodysplasia punctata,ICD10,6,DOID:0060292,X-linked chondrodysplasia punctata 1
ICD10:Q77.3,Chondrodysplasia punctata,ICD10,6,DOID:0060293,autosomal dominant chondrodysplasia punctata
ICD10:Q77.3,Chondrodysplasia punctata,ICD10,6,DOID:0110851,rhizomelic chondrodysplasia punctata type 1
ICD10:Q77.3,Chondrodysplasia punctata,ICD10,6,DOID:0110852,rhizomelic chondrodysplasia punctata type 2
ICD10:Q77.3,Chondrodysplasia punctata,ICD10,6,DOID:0110853,rhizomelic chondrodysplasia punctata type 3
ICD10:Q77.3,Chondrodysplasia punctata,ICD10,6,DOID:2581,chondrodysplasia punctata
ICD10:D69.1,Qualitative platelet defects,ICD10,5,DOID:0111044,gray platelet syndrome
ICD10:D69.1,Qualitative platelet defects,ICD10,5,DOID:0111049,platelet-type bleeding disorder 17
ICD10:D69.1,Qualitative platelet defects,ICD10,5,DOID:0111051,platelet-type bleeding disorder 18
ICD10:D69.1,Qualitative platelet defects,ICD10,5,DOID:11125,qualitative platelet defect
ICD10:D69.1,Qualitative platelet defects,ICD10,5,DOID:2219,Glanzmann's thrombasthenia
ICD10:D69.4,Other primary thrombocytopenia,ICD10,5,DOID:0060651,MYH-9 related disease
ICD10:D69.4,Other primary thrombocytopenia,ICD10,5,DOID:0060691,platelet-type bleeding disorder 16
ICD10:D69.4,Other primary thrombocytopenia,ICD10,5,DOID:0090102,autosomal dominant isolated macrothrombocytopenia 1
ICD10:D69.4,Other primary thrombocytopenia,ICD10,5,DOID:0111048,platelet-type bleeding disorder 19
ICD10:D69.4,Other primary thrombocytopenia,ICD10,5,DOID:8925,primary thrombocytopenia
ICD10:D75.1,Secondary polycythemia,ICD10,5,DOID:0060474,familial erythrocytosis 2
ICD10:D75.1,Secondary polycythemia,ICD10,5,DOID:2834,acquired polycythemia
ICD10:D75.1,Secondary polycythemia,ICD10,5,DOID:2838,stress polycythemia
ICD10:D75.1,Secondary polycythemia,ICD10,5,DOID:2839,erythropoietin polycythemia
ICD10:D75.1,Secondary polycythemia,ICD10,5,DOID:8432,polycythemia
ICD10:D84.8,Other specified immunodeficiencies,ICD10,5,DOID:0090007,immunodeficiency-centromeric instability-facial anomalies syndrome
ICD10:D84.8,Other specified immunodeficiencies,ICD10,5,DOID:0090008,immunodeficiency-centromeric instability-facial anomalies syndrome 1
ICD10:D84.8,Other specified immunodeficiencies,ICD10,5,DOID:0090009,immunodeficiency-centromeric instability-facial anomalies syndrome 2
ICD10:D84.8,Other specified immunodeficiencies,ICD10,5,DOID:0090010,immunodeficiency-centromeric instability-facial anomalies syndrome 3
ICD10:D84.8,Other specified immunodeficiencies,ICD10,5,DOID:0090011,immunodeficiency-centromeric instability-facial anomalies syndrome 4
ICD10:E71.1,Other disorders of branched-chain amino-acid metabolism,ICD10,5,DOID:0060740,methylmalonic aciduria due to methylmalonyl-CoA mutase deficiency
ICD10:E71.1,Other disorders of branched-chain amino-acid metabolism,ICD10,5,DOID:0060741,methylmalonic acidemia due to transcobalamin receptor defect
ICD10:E71.1,Other disorders of branched-chain amino-acid metabolism,ICD10,5,DOID:0060742,methylmalonic acidemia cblA type
ICD10:E71.1,Other disorders of branched-chain amino-acid metabolism,ICD10,5,DOID:0060743,methylmalonic acidemia cblB type
ICD10:E71.1,Other disorders of branched-chain amino-acid metabolism,ICD10,5,DOID:0090126,branched-chain keto acid dehydrogenase kinase deficiency
ICD10:E83.1,Disorders of iron metabolism,ICD10,5,DOID:0111029,hemochromatosis type 1
ICD10:E83.1,Disorders of iron metabolism,ICD10,5,DOID:0111031,hemochromatosis type 5
ICD10:E83.1,Disorders of iron metabolism,ICD10,5,DOID:0111033,African iron overload
ICD10:E83.1,Disorders of iron metabolism,ICD10,5,DOID:0111034,hemochromatosis type 2
ICD10:E83.1,Disorders of iron metabolism,ICD10,5,DOID:2351,iron metabolism disease
ICD10:E83.5,Disorders of calcium metabolism,ICD10,5,DOID:0060699,familial hypocalciuric hypercalcemia
ICD10:E83.5,Disorders of calcium metabolism,ICD10,5,DOID:0060700,familial hypocalciuric hypercalcemia 1
ICD10:E83.5,Disorders of calcium metabolism,ICD10,5,DOID:0060701,familial hypocalciuric hypercalcemia 2
ICD10:E83.5,Disorders of calcium metabolism,ICD10,5,DOID:0060702,familial hypocalciuric hypercalcemia 3
ICD10:E83.5,Disorders of calcium metabolism,ICD10,5,DOID:10575,calcium metabolism disease
ICD10:G12.2,Motor neuron disease,ICD10,5,DOID:0060193,amyotrophic lateral sclerosis type 1
ICD10:G12.2,Motor neuron disease,ICD10,5,DOID:0060194,amyotrophic lateral sclerosis type 2
ICD10:G12.2,Motor neuron disease,ICD10,5,DOID:0060196,amyotrophic lateral sclerosis type 4
ICD10:G12.2,Motor neuron disease,ICD10,5,DOID:0111064,autosomal recessive distal hereditary motor neuronopathy 1
ICD10:G12.2,Motor neuron disease,ICD10,5,DOID:231,motor neuron disease
ICD0:9385/3,,ICD0,4,DOID:0080684,"diffuse midline glioma, H3 K27-altered"
ICD0:9385/3,,ICD0,4,DOID:0080880,"diffuse glioma, H3 G34 mutant"
ICD0:9385/3,,ICD0,4,DOID:0081277,"diffuse pediatric-type high-grade glioma, H3-wildtype and IDH-wildtype"
ICD0:9385/3,,ICD0,4,DOID:0081278,infant-type hemispheric glioma
ICD0:9391/3,,ICD0,4,DOID:0080889,posterior fossa ependymoma
ICD0:9391/3,,ICD0,4,DOID:0080890,supratentorial ependymoma
ICD0:9391/3,,ICD0,4,DOID:5074,high grade ependymoma
ICD0:9391/3,,ICD0,4,DOID:5503,spinal cord ependymoma
ICD10:C92.0,Acute myeloid leukemia,ICD10,4,DOID:0081085,acute myeloid leukemia with minimal differentiation
ICD10:C92.0,Acute myeloid leukemia,ICD10,4,DOID:0081086,acute myeloid leukemia without maturation
ICD10:C92.0,Acute myeloid leukemia,ICD10,4,DOID:0081087,acute myeloid leukemia with maturation
ICD10:C92.0,Acute myeloid leukemia,ICD10,4,DOID:9119,acute myeloid leukemia
ICD10:C96.4,Sarcoma of dendritic cells (accessory cells),ICD10,4,DOID:6262,follicular dendritic cell sarcoma
ICD10:C96.4,Sarcoma of dendritic cells (accessory cells),ICD10,4,DOID:7146,Langerhans cell sarcoma
ICD10:C96.4,Sarcoma of dendritic cells (accessory cells),ICD10,4,DOID:7848,interdigitating dendritic cell sarcoma
ICD10:C96.4,Sarcoma of dendritic cells (accessory cells),ICD10,4,DOID:7849,dendritic cell sarcoma
ICD10:D47.01,Cutaneous mastocytosis,ICD10,4,DOID:12309,urticaria pigmentosa
ICD10:D47.01,Cutaneous mastocytosis,ICD10,4,DOID:3663,cutaneous mastocytosis
ICD10:D47.01,Cutaneous mastocytosis,ICD10,4,DOID:3665,diffuse cutaneous mastocytosis
ICD10:D47.01,Cutaneous mastocytosis,ICD10,4,DOID:3666,solitary mastocytoma of the skin
ICD10:D47.09,Other mast cell neoplasms of uncertain behavior,ICD10,4,DOID:350,mastocytosis
ICD10:D47.09,Other mast cell neoplasms of uncertain behavior,ICD10,4,DOID:3664,mast cell neoplasm
ICD10:D47.09,Other mast cell neoplasms of uncertain behavior,ICD10,4,DOID:4658,benign mastocytoma
ICD10:D47.09,Other mast cell neoplasms of uncertain behavior,ICD10,4,DOID:4659,extracutaneous mastocytoma
ICD10:D47.9,"Neoplasm of uncertain or unknown behavior of lymphoid, hematopoietic and related tissue, unspecified",ICD10,4,DOID:0060707,lymphoproliferative syndrome 1
ICD10:D47.9,"Neoplasm of uncertain or unknown behavior of lymphoid, hematopoietic and related tissue, unspecified",ICD10,4,DOID:0060708,lymphoproliferative syndrome 2
ICD10:D47.9,"Neoplasm of uncertain or unknown behavior of lymphoid, hematopoietic and related tissue, unspecified",ICD10,4,DOID:0110115,autoimmune lymphoproliferative syndrome type 2A
ICD10:D47.9,"Neoplasm of uncertain or unknown behavior of lymphoid, hematopoietic and related tissue, unspecified",ICD10,4,DOID:0110116,autoimmune lymphoproliferative syndrome type 2B
ICD10:D56.0,Alpha thalassemia,ICD10,4,DOID:0110029,alpha thalassemia-intellectual disability syndrome type 1
ICD10:D56.0,Alpha thalassemia,ICD10,4,DOID:0110030,alpha thalassemia-X-linked intellectual disability syndrome
ICD10:D56.0,Alpha thalassemia,ICD10,4,DOID:0110031,hemoglobin H disease
ICD10:D56.0,Alpha thalassemia,ICD10,4,DOID:1099,alpha thalassemia
ICD10:D58.2,Other hemoglobinopathies,ICD10,4,DOID:2859,hemoglobin C disease
ICD10:D58.2,Other hemoglobinopathies,ICD10,4,DOID:2860,hemoglobinopathy
ICD10:D58.2,Other hemoglobinopathies,ICD10,4,DOID:5378,hemoglobin D disease
ICD10:D58.2,Other hemoglobinopathies,ICD10,4,DOID:5379,hemoglobin E disease
ICD10:D68.59,Other primary thrombophilia,ICD10,4,DOID:2451,protein S deficiency
ICD10:D68.59,Other primary thrombophilia,ICD10,4,DOID:2452,thrombophilia
ICD10:D68.59,Other primary thrombophilia,ICD10,4,DOID:3755,antithrombin III deficiency
ICD10:D68.59,Other primary thrombophilia,ICD10,4,DOID:3756,protein C deficiency
ICD10:D69.8,Other specified hemorrhagic conditions,ICD10,4,DOID:0060692,platelet-type bleeding disorder 8
ICD10:D69.8,Other specified hemorrhagic conditions,ICD10,4,DOID:0111045,platelet-type bleeding disorder 9
ICD10:D69.8,Other specified hemorrhagic conditions,ICD10,4,DOID:0111056,platelet-type bleeding disorder 3
ICD10:D69.8,Other specified hemorrhagic conditions,ICD10,4,DOID:0111057,platelet-type bleeding disorder 11
ICD10:E70.3,Albinism,ICD10,4,DOID:0050632,oculocutaneous albinism
ICD10:E70.3,Albinism,ICD10,4,DOID:0060831,Griscelli syndrome
ICD10:E70.3,Albinism,ICD10,4,DOID:0090100,ocular albinism with sensorineural deafness
ICD10:E70.3,Albinism,ICD10,4,DOID:0110949,Waardenburg syndrome type 3
ICD10:E72.1,Disorders of sulfur-bearing amino-acid metabolism,ICD10,4,DOID:0111037,glycine N-methyltransferase deficiency
ICD10:E72.1,Disorders of sulfur-bearing amino-acid metabolism,ICD10,4,DOID:0111038,hypermethioninemia due to adenosine kinase deficiency
ICD10:E72.1,Disorders of sulfur-bearing amino-acid metabolism,ICD10,4,DOID:0111039,hypermethioninemia with deficiency of S-adenosylhomocysteine hydrolase
ICD10:E72.1,Disorders of sulfur-bearing amino-acid metabolism,ICD10,4,DOID:0111165,molybdenum cofactor deficiency
ICD10:E76.22,Sanfilippo mucopolysaccharidoses,ICD10,4,DOID:0111393,mucopolysaccharidosis type IIIC
ICD10:E76.22,Sanfilippo mucopolysaccharidoses,ICD10,4,DOID:0111394,mucopolysaccharidosis type IIIB
ICD10:E76.22,Sanfilippo mucopolysaccharidoses,ICD10,4,DOID:0111395,mucopolysaccharidosis type IIIA
ICD10:E76.22,Sanfilippo mucopolysaccharidoses,ICD10,4,DOID:0111402,mucopolysaccharidosis type IIID
ICD10:E78.6,Lipoprotein deficiency,ICD10,4,DOID:1386,abetalipoproteinemia
ICD10:E78.6,Lipoprotein deficiency,ICD10,4,DOID:1387,hypolipoproteinemia
ICD10:E78.6,Lipoprotein deficiency,ICD10,4,DOID:1388,Tangier disease
ICD10:E78.6,Lipoprotein deficiency,ICD10,4,DOID:1391,Norum disease
ICD10:E88.1,"Lipodystrophy, not elsewhere classified",ICD10,4,DOID:0111135,congenital generalized lipodystrophy type 1
ICD10:E88.1,"Lipodystrophy, not elsewhere classified",ICD10,4,DOID:0111136,congenital generalized lipodystrophy type 2
ICD10:E88.1,"Lipodystrophy, not elsewhere classified",ICD10,4,DOID:0111137,congenital generalized lipodystrophy type 3
ICD10:E88.1,"Lipodystrophy, not elsewhere classified",ICD10,4,DOID:0111138,congenital generalized lipodystrophy type 4
ICD10:G20,Parkinson's disease,ICD10,4,DOID:0060891,Parkinson's disease 19A
ICD10:G20,Parkinson's disease,ICD10,4,DOID:0060895,Parkinson's disease 4
ICD10:G20,Parkinson's disease,ICD10,4,DOID:0060896,Parkinson's disease 23
ICD10:G20,Parkinson's disease,ICD10,4,DOID:14330,Parkinson's disease
ICD10:G25.8,Other specified extrapyramidal and movement disorders,ICD10,4,DOID:0060695,hyperekplexia
ICD10:G25.8,Other specified extrapyramidal and movement disorders,ICD10,4,DOID:0060696,hyperekplexia 1
ICD10:G25.8,Other specified extrapyramidal and movement disorders,ICD10,4,DOID:0060697,hyperekplexia 2
ICD10:G25.8,Other specified extrapyramidal and movement disorders,ICD10,4,DOID:0060698,hyperekplexia 3
ICD10:H30.9,"Chorioretinal inflammation, unspecified",ICD10,4,DOID:10176,neuroretinitis
ICD10:H30.9,"Chorioretinal inflammation, unspecified",ICD10,4,DOID:11406,choroiditis
ICD10:H30.9,"Chorioretinal inflammation, unspecified",ICD10,4,DOID:3612,retinitis
ICD10:H30.9,"Chorioretinal inflammation, unspecified",ICD10,4,DOID:8886,chorioretinitis
ICD10:K52.9,"Noninfective gastroenteritis and colitis, unspecified",ICD10,4,DOID:0060180,colitis
ICD10:K52.9,"Noninfective gastroenteritis and colitis, unspecified",ICD10,4,DOID:0060189,ileitis
ICD10:K52.9,"Noninfective gastroenteritis and colitis, unspecified",ICD10,4,DOID:0060190,ileocolitis
ICD10:K52.9,"Noninfective gastroenteritis and colitis, unspecified",ICD10,4,DOID:2326,gastroenteritis
ICD10:L50.2,Urticaria due to cold and heat,ICD10,4,DOID:0090061,familial cold autoinflammatory syndrome
ICD10:L50.2,Urticaria due to cold and heat,ICD10,4,DOID:0090062,familial cold autoinflammatory syndrome 1
ICD10:L50.2,Urticaria due to cold and heat,ICD10,4,DOID:0090064,familial cold autoinflammatory syndrome 3
ICD10:L50.2,Urticaria due to cold and heat,ICD10,4,DOID:0090065,familial cold autoinflammatory syndrome 4
ICD10:Q13.8,Other congenital malformations of anterior segment of eye,ICD10,4,DOID:0060648,anterior segment dysgenesis
ICD10:Q13.8,Other congenital malformations of anterior segment of eye,ICD10,4,DOID:0110120,Axenfeld-Rieger syndrome type 1
ICD10:Q13.8,Other congenital malformations of anterior segment of eye,ICD10,4,DOID:0110121,Axenfeld-Rieger syndrome type 2
ICD10:Q13.8,Other congenital malformations of anterior segment of eye,ICD10,4,DOID:0110122,Axenfeld-Rieger syndrome type 3
ICD10:Q73.8,Other reduction defects of unspecified limb(s),ICD10,4,DOID:0110962,brachydactyly-preaxial hallux varus syndrome
ICD10:Q73.8,Other reduction defects of unspecified limb(s),ICD10,4,DOID:0110963,Ballard syndrome
ICD10:Q73.8,Other reduction defects of unspecified limb(s),ICD10,4,DOID:0110967,brachydactyly type A4
ICD10:Q73.8,Other reduction defects of unspecified limb(s),ICD10,4,DOID:0110975,brachydactyly type B2
ICD10:Q81.0,Epidermolysis bullosa simplex,ICD10,4,DOID:0060735,generalized severe epidermolysis bullosa simplex 1A
ICD10:Q81.0,Epidermolysis bullosa simplex,ICD10,4,DOID:0060736,epidermolysis bullosa simplex 5A Ogna type
ICD10:Q81.0,Epidermolysis bullosa simplex,ICD10,4,DOID:0090017,epidermolysis bullosa simplex with muscular dystrophy
ICD10:Q81.0,Epidermolysis bullosa simplex,ICD10,4,DOID:4644,epidermolysis bullosa simplex
ICD10:Q87.3,Congenital malformation syndromes involving early overgrowth,ICD10,4,DOID:0060476,Perlman syndrome
ICD10:Q87.3,Congenital malformation syndromes involving early overgrowth,ICD10,4,DOID:0080351,CLOVES syndrome
ICD10:Q87.3,Congenital malformation syndromes involving early overgrowth,ICD10,4,DOID:14748,Sotos syndrome
ICD10:Q87.3,Congenital malformation syndromes involving early overgrowth,ICD10,4,DOID:5572,Beckwith-Wiedemann syndrome
ICD10:Q87.5,Other congenital malformation syndromes with other skeletal changes,ICD10,4,DOID:0060179,Renpenning syndrome
ICD10:Q87.5,Other congenital malformation syndromes with other skeletal changes,ICD10,4,DOID:0070748,"joint laxity, short stature, and myopia"
ICD10:Q87.5,Other congenital malformation syndromes with other skeletal changes,ICD10,4,DOID:0110091,short-rib thoracic dysplasia 10 with or without polydactyly
ICD10:Q87.5,Other congenital malformation syndromes with other skeletal changes,ICD10,4,DOID:0110097,short-rib thoracic dysplasia 9 with or without polydactyly
ICD0:9421/1,,ICD0,3,DOID:0081260,"diffuse low-grade glioma, MAPK pathway–altered"
ICD0:9421/1,,ICD0,3,DOID:0081279,"diffuse astrocytoma, MYB- or MYBL1-altered"
ICD0:9421/1,,ICD0,3,DOID:4851,pilocytic astrocytoma
ICD0:9500/3,,ICD0,3,DOID:0080906,CNS neuroblastoma with FOXR2 activation
ICD0:9500/3,,ICD0,3,DOID:0081315,central nervous system tumor with BCOR internal tandem duplication
ICD0:9500/3,,ICD0,3,DOID:769,neuroblastoma
ICD0:9506/1,,ICD0,3,DOID:0081314,extraventricular neurocytoma
ICD0:9506/1,,ICD0,3,DOID:14174,central neurocytoma
ICD0:9506/1,,ICD0,3,DOID:6458,cerebellar liponeurocytoma
ICD0:9509/1,,ICD0,3,DOID:0081283,papillary glioneuronal tumor
ICD0:9509/1,,ICD0,3,DOID:0081284,rosette-forming glioneuronal tumor
ICD0:9509/1,,ICD0,3,DOID:0081285,myxoid glioneuronal tumor
ICD0:9766/1,,ICD0,3,DOID:0081307,lymphomatoid granulomatosis
ICD0:9766/1,,ICD0,3,DOID:0081308,grade I lymphomatoid granulomatosis
ICD0:9766/1,,ICD0,3,DOID:0081309,grade II lymphomatoid granulomatosis
ICD10:B66.8,Other specified fluke infections,ICD10,3,DOID:1218,echinostomiasis
ICD10:B66.8,Other specified fluke infections,ICD10,3,DOID:882,heterophyiasis
ICD10:B66.8,Other specified fluke infections,ICD10,3,DOID:884,metagonimiasis
ICD10:D70,Agranulocytosis,ICD10,3,DOID:0050590,severe congenital neutropenia
ICD10:D70,Agranulocytosis,ICD10,3,DOID:1227,neutropenia
ICD10:D70,Agranulocytosis,ICD10,3,DOID:12987,agranulocytosis
ICD10:D82.8,Immunodeficiency associated with other specified major defects,ICD10,3,DOID:0060551,poikiloderma with neutropenia
ICD10:D82.8,Immunodeficiency associated with other specified major defects,ICD10,3,DOID:0060769,"T-cell immunodeficiency, congenital alopecia, and nail dystrophy"
ICD10:D82.8,Immunodeficiency associated with other specified major defects,ICD10,3,DOID:0090113,RIDDLE syndrome
ICD10:E74.09,Other glycogen storage disease,ICD10,3,DOID:11721,glycogen storage disease VII
ICD10:E74.09,Other glycogen storage disease,ICD10,3,DOID:2750,glycogen storage disease IV
ICD10:E74.09,Other glycogen storage disease,ICD10,3,DOID:2754,glycogen storage disease VI
ICD10:G10,Huntington's disease,ICD10,3,DOID:0090103,Huntington's disease-like 1
ICD10:G10,Huntington's disease,ICD10,3,DOID:0090104,Huntington's disease-like 2
ICD10:G10,Huntington's disease,ICD10,3,DOID:12858,Huntington's disease
ICD10:G11.1,Early-onset cerebellar ataxia,ICD10,3,DOID:0060792,hypomyelinating leukodystrophy 11
ICD10:G11.1,Early-onset cerebellar ataxia,ICD10,3,DOID:0060794,hypomyelinating leukodystrophy 7
ICD10:G11.1,Early-onset cerebellar ataxia,ICD10,3,DOID:0060797,hypomyelinating leukodystrophy 8
ICD10:G71.1,Myotonic disorders,ICD10,3,DOID:0050759,myotonic dystrophy type 2
ICD10:G71.1,Myotonic disorders,ICD10,3,DOID:0090005,Schwartz-Jampel syndrome 1
ICD10:G71.1,Myotonic disorders,ICD10,3,DOID:450,myotonic disease
ICD10:G72.3,Periodic paralysis,ICD10,3,DOID:1029,familial periodic paralysis
ICD10:G72.3,Periodic paralysis,ICD10,3,DOID:14451,hyperkalemic periodic paralysis
ICD10:G72.3,Periodic paralysis,ICD10,3,DOID:14452,hypokalemic periodic paralysis
ICD10:H18.50,,ICD10,3,DOID:0110855,posterior polymorphous corneal dystrophy 1
ICD10:H18.50,,ICD10,3,DOID:0110856,posterior polymorphous corneal dystrophy 2
ICD10:H18.50,,ICD10,3,DOID:0110857,posterior polymorphous corneal dystrophy 3
ICD10:I70,arteriosclerosis,ICD10,3,DOID:1936,atherosclerosis
ICD10:I70,arteriosclerosis,ICD10,3,DOID:2349,arteriosclerosis
ICD10:I70,arteriosclerosis,ICD10,3,DOID:5162,arteriolosclerosis
ICD10:J45,atopic asthma,ICD10,3,DOID:2841,asthma
ICD10:J45,atopic asthma,ICD10,3,DOID:9360,intrinsic asthma
ICD10:J45,atopic asthma,ICD10,3,DOID:9415,allergic asthma
ICD10:K11.8,Other diseases of salivary glands,ICD10,3,DOID:12899,benign lymphoepithelial lesion of salivary gland
ICD10:K11.8,Other diseases of salivary glands,ICD10,3,DOID:12900,Mikulicz disease
ICD10:K11.8,Other diseases of salivary glands,ICD10,3,DOID:12901,necrotizing sialometaplasia
ICD10:K12.1,Other forms of stomatitis,ICD10,3,DOID:11875,denture stomatitis
ICD10:K12.1,Other forms of stomatitis,ICD10,3,DOID:9637,stomatitis
ICD10:K12.1,Other forms of stomatitis,ICD10,3,DOID:9673,ulcerative stomatitis
ICD10:K13.0,Diseases of lips,ICD10,3,DOID:0060312,angular cheilitis
ICD10:K13.0,Diseases of lips,ICD10,3,DOID:1762,cheilitis
ICD10:K13.0,Diseases of lips,ICD10,3,DOID:9297,lip disease
ICD10:K83.09,Other cholangitis,ICD10,3,DOID:14268,sclerosing cholangitis
ICD10:K83.09,Other cholangitis,ICD10,3,DOID:14269,suppurative cholangitis
ICD10:K83.09,Other cholangitis,ICD10,3,DOID:14270,ascending cholangitis
ICD10:M77.9,"Enthesopathy, unspecified",ICD10,3,DOID:204,enthesopathy
ICD10:M77.9,"Enthesopathy, unspecified",ICD10,3,DOID:2964,periarthritis
ICD10:M77.9,"Enthesopathy, unspecified",ICD10,3,DOID:971,tendinitis
ICD10:N04,lipoid nephrosis,ICD10,3,DOID:10966,lipoid nephrosis
ICD10:N04,lipoid nephrosis,ICD10,3,DOID:1184,nephrotic syndrome
ICD10:N04,lipoid nephrosis,ICD10,3,DOID:2590,familial nephrotic syndrome
ICD10:N08,Glomerular disorders in diseases classified elsewhere,ICD10,3,DOID:10952,nephritis
ICD10:N08,Glomerular disorders in diseases classified elsewhere,ICD10,3,DOID:2921,glomerulonephritis
ICD10:N08,Glomerular disorders in diseases classified elsewhere,ICD10,3,DOID:557,kidney disease
ICD10:Q78.2,Osteopetrosis,ICD10,3,DOID:0110946,autosomal recessive osteopetrosis 7
ICD10:Q78.2,Osteopetrosis,ICD10,3,DOID:13533,osteopetrosis
ICD10:Q78.2,Osteopetrosis,ICD10,3,DOID:4254,osteosclerosis
ICD10:Q78.4,Enchondromatosis,ICD10,3,DOID:0060221,Maffucci syndrome
ICD10:Q78.4,Enchondromatosis,ICD10,3,DOID:0090015,Cenani-Lenz syndactyly syndrome
ICD10:Q78.4,Enchondromatosis,ICD10,3,DOID:4624,Ollier disease
ICD0:8211/3,,ICD0,2,DOID:4929,tubular adenocarcinoma
ICD0:8211/3,,ICD0,2,DOID:6587,breast tubular carcinoma
ICD0:8260/3,,ICD0,2,DOID:3112,papillary adenocarcinoma
ICD0:8260/3,,ICD0,2,DOID:3969,papillary thyroid carcinoma
ICD0:8290/0,,ICD0,2,DOID:0081306,spindle cell oncocytoma
ICD0:8290/0,,ICD0,2,DOID:5389,oxyphilic adenoma
ICD0:8290/3,,ICD0,2,DOID:6585,breast oncocytic carcinoma
ICD0:8290/3,,ICD0,2,DOID:8161,oncocytic carcinoma of the thyroid
ICD0:8314/3,,ICD0,2,DOID:5658,lipid-rich carcinoma
ICD0:8314/3,,ICD0,2,DOID:7076,breast lipid-rich carcinoma
ICD0:8720/3,,ICD0,2,DOID:1909,melanoma
ICD0:8720/3,,ICD0,2,DOID:6085,meningeal melanoma
ICD0:8901/3,,ICD0,2,DOID:3250,pleomorphic rhabdomyosarcoma
ICD0:8901/3,,ICD0,2,DOID:8251,adult pleomorphic rhabdomyosarcoma
ICD0:9080/3,,ICD0,2,DOID:3307,teratoma
ICD0:9080/3,,ICD0,2,DOID:5563,malignant teratoma
ICD0:9231/3,,ICD0,2,DOID:4549,extraskeletal myxoid chondrosarcoma
ICD0:9231/3,,ICD0,2,DOID:5861,myxoid chondrosarcoma
ICD0:9362/3,,ICD0,2,DOID:1664,pineoblastoma
ICD0:9362/3,,ICD0,2,DOID:5030,pineal parenchymal tumor of intermediate differentiation
ICD0:9370/3,,ICD0,2,DOID:0081417,poorly differentiated chordoma
ICD0:9370/3,,ICD0,2,DOID:3302,chordoma
ICD0:9392/3,,ICD0,2,DOID:0060083,immune system cancer
ICD0:9392/3,,ICD0,2,DOID:5889,anaplastic ependymoma
ICD0:9400/3,,ICD0,2,DOID:0081256,"astrocytoma, IDH-mutant, grade 2"
ICD0:9400/3,,ICD0,2,DOID:3069,malignant astrocytoma
ICD0:9401/3,,ICD0,2,DOID:0080876,IDH-wildtype anaplastic astrocytoma
ICD0:9401/3,,ICD0,2,DOID:0081257,"astrocytoma, IDH-mutant, grade 3"
ICD0:9413/0,,ICD0,2,DOID:0081305,polymorphous low grade neuroepithelial tumour of the young
ICD0:9413/0,,ICD0,2,DOID:2679,dysembryoplastic neuroepithelial tumor
ICD0:9430/3,,ICD0,2,DOID:0080904,"astroblastoma, MN1-altered"
ICD0:9430/3,,ICD0,2,DOID:7305,astroblastoma
ICD0:9440/3,,ICD0,2,DOID:0080878,IDH-wildtype glioblastoma
ICD0:9440/3,,ICD0,2,DOID:3068,glioblastoma
ICD0:9450/3,,ICD0,2,DOID:0081281,"oligodendroglioma, IDH-mutant and 1p/19q-codeleted grade 2"
ICD0:9450/3,,ICD0,2,DOID:3181,oligodendroglioma
ICD0:9471/3,,ICD0,2,DOID:0080705,medulloblastoma SHH activated and TP53 wild-type
ICD0:9471/3,,ICD0,2,DOID:3873,desmoplastic/nodular medulloblastoma
ICD0:9538/1,,ICD0,2,DOID:4210,clear cell meningioma
ICD0:9538/1,,ICD0,2,DOID:8368,chordoid meningioma
ICD0:9680/3,,ICD0,2,DOID:0050745,diffuse large B-cell lymphoma
ICD0:9680/3,,ICD0,2,DOID:0081313,primary diffuse large B-cell lymphoma of the central nervous system
ICD0:9699/3,,ICD0,2,DOID:0050748,marginal zone lymphoma
ICD0:9699/3,,ICD0,2,DOID:0050909,extranodal marginal zone lymphoma of mucosa-associated lymphoid tissue
ICD0:9749/3,,ICD0,2,DOID:0111278,histiocytosis-lymphadenopathy plus syndrome
ICD0:9749/3,,ICD0,2,DOID:4329,Erdheim-Chester disease
ICD10:A07.8,Other specified protozoal intestinal diseases,ICD10,2,DOID:14397,protozoal dysentery
ICD10:A07.8,Other specified protozoal intestinal diseases,ICD10,2,DOID:9640,sarcocystosis
ICD10:A18.17,Tuberculous female pelvic inflammatory disease,ICD10,2,DOID:0050166,tuberculous salpingitis
ICD10:A18.17,Tuberculous female pelvic inflammatory disease,ICD10,2,DOID:2148,tuberculous oophoritis
ICD10:A69.22,Other neurologic disorders in Lyme disease,ICD10,2,DOID:10554,meningoencephalitis
ICD10:A69.22,Other neurologic disorders in Lyme disease,ICD10,2,DOID:1389,polyneuropathy
ICD10:B20,Human immunodeficiency virus [HIV] disease,ICD10,2,DOID:526,human immunodeficiency virus infectious disease
ICD10:B20,Human immunodeficiency virus [HIV] disease,ICD10,2,DOID:635,acquired immunodeficiency syndrome
ICD10:B35,favus,ICD10,2,DOID:4336,tinea favosa
ICD10:B35,favus,ICD10,2,DOID:8913,dermatophytosis
ICD10:C18.9,"Malignant neoplasm of colon, unspecified",ICD10,2,DOID:5672,large intestine cancer
ICD10:C18.9,"Malignant neoplasm of colon, unspecified",ICD10,2,DOID:9256,colorectal cancer
ICD10:C22.0,Liver cell carcinoma,ICD10,2,DOID:3571,liver cancer
ICD10:C22.0,Liver cell carcinoma,ICD10,2,DOID:684,hepatocellular carcinoma
ICD10:C22.1,Intrahepatic bile duct carcinoma,ICD10,2,DOID:4928,intrahepatic cholangiocarcinoma
ICD10:C22.1,Intrahepatic bile duct carcinoma,ICD10,2,DOID:4947,cholangiocarcinoma
ICD10:C25.4,Malignant neoplasm of endocrine pancreas,ICD10,2,DOID:1798,pancreatic endocrine carcinoma
ICD10:C25.4,Malignant neoplasm of endocrine pancreas,ICD10,2,DOID:1799,islet cell tumor
ICD10:C38.0,Malignant neoplasm of heart,ICD10,2,DOID:116,pericardium cancer
ICD10:C38.0,Malignant neoplasm of heart,ICD10,2,DOID:117,heart cancer
ICD10:C44,malignant neoplasm of sweat glands,ICD10,2,DOID:2095,sweat gland cancer
ICD10:C44,malignant neoplasm of sweat glands,ICD10,2,DOID:4840,sebaceous carcinoma
ICD10:C49,malignant neoplasm of muscle,ICD10,2,DOID:1115,sarcoma
ICD10:C49,malignant neoplasm of muscle,ICD10,2,DOID:4045,muscle cancer
ICD10:C50,Paget's disease of breast,ICD10,2,DOID:1612,breast cancer
ICD10:C50,Paget's disease of breast,ICD10,2,DOID:3443,mammary Paget's disease
ICD10:C58,Malignant neoplasm of placenta,ICD10,2,DOID:2021,placenta cancer
ICD10:C58,Malignant neoplasm of placenta,ICD10,2,DOID:3594,choriocarcinoma
ICD10:C71.7,Malignant neoplasm of brain stem,ICD10,2,DOID:4203,brain stem cancer
ICD10:C71.7,Malignant neoplasm of brain stem,ICD10,2,DOID:4706,infratentorial cancer
ICD10:C81,,ICD10,2,DOID:8567,Hodgkin's lymphoma
ICD10:C81,,ICD10,2,DOID:8642,Hodgkin's paragranuloma
ICD10:C85.9,"Non-Hodgkin's lymphoma, unspecified type",ICD10,2,DOID:0060058,lymphoma
ICD10:C85.9,"Non-Hodgkin's lymphoma, unspecified type",ICD10,2,DOID:0060060,non-Hodgkin lymphoma
ICD10:D18.0,"Hemangioma, any site",ICD10,2,DOID:255,hemangioma
ICD10:D18.0,"Hemangioma, any site",ICD10,2,DOID:483,cavernous hemangioma
ICD10:D47.02,Systemic mastocytosis,ICD10,2,DOID:349,systemic mastocytosis
ICD10:D47.02,Systemic mastocytosis,ICD10,2,DOID:4660,indolent systemic mastocytosis
ICD10:D47.1,Chronic myeloproliferative disease,ICD10,2,DOID:2226,myeloproliferative neoplasm
ICD10:D47.1,Chronic myeloproliferative disease,ICD10,2,DOID:4960,bone marrow cancer
ICD10:D61.0,Constitutional aplastic anemia,ICD10,2,DOID:0060479,Shwachman-Diamond syndrome
ICD10:D61.0,Constitutional aplastic anemia,ICD10,2,DOID:1342,congenital hypoplastic anemia
ICD10:D61.01,Constitutional (pure) red blood cell aplasia,ICD10,2,DOID:1339,Diamond-Blackfan anemia
ICD10:D61.01,Constitutional (pure) red blood cell aplasia,ICD10,2,DOID:1342,congenital hypoplastic anemia
ICD10:D65,Disseminated intravascular coagulation [defibrination syndrome],ICD10,2,DOID:0060538,purpura fulminans
ICD10:D65,Disseminated intravascular coagulation [defibrination syndrome],ICD10,2,DOID:11247,disseminated intravascular coagulation
ICD10:D68.2,Hereditary deficiency of other clotting factors,ICD10,2,DOID:2215,factor VII deficiency
ICD10:D68.2,Hereditary deficiency of other clotting factors,ICD10,2,DOID:2216,factor V deficiency
ICD10:D75.0,Familial erythrocytosis,ICD10,2,DOID:0060652,familial erythrocytosis 1
ICD10:D75.0,Familial erythrocytosis,ICD10,2,DOID:10780,primary polycythemia
ICD10:D81.1,Severe combined immunodeficiency [SCID] with low T- and B-cell numbers,ICD10,2,DOID:0090012,severe combined immunodeficiency with sensitivity to ionizing radiation
ICD10:D81.1,Severe combined immunodeficiency [SCID] with low T- and B-cell numbers,ICD10,2,DOID:0090013,"severe combined immunodeficiency, autosomal recessive, T cell-negative, B cell-negative, Nk cell-positive"
ICD10:D82.3,Immunodeficiency following hereditary defective response to Epstein-Barr virus,ICD10,2,DOID:0060705,X-linked lymphoproliferative syndrome 1
ICD10:D82.3,Immunodeficiency following hereditary defective response to Epstein-Barr virus,ICD10,2,DOID:0060706,X-linked lymphoproliferative syndrome 2
ICD10:E03.9,"Hypothyroidism, unspecified",ICD10,2,DOID:11634,myxedema
ICD10:E03.9,"Hypothyroidism, unspecified",ICD10,2,DOID:1459,hypothyroidism
ICD10:E04.9,"Nontoxic goiter, unspecified",ICD10,2,DOID:12176,goiter
ICD10:E04.9,"Nontoxic goiter, unspecified",ICD10,2,DOID:13195,nontoxic goiter
ICD10:E05.9,"Thyrotoxicosis, unspecified",ICD10,2,DOID:7997,thyrotoxicosis
ICD10:E05.9,"Thyrotoxicosis, unspecified",ICD10,2,DOID:7998,hyperthyroidism
ICD10:E06.0,Acute thyroiditis,ICD10,2,DOID:14350,suppurative thyroiditis
ICD10:E06.0,Acute thyroiditis,ICD10,2,DOID:14353,acute thyroiditis
ICD10:E07.1,Dyshormogenetic goiter,ICD10,2,DOID:0060744,Pendred Syndrome
ICD10:E07.1,Dyshormogenetic goiter,ICD10,2,DOID:12175,dyshormonogenic goiter
ICD10:E13.8,Other specified diabetes mellitus with unspecified complications,ICD10,2,DOID:0110629,Wolfram syndrome 1
ICD10:E13.8,Other specified diabetes mellitus with unspecified complications,ICD10,2,DOID:0110630,Wolfram syndrome 2
ICD10:E23.6,Other disorders of pituitary gland,ICD10,2,DOID:0090088,hypogonadotropic hypogonadism 24 without anosmia
ICD10:E23.6,Other disorders of pituitary gland,ICD10,2,DOID:6676,Froelich syndrome
ICD10:E31.0,Autoimmune polyglandular failure,ICD10,2,DOID:0090110,immune dysregulation-polyendocrinopathy-enteropathy-X-linked syndrome
ICD10:E31.0,Autoimmune polyglandular failure,ICD10,2,DOID:14040,autoimmune polyendocrine syndrome
ICD10:E55.0,"Rickets, active",ICD10,2,DOID:0080883,vitamin D-dependent rickets
ICD10:E55.0,"Rickets, active",ICD10,2,DOID:10609,rickets
ICD10:E70.29,Other disorders of tyrosine metabolism,ICD10,2,DOID:14223,ochronosis
ICD10:E70.29,Other disorders of tyrosine metabolism,ICD10,2,DOID:9270,alkaptonuria
ICD10:E71.3,Disorders of fatty-acid metabolism,ICD10,2,DOID:0090031,D-bifunctional protein deficiency
ICD10:E71.3,Disorders of fatty-acid metabolism,ICD10,2,DOID:0090129,carnitine palmitoyltransferase I deficiency
ICD10:E72.19,Other disorders of sulfur-bearing amino-acid metabolism,ICD10,2,DOID:0090142,cystathioninuria
ICD10:E72.19,Other disorders of sulfur-bearing amino-acid metabolism,ICD10,2,DOID:0111270,isolated sulfite oxidase deficiency
ICD10:E72.538,Other specified primary hyperoxaluria,ICD10,2,DOID:0111671,primary hyperoxaluria type 2
ICD10:E72.538,Other specified primary hyperoxaluria,ICD10,2,DOID:0111672,primary hyperoxaluria type 3
ICD10:E72.59,Other disorders of glycine metabolism,ICD10,2,DOID:0111626,D-glyceric aciduria
ICD10:E72.59,Other disorders of glycine metabolism,ICD10,2,DOID:0112307,sarcosinemia
ICD10:E74.4,Disorders of pyruvate metabolism and gluconeogenesis,ICD10,2,DOID:3649,pyruvate decarboxylase deficiency
ICD10:E74.4,Disorders of pyruvate metabolism and gluconeogenesis,ICD10,2,DOID:3651,pyruvate carboxylase deficiency disease
ICD10:E76.0,"Mucopolysaccharidosis, type I",ICD10,2,DOID:0060222,Scheie syndrome
ICD10:E76.0,"Mucopolysaccharidosis, type I",ICD10,2,DOID:12802,mucopolysaccharidosis I
ICD10:E77.1,Defects in glycoprotein degradation,ICD10,2,DOID:0050461,aspartylglucosaminuria
ICD10:E77.1,Defects in glycoprotein degradation,ICD10,2,DOID:14500,fucosidosis
ICD10:E78.3,Hyperchylomicronemia,ICD10,2,DOID:0060357,chylomicron retention disease
ICD10:E78.3,Hyperchylomicronemia,ICD10,2,DOID:14118,familial lipoprotein lipase deficiency
ICD10:E85.0,Non-neuropathic heredofamilial amyloidosis,ICD10,2,DOID:0090018,TNF receptor–associated periodic syndrome
ICD10:E85.0,Non-neuropathic heredofamilial amyloidosis,ICD10,2,DOID:0090029,CINCA Syndrome
ICD10:E88.2,"Lipomatosis, not elsewhere classified",ICD10,2,DOID:3153,lipomatosis
ICD10:E88.2,"Lipomatosis, not elsewhere classified",ICD10,2,DOID:3928,adiposis dolorosa
ICD10:E88.8,Other specified metabolic disorders,ICD10,2,DOID:0070742,combined immunodeficiency and megaloblastic anemia with or without hyperhomocysteinemia
ICD10:E88.8,Other specified metabolic disorders,ICD10,2,DOID:0070752,neonatal severe encephalopathy with lactic acidosis and brain abnormalities
ICD10:F01.1,Multi-infarct dementia,ICD10,2,DOID:0111035,autosomal dominant cerebral arteriopathy with subcortical infarcts and leukoencephalopathy 1
ICD10:F01.1,Multi-infarct dementia,ICD10,2,DOID:0111036,autosomal dominant cerebral arteriopathy with subcortical infarcts and leukoencephalopathy 2
ICD10:F33.9,"Major depressive disorder, recurrent, unspecified",ICD10,2,DOID:1470,major depressive disorder
ICD10:F33.9,"Major depressive disorder, recurrent, unspecified",ICD10,2,DOID:1596,depressive disorder
ICD10:F34.1,Dysthymic disorder,ICD10,2,DOID:12139,dysthymic disorder
ICD10:F34.1,Dysthymic disorder,ICD10,2,DOID:4964,neurotic disorder
ICD10:F45.0,Somatization disorder,ICD10,2,DOID:13918,somatization disorder
ICD10:F45.0,Somatization disorder,ICD10,2,DOID:4737,somatoform disorder
ICD10:F48.9,"Neurotic disorder, unspecified",ICD10,2,DOID:10935,dissociative disorder
ICD10:F48.9,"Neurotic disorder, unspecified",ICD10,2,DOID:4964,neurotic disorder
ICD10:F60.3,Borderline personality disorder,ICD10,2,DOID:10930,borderline personality disorder
ICD10:F60.3,Borderline personality disorder,ICD10,2,DOID:12401,intermittent explosive disorder
ICD10:F80.9,"Developmental disorder of speech and language, unspecified",ICD10,2,DOID:2033,communication disorder
ICD10:F80.9,"Developmental disorder of speech and language, unspecified",ICD10,2,DOID:93,language disorder
ICD10:G03,arachnoiditis NOS,ICD10,2,DOID:12156,arachnoiditis
ICD10:G03,arachnoiditis NOS,ICD10,2,DOID:9471,meningitis
ICD10:G12.1,Other inherited spinal muscular atrophy,ICD10,2,DOID:0050529,adult spinal muscular atrophy
ICD10:G12.1,Other inherited spinal muscular atrophy,ICD10,2,DOID:0111552,scapuloperoneal spinal muscular atrophy
ICD10:G25.5,Other chorea,ICD10,2,DOID:0060810,syndromic X-linked intellectual disability type 10
ICD10:G25.5,Other chorea,ICD10,2,DOID:12859,choreatic disease
ICD10:G40.8,Other epilepsy,ICD10,2,DOID:0060281,photosensitive epilepsy
ICD10:G40.8,Other epilepsy,ICD10,2,DOID:2538,Landau-Kleffner syndrome
ICD10:G47.3,Sleep apnea,ICD10,2,DOID:0050847,sleep apnea
ICD10:G47.3,Sleep apnea,ICD10,2,DOID:0060731,congenital central hypoventilation syndrome
ICD10:G51.0,Bell's palsy,ICD10,2,DOID:12506,Bell's palsy
ICD10:G51.0,Bell's palsy,ICD10,2,DOID:13934,facial paralysis
ICD10:G54.0,Brachial plexus disorders,ICD10,2,DOID:3103,thoracic outlet syndrome
ICD10:G54.0,Brachial plexus disorders,ICD10,2,DOID:3690,brachial plexus neuropathy
ICD10:G54.5,Neuralgic amyotrophy,ICD10,2,DOID:10383,amyotrophic neuralgia
ICD10:G54.5,Neuralgic amyotrophy,ICD10,2,DOID:3689,brachial plexus neuritis
ICD10:G57.3,Lesion of lateral popliteal nerve,ICD10,2,DOID:12527,common peroneal nerve lesion
ICD10:G57.3,Lesion of lateral popliteal nerve,ICD10,2,DOID:6925,peroneal nerve paralysis
ICD10:G60.1,Refsum's disease,ICD10,2,DOID:0050444,infantile Refsum disease
ICD10:G60.1,Refsum's disease,ICD10,2,DOID:10582,Refsum disease
ICD10:G61.0,Guillain-Barre syndrome,ICD10,2,DOID:12842,Guillain-Barre syndrome
ICD10:G61.0,Guillain-Barre syndrome,ICD10,2,DOID:12889,Miller Fisher syndrome
ICD10:G61.81,Chronic inflammatory demyelinating polyneuritis,ICD10,2,DOID:2536,chronic inflammatory demyelinating polyneuritis
ICD10:G61.81,Chronic inflammatory demyelinating polyneuritis,ICD10,2,DOID:5213,chronic inflammatory demyelinating polyradiculoneuropathy
ICD10:G71.09,Other specified muscular dystrophies,ICD10,2,DOID:11719,oculopharyngeal muscular dystrophy
ICD10:G71.09,Other specified muscular dystrophies,ICD10,2,DOID:11720,distal myopathy
ICD10:G93.42,Megalencephalic leukoencephalopathy with subcortical cysts,ICD10,2,DOID:0080315,megalencephalic leukoencephalopathy with subcortical cysts
ICD10:G93.42,Megalencephalic leukoencephalopathy with subcortical cysts,ICD10,2,DOID:0080316,megalencephalic leukoencephalopathy with subcortical cysts 1
ICD10:G98,"Other disorders of nervous system, not elsewhere classified",ICD10,2,DOID:0050635,alternating hemiplegia of childhood
ICD10:G98,"Other disorders of nervous system, not elsewhere classified",ICD10,2,DOID:863,nervous system disease
ICD10:H00.01,Hordeolum NOS,ICD10,2,DOID:13134,hordeolum externum
ICD10:H00.01,Hordeolum NOS,ICD10,2,DOID:9909,hordeolum
ICD10:H05.11,Pseudotumor (inflammatory) of orbit,ICD10,2,DOID:10499,orbital granuloma
ICD10:H05.11,Pseudotumor (inflammatory) of orbit,ICD10,2,DOID:9369,orbital plasma cell granuloma
ICD10:H16.32,Cogan's syndrome,ICD10,2,DOID:0060216,Cogan syndrome
ICD10:H16.32,Cogan's syndrome,ICD10,2,DOID:13353,diffuse interstitial keratitis
ICD10:H35.81,Retinal edema,ICD10,2,DOID:10175,optic papillitis
ICD10:H35.81,Retinal edema,ICD10,2,DOID:6929,retinal edema
ICD10:H43.81,Vitreous detachment,ICD10,2,DOID:11816,vitreous syneresis
ICD10:H43.81,Vitreous detachment,ICD10,2,DOID:9726,vitreous detachment
ICD10:H47.1,"Papilledema, unspecified",ICD10,2,DOID:10175,optic papillitis
ICD10:H47.1,"Papilledema, unspecified",ICD10,2,DOID:146,papilledema
ICD10:H81.0,Meniere's disease,ICD10,2,DOID:9848,endolymphatic hydrops
ICD10:H81.0,Meniere's disease,ICD10,2,DOID:9849,Meniere's disease
ICD10:I10,Essential (primary) hypertension,ICD10,2,DOID:10763,hypertension
ICD10:I10,Essential (primary) hypertension,ICD10,2,DOID:10825,essential hypertension
ICD10:I21,coronary (artery) thrombosis,ICD10,2,DOID:5844,myocardial infarction
ICD10:I21,coronary (artery) thrombosis,ICD10,2,DOID:9408,acute myocardial infarction
ICD10:I26.09,Other pulmonary embolism with acute cor pulmonale,ICD10,2,DOID:8514,acute pulmonary heart disease
ICD10:I26.09,Other pulmonary embolism with acute cor pulmonale,ICD10,2,DOID:8517,acute cor pulmonale
ICD10:I45.6,Pre-excitation syndrome,ICD10,2,DOID:13087,Lown-Ganong-Levine syndrome
ICD10:I45.6,Pre-excitation syndrome,ICD10,2,DOID:384,Wolff-Parkinson-White syndrome
ICD10:J00,Acute nasopharyngitis [common cold],ICD10,2,DOID:10459,common cold
ICD10:J00,Acute nasopharyngitis [common cold],ICD10,2,DOID:10460,nasopharyngitis
ICD10:J32.0,Chronic maxillary sinusitis,ICD10,2,DOID:10792,chronic maxillary sinusitis
ICD10:J32.0,Chronic maxillary sinusitis,ICD10,2,DOID:2051,maxillary sinusitis
ICD10:J32.1,Chronic frontal sinusitis,ICD10,2,DOID:10790,chronic frontal sinusitis
ICD10:J32.1,Chronic frontal sinusitis,ICD10,2,DOID:10791,frontal sinusitis
ICD10:J32.2,Chronic ethmoidal sinusitis,ICD10,2,DOID:9312,chronic ethmoiditis
ICD10:J32.2,Chronic ethmoidal sinusitis,ICD10,2,DOID:9507,ethmoid sinusitis
ICD10:J32.3,Chronic sphenoidal sinusitis,ICD10,2,DOID:10793,chronic sphenoidal sinusitis
ICD10:J32.3,Chronic sphenoidal sinusitis,ICD10,2,DOID:10794,sphenoid sinusitis
ICD10:J60,Coalworker's pneumoconiosis,ICD10,2,DOID:10324,anthracosilicosis
ICD10:J60,Coalworker's pneumoconiosis,ICD10,2,DOID:10327,anthracosis
ICD10:J69.0,Pneumonitis due to food and vomit,ICD10,2,DOID:0050152,aspiration pneumonia
ICD10:J69.0,Pneumonitis due to food and vomit,ICD10,2,DOID:3240,aspiration pneumonitis
ICD10:J82.81,Chronic eosinophilic pneumonia,ICD10,2,DOID:5870,eosinophilic pneumonia
ICD10:J82.81,Chronic eosinophilic pneumonia,ICD10,2,DOID:9502,chronic eosinophilic pneumonia
ICD10:J84.114,Acute interstitial pneumonitis,ICD10,2,DOID:2797,idiopathic interstitial pneumonia
ICD10:J84.114,Acute interstitial pneumonitis,ICD10,2,DOID:2800,acute interstitial pneumonia
ICD10:K00.0,Anodontia,ICD10,2,DOID:0050591,tooth agenesis
ICD10:K00.0,Anodontia,ICD10,2,DOID:13714,anodontia
ICD10:K02,dental cavities,ICD10,2,DOID:10461,dentin caries
ICD10:K02,dental cavities,ICD10,2,DOID:216,dental caries
ICD10:K03.3,Pathological resorption of teeth,ICD10,2,DOID:13240,tooth resorption
ICD10:K03.3,Pathological resorption of teeth,ICD10,2,DOID:14529,external pathological resorption
ICD10:K04.2,Pulp degeneration,ICD10,2,DOID:11189,pulp degeneration
ICD10:K04.2,Pulp degeneration,ICD10,2,DOID:5608,dental pulp calcification
ICD10:K04.5,Chronic apical periodontitis,ICD10,2,DOID:11269,chronic apical periodontitis
ICD10:K04.5,Chronic apical periodontitis,ICD10,2,DOID:823,periapical periodontitis
ICD10:K11.2,Sialoadenitis,ICD10,2,DOID:10301,parotitis
ICD10:K11.2,Sialoadenitis,ICD10,2,DOID:10303,sialadenitis
ICD10:K29.6,Other gastritis,ICD10,2,DOID:4038,granulomatous gastritis
ICD10:K29.6,Other gastritis,ICD10,2,DOID:8757,gastric mucosal hypertrophy
ICD10:K31.5,Obstruction of duodenum,ICD10,2,DOID:13687,chronic duodenal ileus
ICD10:K31.5,Obstruction of duodenum,ICD10,2,DOID:3558,duodenal obstruction
ICD10:K44,paraesophageal hernia,ICD10,2,DOID:12642,hiatus hernia
ICD10:K44,paraesophageal hernia,ICD10,2,DOID:3827,congenital diaphragmatic hernia
ICD10:K50.0,Crohn's disease of small intestine,ICD10,2,DOID:0060188,jejunoileitis
ICD10:K50.0,Crohn's disease of small intestine,ICD10,2,DOID:0060191,gastroduodenal Crohn's disease
ICD10:K50.1,Crohn's disease of large intestine,ICD10,2,DOID:0060192,Crohn's colitis
ICD10:K50.1,Crohn's disease of large intestine,ICD10,2,DOID:8778,Crohn's disease
ICD10:K52,,ICD10,2,DOID:0060186,chemical colitis
ICD10:K52,,ICD10,2,DOID:0060187,diversion colitis
ICD10:K91.1,Postgastric surgery syndromes,ICD10,2,DOID:14495,dumping syndrome
ICD10:K91.1,Postgastric surgery syndromes,ICD10,2,DOID:8439,postgastrectomy syndrome
ICD10:L23.0,Allergic contact dermatitis due to metals,ICD10,2,DOID:0040046,nickel allergic contact dermatitis
ICD10:L23.0,Allergic contact dermatitis due to metals,ICD10,2,DOID:0040056,chromium allergic contact dermatitis
ICD10:L40.1,Generalized pustular psoriasis,ICD10,2,DOID:0080474,pustular psoriasis 14
ICD10:L40.1,Generalized pustular psoriasis,ICD10,2,DOID:8503,impetigo herpetiformis
ICD10:L74.4,Anhidrosis,ICD10,2,DOID:11155,hypohidrosis
ICD10:L74.4,Anhidrosis,ICD10,2,DOID:11156,anhidrosis
ICD10:L82,Seborrheic keratosis,ICD10,2,DOID:4400,dermatosis papulosa nigra
ICD10:L82,Seborrheic keratosis,ICD10,2,DOID:6498,seborrheic keratosis
ICD10:M04.1,Periodic fever syndromes,ICD10,2,DOID:0050452,mevalonic aciduria
ICD10:M04.1,Periodic fever syndromes,ICD10,2,DOID:2987,familial Mediterranean fever
ICD10:M27.8,Other specified diseases of jaws,ICD10,2,DOID:0070648,cherubism
ICD10:M27.8,Other specified diseases of jaws,ICD10,2,DOID:203,exostosis
ICD10:M31.0,Hypersensitivity angiitis,ICD10,2,DOID:9808,Goodpasture syndrome
ICD10:M31.0,Hypersensitivity angiitis,ICD10,2,DOID:9809,hypersensitivity vasculitis
ICD10:M72.2,Plantar fascial fibromatosis,ICD10,2,DOID:8936,plantar fascial fibromatosis
ICD10:M72.2,Plantar fascial fibromatosis,ICD10,2,DOID:9600,plantar fasciitis
ICD10:M85.2,Hyperostosis of skull,ICD10,2,DOID:0060756,sclerosteosis 1
ICD10:M85.2,Hyperostosis of skull,ICD10,2,DOID:0060757,sclerosteosis 2
ICD10:M89.4,Other hypertrophic osteoarthropathy,ICD10,2,DOID:10393,secondary hypertrophic osteoarthropathy
ICD10:M89.4,Other hypertrophic osteoarthropathy,ICD10,2,DOID:14283,primary hypertrophic osteoarthropathy
ICD10:M93.9,"Osteochondropathy, unspecified",ICD10,2,DOID:8125,osteochondrosis
ICD10:M93.9,"Osteochondropathy, unspecified",ICD10,2,DOID:84,osteochondritis dissecans
ICD10:N12,"Tubulo-interstitial nephritis, not specified as acute or chronic",ICD10,2,DOID:1063,interstitial nephritis
ICD10:N12,"Tubulo-interstitial nephritis, not specified as acute or chronic",ICD10,2,DOID:2744,pyelitis
ICD10:N19,Unspecified renal failure,ICD10,2,DOID:1074,kidney failure
ICD10:N19,Unspecified renal failure,ICD10,2,DOID:4676,uremia
ICD10:N21.0,Calculus in bladder,ICD10,2,DOID:11354,stone in bladder diverticulum
ICD10:N21.0,Calculus in bladder,ICD10,2,DOID:11355,bladder calculus
ICD10:N60.0,Solitary cyst of breast,ICD10,2,DOID:10349,solitary cyst of breast
ICD10:N60.0,Solitary cyst of breast,ICD10,2,DOID:10350,breast cyst
ICD10:N62,Hypertrophy of breast,ICD10,2,DOID:10688,hypertrophy of breast
ICD10:N62,Hypertrophy of breast,ICD10,2,DOID:12698,gynecomastia
ICD10:N70,pyosalpinx,ICD10,2,DOID:10972,salpingo-oophoritis
ICD10:N70,pyosalpinx,ICD10,2,DOID:5732,pyosalpinx
ICD10:N80.0,Endometriosis of uterus,ICD10,2,DOID:288,endometriosis of uterus
ICD10:N80.0,Endometriosis of uterus,ICD10,2,DOID:361,cervix endometriosis
ICD10:O26.4,Herpes gestationis,ICD10,2,DOID:0040098,pemphigus gestationis
ICD10:O26.4,Herpes gestationis,ICD10,2,DOID:14482,pemphigoid gestationis
ICD10:P70.2,Neonatal diabetes mellitus,ICD10,2,DOID:0060334,transient neonatal diabetes mellitus
ICD10:P70.2,Neonatal diabetes mellitus,ICD10,2,DOID:11717,neonatal diabetes mellitus
ICD10:Q05,meningocele (spinal),ICD10,2,DOID:0060326,myelomeningocele
ICD10:Q05,meningocele (spinal),ICD10,2,DOID:0080016,spina bifida
ICD10:Q07.8,Other specified congenital malformations of nervous system,ICD10,2,DOID:0070745,early-onset progressive encephalopathy with brain atrophy and spasticity
ICD10:Q07.8,Other specified congenital malformations of nervous system,ICD10,2,DOID:560,jaw-winking syndrome
ICD10:Q11.2,Microphthalmos,ICD10,2,DOID:0111716,cryptophthalmia
ICD10:Q11.2,Microphthalmos,ICD10,2,DOID:10629,microphthalmia
ICD10:Q13.4,Other congenital corneal malformations,ICD10,2,DOID:0060287,cornea plana
ICD10:Q13.4,Other congenital corneal malformations,ICD10,2,DOID:0060673,Peters anomaly
ICD10:Q20.3,Discordant ventriculoarterial connection,ICD10,2,DOID:0060770,dextro-looped transposition of the great arteries
ICD10:Q20.3,Discordant ventriculoarterial connection,ICD10,2,DOID:0060772,multiple types of congenital heart defects 6
ICD10:Q28.3,Other malformations of cerebral vessels,ICD10,2,DOID:0060670,cerebral cavernous malformation 2
ICD10:Q28.3,Other malformations of cerebral vessels,ICD10,2,DOID:0060671,cerebral cavernous malformation 3
ICD10:Q35.3,Cleft soft palate,ICD10,2,DOID:0110213,isolated cleft palate
ICD10:Q35.3,Cleft soft palate,ICD10,2,DOID:0110214,cleft soft palate
ICD10:Q60.4,"Renal hypoplasia, bilateral",ICD10,2,DOID:0090006,renal coloboma syndrome
ICD10:Q60.4,"Renal hypoplasia, bilateral",ICD10,2,DOID:0111142,oligomeganephronia
ICD10:Q61.5,Medullary cystic kidney,ICD10,2,DOID:0050576,Senior-Loken syndrome
ICD10:Q61.5,Medullary cystic kidney,ICD10,2,DOID:12712,nephronophthisis
ICD10:Q74.0,"Other congenital malformations of upper limb(s), including shoulder girdle",ICD10,2,DOID:13994,cleidocranial dysplasia
ICD10:Q74.0,"Other congenital malformations of upper limb(s), including shoulder girdle",ICD10,2,DOID:9827,radioulnar synostosis
ICD10:Q77.4,Achondroplasia,ICD10,2,DOID:0080041,hypochondroplasia
ICD10:Q77.4,Achondroplasia,ICD10,2,DOID:4480,achondroplasia
ICD10:Q77.7,Spondyloepiphyseal dysplasia,ICD10,2,DOID:0090004,progressive pseudorheumatoid arthropathy of childhood
ICD10:Q77.7,Spondyloepiphyseal dysplasia,ICD10,2,DOID:0090032,Silverman-Handmaker type dyssegmental dysplasia
ICD10:Q79.2,Exomphalos,ICD10,2,DOID:0060321,umbilical hernia
ICD10:Q79.2,Exomphalos,ICD10,2,DOID:0060327,omphalocele
ICD10:Q80.8,Other congenital ichthyosis,ICD10,2,DOID:0060720,autosomal recessive congenital ichthyosis 11
ICD10:Q80.8,Other congenital ichthyosis,ICD10,2,DOID:0060871,autosomal dominant keratitis-ichthyosis-deafness syndrome
ICD10:Q81.2,Epidermolysis bullosa dystrophica,ICD10,2,DOID:0060642,recessive dystrophic epidermolysis bullosa
ICD10:Q81.2,Epidermolysis bullosa dystrophica,ICD10,2,DOID:4959,epidermolysis bullosa dystrophica
ICD10:Q81.8,Other epidermolysis bullosa,ICD10,2,DOID:0060733,junctional epidermolysis bullosa with pyloric atresia
ICD10:Q81.8,Other epidermolysis bullosa,ICD10,2,DOID:0060738,junctional epidermolysis bullosa non-Herlitz type
ICD10:Q85.0,Neurofibromatosis (nonmalignant),ICD10,2,DOID:0060403,chromosome 17q11.2 deletion syndrome
ICD10:Q85.0,Neurofibromatosis (nonmalignant),ICD10,2,DOID:8712,neurofibromatosis
ICD10:Q85.89,"Other phakomatoses, not elsewhere classified",ICD10,2,DOID:0111563,Sturge-Weber syndrome
ICD10:Q85.89,"Other phakomatoses, not elsewhere classified",ICD10,2,DOID:3852,Peutz-Jeghers syndrome
ICD10:Q99.8,Other specified chromosome abnormalities,ICD10,2,DOID:0060427,chromosome Xp21 deletion syndrome
ICD10:Q99.8,Other specified chromosome abnormalities,ICD10,2,DOID:0060461,chromosome Xp11.23-p11.22 duplication syndrome
ICD10:Q99.813,"Usher syndrome, type 3",ICD10,2,DOID:0050439,Usher syndrome
ICD10:Q99.813,"Usher syndrome, type 3",ICD10,2,DOID:0110829,retinitis pigmentosa-deafness syndrome
ICD10:R48.8,Other and unspecified symbolic dysfunctions,ICD10,2,DOID:0060223,agraphia
ICD10:R48.8,Other and unspecified symbolic dysfunctions,ICD10,2,DOID:4540,dysgraphia
ICD10:R73.03,Prediabetes,ICD10,2,DOID:10603,glucose intolerance
ICD10:R73.03,Prediabetes,ICD10,2,DOID:11716,prediabetes syndrome
ICD9:009.2,Infectious diarrhea,ICD9,2,DOID:12384,dysentery
ICD9:009.2,Infectious diarrhea,ICD9,2,DOID:13250,diarrhea
ICD9:016.6,,ICD9,2,DOID:0050166,tuberculous salpingitis
ICD9:016.6,,ICD9,2,DOID:2148,tuberculous oophoritis
ICD9:021.8,Other specified tularemia,ICD9,2,DOID:14239,gastrointestinal tularemia
ICD9:021.8,Other specified tularemia,ICD9,2,DOID:2123,tularemia
ICD9:201,,ICD9,2,DOID:8567,Hodgkin's lymphoma
ICD9:201,,ICD9,2,DOID:8642,Hodgkin's paragranuloma
ICD9:205.1,,ICD9,2,DOID:0081088,"chronic myelogenous leukemia, BCR-ABL1 positive"
ICD9:205.1,,ICD9,2,DOID:8552,chronic myeloid leukemia
ICD9:300.81,Somatization disorder,ICD9,2,DOID:13918,somatization disorder
ICD9:300.81,Somatization disorder,ICD9,2,DOID:4737,somatoform disorder
ICD9:357.81,Chronic inflammatory demyelinating polyneuritis,ICD9,2,DOID:2536,chronic inflammatory demyelinating polyneuritis
ICD9:357.81,Chronic inflammatory demyelinating polyneuritis,ICD9,2,DOID:5213,chronic inflammatory demyelinating polyradiculoneuropathy
ICD9:359.2,,ICD9,2,DOID:0050759,myotonic dystrophy type 2
ICD9:359.2,,ICD9,2,DOID:450,myotonic disease
ICD9:362.83,Retinal edema,ICD9,2,DOID:10175,optic papillitis
ICD9:362.83,Retinal edema,ICD9,2,DOID:6929,retinal edema
ICD9:377.0,,ICD9,2,DOID:10175,optic papillitis
ICD9:377.0,,ICD9,2,DOID:146,papilledema
ICD9:396.3,Mitral valve insufficiency and aortic valve insufficiency,ICD9,2,DOID:11502,mitral valve insufficiency
ICD9:396.3,Mitral valve insufficiency and aortic valve insufficiency,ICD9,2,DOID:57,aortic valve insufficiency
ICD9:415,,ICD9,2,DOID:8514,acute pulmonary heart disease
ICD9:415,,ICD9,2,DOID:8517,acute cor pulmonale
ICD9:478.19,Other disease of nasal cavity and sinuses,ICD9,2,DOID:0050161,lower respiratory tract disease
ICD9:478.19,Other disease of nasal cavity and sinuses,ICD9,2,DOID:974,upper respiratory tract disease
ICD9:516.33,Acute interstitial pneumonitis,ICD9,2,DOID:2797,idiopathic interstitial pneumonia
ICD9:516.33,Acute interstitial pneumonitis,ICD9,2,DOID:2800,acute interstitial pneumonia
ICD9:520.0,Anodontia,ICD9,2,DOID:0050591,tooth agenesis
ICD9:520.0,Anodontia,ICD9,2,DOID:13714,anodontia
ICD9:555.1,Regional enteritis of large intestine,ICD9,2,DOID:0060192,Crohn's colitis
ICD9:555.1,Regional enteritis of large intestine,ICD9,2,DOID:8778,Crohn's disease
ICD9:558,,ICD9,2,DOID:0060186,chemical colitis
ICD9:558,,ICD9,2,DOID:0060187,diversion colitis
ICD9:585.6,End stage renal disease,ICD9,2,DOID:783,end stage renal disease
ICD9:585.6,End stage renal disease,ICD9,2,DOID:784,chronic kidney disease
ICD9:709.1,Vascular disorders of skin,ICD9,2,DOID:0040099,livedoid vasculitis
ICD9:709.1,Vascular disorders of skin,ICD9,2,DOID:9540,vascular skin disease
ICD9:756.72,Omphalocele,ICD9,2,DOID:0060321,umbilical hernia
ICD9:756.72,Omphalocele,ICD9,2,DOID:0060327,omphalocele
ICD0:8000/3,,ICD0,1,DOID:162,cancer
ICD0:8010/3,,ICD0,1,DOID:305,carcinoma
ICD0:8012/3,,ICD0,1,DOID:4552,large cell carcinoma
ICD0:8013/3,,ICD0,1,DOID:0050872,large cell neuroendocrine carcinoma
ICD0:8014/3,,ICD0,1,DOID:7480,large cell carcinoma with rhabdoid phenotype
ICD0:8022/3,,ICD0,1,DOID:5662,pleomorphic carcinoma
ICD0:8041/3,,ICD0,1,DOID:0050685,small cell carcinoma
ICD0:8050/0,,ICD0,1,DOID:2615,papilloma
ICD0:8050/3,,ICD0,1,DOID:3113,papillary carcinoma
ICD0:8051/0,,ICD0,1,DOID:3177,verrucous papilloma
ICD0:8051/3,,ICD0,1,DOID:3737,verrucous carcinoma
ICD0:8052/0,,ICD0,1,DOID:139,squamous cell papilloma
ICD0:8060/0,,ICD0,1,DOID:7532,squamous papillomatosis
ICD0:8070/0,,ICD0,1,DOID:8866,actinic keratosis
ICD0:8070/3,,ICD0,1,DOID:1749,squamous cell carcinoma
ICD0:8072/0,,ICD0,1,DOID:4321,large cell acanthoma
ICD0:8083/3,,ICD0,1,DOID:5522,basaloid squamous cell carcinoma
ICD0:8084/0,,ICD0,1,DOID:172,clear cell acanthoma
ICD0:8090/3,,ICD0,1,DOID:2513,basal cell carcinoma
ICD0:8091/3,,ICD0,1,DOID:4300,superficial basal cell carcinoma
ICD0:8094/3,,ICD0,1,DOID:5063,basosquamous carcinoma
ICD0:8104/0,,ICD0,1,DOID:4322,pilar sheath acanthoma
ICD0:8120/3,,ICD0,1,DOID:2671,transitional cell carcinoma
ICD0:8121/3,,ICD0,1,DOID:4003,Schneiderian carcinoma
ICD0:8124/3,,ICD0,1,DOID:7173,cloacogenic carcinoma
ICD0:8140/0,,ICD0,1,DOID:657,adenoma
ICD0:8140/2,,ICD0,1,DOID:4943,adenocarcinoma in situ
ICD0:8140/3,,ICD0,1,DOID:299,adenocarcinoma
ICD0:8141/3,,ICD0,1,DOID:4024,scirrhous adenocarcinoma
ICD0:8142/3,,ICD0,1,DOID:4023,linitis plastica
ICD0:8151/3,,ICD0,1,DOID:3892,insulinoma
ICD0:8153/3,,ICD0,1,DOID:5577,gastrinoma
ICD0:8155/3,,ICD0,1,DOID:5574,VIPoma
ICD0:8156/3,,ICD0,1,DOID:4430,somatostatinoma
ICD0:8160/0,,ICD0,1,DOID:5381,bile duct adenoma
ICD0:8160/3,,ICD0,1,DOID:4947,cholangiocarcinoma
ICD0:8161/0,,ICD0,1,DOID:5384,bile duct cystadenoma
ICD0:8161/3,,ICD0,1,DOID:4075,bile duct cystadenocarcinoma
ICD0:8170/3,,ICD0,1,DOID:684,hepatocellular carcinoma
ICD0:8174/3,,ICD0,1,DOID:5016,hepatocellular clear cell carcinoma
ICD0:8200/3,,ICD0,1,DOID:0080202,adenoid cystic carcinoma
ICD0:8201/3,,ICD0,1,DOID:5675,cribriform carcinoma
ICD0:8202/0,,ICD0,1,DOID:5403,microcystic adenoma
ICD0:8220/3,,ICD0,1,DOID:0080409,familial adenomatous polyposis 1
ICD0:8240/3,,ICD0,1,DOID:169,neuroendocrine tumor
ICD0:8246/3,,ICD0,1,DOID:1800,neuroendocrine carcinoma
ICD0:8247/3,,ICD0,1,DOID:3965,Merkel cell carcinoma
ICD0:8260/0,,ICD0,1,DOID:3172,papillary adenoma
ICD0:8261/0,,ICD0,1,DOID:0050869,villous adenoma
ICD0:8262/3,,ICD0,1,DOID:4917,villous adenocarcinoma
ICD0:8270/0,,ICD0,1,DOID:3828,chromophobe adenoma
ICD0:8272/0,,ICD0,1,DOID:3829,pituitary adenoma
ICD0:8272/3,,ICD0,1,DOID:4916,pituitary carcinoma
ICD0:8273/3,,ICD0,1,DOID:0081244,pituitary blastoma
ICD0:8280/0,,ICD0,1,DOID:5392,acidophil adenoma
ICD0:8300/0,,ICD0,1,DOID:4542,basophil adenoma
ICD0:8310/0,,ICD0,1,DOID:5390,clear cell adenoma
ICD0:8310/3,,ICD0,1,DOID:4468,clear cell adenocarcinoma
ICD0:8311/3,,ICD0,1,DOID:0081413,renal cell carcinoma with MiT translocations
ICD0:8312/3,,ICD0,1,DOID:4450,renal cell carcinoma
ICD0:8313/0,,ICD0,1,DOID:5477,clear cell adenofibroma
ICD0:8315/3,,ICD0,1,DOID:0081028,glycogen-rich carcinoma
ICD0:8319/3,,ICD0,1,DOID:4464,collecting duct carcinoma
ICD0:8320/3,,ICD0,1,DOID:4903,granular cell carcinoma
ICD0:8321/0,,ICD0,1,DOID:7607,chief cell adenoma
ICD0:8322/0,,ICD0,1,DOID:5401,water-clear cell adenoma
ICD0:8323/0,,ICD0,1,DOID:5385,mixed cell adenoma
ICD0:8324/0,,ICD0,1,DOID:5398,lipoadenoma
ICD0:8325/0,,ICD0,1,DOID:6404,metanephric adenoma
ICD0:8330/0,,ICD0,1,DOID:6204,follicular adenoma
ICD0:8330/1,,ICD0,1,DOID:8292,atypical follicular adenoma
ICD0:8330/3,,ICD0,1,DOID:3962,follicular thyroid carcinoma
ICD0:8337/3,,ICD0,1,DOID:3972,poorly differentiated thyroid carcinoma
ICD0:8344/3,,ICD0,1,DOID:7088,columnar cell papillary thyroid carcinoma
ICD0:8345/3,,ICD0,1,DOID:3973,medullary thyroid carcinoma
ICD0:8350/3,,ICD0,1,DOID:5914,diffuse sclerosing papillary thyroid carcinoma
ICD0:8370/0,,ICD0,1,DOID:0050891,adrenal cortical adenoma
ICD0:8401/0,,ICD0,1,DOID:3895,apocrine adenoma
ICD0:8401/3,,ICD0,1,DOID:4933,apocrine carcinoma
ICD0:8402/0,,ICD0,1,DOID:3896,hidradenoma
ICD0:8403/0,,ICD0,1,DOID:5444,spiradenoma
ICD0:8404/0,,ICD0,1,DOID:3893,hidrocystoma
ICD0:8405/0,,ICD0,1,DOID:5439,papillary hidradenoma
ICD0:8406/0,,ICD0,1,DOID:5445,syringocystadenoma papilliferum
ICD0:8407/0,,ICD0,1,DOID:2065,syringoma
ICD0:8408/0,,ICD0,1,DOID:5446,eccrine papillary adenoma
ICD0:8410/3,,ICD0,1,DOID:4840,sebaceous carcinoma
ICD0:8413/3,,ICD0,1,DOID:4920,eccrine adenocarcinoma
ICD0:8420/3,,ICD0,1,DOID:6446,ceruminous adenocarcinoma
ICD0:8430/3,,ICD0,1,DOID:4531,mucoepidermoid carcinoma
ICD0:8440/0,,ICD0,1,DOID:2634,cystadenoma
ICD0:8440/3,,ICD0,1,DOID:3111,cystadenocarcinoma
ICD0:8450/3,,ICD0,1,DOID:3110,papillary cystadenocarcinoma
ICD0:8461/0,,ICD0,1,DOID:2614,serous surface papilloma
ICD0:8470/3,,ICD0,1,DOID:3603,mucinous cystadenocarcinoma
ICD0:8480/3,,ICD0,1,DOID:3030,mucinous adenocarcinoma
ICD0:8480/6,,ICD0,1,DOID:3559,pseudomyxoma peritonei
ICD0:8482/3,,ICD0,1,DOID:8340,endocervical type cervical mucinous adenocarcinoma
ICD0:8503/0,,ICD0,1,DOID:1627,intraductal papilloma
ICD0:8504/0,,ICD0,1,DOID:2682,intracystic papillary adenoma
ICD0:8520/3,,ICD0,1,DOID:0050938,breast lobular carcinoma
ICD0:8550/3,,ICD0,1,DOID:3025,acinar cell carcinoma
ICD0:8551/3,,ICD0,1,DOID:7729,acinar cell cystadenocarcinoma
ICD0:8560/3,,ICD0,1,DOID:4830,adenosquamous carcinoma
ICD0:8562/3,,ICD0,1,DOID:5309,epithelial-myoepithelial carcinoma
ICD0:8575/3,,ICD0,1,DOID:4680,breast metaplastic carcinoma
ICD0:8576/3,,ICD0,1,DOID:0060534,hepatoid adenocarcinoma
ICD0:8580/3,,ICD0,1,DOID:3275,thymoma
ICD0:8586/3,,ICD0,1,DOID:3284,thymic carcinoma
ICD0:8589/3,,ICD0,1,DOID:0081457,intrathyroid thymic carcinoma
ICD0:8590/1,,ICD0,1,DOID:192,sex cord-gonadal stromal tumor
ICD0:8610/0,,ICD0,1,DOID:7880,luteoma
ICD0:8640/1,,ICD0,1,DOID:3577,Sertoli cell tumor
ICD0:8671/0,,ICD0,1,DOID:1786,adrenal rest tumor
ICD0:8680/3,,ICD0,1,DOID:0050773,paraganglioma
ICD0:8693/3,,ICD0,1,DOID:0081245,cauda equina neuroendocrine tumor
ICD0:8700/0,,ICD0,1,DOID:0050771,pheochromocytoma
ICD0:8700/3,,ICD0,1,DOID:0080347,malignant pheochromocytoma
ICD0:8710/3,,ICD0,1,DOID:5233,glomangiosarcoma
ICD0:8711/0,,ICD0,1,DOID:2431,glomus tumor
ICD0:8711/1,,ICD0,1,DOID:6906,glomangiomatosis
ICD0:8712/0,,ICD0,1,DOID:2436,glomangioma
ICD0:8713/0,,ICD0,1,DOID:8020,glomangiomyoma
ICD0:8728/0,,ICD0,1,DOID:6379,diffuse meningeal melanocytosis
ICD0:8728/1,,ICD0,1,DOID:5900,meningeal melanocytoma
ICD0:8728/3,,ICD0,1,DOID:8243,meningeal melanomatosis
ICD0:8730/3,,ICD0,1,DOID:4359,amelanotic melanoma
ICD0:8761/3,,ICD0,1,DOID:0070327,melanoma in congenital melanocytic nevus
ICD0:8771/3,,ICD0,1,DOID:4360,epithelioid cell melanoma
ICD0:8800/3,,ICD0,1,DOID:1115,sarcoma
ICD0:8800/9,,ICD0,1,DOID:7615,sarcomatosis
ICD0:8801/3,,ICD0,1,DOID:4235,spindle cell sarcoma
ICD0:8802/3,,ICD0,1,DOID:0081418,anaplastic sarcoma of the kidney
ICD0:8803/3,,ICD0,1,DOID:3098,small cell sarcoma
ICD0:8804/3,,ICD0,1,DOID:6193,epithelioid sarcoma
ICD0:8806/3,,ICD0,1,DOID:6785,desmoplastic small round cell tumor
ICD0:8810/0,,ICD0,1,DOID:0050871,fibroma
ICD0:8810/3,,ICD0,1,DOID:3355,fibrosarcoma
ICD0:8811/3,,ICD0,1,DOID:0080534,myxofibrosarcoma
ICD0:8815/1,,ICD0,1,DOID:0080897,solitary fibrous tumor/hemangiopericytoma
ICD0:8818/0,,ICD0,1,DOID:0080031,fibrous dysplasia
ICD0:8824/0,,ICD0,1,DOID:4386,myofibroma
ICD0:8830/3,,ICD0,1,DOID:1907,malignant fibrous histiocytoma
ICD0:8831/0,,ICD0,1,DOID:4231,histiocytoma
ICD0:8832/1,,ICD0,1,DOID:3507,dermatofibrosarcoma protuberans
ICD0:8840/3,,ICD0,1,DOID:4136,myxosarcoma
ICD0:8842/0,,ICD0,1,DOID:2685,ossifying fibromyxoid tumor
ICD0:8850/0,,ICD0,1,DOID:3315,lipoma
ICD0:8850/3,,ICD0,1,DOID:3382,liposarcoma
ICD0:8851/1,,ICD0,1,DOID:0070665,lipofibromatosis
ICD0:8852/3,,ICD0,1,DOID:5363,myxoid liposarcoma
ICD0:8853/3,,ICD0,1,DOID:5692,cellular myxoid liposarcoma
ICD0:8854/0,,ICD0,1,DOID:10192,pleomorphic lipoma
ICD0:8854/3,,ICD0,1,DOID:5702,pleomorphic liposarcoma
ICD0:8855/3,,ICD0,1,DOID:5703,mixed liposarcoma
ICD0:8857/0,,ICD0,1,DOID:10184,spindle cell lipoma
ICD0:8857/3,,ICD0,1,DOID:5698,fibroblastic liposarcoma
ICD0:8858/3,,ICD0,1,DOID:0080531,dedifferentiated liposarcoma
ICD0:8860/0,,ICD0,1,DOID:3314,angiomyolipoma
ICD0:8861/0,,ICD0,1,DOID:3616,angiolipoma
ICD0:8862/0,,ICD0,1,DOID:10208,chondroid lipoma
ICD0:8890/0,,ICD0,1,DOID:127,leiomyoma
ICD0:8890/1,,ICD0,1,DOID:5138,leiomyomatosis
ICD0:8890/3,,ICD0,1,DOID:1967,leiomyosarcoma
ICD0:8891/3,,ICD0,1,DOID:5264,epithelioid leiomyosarcoma
ICD0:8892/0,,ICD0,1,DOID:5139,cellular leiomyoma
ICD0:8893/0,,ICD0,1,DOID:5127,bizarre leiomyoma
ICD0:8895/0,,ICD0,1,DOID:2691,myoma
ICD0:8896/3,,ICD0,1,DOID:5268,myxoid leiomyosarcoma
ICD0:8900/3,,ICD0,1,DOID:3247,rhabdomyosarcoma
ICD0:8902/3,,ICD0,1,DOID:4065,mixed type rhabdomyosarcoma
ICD0:8910/3,,ICD0,1,DOID:3246,embryonal rhabdomyosarcoma
ICD0:8912/3,,ICD0,1,DOID:3260,spindle cell rhabdomyosarcoma
ICD0:8920/3,,ICD0,1,DOID:4051,alveolar rhabdomyosarcoma
ICD0:8921/3,,ICD0,1,DOID:4055,ectomesenchymoma
ICD0:8930/0,,ICD0,1,DOID:1373,endometrial stromal nodule
ICD0:8930/3,,ICD0,1,DOID:4226,endometrial stromal sarcoma
ICD0:8932/0,,ICD0,1,DOID:2609,adenomyoma
ICD0:8933/3,,ICD0,1,DOID:1974,adenosarcoma
ICD0:8936/3,,ICD0,1,DOID:9253,gastrointestinal stromal tumor
ICD0:8940/0,,ICD0,1,DOID:452,pleomorphic adenoma
ICD0:8959/3,,ICD0,1,DOID:7571,malignant cystic nephroma
ICD0:8960/3,,ICD0,1,DOID:2154,nephroblastoma
ICD0:8970/3,,ICD0,1,DOID:687,hepatoblastoma
ICD0:8971/3,,ICD0,1,DOID:6823,pancreatoblastoma
ICD0:8972/3,,ICD0,1,DOID:4765,pulmonary blastoma
ICD0:8973/3,,ICD0,1,DOID:4769,pleuropulmonary blastoma
ICD0:8980/3,,ICD0,1,DOID:4236,carcinosarcoma
ICD0:8982/0,,ICD0,1,DOID:2661,myoepithelioma
ICD0:8982/3,,ICD0,1,DOID:4838,myoepithelial carcinoma
ICD0:8990/3,,ICD0,1,DOID:2668,mesenchymoma
ICD0:9013/0,,ICD0,1,DOID:2683,adenofibroma
ICD0:9015/0,,ICD0,1,DOID:2700,mucinous adenofibroma
ICD0:9040/3,,ICD0,1,DOID:5485,synovial sarcoma
ICD0:9044/3,,ICD0,1,DOID:4233,clear cell sarcoma
ICD0:9054/0,,ICD0,1,DOID:746,adenomatoid tumor
ICD0:9060/3,,ICD0,1,DOID:4441,dysgerminoma
ICD0:9061/3,,ICD0,1,DOID:4440,seminoma
ICD0:9064/3,,ICD0,1,DOID:3304,germinoma
ICD0:9065/3,,ICD0,1,DOID:5345,testicular non-seminomatous germ cell cancer
ICD0:9070/3,,ICD0,1,DOID:3308,embryonal carcinoma
ICD0:9071/3,,ICD0,1,DOID:1911,endodermal sinus tumor
ICD0:9073/1,,ICD0,1,DOID:3301,gonadoblastoma
ICD0:9080/0,,ICD0,1,DOID:5566,mature teratoma
ICD0:9080/1,,ICD0,1,DOID:0080602,benign teratoma
ICD0:9081/3,,ICD0,1,DOID:3305,teratocarcinoma
ICD0:9084/0,,ICD0,1,DOID:2658,dermoid cyst
ICD0:9084/3,,ICD0,1,DOID:0081246,teratoma with somatic-type malignancy
ICD0:9085/3,,ICD0,1,DOID:3306,mixed germ cell cancer
ICD0:9090/0,,ICD0,1,DOID:2640,struma ovarii
ICD0:9100/3,,ICD0,1,DOID:3594,choriocarcinoma
ICD0:9104/1,,ICD0,1,DOID:3596,placental site trophoblastic tumor
ICD0:9120/0,,ICD0,1,DOID:255,hemangioma
ICD0:9120/3,,ICD0,1,DOID:0001816,angiosarcoma
ICD0:9121/0,,ICD0,1,DOID:483,cavernous hemangioma
ICD0:9122/0,,ICD0,1,DOID:467,venous hemangioma
ICD0:9123/0,,ICD0,1,DOID:11294,arteriovenous malformation
ICD0:9131/0,,ICD0,1,DOID:2725,capillary hemangioma
ICD0:9132/0,,ICD0,1,DOID:468,intramuscular hemangioma
ICD0:9141/0,,ICD0,1,DOID:479,angiokeratoma
ICD0:9142/0,,ICD0,1,DOID:470,verrucous keratotic hemangioma
ICD0:9150/3,,ICD0,1,DOID:264,hemangiopericytoma
ICD0:9161/1,,ICD0,1,DOID:5241,hemangioblastoma
ICD0:9170/0,,ICD0,1,DOID:1475,lymphangioma
ICD0:9170/3,,ICD0,1,DOID:2689,lymphangiosarcoma
ICD0:9171/0,,ICD0,1,DOID:2286,capillary lymphangioma
ICD0:9173/0,,ICD0,1,DOID:3081,cystic lymphangioma
ICD0:9174/1,,ICD0,1,DOID:3319,lymphangioleiomyomatosis
ICD0:9180/3,,ICD0,1,DOID:3347,osteosarcoma
ICD0:9181/3,,ICD0,1,DOID:3372,chondroblastic osteosarcoma
ICD0:9192/3,,ICD0,1,DOID:3373,parosteal osteosarcoma
ICD0:9195/3,,ICD0,1,DOID:7602,conventional osteosarcoma
ICD0:9200/0,,ICD0,1,DOID:0060098,osteoblastoma
ICD0:9220/0,,ICD0,1,DOID:2602,chondroma
ICD0:9220/3,,ICD0,1,DOID:3371,chondrosarcoma
ICD0:9221/3,,ICD0,1,DOID:5859,periosteal chondrosarcoma
ICD0:9230/1,,ICD0,1,DOID:2649,chondroblastoma
ICD0:9240/3,,ICD0,1,DOID:4545,mesenchymal chondrosarcoma
ICD0:9242/3,,ICD0,1,DOID:5867,clear cell chondrosarcoma
ICD0:9243/3,,ICD0,1,DOID:0081247,dedifferentiated chondrosarcoma
ICD0:9251/3,,ICD0,1,DOID:5638,malignant giant cell tumor of soft parts
ICD0:9252/0,,ICD0,1,DOID:314,tenosynovial giant cell tumor
ICD0:9262/0,,ICD0,1,DOID:180,ossifying fibroma
ICD0:9310/0,,ICD0,1,DOID:0050894,ameloblastoma
ICD0:9350/1,,ICD0,1,DOID:3840,craniopharyngioma
ICD0:9351/1,,ICD0,1,DOID:3846,adamantinous craniopharyngioma
ICD0:9352/1,,ICD0,1,DOID:3847,papillary craniopharyngioma
ICD0:9361/1,,ICD0,1,DOID:0081248,pineocytoma
ICD0:9363/0,,ICD0,1,DOID:166,melanotic neuroectodermal tumor
ICD0:9364/3,,ICD0,1,DOID:3369,Ewing sarcoma
ICD0:9366/3,,ICD0,1,DOID:0081406,round cell sarcoma with EWSR1-non-ETS fusion
ICD0:9367/3,,ICD0,1,DOID:0081250,CIC-rearranged sarcoma
ICD0:9368/3,,ICD0,1,DOID:0081402,sarcoma with BCOR genetic alterations
ICD0:9371/3,,ICD0,1,DOID:4152,chondroid chordoma
ICD0:9373/0,,ICD0,1,DOID:2647,parachordoma
ICD0:9380/3,,ICD0,1,DOID:3070,high grade glioma
ICD0:9381/3,,ICD0,1,DOID:6128,gliomatosis cerebri
ICD0:9383/1,,ICD0,1,DOID:4843,subependymal glioma
ICD0:9384/1,,ICD0,1,DOID:5077,subependymal giant cell astrocytoma
ICD0:9390/0,,ICD0,1,DOID:2626,choroid plexus papilloma
ICD0:9390/1,,ICD0,1,DOID:3544,atypical choroid plexus papilloma
ICD0:9390/3,,ICD0,1,DOID:5648,choroid plexus carcinoma
ICD0:9393/3,,ICD0,1,DOID:5505,papillary ependymoma
ICD0:9394/1,,ICD0,1,DOID:5075,myxopapillary ependymoma
ICD0:9395/3,,ICD0,1,DOID:0081251,papillary tumor of the pineal region
ICD0:9410/3,,ICD0,1,DOID:7008,protoplasmic astrocytoma
ICD0:9411/3,,ICD0,1,DOID:7005,gemistocytic astrocytoma
ICD0:9412/1,,ICD0,1,DOID:0081259,desmoplastic infantile ganglioglioma / desmoplastic infantile astrocytoma
ICD0:9420/3,,ICD0,1,DOID:6726,fibrillary astrocytoma
ICD0:9421/3,,ICD0,1,DOID:0081304,high-grade astrocytoma with piloid features
ICD0:9424/3,,ICD0,1,DOID:4852,pleomorphic xanthoastrocytoma
ICD0:9425/3,,ICD0,1,DOID:4845,pilomyxoid astrocytoma
ICD0:9431/1,,ICD0,1,DOID:0081261,angiocentric glioma
ICD0:9432/1,,ICD0,1,DOID:0081280,pituicytoma
ICD0:9441/3,,ICD0,1,DOID:3074,giant cell glioblastoma
ICD0:9442/1,,ICD0,1,DOID:4856,gliofibroma
ICD0:9442/3,,ICD0,1,DOID:3071,gliosarcoma
ICD0:9444/1,,ICD0,1,DOID:3774,chordoid glioma
ICD0:9445/3,,ICD0,1,DOID:0080877,"astrocytoma, IDH-mutant, grade 4"
ICD0:9451/3,,ICD0,1,DOID:0081282,"oligodendroglioma, IDH-mutant and 1p/19q-codeleted, grade 3"
ICD0:9470/3,,ICD0,1,DOID:0050902,medulloblastoma
ICD0:9472/3,,ICD0,1,DOID:3861,medullomyoblastoma
ICD0:9473/3,,ICD0,1,DOID:0060103,central nervous system embryonal tumor
ICD0:9474/3,,ICD0,1,DOID:3857,large cell medulloblastoma
ICD0:9475/3,,ICD0,1,DOID:0080702,medulloblastoma WNT activated
ICD0:9476/3,,ICD0,1,DOID:0080704,medulloblastoma SHH activated and TP53 mutant
ICD0:9477/3,,ICD0,1,DOID:0080706,medulloblastoma non-WNT/non-SHH
ICD0:9478/3,,ICD0,1,DOID:0081286,embryonal tumor with multilayered rosettes
ICD0:9480/3,,ICD0,1,DOID:0081316,"primary intracranial sarcoma, DICER1-mutant"
ICD0:9490/0,,ICD0,1,DOID:4817,ganglioneuroma
ICD0:9490/3,,ICD0,1,DOID:4163,ganglioneuroblastoma
ICD0:9492/0,,ICD0,1,DOID:2426,gangliocytoma
ICD0:9493/0,,ICD0,1,DOID:0050657,Cowden syndrome 1
ICD0:9501/3,,ICD0,1,DOID:4790,medulloepithelioma
ICD0:9505/1,,ICD0,1,DOID:5078,ganglioglioma
ICD0:9507/0,,ICD0,1,DOID:2669,Pacinian tumor
ICD0:9508/3,,ICD0,1,DOID:2129,atypical teratoid rhabdoid tumor
ICD0:9509/0,,ICD0,1,DOID:0081303,multinodular and vacuolating neuronal tumor
ICD0:9509/3,,ICD0,1,DOID:0081302,diffuse leptomeningeal glioneuronal tumor
ICD0:9510/3,,ICD0,1,DOID:768,retinoblastoma
ICD0:9522/3,,ICD0,1,DOID:369,olfactory neuroblastoma
ICD0:9530/0,,ICD0,1,DOID:3565,meningioma
ICD0:9531/0,,ICD0,1,DOID:7212,meningothelial meningioma
ICD0:9532/0,,ICD0,1,DOID:7211,fibrous meningioma
ICD0:9533/0,,ICD0,1,DOID:7210,psammomatous meningioma
ICD0:9534/0,,ICD0,1,DOID:6548,angiomatous meningioma
ICD0:9537/0,,ICD0,1,DOID:7213,transitional meningioma
ICD0:9540/0,,ICD0,1,DOID:962,neurofibroma
ICD0:9540/3,,ICD0,1,DOID:5940,malignant peripheral nerve sheath tumor
ICD0:9550/0,,ICD0,1,DOID:5151,plexiform neurofibroma
ICD0:9560/1,,ICD0,1,DOID:3204,schwannomatosis
ICD0:9560/3,,ICD0,1,DOID:3192,neurilemmoma
ICD0:9570/0,,ICD0,1,DOID:2001,neuroma
ICD0:9571/0,,ICD0,1,DOID:4697,perineurioma
ICD0:9580/0,,ICD0,1,DOID:2411,granular cell tumor
ICD0:9581/3,,ICD0,1,DOID:4239,alveolar soft part sarcoma
ICD0:9590/3,,ICD0,1,DOID:0060058,lymphoma
ICD0:9591/3,,ICD0,1,DOID:0060060,non-Hodgkin lymphoma
ICD0:9671/3,,ICD0,1,DOID:0060901,lymphoplasmacytic lymphoma
ICD0:9673/3,,ICD0,1,DOID:0050746,mantle cell lymphoma
ICD0:9687/3,,ICD0,1,DOID:8584,Burkitt lymphoma
ICD0:9690/3,,ICD0,1,DOID:0050873,follicular lymphoma
ICD0:9700/3,,ICD0,1,DOID:8691,mycosis fungoides
ICD0:9702/3,,ICD0,1,DOID:0081312,T-cell non-Hodgkin lymphoma
ICD0:9705/3,,ICD0,1,DOID:0111147,angioimmunoblastic T-cell lymphoma
ICD0:9708/3,,ICD0,1,DOID:0070662,subcutaneous panniculitis-like T-cell lymphoma
ICD0:9712/3,,ICD0,1,DOID:0081311,intravascular large B-cell lymphoma
ICD0:9714/3,,ICD0,1,DOID:0050744,anaplastic large cell lymphoma
ICD0:9719/3,,ICD0,1,DOID:0080797,nasal type extranodal NK/T-cell lymphoma
ICD0:9724/3,,ICD0,1,DOID:0070324,systemic Epstein-Barr virus positive T-cell lymphoma of childhood
ICD0:9729/3,,ICD0,1,DOID:5603,T-cell acute lymphoblastic leukemia
ICD0:9731/3,,ICD0,1,DOID:3721,plasmacytoma
ICD0:9733/3,,ICD0,1,DOID:9513,plasma cell leukemia
ICD0:9735/3,,ICD0,1,DOID:0080779,plasmablastic lymphoma
ICD0:9741/1,,ICD0,1,DOID:4660,indolent systemic mastocytosis
ICD0:9742/3,,ICD0,1,DOID:9254,mast-cell leukemia
ICD0:9749/1,,ICD0,1,DOID:4424,juvenile xanthogranuloma
ICD0:9751/1,,ICD0,1,DOID:2571,Langerhans-cell histiocytosis
ICD0:9755/3,,ICD0,1,DOID:0080915,histiocytic sarcoma
ICD0:9756/3,,ICD0,1,DOID:7146,Langerhans cell sarcoma
ICD0:9757/3,,ICD0,1,DOID:7848,interdigitating dendritic cell sarcoma
ICD0:9758/3,,ICD0,1,DOID:6262,follicular dendritic cell sarcoma
ICD0:9762/3,,ICD0,1,DOID:0060125,heavy chain disease
ICD0:9766/3,,ICD0,1,DOID:0081310,grade III lymphomatoid granulomatosis
ICD0:9800/3,,ICD0,1,DOID:1240,leukemia
ICD0:9801/3,,ICD0,1,DOID:12603,acute leukemia
ICD0:9805/3,,ICD0,1,DOID:9953,acute biphenotypic leukemia
ICD0:9806/3,,ICD0,1,DOID:0081036,mixed phenotype acute leukemia with BCR-ABL1
ICD0:9807/3,,ICD0,1,DOID:0081037,mixed phenotype acute leukemia with MLL rearranged
ICD0:9808/3,,ICD0,1,DOID:0081038,"mixed phenotype acute leukemia, B/myeloid"
ICD0:9809/3,,ICD0,1,DOID:0081039,"mixed phenotype acute leukemia, T/myeloid"
ICD0:9812/3,,ICD0,1,DOID:0080643,B-lymphoblastic leukemia/lymphoma with BCR-ABL1
ICD0:9813/3,,ICD0,1,DOID:0080644,B-lymphoblastic leukemia/lymphoma MLL rearranged
ICD0:9814/3,,ICD0,1,DOID:0080645,B-lymphoblastic leukemia/lymphoma with ETV6-RUNX1
ICD0:9815/3,,ICD0,1,DOID:0080646,B-lymphoblastic leukemia/lymphoma with hyperdiploidy
ICD0:9816/3,,ICD0,1,DOID:0080647,B-lymphoblastic leukemia/lymphoma with hypodiploidy
ICD0:9817/3,,ICD0,1,DOID:0080648,B-lymphoblastic leukemia/lymphoma with IGH::IL3 fusion
ICD0:9818/3,,ICD0,1,DOID:0080649,B-lymphoblastic leukemia/lymphoma with TCF3-PBX1
ICD0:9819/3,,ICD0,1,DOID:0080650,"B-lymphoblastic leukemia/lymphoma, BCR-ABL1–like"
ICD0:9820/3,,ICD0,1,DOID:1037,lymphoid leukemia
ICD0:9823/3,,ICD0,1,DOID:6354,chronic lymphocytic leukemia/small lymphocytic lymphoma
ICD0:9827/3,,ICD0,1,DOID:0050523,adult T-cell leukemia/lymphoma
ICD0:9831/3,,ICD0,1,DOID:0050751,T-cell large granular lymphocyte leukemia
ICD0:9832/3,,ICD0,1,DOID:1039,prolymphocytic leukemia
ICD0:9833/3,,ICD0,1,DOID:0081041,B-cell prolymphocytic leukemia
ICD0:9834/3,,ICD0,1,DOID:0081042,T-cell prolymphocytic leukemia
ICD0:9836/3,,ICD0,1,DOID:0080630,B-lymphoblastic leukemia/lymphoma
ICD0:9837/3,,ICD0,1,DOID:5603,T-cell acute lymphoblastic leukemia
ICD0:9840/3,,ICD0,1,DOID:0080780,acute erythroid leukemia
ICD0:9860/3,,ICD0,1,DOID:8692,myeloid leukemia
ICD0:9863/3,,ICD0,1,DOID:8552,chronic myeloid leukemia
ICD0:9865/3,,ICD0,1,DOID:0081080,acute myeloid leukemia with t(6;9) (p23;q34.1)
ICD0:9866/3,,ICD0,1,DOID:0081081,acute promyelocytic leukemia with PML-RARA
ICD0:9867/3,,ICD0,1,DOID:0081082,acute myelomonocytic leukemia
ICD0:9869/3,,ICD0,1,DOID:0081083,acute myeloid leukemia with inv(3) (q21.3;q26.2) or t(3;3) (q21.3;q26.2)
ICD0:9870/3,,ICD0,1,DOID:0080795,acute basophilic leukemia
ICD0:9871/3,,ICD0,1,DOID:0081084,acute myeloid leukemia with inv(16)(p13.1q22) or t(16;16)(p13.1;q22)
ICD0:9872/3,,ICD0,1,DOID:0081085,acute myeloid leukemia with minimal differentiation
ICD0:9873/3,,ICD0,1,DOID:0081086,acute myeloid leukemia without maturation
ICD0:9874/3,,ICD0,1,DOID:0081087,acute myeloid leukemia with maturation
ICD0:9875/3,,ICD0,1,DOID:0081088,"chronic myelogenous leukemia, BCR-ABL1 positive"
ICD0:9876/3,,ICD0,1,DOID:0060597,"atypical chronic myeloid leukemia, BCR-ABL1 negative"
ICD0:9877/3,,ICD0,1,DOID:0081089,acute myeloid leukemia with mutated NPM1
ICD0:9878/3,,ICD0,1,DOID:0081090,acute myeloid leukemia with biallelic mutation of CEBPA
ICD0:9879/3,,ICD0,1,DOID:0081091,acute myeloid leukemia with mutated RUNX1
ICD0:9891/3,,ICD0,1,DOID:8864,acute monocytic leukemia
ICD0:9895/3,,ICD0,1,DOID:0081092,acute myeloid leukemia with myelodysplasia-related changes
ICD0:9896/3,,ICD0,1,DOID:0081093,acute myeloid leukemia with t(8;21); (q22; q22.1)
ICD0:9897/3,,ICD0,1,DOID:0081094,acute myeloid leukemia with MLL rearrangement
ICD0:9898/3,,ICD0,1,DOID:0080798,myeloid leukemia associated with Down Syndrome
ICD0:9910/3,,ICD0,1,DOID:8761,acute megakaryocytic leukemia
ICD0:9911/3,,ICD0,1,DOID:0081096,acute myeloid leukemia with t(1;22)(p13;q13)
ICD0:9912/3,,ICD0,1,DOID:0080976,acute myeloid leukemia with BCR-ABL1
ICD0:9930/3,,ICD0,1,DOID:8683,myeloid sarcoma
ICD0:9940/3,,ICD0,1,DOID:285,hairy cell leukemia
ICD0:9945/3,,ICD0,1,DOID:0080188,chronic myelomonocytic leukemia
ICD0:9946/3,,ICD0,1,DOID:0050458,juvenile myelomonocytic leukemia
ICD0:9948/3,,ICD0,1,DOID:1035,aggressive NK-cell leukemia
ICD0:9950/3,,ICD0,1,DOID:8997,polycythemia vera
ICD0:9960/3,,ICD0,1,DOID:2226,myeloproliferative neoplasm
ICD0:9962/3,,ICD0,1,DOID:2224,essential thrombocythemia
ICD0:9963/3,,ICD0,1,DOID:0080187,chronic neutrophilic leukemia
ICD0:9964/3,,ICD0,1,DOID:0080367,chronic eosinophilic leukemia
ICD0:9989/3,,ICD0,1,DOID:0050908,myelodysplastic syndrome
ICD10:A00,,ICD10,1,DOID:1498,cholera
ICD10:A00-A09,,ICD10,1,DOID:100,intestinal infectious disease
ICD10:A01.0,Typhoid fever,ICD10,1,DOID:13258,typhoid fever
ICD10:A01.1,Paratyphoid fever A,ICD10,1,DOID:3055,paratyphoid fever
ICD10:A01.2,Paratyphoid fever B,ICD10,1,DOID:3055,paratyphoid fever
ICD10:A01.3,Paratyphoid fever C,ICD10,1,DOID:3055,paratyphoid fever
ICD10:A01.4,"Paratyphoid fever, unspecified",ICD10,1,DOID:3055,paratyphoid fever
ICD10:A02.0,Salmonella enteritis,ICD10,1,DOID:0060859,salmonellosis
ICD10:A03,,ICD10,1,DOID:12385,shigellosis
ICD10:A03.0,Shigellosis due to Shigella dysenteriae,ICD10,1,DOID:12385,shigellosis
ICD10:A03.1,Shigellosis due to Shigella flexneri,ICD10,1,DOID:12385,shigellosis
ICD10:A03.2,Shigellosis due to Shigella boydii,ICD10,1,DOID:12385,shigellosis
ICD10:A04.7,Enterocolitis due to Clostridium difficile,ICD10,1,DOID:0060185,Clostridium difficile colitis
ICD10:A05.0,Foodborne staphylococcal intoxication,ICD10,1,DOID:96,staphyloenterotoxemia
ICD10:A05.1,Botulism,ICD10,1,DOID:11976,botulism
ICD10:A06,infection due to Entamoeba histolytica,ICD10,1,DOID:9181,amebiasis
ICD10:A07.0,Balantidiasis,ICD10,1,DOID:12386,balantidiasis
ICD10:A07.1,Giardiasis [lambliasis],ICD10,1,DOID:10718,giardiasis
ICD10:A07.2,Cryptosporidiosis,ICD10,1,DOID:1733,cryptosporidiosis
ICD10:A07.3,Isosporiasis,ICD10,1,DOID:2112,cystoisosporiasis
ICD10:A07.4,Cyclosporiasis,ICD10,1,DOID:12750,cyclosporiasis
ICD10:A15,,ICD10,1,DOID:2957,pulmonary tuberculosis
ICD10:A15.0,Tuberculosis of lung,ICD10,1,DOID:9534,tuberculous pneumothorax
ICD10:A15.5,"Tuberculosis of larynx, trachea and bronchus, confirmed bacteriologically and histologically",ICD10,1,DOID:1583,laryngeal tuberculosis
ICD10:A15.6,Tuberculous pleurisy,ICD10,1,DOID:106,pleural tuberculosis
ICD10:A18.0,Tuberculosis of bones and joints,ICD10,1,DOID:1639,skeletal tuberculosis
ICD10:A18.1,Tuberculosis of genitourinary system,ICD10,1,DOID:2149,urogenital tuberculosis
ICD10:A18.12,Tuberculosis of bladder,ICD10,1,DOID:754,bladder tuberculosis
ICD10:A18.2,Tuberculous peripheral lymphadenopathy,ICD10,1,DOID:4889,lymph node tuberculosis
ICD10:A18.31,Tuberculous peritonitis,ICD10,1,DOID:9801,tuberculous peritonitis
ICD10:A18.84,Tuberculosis of heart,ICD10,1,DOID:4962,pericardial tuberculosis
ICD10:A18.85,Tuberculosis of spleen,ICD10,1,DOID:9305,splenic tuberculosis
ICD10:A19,tuberculous polyserositis,ICD10,1,DOID:9861,miliary tuberculosis
ICD10:A20,infection due to Yersinia pestis,ICD10,1,DOID:3482,plague
ICD10:A20.0,Bubonic plague,ICD10,1,DOID:10773,bubonic plague
ICD10:A20.2,Pneumonic plague,ICD10,1,DOID:10398,pneumonic plague
ICD10:A20.7,Septicemic plague,ICD10,1,DOID:3481,septicemic plague
ICD10:A21.0,Ulceroglandular tularemia,ICD10,1,DOID:11990,ulceroglandular tularemia
ICD10:A21.1,Oculoglandular tularemia,ICD10,1,DOID:13226,oculoglandular tularemia
ICD10:A21.2,Pulmonary tularemia,ICD10,1,DOID:2122,pneumonic tularemia
ICD10:A22,infection due to Bacillus anthracis,ICD10,1,DOID:7427,anthrax disease
ICD10:A22.0,Cutaneous anthrax,ICD10,1,DOID:7426,cutaneous anthrax
ICD10:A22.2,Gastrointestinal anthrax,ICD10,1,DOID:13386,gastrointestinal anthrax
ICD10:A23,Malta fever,ICD10,1,DOID:11077,brucellosis
ICD10:A23.0,Brucellosis due to Brucella melitensis,ICD10,1,DOID:14456,Brucella melitensis brucellosis
ICD10:A23.1,Brucellosis due to Brucella abortus,ICD10,1,DOID:14457,Brucella abortus brucellosis
ICD10:A23.3,Brucellosis due to Brucella canis,ICD10,1,DOID:14019,Brucella canis brucellosis
ICD10:A24.0,Glanders,ICD10,1,DOID:13444,glanders
ICD10:A24.9,"Melioidosis, unspecified",ICD10,1,DOID:5052,melioidosis
ICD10:A25.0,Spirillosis,ICD10,1,DOID:12096,sodoku disease
ICD10:A25.1,Streptobacillosis,ICD10,1,DOID:13238,Haverhill fever
ICD10:A27,,ICD10,1,DOID:2297,leptospirosis
ICD10:A27.0,Leptospirosis icterohemorrhagica,ICD10,1,DOID:2297,leptospirosis
ICD10:A28.0,Pasteurellosis,ICD10,1,DOID:11055,pasteurellosis
ICD10:A28.1,Cat-scratch disease,ICD10,1,DOID:11258,cat-scratch disease
ICD10:A30,infection due to Mycobacterium leprae,ICD10,1,DOID:1024,leprosy
ICD10:A30.0,Indeterminate leprosy,ICD10,1,DOID:11851,indeterminate leprosy
ICD10:A30.1,Tuberculoid leprosy,ICD10,1,DOID:1025,tuberculoid leprosy
ICD10:A30.3,Borderline leprosy,ICD10,1,DOID:1023,borderline leprosy
ICD10:A30.5,Lepromatous leprosy,ICD10,1,DOID:10887,lepromatous leprosy
ICD10:A31.1,Cutaneous mycobacterial infection,ICD10,1,DOID:0050456,Buruli ulcer disease
ICD10:A32,listerial foodborne infection,ICD10,1,DOID:11573,listeriosis
ICD10:A33,Tetanus neonatorum,ICD10,1,DOID:13521,tetanus neonatorum
ICD10:A35,Other tetanus,ICD10,1,DOID:11338,tetanus
ICD10:A36.3,Cutaneous diphtheria,ICD10,1,DOID:12275,cutaneous diphtheria
ICD10:A36.85,Diphtheritic cystitis,ICD10,1,DOID:13306,diphtheritic cystitis
ICD10:A36.89,Other diphtheritic complications,ICD10,1,DOID:13310,diphtheritic peritonitis
ICD10:A37.1,Whooping cough due to Bordetella parapertussis,ICD10,1,DOID:11750,Bordetella parapertussis whooping cough
ICD10:A38,Scarlet fever,ICD10,1,DOID:8596,scarlet fever
ICD10:A39.0,Meningococcal meningitis,ICD10,1,DOID:0080176,meningococcal meningitis
ICD10:A42,,ICD10,1,DOID:8478,actinomycosis
ICD10:A43,,ICD10,1,DOID:2312,nocardiosis
ICD10:A44,,ICD10,1,DOID:11102,bartonellosis
ICD10:A46,Erysipelas,ICD10,1,DOID:11330,erysipelas
ICD10:A48.0,Gas gangrene,ICD10,1,DOID:9159,gas gangrene
ICD10:A48.1,Legionnaires' disease,ICD10,1,DOID:10457,Legionnaires' disease
ICD10:A48.3,Toxic shock syndrome,ICD10,1,DOID:14115,toxic shock syndrome
ICD10:A49.9,"Bacterial infection, unspecified",ICD10,1,DOID:104,bacterial infectious disease
ICD10:A50,,ICD10,1,DOID:9856,congenital syphilis
ICD10:A50.40,"Late congenital neurosyphilis, unspecified",ICD10,1,DOID:10039,late congenital syphilis
ICD10:A50.5,"Other late congenital syphilis, symptomatic",ICD10,1,DOID:10039,late congenital syphilis
ICD10:A51.0,Primary genital syphilis,ICD10,1,DOID:4166,syphilis
ICD10:A52,,ICD10,1,DOID:8200,tertiary syphilis
ICD10:A52.11,Tabes dorsalis,ICD10,1,DOID:10027,tabes dorsalis
ICD10:A52.2,Asymptomatic neurosyphilis,ICD10,1,DOID:10035,asymptomatic neurosyphilis
ICD10:A52.3,"Neurosyphilis, unspecified",ICD10,1,DOID:9988,tertiary neurosyphilis
ICD10:A53.0,"Latent syphilis, unspecified as early or late",ICD10,1,DOID:9531,latent syphilis
ICD10:A54,,ICD10,1,DOID:7551,gonorrhea
ICD10:A54.32,Gonococcal iridocyclitis,ICD10,1,DOID:9384,gonococcal iridocyclitis
ICD10:A54.33,Gonococcal keratitis,ICD10,1,DOID:9697,gonococcal keratitis
ICD10:A54.39,Other gonococcal eye infection,ICD10,1,DOID:9698,gonococcal endophthalmia
ICD10:A54.49,Gonococcal infection of other musculoskeletal tissue,ICD10,1,DOID:13453,gonococcal bursitis
ICD10:A55,Chlamydial lymphogranuloma (venereum),ICD10,1,DOID:13819,lymphogranuloma venereum
ICD10:A57,Chancroid,ICD10,1,DOID:13778,chancroid
ICD10:A58,Granuloma inguinale,ICD10,1,DOID:9113,granuloma inguinale
ICD10:A59,,ICD10,1,DOID:1947,trichomoniasis
ICD10:A59.00,"Urogenital trichomoniasis, unspecified",ICD10,1,DOID:0050269,Trichomonas vaginalis trichomoniasis
ICD10:A63.0,Anogenital (venereal) warts,ICD10,1,DOID:11168,anogenital venereal wart
ICD10:A66,bouba,ICD10,1,DOID:10371,yaws
ICD10:A66.0,Initial lesions of yaws,ICD10,1,DOID:10568,early yaws
ICD10:A66.1,Multiple papillomata and wet crab yaws,ICD10,1,DOID:10567,late yaws
ICD10:A66.4,Gummata and ulcers of yaws,ICD10,1,DOID:10567,late yaws
ICD10:A66.6,Bone and joint lesions of yaws,ICD10,1,DOID:10568,early yaws
ICD10:A67.0,Primary lesions of pinta,ICD10,1,DOID:1022,pinta disease
ICD10:A67.1,Intermediate lesions of pinta,ICD10,1,DOID:1022,pinta disease
ICD10:A67.2,Late lesions of pinta,ICD10,1,DOID:1022,pinta disease
ICD10:A67.3,Mixed lesions of pinta,ICD10,1,DOID:1022,pinta disease
ICD10:A67.9,"Pinta, unspecified",ICD10,1,DOID:1022,pinta disease
ICD10:A68,recurrent fever,ICD10,1,DOID:13034,relapsing fever
ICD10:A68.0,Louse-borne relapsing fever,ICD10,1,DOID:13035,louse-borne relapsing fever
ICD10:A68.1,Tick-borne relapsing fever,ICD10,1,DOID:13036,tick-borne relapsing fever
ICD10:A69.0,Necrotizing ulcerative stomatitis,ICD10,1,DOID:9672,noma
ICD10:A69.1,Other Vincent's infections,ICD10,1,DOID:13924,necrotizing ulcerative gingivitis
ICD10:A69.2,Lyme disease,ICD10,1,DOID:11729,Lyme disease
ICD10:A70,Chlamydia psittaci infection,ICD10,1,DOID:11262,ornithosis
ICD10:A71,,ICD10,1,DOID:11265,trachoma
ICD10:A71.0,Initial stage of trachoma,ICD10,1,DOID:11265,trachoma
ICD10:A71.1,Active stage of trachoma,ICD10,1,DOID:11265,trachoma
ICD10:A74.0,Chlamydial conjunctivitis,ICD10,1,DOID:13800,inclusion conjunctivitis
ICD10:A75.0,Epidemic louse-borne typhus fever due to Rickettsia prowazekii,ICD10,1,DOID:11256,typhus
ICD10:A75.1,Recrudescent typhus [Brill's disease],ICD10,1,DOID:11254,Brill-Zinsser disease
ICD10:A75.2,Typhus fever due to Rickettsia typhi,ICD10,1,DOID:11256,typhus
ICD10:A75.3,Typhus fever due to Rickettsia tsutsugamushi,ICD10,1,DOID:13371,scrub typhus
ICD10:A75.9,"Typhus fever, unspecified",ICD10,1,DOID:11256,typhus
ICD10:A77.1,Spotted fever due to Rickettsia conorii,ICD10,1,DOID:14095,boutonneuse fever
ICD10:A77.2,Spotted fever due to Rickettsia sibirica,ICD10,1,DOID:10921,Siberian tick typhus
ICD10:A77.4,,ICD10,1,DOID:10242,ehrlichiosis
ICD10:A77.9,"Spotted fever, unspecified",ICD10,1,DOID:11104,spotted fever
ICD10:A78,Q fever,ICD10,1,DOID:11100,Q fever
ICD10:A79.0,Trench fever,ICD10,1,DOID:11101,trench fever
ICD10:A79.1,Rickettsialpox due to Rickettsia akari,ICD10,1,DOID:11103,rickettsialpox
ICD10:A80,,ICD10,1,DOID:4953,poliomyelitis
ICD10:A80.4,Acute nonparalytic poliomyelitis,ICD10,1,DOID:4986,nonparalytic poliomyelitis
ICD10:A81.0,Creutzfeldt-Jakob disease,ICD10,1,DOID:11949,Creutzfeldt-Jakob disease
ICD10:A81.1,Subacute sclerosing panencephalitis,ICD10,1,DOID:8970,subacute sclerosing panencephalitis
ICD10:A81.2,Progressive multifocal leukoencephalopathy,ICD10,1,DOID:643,progressive multifocal leukoencephalopathy
ICD10:A81.81,Kuru,ICD10,1,DOID:648,kuru
ICD10:A81.82,Gerstmann-Sträussler-Scheinker syndrome,ICD10,1,DOID:4249,Gerstmann-Straussler-Scheinker syndrome
ICD10:A81.83,Fatal familial insomnia,ICD10,1,DOID:0050433,fatal familial insomnia
ICD10:A81.9,"Atypical virus infection of central nervous system, unspecified",ICD10,1,DOID:649,prion disease
ICD10:A82,,ICD10,1,DOID:11260,rabies
ICD10:A83.0,Japanese encephalitis,ICD10,1,DOID:10844,Japanese encephalitis
ICD10:A83.1,Western equine encephalitis,ICD10,1,DOID:10843,Western equine encephalitis
ICD10:A83.2,Eastern equine encephalitis,ICD10,1,DOID:10841,Eastern equine encephalitis
ICD10:A83.3,St Louis encephalitis,ICD10,1,DOID:10845,St. Louis encephalitis
ICD10:A83.4,Australian encephalitis,ICD10,1,DOID:10842,Murray Valley encephalitis
ICD10:A83.5,California encephalitis,ICD10,1,DOID:0050118,La Crosse encephalitis
ICD10:A84.1,Central European tick-borne encephalitis,ICD10,1,DOID:0050175,tick-borne encephalitis
ICD10:A84.89,Other tick-borne viral encephalitis,ICD10,1,DOID:10250,louping ill
ICD10:A85.8,Other specified viral encephalitis,ICD10,1,DOID:5225,von Economo's disease
ICD10:A87,,ICD10,1,DOID:10310,viral meningitis
ICD10:A87.2,Lymphocytic choriomeningitis,ICD10,1,DOID:12155,lymphocytic choriomeningitis
ICD10:A90,Dengue fever [classical dengue],ICD10,1,DOID:12205,dengue disease
ICD10:A91,Dengue hemorrhagic fever,ICD10,1,DOID:12206,dengue hemorrhagic fever
ICD10:A92.1,O'nyong-nyong fever,ICD10,1,DOID:0050516,O'nyong-nyong fever
ICD10:A92.2,Venezuelan equine fever,ICD10,1,DOID:9584,Venezuelan equine encephalitis
ICD10:A92.3,West Nile fever,ICD10,1,DOID:2366,West Nile fever
ICD10:A92.31,West Nile virus infection with encephalitis,ICD10,1,DOID:2365,West Nile encephalitis
ICD10:A92.4,Rift Valley fever,ICD10,1,DOID:1328,Rift Valley fever
ICD10:A92.5,Zika virus disease,ICD10,1,DOID:0060478,Zika fever
ICD10:A93.0,Oropouche virus disease,ICD10,1,DOID:0050521,Oropouche fever
ICD10:A93.1,Sandfly fever,ICD10,1,DOID:11360,phlebotomus fever
ICD10:A93.2,Colorado tick fever,ICD10,1,DOID:4885,Colorado tick fever
ICD10:A94,Unspecified arthropod-borne viral fever,ICD10,1,DOID:934,viral infectious disease
ICD10:A95,,ICD10,1,DOID:9682,yellow fever
ICD10:A96.2,Lassa fever,ICD10,1,DOID:9537,Lassa fever
ICD10:A98.0,Crimean-Congo hemorrhagic fever,ICD10,1,DOID:12287,Crimean-Congo hemorrhagic fever
ICD10:A98.1,Omsk hemorrhagic fever,ICD10,1,DOID:992,Omsk hemorrhagic fever
ICD10:A98.2,Kyasanur Forest disease,ICD10,1,DOID:11320,Kyasanur forest disease
ICD10:A98.3,Marburg virus disease,ICD10,1,DOID:4327,Marburg hemorrhagic fever
ICD10:A98.4,Ebola virus disease,ICD10,1,DOID:4325,Ebola virus disease
ICD10:A98.5,Hemorrhagic fever with renal syndrome,ICD10,1,DOID:11266,Hantavirus hemorrhagic fever with renal syndrome
ICD10:B00.0,Eczema herpeticum,ICD10,1,DOID:9123,eczema herpeticum
ICD10:B00.9,"Herpesviral infection, unspecified",ICD10,1,DOID:8566,herpes simplex
ICD10:B01.9,Varicella without complication,ICD10,1,DOID:8659,chickenpox
ICD10:B02,shingles,ICD10,1,DOID:8536,herpes zoster
ICD10:B02.21,Postherpetic geniculate ganglionitis,ICD10,1,DOID:9210,Ramsay Hunt syndrome
ICD10:B03,Smallpox,ICD10,1,DOID:8736,smallpox
ICD10:B04,Monkeypox,ICD10,1,DOID:3292,mpox
ICD10:B05,morbilli,ICD10,1,DOID:8622,measles
ICD10:B06.9,Rubella without complication,ICD10,1,DOID:8781,rubella
ICD10:B07.0,Plantar wart,ICD10,1,DOID:13775,plantar wart
ICD10:B08.010,Cowpox,ICD10,1,DOID:8956,cowpox
ICD10:B08.02,Orf virus disease,ICD10,1,DOID:8771,contagious pustular dermatitis
ICD10:B08.04,"Paravaccinia, unspecified",ICD10,1,DOID:8729,milker's nodule
ICD10:B08.1,Molluscum contagiosum,ICD10,1,DOID:8867,molluscum contagiosum
ICD10:B08.2,Exanthema subitum [sixth disease],ICD10,1,DOID:0050495,exanthema subitum
ICD10:B08.3,Erythema infectiosum [fifth disease],ICD10,1,DOID:8743,erythema infectiosum
ICD10:B08.4,Enteroviral vesicular stomatitis with exanthem,ICD10,1,DOID:10881,"hand, foot and mouth disease"
ICD10:B08.5,Enteroviral vesicular pharyngitis,ICD10,1,DOID:10883,herpangina
ICD10:B19.20,Unspecified viral hepatitis C without hepatic coma,ICD10,1,DOID:1883,hepatitis C
ICD10:B25,,ICD10,1,DOID:0080827,human cytomegalovirus infection
ICD10:B26,epidemic parotitis,ICD10,1,DOID:10264,mumps
ICD10:B27,glandular fever,ICD10,1,DOID:8568,infectious mononucleosis
ICD10:B30.0,Keratoconjunctivitis due to adenovirus,ICD10,1,DOID:13014,shipyard eye
ICD10:B33.0,Epidemic myalgia,ICD10,1,DOID:10882,epidemic pleurodynia
ICD10:B34.9,"Viral infection, unspecified",ICD10,1,DOID:934,viral infectious disease
ICD10:B35.2,Tinea manuum,ICD10,1,DOID:13369,tinea manuum
ICD10:B35.3,Tinea pedis,ICD10,1,DOID:12403,tinea pedis
ICD10:B36.0,Pityriasis versicolor,ICD10,1,DOID:9060,pityriasis versicolor
ICD10:B36.1,Tinea nigra,ICD10,1,DOID:8912,tinea nigra
ICD10:B36.2,White piedra,ICD10,1,DOID:13902,white piedra
ICD10:B36.3,Black piedra,ICD10,1,DOID:12711,black piedra
ICD10:B36.9,"Superficial mycosis, unspecified",ICD10,1,DOID:0050133,superficial mycosis
ICD10:B37,candidosis,ICD10,1,DOID:1508,candidiasis
ICD10:B37.2,Candidiasis of skin and nail,ICD10,1,DOID:14512,candidal paronychia
ICD10:B37.3,Candidiasis of vulva and vagina,ICD10,1,DOID:2272,vulvovaginal candidiasis
ICD10:B37.81,Candidal oesophagitis,ICD10,1,DOID:13146,esophageal candidiasis
ICD10:B37.9,"Candidiasis, unspecified",ICD10,1,DOID:14262,oral candidiasis
ICD10:B38,,ICD10,1,DOID:13450,coccidioidomycosis
ICD10:B39,,ICD10,1,DOID:1731,histoplasmosis
ICD10:B39.4,"Histoplasmosis capsulati, unspecified",ICD10,1,DOID:1759,American histoplasmosis
ICD10:B40,,ICD10,1,DOID:12663,blastomycosis
ICD10:B41,Brazilian blastomycosis,ICD10,1,DOID:12662,paracoccidioidomycosis
ICD10:B42,,ICD10,1,DOID:14484,sporotrichosis
ICD10:B43.9,"Chromomycosis, unspecified",ICD10,1,DOID:1562,chromoblastomycosis
ICD10:B44,aspergilloma,ICD10,1,DOID:13564,aspergillosis
ICD10:B44.81,Allergic bronchopulmonary aspergillosis,ICD10,1,DOID:13166,allergic bronchopulmonary aspergillosis
ICD10:B45,,ICD10,1,DOID:12053,cryptococcosis
ICD10:B47,,ICD10,1,DOID:13078,eumycotic mycetoma
ICD10:B48.0,Lobomycosis,ICD10,1,DOID:13026,lobomycosis
ICD10:B48.1,Rhinosporidiosis,ICD10,1,DOID:2409,rhinosporidiosis
ICD10:B48.2,Allescheriasis,ICD10,1,DOID:11186,allescheriosis
ICD10:B48.3,Geotrichosis,ICD10,1,DOID:2832,geotrichosis
ICD10:B49,Unspecified mycosis,ICD10,1,DOID:1564,fungal infectious disease
ICD10:B50,mixed infections of Plasmodium falciparum with any other Plasmodium species,ICD10,1,DOID:14067,Plasmodium falciparum malaria
ICD10:B50.0,Plasmodium falciparum malaria with cerebral complications,ICD10,1,DOID:14069,cerebral malaria
ICD10:B51,"mixed infections of Plasmodium vivax with other Plasmodium species, except Plasmodium falciparum",ICD10,1,DOID:12978,Plasmodium vivax malaria
ICD10:B52,"mixed infections of Plasmodium malariae with other Plasmodium species, except Plasmodium falciparum and Plasmodium vivax",ICD10,1,DOID:14324,Plasmodium malariae malaria
ICD10:B53.0,Plasmodium ovale malaria,ICD10,1,DOID:12919,Plasmodium ovale malaria
ICD10:B54,Unspecified malaria,ICD10,1,DOID:12365,malaria
ICD10:B55,,ICD10,1,DOID:9065,leishmaniasis
ICD10:B55.0,Visceral leishmaniasis,ICD10,1,DOID:9146,visceral leishmaniasis
ICD10:B55.1,Cutaneous leishmaniasis,ICD10,1,DOID:9111,cutaneous leishmaniasis
ICD10:B55.2,Mucocutaneous leishmaniasis,ICD10,1,DOID:9155,mucocutaneous leishmaniasis
ICD10:B56,,ICD10,1,DOID:10112,sleeping sickness
ICD10:B57,American trypanosomiasis,ICD10,1,DOID:12140,Chagas disease
ICD10:B57.2,Chagas' disease (chronic) with heart involvement,ICD10,1,DOID:10113,trypanosomiasis
ICD10:B58,infection due to Toxoplasma gondii,ICD10,1,DOID:9965,toxoplasmosis
ICD10:B59,Pneumocystosis,ICD10,1,DOID:11339,pneumocystosis
ICD10:B60.0,Babesiosis,ICD10,1,DOID:9643,babesiosis
ICD10:B60.8,Other specified protozoal diseases,ICD10,1,DOID:4271,microsporidiosis
ICD10:B64,Unspecified protozoal disease,ICD10,1,DOID:2789,parasitic protozoa infectious disease
ICD10:B65.1,Schistosomiasis due to Schistosoma mansoni [intestinal schistosomiasis],ICD10,1,DOID:0050597,intestinal schistosomiasis
ICD10:B65.2,Schistosomiasis due to Schistosoma japonicum,ICD10,1,DOID:0050597,intestinal schistosomiasis
ICD10:B65.3,Cercarial dermatitis,ICD10,1,DOID:11302,cercarial dermatitis
ICD10:B66.0,Opisthorchiasis,ICD10,1,DOID:13768,opisthorchiasis
ICD10:B66.1,Clonorchiasis,ICD10,1,DOID:13767,clonorchiasis
ICD10:B66.2,Dicrocoeliasis,ICD10,1,DOID:1219,dicrocoeliasis
ICD10:B66.3,Fascioliasis,ICD10,1,DOID:885,fascioliasis
ICD10:B66.4,Paragonimiasis,ICD10,1,DOID:10699,paragonimiasis
ICD10:B66.5,Fasciolopsiasis,ICD10,1,DOID:888,fasciolopsiasis
ICD10:B67,hydatidosis,ICD10,1,DOID:1496,echinococcosis
ICD10:B67.4,"Echinococcus granulosus infection, unspecified",ICD10,1,DOID:1495,cystic echinococcosis
ICD10:B67.7,"Echinococcus multilocularis infection, unspecified",ICD10,1,DOID:12148,alveolar echinococcosis
ICD10:B68.1,Taenia saginata taeniasis,ICD10,1,DOID:0050596,taeniasis
ICD10:B69,cysticerciasis infection due to larval form of Taenia solium,ICD10,1,DOID:10079,cysticercosis
ICD10:B70.0,Diphyllobothriasis,ICD10,1,DOID:10075,diphyllobothriasis
ICD10:B70.1,Sparganosis,ICD10,1,DOID:10080,sparganosis
ICD10:B71.0,Hymenolepiasis,ICD10,1,DOID:10074,hymenolepiasis
ICD10:B72,Dracunculiasis,ICD10,1,DOID:14418,dracunculiasis
ICD10:B73,Onchocerciasis,ICD10,1,DOID:11678,onchocerciasis
ICD10:B74,,ICD10,1,DOID:1080,filariasis
ICD10:B74.3,Loiasis,ICD10,1,DOID:13523,loiasis
ICD10:B74.4,Mansonelliasis,ICD10,1,DOID:1081,mansonelliasis
ICD10:B74.8,Other filariases,ICD10,1,DOID:1082,dirofilariasis
ICD10:B75,Trichinellosis,ICD10,1,DOID:9784,trichinosis
ICD10:B76.0,Ancylostomiasis,ICD10,1,DOID:12841,ancylostomiasis
ICD10:B76.1,Necatoriasis,ICD10,1,DOID:2790,necatoriasis
ICD10:B77,ascaridiasis,ICD10,1,DOID:456,ascariasis
ICD10:B78,,ICD10,1,DOID:10955,strongyloidiasis
ICD10:B80,Enterobiasis,ICD10,1,DOID:7457,enterobiasis
ICD10:B81.0,Anisakiasis,ICD10,1,DOID:7033,anisakiasis
ICD10:B81.1,Intestinal capillariasis,ICD10,1,DOID:12474,capillariasis
ICD10:B81.2,Trichostrongyliasis,ICD10,1,DOID:1254,trichostrongylosis
ICD10:B83.0,Visceral larva migrans,ICD10,1,DOID:9790,toxocariasis
ICD10:B83.1,Gnathostomiasis,ICD10,1,DOID:11379,gnathomiasis
ICD10:B83.9,"Helminthiasis, unspecified",ICD10,1,DOID:883,parasitic helminthiasis infectious disease
ICD10:B85.0,Pediculosis due to Pediculus humanus capitis,ICD10,1,DOID:5501,Pediculus humanus capitis infestation
ICD10:B85.1,Pediculosis due to Pediculus humanus corporis,ICD10,1,DOID:5513,Pediculus humanus corporis infestation
ICD10:B85.2,"Pediculosis, unspecified",ICD10,1,DOID:5502,lice infestation
ICD10:B85.3,Phthiriasis,ICD10,1,DOID:13760,Pthirus pubis infestation
ICD10:B86,Scabies,ICD10,1,DOID:8295,scabies
ICD10:B87,infestation by larva of flies,ICD10,1,DOID:11080,myiasis
ICD10:B88.3,External hirudiniasis,ICD10,1,DOID:11079,leech infestation
ICD10:B88.9,"Infestation, unspecified",ICD10,1,DOID:7894,mite infestation
ICD10:C00,,ICD10,1,DOID:8564,lip cancer
ICD10:C00.0,Malignant neoplasm of external upper lip,ICD10,1,DOID:8630,upper lip cancer
ICD10:C00.1,Malignant neoplasm of external lower lip,ICD10,1,DOID:8883,lower lip cancer
ICD10:C00.3,"Malignant neoplasm of upper lip, inner aspect",ICD10,1,DOID:8630,upper lip cancer
ICD10:C01,Malignant neoplasm of base of tongue,ICD10,1,DOID:8649,tongue cancer
ICD10:C02.0,Malignant neoplasm of dorsal surface of tongue,ICD10,1,DOID:8649,tongue cancer
ICD10:C02.1,Malignant neoplasm of border of tongue,ICD10,1,DOID:8649,tongue cancer
ICD10:C02.2,Malignant neoplasm of ventral surface of tongue,ICD10,1,DOID:8649,tongue cancer
ICD10:C02.4,Malignant neoplasm of lingual tonsil,ICD10,1,DOID:8649,tongue cancer
ICD10:C02.9,"Malignant neoplasm of tongue, unspecified",ICD10,1,DOID:8649,tongue cancer
ICD10:C03,malignant neoplasm of gingiva,ICD10,1,DOID:8602,gum cancer
ICD10:C03.0,Malignant neoplasm of upper gum,ICD10,1,DOID:8601,upper gum cancer
ICD10:C03.1,Malignant neoplasm of lower gum,ICD10,1,DOID:9125,lower gum cancer
ICD10:C04,,ICD10,1,DOID:8618,oral cavity cancer
ICD10:C04.0,Malignant neoplasm of anterior floor of mouth,ICD10,1,DOID:8618,oral cavity cancer
ICD10:C04.1,Malignant neoplasm of lateral floor of mouth,ICD10,1,DOID:8618,oral cavity cancer
ICD10:C05.0,Malignant neoplasm of hard palate,ICD10,1,DOID:9149,hard palate cancer
ICD10:C05.1,Malignant neoplasm of soft palate,ICD10,1,DOID:8578,soft palate cancer
ICD10:C05.2,Malignant neoplasm of uvula,ICD10,1,DOID:8635,uvula cancer
ICD10:C06.0,Malignant neoplasm of cheek mucosa,ICD10,1,DOID:8702,cheek mucosa cancer
ICD10:C06.1,Malignant neoplasm of vestibule of mouth,ICD10,1,DOID:9188,vestibule of mouth cancer
ICD10:C06.2,Malignant neoplasm of retromolar area,ICD10,1,DOID:8930,retromolar area cancer
ICD10:C07,Malignant neoplasm of parotid gland,ICD10,1,DOID:9036,parotid gland cancer
ICD10:C08,malignant neoplasm of salivary ducts,ICD10,1,DOID:8850,salivary gland cancer
ICD10:C08.0,Malignant neoplasm of submandibular gland,ICD10,1,DOID:9173,submandibular gland cancer
ICD10:C08.1,Malignant neoplasm of sublingual gland,ICD10,1,DOID:8849,sublingual gland cancer
ICD10:C09,,ICD10,1,DOID:8858,tonsil cancer
ICD10:C09.0,Malignant neoplasm of tonsillar fossa,ICD10,1,DOID:8969,tonsillar fossa cancer
ICD10:C09.1,Malignant neoplasm of tonsillar pillar (anterior) (posterior),ICD10,1,DOID:8688,tonsillar pillar cancer
ICD10:C10,,ICD10,1,DOID:8557,oropharynx cancer
ICD10:C10.0,Malignant neoplasm of vallecula,ICD10,1,DOID:8556,vallecula cancer
ICD10:C10.1,Malignant neoplasm of anterior surface of epiglottis,ICD10,1,DOID:8133,epiglottis cancer
ICD10:C11,,ICD10,1,DOID:9261,nasopharynx carcinoma
ICD10:C11.0,Malignant neoplasm of superior wall of nasopharynx,ICD10,1,DOID:9261,nasopharynx carcinoma
ICD10:C11.1,Malignant neoplasm of posterior wall of nasopharynx,ICD10,1,DOID:9261,nasopharynx carcinoma
ICD10:C11.2,Malignant neoplasm of lateral wall of nasopharynx,ICD10,1,DOID:9261,nasopharynx carcinoma
ICD10:C11.3,Malignant neoplasm of anterior wall of nasopharynx,ICD10,1,DOID:9261,nasopharynx carcinoma
ICD10:C12,Malignant neoplasm of pyriform sinus,ICD10,1,DOID:9235,pyriform sinus cancer
ICD10:C13,,ICD10,1,DOID:8533,hypopharynx cancer
ICD10:C13.0,Malignant neoplasm of postcricoid region,ICD10,1,DOID:8660,postcricoid region cancer
ICD10:C13.1,"Malignant neoplasm of aryepiglottic fold, hypopharyngeal aspect",ICD10,1,DOID:8663,aryepiglottic fold cancer
ICD10:C13.2,Malignant neoplasm of posterior wall of hypopharynx,ICD10,1,DOID:8533,hypopharynx cancer
ICD10:C14.2,Malignant neoplasm of Waldeyer's ring,ICD10,1,DOID:8937,Waldeyer's ring cancer
ICD10:C15.3,Malignant neoplasm of upper third of esophagus,ICD10,1,DOID:5041,esophageal cancer
ICD10:C15.4,Malignant neoplasm of middle third of esophagus,ICD10,1,DOID:5041,esophageal cancer
ICD10:C15.5,Malignant neoplasm of lower third of esophagus,ICD10,1,DOID:5041,esophageal cancer
ICD10:C16,,ICD10,1,DOID:10534,stomach cancer
ICD10:C16.0,Malignant neoplasm of cardia,ICD10,1,DOID:10548,cardia cancer
ICD10:C16.1,Malignant neoplasm of fundus of stomach,ICD10,1,DOID:10538,gastric fundus cancer
ICD10:C16.2,Malignant neoplasm of body of stomach,ICD10,1,DOID:10534,stomach cancer
ICD10:C16.3,Malignant neoplasm of pyloric antrum,ICD10,1,DOID:10547,pyloric antrum cancer
ICD10:C16.4,Malignant neoplasm of pylorus,ICD10,1,DOID:10544,pylorus cancer
ICD10:C16.5,"Malignant neoplasm of lesser curvature of stomach, unspecified",ICD10,1,DOID:10534,stomach cancer
ICD10:C16.6,"Malignant neoplasm of greater curvature of stomach, unspecified",ICD10,1,DOID:10534,stomach cancer
ICD10:C17,,ICD10,1,DOID:10154,small intestine cancer
ICD10:C17.0,Malignant neoplasm of duodenum,ICD10,1,DOID:10021,duodenum cancer
ICD10:C17.1,Malignant neoplasm of jejunum,ICD10,1,DOID:13499,jejunal cancer
ICD10:C17.2,Malignant neoplasm of ileum,ICD10,1,DOID:10153,ileum cancer
ICD10:C18,,ICD10,1,DOID:219,colon cancer
ICD10:C18.0,Malignant neoplasm of cecum,ICD10,1,DOID:1521,cecum cancer
ICD10:C18.1,Malignant neoplasm of appendix,ICD10,1,DOID:11239,appendix cancer
ICD10:C18.2,Malignant neoplasm of ascending colon,ICD10,1,DOID:218,ascending colon cancer
ICD10:C18.3,Malignant neoplasm of hepatic flexure,ICD10,1,DOID:260,hepatic flexure cancer
ICD10:C18.4,Malignant neoplasm of transverse colon,ICD10,1,DOID:261,transverse colon cancer
ICD10:C18.5,Malignant neoplasm of splenic flexure,ICD10,1,DOID:12191,splenic flexure cancer
ICD10:C18.6,Malignant neoplasm of descending colon,ICD10,1,DOID:12190,descending colon cancer
ICD10:C18.7,Malignant neoplasm of sigmoid colon,ICD10,1,DOID:12192,sigmoid colon cancer
ICD10:C19,Malignant neoplasm of rectosigmoid junction,ICD10,1,DOID:2782,rectosigmoid junction cancer
ICD10:C20,Malignant neoplasm of rectum,ICD10,1,DOID:1993,rectum cancer
ICD10:C21.0,"Malignant neoplasm of anus, unspecified",ICD10,1,DOID:14110,anus cancer
ICD10:C21.1,Malignant neoplasm of anal canal,ICD10,1,DOID:14110,anus cancer
ICD10:C22.2,Hepatoblastoma,ICD10,1,DOID:687,hepatoblastoma
ICD10:C22.3,Angiosarcoma of liver,ICD10,1,DOID:268,liver angiosarcoma
ICD10:C22.9,"Malignant neoplasm of liver, not specified as primary or secondary",ICD10,1,DOID:3571,liver cancer
ICD10:C23,Malignant neoplasm of gallbladder,ICD10,1,DOID:3121,gallbladder cancer
ICD10:C24.0,Malignant neoplasm of extrahepatic bile duct,ICD10,1,DOID:4606,bile duct cancer
ICD10:C24.1,Malignant neoplasm of ampulla of Vater,ICD10,1,DOID:10020,ampulla of Vater cancer
ICD10:C24.9,"Malignant neoplasm of biliary tract, unspecified",ICD10,1,DOID:4607,biliary tract cancer
ICD10:C25.0,Malignant neoplasm of head of pancreas,ICD10,1,DOID:1793,pancreatic cancer
ICD10:C25.1,Malignant neoplasm of body of pancreas,ICD10,1,DOID:1793,pancreatic cancer
ICD10:C25.2,Malignant neoplasm of tail of pancreas,ICD10,1,DOID:1793,pancreatic cancer
ICD10:C25.3,Malignant neoplasm of pancreatic duct,ICD10,1,DOID:3587,pancreatic ductal carcinoma
ICD10:C26.0,"Malignant neoplasm of intestinal tract, part unspecified",ICD10,1,DOID:10155,intestinal cancer
ICD10:C26.1,Malignant neoplasm of spleen,ICD10,1,DOID:672,spleen cancer
ICD10:C26.9,Malignant neoplasm of ill-defined sites within the digestive system,ICD10,1,DOID:3119,gastrointestinal system cancer
ICD10:C30.0,Malignant neoplasm of nasal cavity,ICD10,1,DOID:10811,nasal cavity cancer
ICD10:C31.0,Malignant neoplasm of maxillary sinus,ICD10,1,DOID:1357,maxillary sinus cancer
ICD10:C31.1,Malignant neoplasm of ethmoidal sinus,ICD10,1,DOID:1363,ethmoid sinus cancer
ICD10:C31.2,Malignant neoplasm of frontal sinus,ICD10,1,DOID:1360,frontal sinus cancer
ICD10:C31.3,Malignant neoplasm of sphenoidal sinus,ICD10,1,DOID:14546,sphenoidal sinus cancer
ICD10:C32,,ICD10,1,DOID:2596,larynx cancer
ICD10:C32.0,Malignant neoplasm of glottis,ICD10,1,DOID:2595,glottis cancer
ICD10:C32.1,Malignant neoplasm of supraglottis,ICD10,1,DOID:13476,supraglottis cancer
ICD10:C32.2,Malignant neoplasm of subglottis,ICD10,1,DOID:11472,subglottis cancer
ICD10:C32.3,Malignant neoplasm of laryngeal cartilage,ICD10,1,DOID:13348,laryngeal cartilage cancer
ICD10:C33,Malignant neoplasm of trachea,ICD10,1,DOID:11920,tracheal cancer
ICD10:C34,,ICD10,1,DOID:1325,bronchus cancer
ICD10:C34.0,Malignant neoplasm of main bronchus,ICD10,1,DOID:3924,main bronchus cancer
ICD10:C34.1,"Malignant neoplasm of upper lobe, bronchus or lung",ICD10,1,DOID:1324,lung cancer
ICD10:C34.2,"Malignant neoplasm of middle lobe, bronchus or lung",ICD10,1,DOID:1324,lung cancer
ICD10:C34.3,"Malignant neoplasm of lower lobe, bronchus or lung",ICD10,1,DOID:1324,lung cancer
ICD10:C37,Malignant neoplasm of thymus,ICD10,1,DOID:3277,thymus cancer
ICD10:C38.2,Malignant neoplasm of posterior mediastinum,ICD10,1,DOID:436,posterior mediastinum cancer
ICD10:C38.3,"Malignant neoplasm of mediastinum, part unspecified",ICD10,1,DOID:5559,mediastinal cancer
ICD10:C38.4,Malignant neoplasm of pleura,ICD10,1,DOID:5158,pleural cancer
ICD10:C40.2,Malignant neoplasm of long bones of lower limb,ICD10,1,DOID:10149,long bones of lower limb cancer
ICD10:C40.3,Malignant neoplasm of short bones of lower limb,ICD10,1,DOID:10151,malignant neoplasm of short bones of lower limb
ICD10:C41.1,Malignant neoplasm of mandible,ICD10,1,DOID:2338,mandibular cancer
ICD10:C43.9,"Malignant melanoma of skin, unspecified",ICD10,1,DOID:8923,skin melanoma
ICD10:C44.510,Basal cell carcinoma of anal skin,ICD10,1,DOID:4283,anal margin basal cell carcinoma
ICD10:C44.520,Squamous cell carcinoma of anal skin,ICD10,1,DOID:12239,anal margin squamous cell carcinoma
ICD10:C45,,ICD10,1,DOID:2645,benign mesothelioma
ICD10:C45.0,Mesothelioma of pleura,ICD10,1,DOID:7474,malignant pleural mesothelioma
ICD10:C45.1,Mesothelioma of peritoneum,ICD10,1,DOID:1788,peritoneal mesothelioma
ICD10:C45.2,Mesothelioma of pericardium,ICD10,1,DOID:6201,pericardial mesothelioma
ICD10:C46,,ICD10,1,DOID:8632,Kaposi's sarcoma
ICD10:C46.0,Kaposi's sarcoma of skin,ICD10,1,DOID:8632,Kaposi's sarcoma
ICD10:C46.1,Kaposi's sarcoma of soft tissue,ICD10,1,DOID:8632,Kaposi's sarcoma
ICD10:C46.2,Kaposi's sarcoma of palate,ICD10,1,DOID:8632,Kaposi's sarcoma
ICD10:C46.3,Kaposi's sarcoma of lymph nodes,ICD10,1,DOID:8632,Kaposi's sarcoma
ICD10:C46.4,Kaposi's sarcoma of gastrointestinal sites,ICD10,1,DOID:8632,Kaposi's sarcoma
ICD10:C46.5,,ICD10,1,DOID:8632,Kaposi's sarcoma
ICD10:C48,,ICD10,1,DOID:5875,retroperitoneal cancer
ICD10:C48.0,Malignant neoplasm of retroperitoneum,ICD10,1,DOID:5875,retroperitoneal cancer
ICD10:C48.1,Malignant neoplasm of specified parts of peritoneum,ICD10,1,DOID:1725,peritoneum cancer
ICD10:C49.A,,ICD10,1,DOID:9253,gastrointestinal stromal tumor
ICD10:C50.11,,ICD10,1,DOID:13799,female breast central part cancer
ICD10:C50.31,,ICD10,1,DOID:1649,female breast lower-inner quadrant cancer
ICD10:C50.41,,ICD10,1,DOID:9773,female breast upper-outer quadrant cancer
ICD10:C50.51,,ICD10,1,DOID:13972,female breast lower-outer quadrant cancer
ICD10:C50.61,,ICD10,1,DOID:1650,female breast axillary tail cancer
ICD10:C50.A,Inflammatory breast cancer (IBC),ICD10,1,DOID:6263,inflammatory breast carcinoma
ICD10:C51,,ICD10,1,DOID:1245,vulva cancer
ICD10:C51.0,Malignant neoplasm of labium majus,ICD10,1,DOID:11905,labium majus cancer
ICD10:C51.1,Malignant neoplasm of labium minus,ICD10,1,DOID:1243,labia minora cancer
ICD10:C51.2,Malignant neoplasm of clitoris,ICD10,1,DOID:2401,clitoris cancer
ICD10:C52,Malignant neoplasm of vagina,ICD10,1,DOID:119,vaginal cancer
ICD10:C53,,ICD10,1,DOID:4362,cervical cancer
ICD10:C54,,ICD10,1,DOID:9460,uterine corpus cancer
ICD10:C54.1,Malignant neoplasm of endometrium,ICD10,1,DOID:1380,endometrial cancer
ICD10:C55,"Malignant neoplasm of uterus, part unspecified",ICD10,1,DOID:363,uterine cancer
ICD10:C56,Malignant neoplasm of ovary,ICD10,1,DOID:2394,ovarian cancer
ICD10:C57,,ICD10,1,DOID:120,female reproductive organ cancer
ICD10:C57.0,Malignant neoplasm of fallopian tube,ICD10,1,DOID:1964,fallopian tube cancer
ICD10:C57.1,Malignant neoplasm of broad ligament,ICD10,1,DOID:10744,broad ligament malignant neoplasm
ICD10:C57.2,Malignant neoplasm of round ligament,ICD10,1,DOID:11748,round ligament malignant neoplasm
ICD10:C57.3,Malignant neoplasm of parametrium,ICD10,1,DOID:11746,parametrium malignant neoplasm
ICD10:C57.4,"Malignant neoplasm of uterine adnexa, unspecified",ICD10,1,DOID:11747,uterine adnexa cancer
ICD10:C60,,ICD10,1,DOID:11615,penile cancer
ICD10:C60.0,Malignant neoplasm of prepuce,ICD10,1,DOID:13168,prepuce cancer
ICD10:C60.1,Malignant neoplasm of glans penis,ICD10,1,DOID:11839,glans penis cancer
ICD10:C60.2,Malignant neoplasm of body of penis,ICD10,1,DOID:11615,penile cancer
ICD10:C61,Malignant neoplasm of prostate,ICD10,1,DOID:10283,prostate cancer
ICD10:C62,,ICD10,1,DOID:2998,testicular cancer
ICD10:C62.0,Malignant neoplasm of undescended testis,ICD10,1,DOID:12276,malignant tumor of undescended testis
ICD10:C63.0,Malignant neoplasm of epididymis,ICD10,1,DOID:10366,epididymis cancer
ICD10:C63.1,Malignant neoplasm of spermatic cord,ICD10,1,DOID:13169,spermatic cord cancer
ICD10:C63.2,Malignant neoplasm of scrotum,ICD10,1,DOID:518,scrotum neoplasm
ICD10:C63.9,"Malignant neoplasm of male genital organ, unspecified",ICD10,1,DOID:3856,male reproductive organ cancer
ICD10:C64,"Malignant neoplasm of kidney, except renal pelvis",ICD10,1,DOID:263,kidney cancer
ICD10:C65,Malignant neoplasm of renal pelvis,ICD10,1,DOID:4919,renal pelvis carcinoma
ICD10:C66,Malignant neoplasm of ureter,ICD10,1,DOID:11819,ureter cancer
ICD10:C67,,ICD10,1,DOID:11054,urinary bladder cancer
ICD10:C67.0,Malignant neoplasm of trigone of bladder,ICD10,1,DOID:11813,bladder trigone cancer
ICD10:C67.1,Malignant neoplasm of dome of bladder,ICD10,1,DOID:11820,bladder dome cancer
ICD10:C67.2,Malignant neoplasm of lateral wall of bladder,ICD10,1,DOID:11593,bladder lateral wall cancer
ICD10:C67.3,Malignant neoplasm of anterior wall of bladder,ICD10,1,DOID:11814,urinary bladder anterior wall cancer
ICD10:C67.4,Malignant neoplasm of posterior wall of bladder,ICD10,1,DOID:11811,urinary bladder posterior wall cancer
ICD10:C67.5,Malignant neoplasm of bladder neck,ICD10,1,DOID:11809,bladder neck cancer
ICD10:C67.6,Malignant neoplasm of ureteric orifice,ICD10,1,DOID:11818,ureteral orifice cancer
ICD10:C67.7,Malignant neoplasm of urachus,ICD10,1,DOID:11817,urachus cancer
ICD10:C68.0,Malignant neoplasm of urethra,ICD10,1,DOID:734,urethra cancer
ICD10:C68.1,Malignant neoplasm of paraurethral glands,ICD10,1,DOID:14059,paraurethral gland cancer
ICD10:C68.9,"Malignant neoplasm of urinary organ, unspecified",ICD10,1,DOID:3996,urinary system cancer
ICD10:C69.0,Malignant neoplasm of conjunctiva,ICD10,1,DOID:5467,conjunctival cancer
ICD10:C69.1,Malignant neoplasm of cornea,ICD10,1,DOID:6199,cornea cancer
ICD10:C69.2,Malignant neoplasm of retina,ICD10,1,DOID:4645,retinal cancer
ICD10:C69.3,Malignant neoplasm of choroid,ICD10,1,DOID:12759,choroid cancer
ICD10:C69.4,Malignant neoplasm of ciliary body,ICD10,1,DOID:4352,ciliary body cancer
ICD10:C69.6,Malignant neoplasm of orbit,ICD10,1,DOID:4143,orbital cancer
ICD10:C70.1,Malignant neoplasm of spinal meninges,ICD10,1,DOID:7224,spinal meninges cancer
ICD10:C71,,ICD10,1,DOID:1319,brain cancer
ICD10:C71.0,"Malignant neoplasm of cerebrum, except lobes and ventricles",ICD10,1,DOID:1659,supratentorial cancer
ICD10:C71.1,Malignant neoplasm of frontal lobe,ICD10,1,DOID:12016,frontal lobe neoplasm
ICD10:C71.2,Malignant neoplasm of temporal lobe,ICD10,1,DOID:2135,temporal lobe neoplasm
ICD10:C71.3,Malignant neoplasm of parietal lobe,ICD10,1,DOID:14384,parietal lobe neoplasm
ICD10:C71.4,Malignant neoplasm of occipital lobe,ICD10,1,DOID:910,occipital lobe neoplasm
ICD10:C71.5,Malignant neoplasm of cerebral ventricle,ICD10,1,DOID:3541,cerebral ventricle cancer
ICD10:C71.6,Malignant neoplasm of cerebellum,ICD10,1,DOID:4205,cerebellum cancer
ICD10:C71.9,"Malignant neoplasm of brain, unspecified",ICD10,1,DOID:0080684,"diffuse midline glioma, H3 K27-altered"
ICD10:C72.0,Malignant neoplasm of spinal cord,ICD10,1,DOID:5612,spinal cancer
ICD10:C72.2,Malignant neoplasm of olfactory nerve,ICD10,1,DOID:370,malignant olfactory nerve neoplasm
ICD10:C72.4,Malignant neoplasm of acoustic nerve,ICD10,1,DOID:2814,malignant neoplasm of acoustic nerve
ICD10:C72.50,Malignant neoplasm of unspecified cranial nerve,ICD10,1,DOID:2815,cranial nerve malignant neoplasm
ICD10:C72.9,"Malignant neoplasm of central nervous system, unspecified",ICD10,1,DOID:3620,central nervous system cancer
ICD10:C73,Malignant neoplasm of thyroid gland,ICD10,1,DOID:1781,thyroid cancer
ICD10:C74,,ICD10,1,DOID:3953,adrenal gland cancer
ICD10:C74.0,Malignant neoplasm of cortex of adrenal gland,ICD10,1,DOID:660,adrenal cortex cancer
ICD10:C74.1,Malignant neoplasm of medulla of adrenal gland,ICD10,1,DOID:5719,adrenal medulla cancer
ICD10:C75.0,Malignant neoplasm of parathyroid gland,ICD10,1,DOID:1540,parathyroid carcinoma
ICD10:C75.1,Malignant neoplasm of pituitary gland,ICD10,1,DOID:1785,pituitary cancer
ICD10:C75.3,Malignant neoplasm of pineal gland,ICD10,1,DOID:5032,pineal gland cancer
ICD10:C75.4,Malignant neoplasm of carotid body,ICD10,1,DOID:8731,carotid body cancer
ICD10:C75.9,"Malignant neoplasm of endocrine gland, unspecified",ICD10,1,DOID:170,endocrine gland cancer
ICD10:C76.1,Malignant neoplasm of thorax,ICD10,1,DOID:5093,thoracic cancer
ICD10:C80.1,"Malignant (primary) neoplasm, unspecified",ICD10,1,DOID:162,cancer
ICD10:C81.1,"Hodgkin's disease, nodular sclerosis",ICD10,1,DOID:8838,"Hodgkin's lymphoma, nodular sclerosis"
ICD10:C81.2,"Hodgkin's disease, mixed cellularity",ICD10,1,DOID:8654,"Hodgkin's lymphoma, mixed cellularity"
ICD10:C81.3,"Hodgkin's disease, lymphocytic depletion",ICD10,1,DOID:8628,"Hodgkin's lymphoma, lymphocytic depletion"
ICD10:C81.4,Lymphocyte-rich classical Hodgkin lymphoma,ICD10,1,DOID:8543,"Hodgkin's lymphoma, lymphocytic-histiocytic predominance"
ICD10:C83.390,Primary central nervous system lymphoma,ICD10,1,DOID:3234,central nervous system lymphoma
ICD10:C83.7,Burkitt's tumor,ICD10,1,DOID:8584,Burkitt lymphoma
ICD10:C83.8,Other types of diffuse non-Hodgkin's lymphoma,ICD10,1,DOID:0081307,lymphomatoid granulomatosis
ICD10:C84.0,Mycosis fungoides,ICD10,1,DOID:8691,mycosis fungoides
ICD10:C84.1,Sezary's disease,ICD10,1,DOID:8541,Sezary's disease
ICD10:C85.2,,ICD10,1,DOID:0080210,primary mediastinal B-cell lymphoma
ICD10:C86.3,,ICD10,1,DOID:0070662,subcutaneous panniculitis-like T-cell lymphoma
ICD10:C86.5,Angioimmunoblastic lymphadenopathy with dysproteinemia (AILD),ICD10,1,DOID:0111147,angioimmunoblastic T-cell lymphoma
ICD10:C88.0,Waldenstrom's macroglobulinemia,ICD10,1,DOID:0060901,lymphoplasmacytic lymphoma
ICD10:C88.2,Gamma heavy chain disease,ICD10,1,DOID:0060125,heavy chain disease
ICD10:C88.90,"Malignant immunoproliferative disease, unspecified, without mention of remission",ICD10,1,DOID:2916,hypersensitivity reaction type IV disease
ICD10:C90.0,Multiple myeloma,ICD10,1,DOID:9538,multiple myeloma
ICD10:C90.1,Plasma cell leukemia,ICD10,1,DOID:9513,plasma cell leukemia
ICD10:C90.2,"Plasmacytoma, extramedullary",ICD10,1,DOID:3720,extramedullary plasmacytoma
ICD10:C90.3,Plasmacytoma NOS,ICD10,1,DOID:3721,plasmacytoma
ICD10:C91,,ICD10,1,DOID:1037,lymphoid leukemia
ICD10:C91.00,"Acute lymphoblastic leukemia, without mention of remission",ICD10,1,DOID:9952,acute lymphoblastic leukemia
ICD10:C91.1,Chronic lymphocytic leukemia,ICD10,1,DOID:1703,Richter's syndrome
ICD10:C91.10,"Chronic lymphocytic leukemia, without mention of remission",ICD10,1,DOID:1040,chronic lymphocytic leukemia
ICD10:C91.4,Hairy-cell leukemia,ICD10,1,DOID:285,hairy cell leukemia
ICD10:C91.42,"Hairy cell leukemia, in relapse",ICD10,1,DOID:711,refractory hairy cell leukemia
ICD10:C91.5,Adult T-cell leukemia,ICD10,1,DOID:0050523,adult T-cell leukemia/lymphoma
ICD10:C92,granulocytic leukemia,ICD10,1,DOID:8692,myeloid leukemia
ICD10:C92.2,Subacute myeloid leukemia,ICD10,1,DOID:0060597,"atypical chronic myeloid leukemia, BCR-ABL1 negative"
ICD10:C92.3,Myeloid sarcoma,ICD10,1,DOID:8683,myeloid sarcoma
ICD10:C92.4,Acute promyelocytic leukemia,ICD10,1,DOID:0060318,acute promyelocytic leukemia
ICD10:C92.5,Acute myelomonocytic leukemia,ICD10,1,DOID:0081082,acute myelomonocytic leukemia
ICD10:C93.1,Chronic monocytic leukemia,ICD10,1,DOID:8593,chronic monocytic leukemia
ICD10:C93.3,,ICD10,1,DOID:0050458,juvenile myelomonocytic leukemia
ICD10:C93.Z,,ICD10,1,DOID:8527,monocytic leukemia
ICD10:C94.2,Acute megakaryoblastic leukemia,ICD10,1,DOID:8761,acute megakaryocytic leukemia
ICD10:C94.3,Mast cell leukemia,ICD10,1,DOID:9254,mast-cell leukemia
ICD10:C94.8,Acute basophilic leukemia,ICD10,1,DOID:1035,aggressive NK-cell leukemia
ICD10:C95.0,Acute leukaemia of unspecified cell type,ICD10,1,DOID:9953,acute biphenotypic leukemia
ICD10:C95.00,"Acute leukaemia of unspecified cell type, without mention of remission",ICD10,1,DOID:12603,acute leukemia
ICD10:C95.90,"Leukaemia, unspecified, without mention of remission",ICD10,1,DOID:1240,leukemia
ICD10:C96.0,Letterer-Siwe disease,ICD10,1,DOID:2571,Langerhans-cell histiocytosis
ICD10:C96.21,Aggressive systemic mastocytosis,ICD10,1,DOID:4798,aggressive systemic mastocytosis
ICD10:C96.22,Mast cell sarcoma,ICD10,1,DOID:355,mast-cell sarcoma
ICD10:C96.6,Unifocal Langerhans-cell histiocytosis,ICD10,1,DOID:2571,Langerhans-cell histiocytosis
ICD10:D00.0,"Carcinoma in situ of lip, oral cavity and pharynx",ICD10,1,DOID:8661,lip carcinoma in situ
ICD10:D00.1,Carcinoma in situ of esophagus,ICD10,1,DOID:9095,esophagus carcinoma in situ
ICD10:D00.2,Carcinoma in situ of stomach,ICD10,1,DOID:9138,stomach carcinoma in situ
ICD10:D01.0,Carcinoma in situ of colon,ICD10,1,DOID:8826,colon carcinoma in situ
ICD10:D01.2,Carcinoma in situ of rectum,ICD10,1,DOID:9174,rectum carcinoma in situ
ICD10:D01.4,Carcinoma in situ of other and unspecified parts of intestine,ICD10,1,DOID:9024,intestine carcinoma in situ
ICD10:D01.5,"Carcinoma in situ of liver, gallbladder and bile ducts",ICD10,1,DOID:9132,liver carcinoma in situ
ICD10:D02.0,Carcinoma in situ of larynx,ICD10,1,DOID:9011,larynx carcinoma in situ
ICD10:D02.1,Carcinoma in situ of trachea,ICD10,1,DOID:8802,trachea carcinoma in situ
ICD10:D02.2,Carcinoma in situ of bronchus and lung,ICD10,1,DOID:8800,lung carcinoma in situ
ICD10:D02.3,Carcinoma in situ of other parts of respiratory system,ICD10,1,DOID:6148,nasal cavity carcinoma in situ
ICD10:D04,,ICD10,1,DOID:8687,skin carcinoma in situ
ICD10:D04.0,Carcinoma in situ of skin of lip,ICD10,1,DOID:8687,skin carcinoma in situ
ICD10:D04.2,Carcinoma in situ of skin of ear and external auricular canal,ICD10,1,DOID:8687,skin carcinoma in situ
ICD10:D04.3,Carcinoma in situ of skin of other and unspecified parts of face,ICD10,1,DOID:8687,skin carcinoma in situ
ICD10:D04.4,Carcinoma in situ of skin of scalp and neck,ICD10,1,DOID:8687,skin carcinoma in situ
ICD10:D04.6,"Carcinoma in situ of skin of upper limb, including shoulder",ICD10,1,DOID:8687,skin carcinoma in situ
ICD10:D04.7,"Carcinoma in situ of skin of lower limb, including hip",ICD10,1,DOID:8687,skin carcinoma in situ
ICD10:D05,,ICD10,1,DOID:8791,breast carcinoma in situ
ICD10:D06,cervical adenocarcinoma in situ,ICD10,1,DOID:8991,cervix uteri carcinoma in situ
ICD10:D07.0,Carcinoma in situ of endometrium,ICD10,1,DOID:5172,endometrium carcinoma in situ
ICD10:D07.4,Carcinoma in situ of penis,ICD10,1,DOID:8872,penis carcinoma in situ
ICD10:D07.5,Carcinoma in situ of prostate,ICD10,1,DOID:8634,prostate carcinoma in situ
ICD10:D09.0,Carcinoma in situ of bladder,ICD10,1,DOID:9053,bladder carcinoma in situ
ICD10:D09.1,Carcinoma in situ of other and unspecified urinary organs,ICD10,1,DOID:9234,kidney carcinoma in situ
ICD10:D09.2,Carcinoma in situ of eye,ICD10,1,DOID:8792,eye carcinoma in situ
ICD10:D09.9,"Carcinoma in situ, unspecified",ICD10,1,DOID:8719,in situ carcinoma
ICD10:D12.6,"Benign neoplasm of colon, unspecified",ICD10,1,DOID:0080410,familial adenomatous polyposis 2
ICD10:D13.7,Benign neoplasm of endocrine pancreas,ICD10,1,DOID:1799,islet cell tumor
ICD10:D13.91,Familial adenomatous polyposis,ICD10,1,DOID:0050424,familial adenomatous polyposis
ICD10:D17,,ICD10,1,DOID:3315,lipoma
ICD10:D17.9,"Benign lipomatous neoplasm, unspecified",ICD10,1,DOID:3315,lipoma
ICD10:D18.02,Hemangioma of intracranial structures,ICD10,1,DOID:2517,intracranial structure hemangioma
ICD10:D18.03,Hemangioma of intra-abdominal structures,ICD10,1,DOID:254,hemangioma of intra-abdominal structure
ICD10:D18.1,"Lymphangioma, any site",ICD10,1,DOID:1475,lymphangioma
ICD10:D19.9,"Benign neoplasm of mesothelial tissue, unspecified",ICD10,1,DOID:746,adenomatoid tumor
ICD10:D21,benign neoplasm of muscle,ICD10,1,DOID:2691,myoma
ICD10:D24,Benign neoplasm of breast,ICD10,1,DOID:1618,breast fibroadenoma
ICD10:D25,uterine fibroid,ICD10,1,DOID:13223,uterine fibroid
ICD10:D25.0,Submucous leiomyoma of uterus,ICD10,1,DOID:13222,submucous uterine fibroid
ICD10:D25.1,Intramural leiomyoma of uterus,ICD10,1,DOID:13955,uterus interstitial leiomyoma
ICD10:D25.2,Subserosal leiomyoma of uterus,ICD10,1,DOID:13560,subserous uterine fibroid
ICD10:D26.9,"Other benign neoplasm of uterus, unspecified",ICD10,1,DOID:0060325,cervical polyp
ICD10:D32.9,"Benign neoplasm of meninges, unspecified",ICD10,1,DOID:3565,meningioma
ICD10:D3A.8,Other benign neuroendocrine tumors,ICD10,1,DOID:169,neuroendocrine tumor
ICD10:D45,Polycythemia vera,ICD10,1,DOID:8997,polycythemia vera
ICD10:D46.7,Other myelodysplastic syndromes,ICD10,1,DOID:0090016,chromosome 5q deletion syndrome
ICD10:D47.3,Essential (haemorrhagic) thrombocythaemia,ICD10,1,DOID:2224,essential thrombocythemia
ICD10:D47.4,Osteomyelofibrosis,ICD10,1,DOID:4971,myelofibrosis
ICD10:D47.7,"Other specified neoplasms of uncertain or unknown behavior of lymphoid, hematopoietic and related tissue",ICD10,1,DOID:0060888,transient myeloproliferative syndrome
ICD10:D47.Z2,Castleman disease,ICD10,1,DOID:0111157,Castleman disease
ICD10:D48.6,Neoplasm of uncertain or unknown behavior of breast,ICD10,1,DOID:1631,benign breast phyllodes tumor
ICD10:D50,hypochromic anemia,ICD10,1,DOID:11759,hypochromic anemia
ICD10:D51.0,Vitamin B12 deficiency anemia due to intrinsic factor deficiency,ICD10,1,DOID:13381,pernicious anemia
ICD10:D52,,ICD10,1,DOID:14026,folic acid deficiency anemia
ICD10:D53.0,Protein deficiency anemia,ICD10,1,DOID:13120,protein-deficiency anemia
ICD10:D53.1,"Other megaloblastic anemias, not elsewhere classified",ICD10,1,DOID:13382,megaloblastic anemia
ICD10:D55-D59,,ICD10,1,DOID:583,hemolytic anemia
ICD10:D55.0,Anemia due to glucose-6-phosphate dehydrogenase [G6PD] deficiency,ICD10,1,DOID:13628,favism
ICD10:D56,,ICD10,1,DOID:10241,thalassemia
ICD10:D56.1,Beta thalassemia,ICD10,1,DOID:12241,beta thalassemia
ICD10:D56.2,Delta-beta thalassemia,ICD10,1,DOID:0080773,delta beta-thalassemia
ICD10:D57.1,Sickle-cell disease without crisis,ICD10,1,DOID:10923,sickle cell anemia
ICD10:D57.2,Double heterozygous sickling disorders,ICD10,1,DOID:0081445,sickle cell disease
ICD10:D58.0,Hereditary spherocytosis,ICD10,1,DOID:12971,hereditary spherocytosis
ICD10:D58.1,Hereditary elliptocytosis,ICD10,1,DOID:2373,hereditary elliptocytosis
ICD10:D58.9,"Hereditary haemolytic anaemia, unspecified",ICD10,1,DOID:589,congenital hemolytic anemia
ICD10:D59.3,Hemolytic-uremic syndrome,ICD10,1,DOID:12554,hemolytic-uremic syndrome
ICD10:D59.5,Paroxysmal nocturnal hemoglobinuria [Marchiafava-Micheli],ICD10,1,DOID:0060284,paroxysmal nocturnal hemoglobinuria
ICD10:D59.6,Hemoglobinuria due to hemolysis from other external causes,ICD10,1,DOID:0060284,paroxysmal nocturnal hemoglobinuria
ICD10:D61.03,Fanconi anemia,ICD10,1,DOID:13636,Fanconi anemia
ICD10:D61.81,,ICD10,1,DOID:12450,pancytopenia
ICD10:D61.82,Myelophthisis,ICD10,1,DOID:2354,myelophthisic anemia
ICD10:D61.9,"Aplastic anaemia, unspecified",ICD10,1,DOID:12449,aplastic anemia
ICD10:D64.3,Other sideroblastic anemias,ICD10,1,DOID:8955,sideroblastic anemia
ICD10:D64.4,Congenital dyserythropoietic anemia,ICD10,1,DOID:1338,congenital dyserythropoietic anemia
ICD10:D64.9,"Anemia, unspecified",ICD10,1,DOID:2355,anemia
ICD10:D66,Hereditary factor VIII deficiency,ICD10,1,DOID:12134,factor VIII deficiency
ICD10:D67,Hereditary factor IX deficiency,ICD10,1,DOID:12259,hemophilia B
ICD10:D68.0,Von Willebrand's disease,ICD10,1,DOID:12531,von Willebrand's disease
ICD10:D68.01,"Von Willebrand disease, type 1",ICD10,1,DOID:0060573,von Willebrand's disease 1
ICD10:D68.02,Qualitative defects of von Willebrand factor,ICD10,1,DOID:0060574,von Willebrand's disease 2
ICD10:D68.03,"Von Willebrand disease, type 3",ICD10,1,DOID:0111054,von Willebrand's disease 3
ICD10:D68.04,Acquired von Willebrand disease,ICD10,1,DOID:0111146,acquired von Willebrand syndrome
ICD10:D68.1,Hereditary factor XI deficiency,ICD10,1,DOID:2229,factor XI deficiency
ICD10:D68.61,Antiphospholipid syndrome,ICD10,1,DOID:2988,antiphospholipid syndrome
ICD10:D68.8,Other specified coagulation defects,ICD10,1,DOID:0060601,alpha-2-plasmin inhibitor deficiency
ICD10:D68.9,"Coagulation defect, unspecified",ICD10,1,DOID:1247,blood coagulation disease
ICD10:D69.0,Allergic purpura,ICD10,1,DOID:11123,IgA vasculitis
ICD10:D69.2,Other nonthrombocytopenic purpura,ICD10,1,DOID:3326,purpura
ICD10:D69.3,Immune thrombocytopenic purpura,ICD10,1,DOID:8924,autoimmune thrombocytopenic purpura
ICD10:D69.41,Evans syndrome,ICD10,1,DOID:8931,Evans' syndrome
ICD10:D69.5,Secondary thrombocytopenia,ICD10,1,DOID:11126,acquired thrombocytopenia
ICD10:D69.6,"Thrombocytopenia, unspecified",ICD10,1,DOID:1588,thrombocytopenia
ICD10:D69.9,"Hemorrhagic condition, unspecified",ICD10,1,DOID:2213,hemorrhagic disease
ICD10:D70.4,Cyclic neutropenia,ICD10,1,DOID:5339,cyclic hematopoiesis
ICD10:D71.1,Leukocyte adhesion deficiency,ICD10,1,DOID:0070255,congenital disorder of glycosylation type IIc
ICD10:D71.8,Other functional disorders of polymorphonuclear neutrophils,ICD10,1,DOID:3265,chronic granulomatous disease
ICD10:D72.1,Eosinophilia,ICD10,1,DOID:999,hypereosinophilic syndrome
ICD10:D72.8,Other specified disorders of white blood cells,ICD10,1,DOID:0110117,autoimmune lymphoproliferative syndrome type 4
ICD10:D72.810,Lymphocytopenia,ICD10,1,DOID:614,lymphopenia
ICD10:D72.819,"Decreased white blood cell count, unspecified",ICD10,1,DOID:615,leukopenia
ICD10:D72.9,"Disorder of white blood cells, unspecified",ICD10,1,DOID:9500,leukocyte disease
ICD10:D73,,ICD10,1,DOID:2529,splenic disease
ICD10:D73.1,Hypersplenism,ICD10,1,DOID:6376,hypersplenism
ICD10:D73.2,Chronic congestive splenomegaly,ICD10,1,DOID:11787,chronic congestive splenomegaly
ICD10:D73.3,Abscess of spleen,ICD10,1,DOID:2530,splenic abscess
ICD10:D73.5,Infarction of spleen,ICD10,1,DOID:2533,splenic infarction
ICD10:D74,,ICD10,1,DOID:10783,methemoglobinemia
ICD10:D75.81,Myelofibrosis,ICD10,1,DOID:4971,myelofibrosis
ICD10:D75.83,,ICD10,1,DOID:2228,thrombocytosis
ICD10:D75.9,"Disease of blood and blood-forming organs, unspecified",ICD10,1,DOID:74,hematopoietic system disease
ICD10:D76.1,Hemophagocytic lymphohistiocytosis,ICD10,1,DOID:0050120,hemophagocytic lymphohistiocytosis
ICD10:D80.1,Nonfamilial hypogammaglobulinemia,ICD10,1,DOID:2583,agammaglobulinemia
ICD10:D80.3,Selective deficiency of immunoglobulin G [IgG] subclasses,ICD10,1,DOID:14176,selective IgG deficiency disease
ICD10:D80.7,Transient hypogammaglobulinemia of infancy,ICD10,1,DOID:624,transient hypogammaglobulinemia of infancy
ICD10:D81,,ICD10,1,DOID:628,combined T cell and B cell immunodeficiency
ICD10:D81.2,Severe combined immunodeficiency [SCID] with low or normal B-cell numbers,ICD10,1,DOID:0090014,severe combined immunodeficiency 104
ICD10:D81.30,"Adenosine deaminase deficiency, unspecified",ICD10,1,DOID:5810,adenosine deaminase deficiency
ICD10:D81.4,Nezelof's syndrome,ICD10,1,DOID:2012,Nezelof syndrome
ICD10:D81.5,Purine nucleoside phosphorylase [PNP] deficiency,ICD10,1,DOID:5813,purine nucleoside phosphorylase deficiency
ICD10:D81.6,Major histocompatibility complex class I deficiency,ICD10,1,DOID:5812,MHC class II deficiency
ICD10:D81.8,Other combined immunodeficiencies,ICD10,1,DOID:0060010,Omenn syndrome
ICD10:D81.81,Multiple carboxylase deficiency,ICD10,1,DOID:857,multiple carboxylase deficiency
ICD10:D81.810,Biotinidase deficiency,ICD10,1,DOID:856,biotinidase deficiency
ICD10:D81.818,Other biotin-dependent carboxylase deficiency,ICD10,1,DOID:859,holocarboxylase synthetase deficiency
ICD10:D82.0,Wiskott-Aldrich syndrome,ICD10,1,DOID:9169,Wiskott-Aldrich syndrome
ICD10:D82.1,Di George's syndrome,ICD10,1,DOID:11198,DiGeorge syndrome
ICD10:D83,,ICD10,1,DOID:12177,common variable immunodeficiency
ICD10:D84.9,"Immunodeficiency, unspecified",ICD10,1,DOID:612,primary immunodeficiency disease
ICD10:D86,,ICD10,1,DOID:11335,sarcoidosis
ICD10:D86.0,Sarcoidosis of lung,ICD10,1,DOID:13406,pulmonary sarcoidosis
ICD10:D86.3,Sarcoidosis of skin,ICD10,1,DOID:13402,skin sarcoidosis
ICD10:D86.81,Sarcoid meningitis,ICD10,1,DOID:12055,sarcoid meningitis
ICD10:D86.89,Sarcoidosis of other sites,ICD10,1,DOID:13404,uveoparotid fever
ICD10:D89.0,Polyclonal hypergammaglobulinemia,ICD10,1,DOID:2344,polyclonal hypergammaglobulinemia
ICD10:D89.1,Cryoglobulinemia,ICD10,1,DOID:2917,cryoglobulinemia
ICD10:D89.82,Autoimmune lymphoproliferative syndrome [ALPS],ICD10,1,DOID:6688,autoimmune lymphoproliferative syndrome
ICD10:D89.9,"Disorder involving the immune mechanism, unspecified",ICD10,1,DOID:2914,immune system disease
ICD10:E00.1,"Congenital iodine-deficiency syndrome, myxedematous type",ICD10,1,DOID:0050328,congenital hypothyroidism
ICD10:E01.2,"Iodine-deficiency-related (endemic) goiter, unspecified",ICD10,1,DOID:13198,endemic goiter
ICD10:E05.0,Thyrotoxicosis with diffuse goiter,ICD10,1,DOID:12361,Graves' disease
ICD10:E05.2,Thyrotoxicosis with toxic multinodular goiter,ICD10,1,DOID:11277,Plummer's disease
ICD10:E06,,ICD10,1,DOID:7166,thyroiditis
ICD10:E06.1,Subacute thyroiditis,ICD10,1,DOID:7165,subacute thyroiditis
ICD10:E06.3,Autoimmune thyroiditis,ICD10,1,DOID:7188,autoimmune thyroiditis
ICD10:E06.5,Other chronic thyroiditis,ICD10,1,DOID:14351,Riedel's fibrosing thyroiditis
ICD10:E07.81,Sick-euthyroid syndrome,ICD10,1,DOID:2856,euthyroid sick syndrome
ICD10:E07.9,"Disorder of thyroid, unspecified",ICD10,1,DOID:50,thyroid gland disease
ICD10:E08-E13,,ICD10,1,DOID:9351,diabetes mellitus
ICD10:E11,diabetes NOS,ICD10,1,DOID:9352,type 2 diabetes mellitus
ICD10:E13,postpancreatectomy diabetes mellitus,ICD10,1,DOID:0090060,Wolcott-Rallison syndrome
ICD10:E15,Nondiabetic hypoglycemic coma,ICD10,1,DOID:1607,hypoglycemic coma
ICD10:E16,,ICD10,1,DOID:1428,endocrine pancreas disease
ICD10:E16.1,Other hypoglycemia,ICD10,1,DOID:2018,hyperinsulinism
ICD10:E16.2,"Hypoglycemia, unspecified",ICD10,1,DOID:9993,hypoglycemia
ICD10:E16.4,Abnormal secretion of gastrin,ICD10,1,DOID:0050782,Zollinger-Ellison syndrome
ICD10:E16.9,"Disorder of pancreatic internal secretion, unspecified",ICD10,1,DOID:13317,hyperinsulinemic hypoglycemia
ICD10:E20,,ICD10,1,DOID:11199,hypoparathyroidism
ICD10:E20.1,Pseudohypoparathyroidism,ICD10,1,DOID:4184,pseudohypoparathyroidism
ICD10:E20.8,Other hypoparathyroidism,ICD10,1,DOID:0090109,autosomal dominant hypocalcemia
ICD10:E21.0,Primary hyperparathyroidism,ICD10,1,DOID:11202,primary hyperparathyroidism
ICD10:E21.3,"Hyperparathyroidism, unspecified",ICD10,1,DOID:13543,hyperparathyroidism
ICD10:E21.5,"Disorder of parathyroid gland, unspecified",ICD10,1,DOID:11201,parathyroid gland disease
ICD10:E22.1,Hyperprolactinemia,ICD10,1,DOID:12700,hyperprolactinemia
ICD10:E22.2,Syndrome of inappropriate secretion of antidiuretic hormone,ICD10,1,DOID:3401,inappropriate ADH syndrome
ICD10:E22.8,Other hyperfunction of pituitary gland,ICD10,1,DOID:0112308,central precocious puberty
ICD10:E23.2,Diabetes insipidus,ICD10,1,DOID:9409,diabetes insipidus
ICD10:E24,,ICD10,1,DOID:446,primary hyperaldosteronism
ICD10:E24.0,Pituitary-dependent Cushing's disease,ICD10,1,DOID:3946,pituitary-dependent Cushing's disease
ICD10:E24.1,Nelson's syndrome,ICD10,1,DOID:4968,Nelson syndrome
ICD10:E24.3,Ectopic ACTH syndrome,ICD10,1,DOID:0060890,ectopic Cushing syndrome
ICD10:E25,Female adrenal pseudohermaphroditism,ICD10,1,DOID:0050811,congenital adrenal hyperplasia
ICD10:E26,,ICD10,1,DOID:446,primary hyperaldosteronism
ICD10:E26.01,Conn's syndrome,ICD10,1,DOID:12028,Conn's syndrome
ICD10:E26.02,Glucocorticoid-remediable aldosteronism,ICD10,1,DOID:14080,glucocorticoid-remediable aldosteronism
ICD10:E26.81,Bartter's syndrome,ICD10,1,DOID:445,Bartter disease
ICD10:E27.1,Primary adrenocortical insufficiency,ICD10,1,DOID:13774,Addison's disease
ICD10:E27.5,Adrenomedullary hyperfunction,ICD10,1,DOID:12257,medulloadrenal hyperfunction
ICD10:E27.8,Other specified disorders of adrenal gland,ICD10,1,DOID:0090030,corticosteroid-binding globulin deficiency
ICD10:E27.9,"Disorder of adrenal gland, unspecified",ICD10,1,DOID:9553,adrenal gland disease
ICD10:E28.0,Estrogen excess,ICD10,1,DOID:14336,estrogen excess
ICD10:E28.2,Polycystic ovarian syndrome,ICD10,1,DOID:11612,polycystic ovary syndrome
ICD10:E28.3,Primary ovarian failure,ICD10,1,DOID:5426,primary ovarian insufficiency
ICD10:E28.31,,ICD10,1,DOID:10787,premature menopause
ICD10:E30.1,Precocious puberty,ICD10,1,DOID:0090122,aromatase excess syndrome
ICD10:E31.21,Multiple endocrine neoplasia [MEN] type I,ICD10,1,DOID:10017,multiple endocrine neoplasia type 1
ICD10:E31.22,Multiple endocrine neoplasia [MEN] type IIA,ICD10,1,DOID:0050430,multiple endocrine neoplasia type 2A
ICD10:E31.23,Multiple endocrine neoplasia [MEN] type IIB,ICD10,1,DOID:10016,multiple endocrine neoplasia type 2B
ICD10:E32,,ICD10,1,DOID:533,thymus gland disease
ICD10:E34.321,Primary insulin-like growth factor-1 (IGF-1) deficiency,ICD10,1,DOID:9521,Laron syndrome
ICD10:E34.5,Androgen resistance syndrome,ICD10,1,DOID:4674,androgen insensitivity syndrome
ICD10:E34.51,Complete androgen insensitivity syndrome,ICD10,1,DOID:0080775,complete androgen insensitivity syndrome
ICD10:E34.8,Other specified endocrine disorders,ICD10,1,DOID:3911,progeria
ICD10:E34.9,"Endocrine disorder, unspecified",ICD10,1,DOID:28,endocrine system disease
ICD10:E40,Kwashiorkor,ICD10,1,DOID:13579,kwashiorkor
ICD10:E41,Nutritional marasmus,ICD10,1,DOID:12328,marasmus
ICD10:E46,Unspecified protein-calorie malnutrition,ICD10,1,DOID:11801,protein-energy malnutrition
ICD10:E50.7,Other ocular manifestations of vitamin A deficiency,ICD10,1,DOID:10138,xerophthalmia
ICD10:E50.8,Other manifestations of vitamin A deficiency,ICD10,1,DOID:2734,keratosis follicularis
ICD10:E51.1,Beriberi,ICD10,1,DOID:13725,beriberi
ICD10:E51.11,Dry beriberi,ICD10,1,DOID:0070318,dry beriberi
ICD10:E51.12,Wet beriberi,ICD10,1,DOID:0070317,wet beriberi
ICD10:E51.2,Wernicke's encephalopathy,ICD10,1,DOID:2384,Wernicke encephalopathy
ICD10:E53.0,Riboflavin deficiency,ICD10,1,DOID:8454,riboflavin deficiency
ICD10:E53.1,Pyridoxine deficiency,ICD10,1,DOID:8455,pyridoxine deficiency anemia
ICD10:E54,Ascorbic acid deficiency,ICD10,1,DOID:13724,scurvy
ICD10:E56.1,Deficiency of vitamin K,ICD10,1,DOID:11249,vitamin K deficiency bleeding
ICD10:E66.9,"Obesity, unspecified",ICD10,1,DOID:9970,obesity
ICD10:E67.0,Hypervitaminosis A,ICD10,1,DOID:9972,hypervitaminosis A
ICD10:E67.1,Hypercarotenaemia,ICD10,1,DOID:9969,carotenemia
ICD10:E67.3,Hypervitaminosis D,ICD10,1,DOID:9971,hypervitaminosis D
ICD10:E70.21,Tyrosinemia,ICD10,1,DOID:9275,tyrosinemia
ICD10:E70.330,Chediak-Higashi syndrome,ICD10,1,DOID:2935,Chediak-Higashi syndrome
ICD10:E70.331,Hermansky-Pudlak syndrome,ICD10,1,DOID:3753,Hermansky-Pudlak syndrome
ICD10:E70.39,Other specified albinism,ICD10,1,DOID:3263,piebaldism
ICD10:E70.4,,ICD10,1,DOID:9265,histidine metabolism disease
ICD10:E70.8,Other disorders of aromatic amino-acid metabolism,ICD10,1,DOID:0060693,Brunner Syndrome
ICD10:E70.81,Aromatic L-amino acid decarboxylase deficiency,ICD10,1,DOID:0090123,aromatic L-amino acid decarboxylase deficiency
ICD10:E71.0,Maple-syrup-urine disease,ICD10,1,DOID:9269,maple syrup urine disease
ICD10:E71.110,Isovaleric acidemia,ICD10,1,DOID:14753,isovaleric acidemia
ICD10:E71.111,3-methylglutaconic aciduria,ICD10,1,DOID:0060336,3-methylglutaconic aciduria
ICD10:E71.121,Propionic acidemia,ICD10,1,DOID:14701,propionic acidemia
ICD10:E71.313,Glutaric aciduria type II,ICD10,1,DOID:0060358,multiple acyl-CoA dehydrogenase deficiency
ICD10:E71.41,Primary carnitine deficiency,ICD10,1,DOID:14365,systemic primary carnitine deficiency disease
ICD10:E71.5,,ICD10,1,DOID:906,peroxisomal disease
ICD10:E71.510,Zellweger syndrome,ICD10,1,DOID:905,Zellweger syndrome
ICD10:E71.52,,ICD10,1,DOID:10588,adrenoleukodystrophy
ICD10:E71.540,Rhizomelic chondrodysplasia punctata,ICD10,1,DOID:2580,rhizomelic chondrodysplasia punctata
ICD10:E72.0,Disorders of amino-acid transport,ICD10,1,DOID:0060858,hypotonia-cystinuria syndrome
ICD10:E72.01,Cystinuria,ICD10,1,DOID:9266,cystinuria
ICD10:E72.02,Hartnup's disease,ICD10,1,DOID:1060,Hartnup disease
ICD10:E72.03,Lowe's syndrome,ICD10,1,DOID:1056,oculocerebrorenal syndrome
ICD10:E72.11,Homocystinuria,ICD10,1,DOID:9263,homocystinuria
ICD10:E72.2,Disorders of urea cycle metabolism,ICD10,1,DOID:9267,urea cycle disorder
ICD10:E72.21,Argininemia,ICD10,1,DOID:9278,hyperargininemia
ICD10:E72.23,Citrullinemia,ICD10,1,DOID:9273,citrullinemia
ICD10:E72.3,Disorders of lysine and hydroxylysine metabolism,ICD10,1,DOID:9274,hyperlysinemia
ICD10:E72.4,Disorders of ornithine metabolism,ICD10,1,DOID:9271,ornithine carbamoyltransferase deficiency
ICD10:E72.51,Non-ketotic hyperglycinemia,ICD10,1,DOID:9268,glycine encephalopathy
ICD10:E72.53,Oxaluria,ICD10,1,DOID:2977,primary hyperoxaluria
ICD10:E72.530,"Primary hyperoxaluria, type 1",ICD10,1,DOID:0111670,primary hyperoxaluria type 1
ICD10:E72.8,Other specified disorders of amino-acid metabolism,ICD10,1,DOID:0070747,"immunodeficiency, developmental delay, and hypohomocysteinemia"
ICD10:E73,,ICD10,1,DOID:10604,lactose intolerance
ICD10:E73.0,Congenital lactase deficiency,ICD10,1,DOID:0111646,congenital lactase deficiency
ICD10:E74.01,von Gierke disease,ICD10,1,DOID:0081329,glycogen storage disease I
ICD10:E74.02,Pompe disease,ICD10,1,DOID:2752,glycogen storage disease II
ICD10:E74.03,Cori disease,ICD10,1,DOID:2748,glycogen storage disease III
ICD10:E74.04,McArdle disease,ICD10,1,DOID:2746,glycogen storage disease V
ICD10:E74.05,Lysosome-associated membrane protein 2 [LAMP2] deficiency,ICD10,1,DOID:0050437,Danon disease
ICD10:E74.11,Essential fructosuria,ICD10,1,DOID:0111680,essential fructosuria
ICD10:E74.12,Hereditary fructose intolerance,ICD10,1,DOID:9869,hereditary fructose intolerance syndrome
ICD10:E74.19,Other disorders of fructose metabolism,ICD10,1,DOID:5204,"fructose-1,6-bisphosphatase deficiency"
ICD10:E74.21,Galactosemia,ICD10,1,DOID:9870,galactosemia
ICD10:E74.29,Other disorders of galactose metabolism,ICD10,1,DOID:14695,galactokinase deficiency
ICD10:E74.31,Sucrase-isomaltase deficiency,ICD10,1,DOID:0111633,congenital sucrase-isomaltase deficiency
ICD10:E74.39,Other disorders of intestinal carbohydrate absorption,ICD10,1,DOID:0070563,glucose-galactose malabsorption
ICD10:E74.810,Glucose transporter protein type 1 deficiency,ICD10,1,DOID:0070560,glucose transporter type 1 deficiency syndrome
ICD10:E74.818,Other disorders of glucose transport,ICD10,1,DOID:0070613,familial renal glucosuria
ICD10:E74.89,Other specified disorders of carbohydrate metabolism,ICD10,1,DOID:0111258,pentosuria
ICD10:E74.9,"Disorder of carbohydrate metabolism, unspecified",ICD10,1,DOID:2978,carbohydrate metabolic disorder
ICD10:E75.0,GM2 gangliosidosis,ICD10,1,DOID:3321,GM2 gangliosidosis
ICD10:E75.01,Sandhoff disease,ICD10,1,DOID:3323,Sandhoff disease
ICD10:E75.02,Tay-Sachs disease,ICD10,1,DOID:3320,Tay-Sachs disease
ICD10:E75.10,Unspecified gangliosidosis,ICD10,1,DOID:2368,gangliosidosis
ICD10:E75.19,Other gangliosidosis,ICD10,1,DOID:3322,GM1 gangliosidosis
ICD10:E75.21,Fabry (-Anderson) disease,ICD10,1,DOID:14499,Fabry disease
ICD10:E75.22,Gaucher disease,ICD10,1,DOID:1926,Gaucher's disease
ICD10:E75.23,Krabbe disease,ICD10,1,DOID:10587,Krabbe disease
ICD10:E75.24,Acid sphingomyelinase deficiency (ASMD),ICD10,1,DOID:14504,Niemann-Pick disease
ICD10:E75.25,Metachromatic leukodystrophy,ICD10,1,DOID:10581,metachromatic leukodystrophy
ICD10:E75.26,Sulfatase deficiency,ICD10,1,DOID:0050441,mucosulfatidosis
ICD10:E75.27,Pelizaeus-Merzbacher disease,ICD10,1,DOID:3210,Pelizaeus-Merzbacher disease
ICD10:E75.28,Canavan disease,ICD10,1,DOID:3613,Canavan disease
ICD10:E75.29,Other sphingolipidosis,ICD10,1,DOID:0070744,early childhood-onset progressive leukodystrophy
ICD10:E75.3,"Sphingolipidosis, unspecified",ICD10,1,DOID:1927,sphingolipidosis
ICD10:E75.5,Other lipid storage disorders,ICD10,1,DOID:14497,Wolman disease
ICD10:E75.6,"Lipid storage disorder, unspecified",ICD10,1,DOID:9455,lipid storage disease
ICD10:E76.01,Hurler's syndrome,ICD10,1,DOID:0111390,mucopolysaccharidosis Ih
ICD10:E76.02,Hurler-Scheie syndrome,ICD10,1,DOID:0111389,mucopolysaccharidosis Ih/s
ICD10:E76.1,"Mucopolysaccharidosis, type II",ICD10,1,DOID:12799,mucopolysaccharidosis II
ICD10:E76.210,Morquio A mucopolysaccharidoses,ICD10,1,DOID:0111391,mucopolysaccharidosis IVA
ICD10:E76.211,Morquio B mucopolysaccharidoses,ICD10,1,DOID:0111392,mucopolysaccharidosis type IVB
ICD10:E76.219,"Morquio mucopolysaccharidoses, unspecified",ICD10,1,DOID:12804,mucopolysaccharidosis IV
ICD10:E76.29,Other mucopolysaccharidoses,ICD10,1,DOID:12803,mucopolysaccharidosis type VII
ICD10:E76.3,"Mucopolysaccharidosis, unspecified",ICD10,1,DOID:12798,mucopolysaccharidosis
ICD10:E77.8,Other disorders of glycoprotein metabolism,ICD10,1,DOID:0060728,congenital disorder of deglycosylation 1
ICD10:E78.0,Pure hypercholesterolemia,ICD10,1,DOID:0090105,autosomal recessive hypercholesterolemia
ICD10:E78.01,,ICD10,1,DOID:13810,familial hypercholesterolemia
ICD10:E78.1,Pure hyperglyceridemia,ICD10,1,DOID:1172,hyperlipoproteinemia type IV
ICD10:E78.49,Other hyperlipidemia,ICD10,1,DOID:13809,familial combined hyperlipidemia
ICD10:E78.5,"Hyperlipidemia, unspecified",ICD10,1,DOID:1168,familial hyperlipidemia
ICD10:E78.71,Barth syndrome,ICD10,1,DOID:0050476,Barth syndrome
ICD10:E78.72,Smith-Lemli-Opitz syndrome,ICD10,1,DOID:14692,Smith-Lemli-Opitz syndrome
ICD10:E78.81,Lipoid dermatoarthritis,ICD10,1,DOID:11824,multicentric reticulohistiocytosis
ICD10:E79.1,Lesch-Nyhan syndrome,ICD10,1,DOID:1919,Lesch-Nyhan syndrome
ICD10:E79.8,Other disorders of purine and pyrimidine metabolism,ICD10,1,DOID:653,purine-pyrimidine metabolic disorder
ICD10:E80.0,Hereditary erythropoietic porphyria,ICD10,1,DOID:13270,erythropoietic protoporphyria
ICD10:E80.1,Porphyria cutanea tarda,ICD10,1,DOID:3132,porphyria cutanea tarda
ICD10:E80.29,Other porphyria,ICD10,1,DOID:13269,hereditary coproporphyria
ICD10:E80.4,Gilbert syndrome,ICD10,1,DOID:2739,Gilbert syndrome
ICD10:E80.6,Other disorders of bilirubin metabolism,ICD10,1,DOID:12308,Dubin-Johnson syndrome
ICD10:E83.01,Wilson's disease,ICD10,1,DOID:893,Wilson disease
ICD10:E83.11,,ICD10,1,DOID:2352,hemochromatosis
ICD10:E83.39,Other disorders of phosphorus metabolism,ICD10,1,DOID:14213,hypophosphatasia
ICD10:E83.52,Hypercalcemia,ICD10,1,DOID:12678,hypercalcemia
ICD10:E84,mucoviscidosis,ICD10,1,DOID:1485,cystic fibrosis
ICD10:E85,,ICD10,1,DOID:9120,amyloidosis
ICD10:E85.3,Secondary systemic amyloidosis,ICD10,1,DOID:0080936,serum amyloid A amyloidosis
ICD10:E85.81,Light chain (AL) amyloidosis,ICD10,1,DOID:0080933,immunoglobulin light chain amyloidosis
ICD10:E85.82,Wild-type transthyretin-related (ATTR) amyloidosis,ICD10,1,DOID:0050638,hereditary systemic amyloidosis 1
ICD10:E87.20,"Acidosis, unspecified",ICD10,1,DOID:3650,lactic acidosis
ICD10:E88.01,Alpha-1-antitrypsin deficiency,ICD10,1,DOID:13372,alpha 1-antitrypsin deficiency
ICD10:E88.02,Plasminogen deficiency,ICD10,1,DOID:0111592,plasminogen deficiency type I
ICD10:E88.10,"Lipodystrophy, unspecified",ICD10,1,DOID:811,lipodystrophy
ICD10:E88.41,MELAS syndrome,ICD10,1,DOID:3687,MELAS syndrome
ICD10:E88.42,MERRF syndrome,ICD10,1,DOID:310,MERRF syndrome
ICD10:E88.810,Metabolic syndrome,ICD10,1,DOID:14221,abdominal obesity-metabolic syndrome 1
ICD10:E88.9,"Metabolic disorder, unspecified",ICD10,1,DOID:0014667,disease of metabolism
ICD10:E89.0,Postprocedural hypothyroidism,ICD10,1,DOID:1458,postsurgical hypothyroidism
ICD10:E89.1,Postprocedural hypoinsulinemia,ICD10,1,DOID:2181,post-surgical hypoinsulinemia
ICD10:F01,multi-infarct dementia,ICD10,1,DOID:8725,vascular dementia
ICD10:F09,Unspecified organic or symptomatic mental disorder,ICD10,1,DOID:1561,cognitive disorder
ICD10:F10.1,"Mental and behavioral disorders due to use of alcohol, harmful use",ICD10,1,DOID:1574,alcohol use disorder
ICD10:F11.1,"Mental and behavioral disorders due to use of opioids, harmful use",ICD10,1,DOID:11206,opioid abuse
ICD10:F11.2,"Mental and behavioral disorders due to use of opioids, dependence syndrome",ICD10,1,DOID:2559,opiate dependence
ICD10:F12,marijuana,ICD10,1,DOID:9505,cannabis abuse
ICD10:F12.1,"Mental and behavioral disorders due to use of cannabinoids, harmful use",ICD10,1,DOID:9505,cannabis abuse
ICD10:F12.2,"Mental and behavioral disorders due to use of cannabinoids, dependence syndrome",ICD10,1,DOID:1849,cannabis dependence
ICD10:F13.11,"Sedative, hypnotic or anxiolytic abuse, in remission",ICD10,1,DOID:8519,barbiturate abuse
ICD10:F14.1,"Mental and behavioral disorders due to use of cocaine, harmful use",ICD10,1,DOID:809,cocaine abuse
ICD10:F14.2,"Mental and behavioral disorders due to use of cocaine, dependence syndrome",ICD10,1,DOID:9975,cocaine dependence
ICD10:F16.1,"Mental and behavioral disorders due to use of hallucinogens, harmful use",ICD10,1,DOID:12797,hallucinogen abuse
ICD10:F16.2,"Mental and behavioral disorders due to use of hallucinogens, dependence syndrome",ICD10,1,DOID:9977,hallucinogen dependence
ICD10:F17,,ICD10,1,DOID:0050742,nicotine dependence
ICD10:F20,,ICD10,1,DOID:5419,schizophrenia
ICD10:F20.0,Paranoid schizophrenia,ICD10,1,DOID:1229,paranoid schizophrenia
ICD10:F20.81,Schizophreniform disorder,ICD10,1,DOID:11328,schizophreniform disorder
ICD10:F21,Schizotypal disorder,ICD10,1,DOID:10646,schizotypal personality disorder
ICD10:F22,Delusional disorders,ICD10,1,DOID:778,delusional disorder
ICD10:F25,,ICD10,1,DOID:5418,schizoaffective disorder
ICD10:F31,manic-depressive illness,ICD10,1,DOID:3312,bipolar disorder
ICD10:F32,single episode of major depression,ICD10,1,DOID:1470,major depressive disorder
ICD10:F32.89,Other specified depressive episodes,ICD10,1,DOID:12294,atypical depressive disorder
ICD10:F34.0,Cyclothymic disorder,ICD10,1,DOID:845,cyclothymic disorder
ICD10:F39,Unspecified mood [affective] disorder,ICD10,1,DOID:3324,mood disorder
ICD10:F40,,ICD10,1,DOID:591,phobic disorder
ICD10:F40.0,Agoraphobia,ICD10,1,DOID:593,agoraphobia
ICD10:F40.1,Social phobias,ICD10,1,DOID:11257,social phobia
ICD10:F40.2,Specific (isolated) phobias,ICD10,1,DOID:599,specific phobia
ICD10:F40.243,Fear of flying,ICD10,1,DOID:605,flying phobia
ICD10:F41.0,Panic disorder [episodic paroxysmal anxiety],ICD10,1,DOID:594,panic disorder
ICD10:F41.1,Generalized anxiety disorder,ICD10,1,DOID:14320,generalized anxiety disorder
ICD10:F41.9,"Anxiety disorder, unspecified",ICD10,1,DOID:2030,anxiety disorder
ICD10:F42,,ICD10,1,DOID:10933,obsessive-compulsive disorder
ICD10:F43.1,Post-traumatic stress disorder,ICD10,1,DOID:2055,post-traumatic stress disorder
ICD10:F44,conversion reaction,ICD10,1,DOID:1768,conversion disorder
ICD10:F44.0,Dissociative amnesia,ICD10,1,DOID:11037,dissociative amnesia
ICD10:F44.81,Dissociative identity disorder,ICD10,1,DOID:10934,multiple personality disorder
ICD10:F44.9,"Dissociative [conversion] disorder, unspecified",ICD10,1,DOID:10935,dissociative disorder
ICD10:F45,,ICD10,1,DOID:4737,somatoform disorder
ICD10:F45.21,Hypochondriasis,ICD10,1,DOID:12883,hypochondriasis
ICD10:F45.8,Other somatoform disorders,ICD10,1,DOID:2846,bruxism
ICD10:F50,,ICD10,1,DOID:8670,eating disorder
ICD10:F50.0,Anorexia nervosa,ICD10,1,DOID:8689,anorexia nervosa
ICD10:F50.2,Bulimia nervosa,ICD10,1,DOID:12129,bulimia nervosa
ICD10:F52.0,Hypoactive sexual desire disorder,ICD10,1,DOID:13868,hypoactive sexual desire disorder
ICD10:F52.31,Female orgasmic disorder,ICD10,1,DOID:7518,inhibited female orgasm
ICD10:F52.32,Male orgasmic disorder,ICD10,1,DOID:5576,inhibited male orgasm
ICD10:F52.4,Premature ejaculation,ICD10,1,DOID:13709,premature ejaculation
ICD10:F52.5,Nonorganic vaginismus,ICD10,1,DOID:10131,psychologic vaginismus
ICD10:F52.6,Nonorganic dyspareunia,ICD10,1,DOID:11120,psychologic dyspareunia
ICD10:F52.9,Unspecified sexual dysfunction not due to a substance or known physiological condition,ICD10,1,DOID:1876,sexual dysfunction
ICD10:F53.0,Postpartum depression,ICD10,1,DOID:9478,postpartum depression
ICD10:F60.0,Paranoid personality disorder,ICD10,1,DOID:10938,paranoid personality disorder
ICD10:F60.1,Schizoid personality disorder,ICD10,1,DOID:10936,schizoid personality disorder
ICD10:F60.2,Antisocial personality disorder,ICD10,1,DOID:10939,antisocial personality disorder
ICD10:F60.4,Histrionic personality disorder,ICD10,1,DOID:334,histrionic personality disorder
ICD10:F60.5,Obsessive-compulsive personality disorder,ICD10,1,DOID:10932,obsessive-compulsive personality disorder
ICD10:F60.6,Avoidant personality disorder,ICD10,1,DOID:1509,avoidant personality disorder
ICD10:F60.7,Dependent personality disorder,ICD10,1,DOID:10931,dependent personality disorder
ICD10:F60.81,Narcissistic personality disorder,ICD10,1,DOID:2745,narcissistic personality disorder
ICD10:F63.0,Pathological gambling,ICD10,1,DOID:12399,pathological gambling
ICD10:F63.1,Pyromania,ICD10,1,DOID:12402,pyromania
ICD10:F63.2,Kleptomania,ICD10,1,DOID:12400,kleptomania
ICD10:F63.81,Intermittent explosive disorder,ICD10,1,DOID:12401,intermittent explosive disorder
ICD10:F63.9,"Habit and impulse disorder, unspecified",ICD10,1,DOID:10937,impulse control disorder
ICD10:F64.1,Dual-role transvestism,ICD10,1,DOID:1233,transvestism
ICD10:F64.2,Gender identity disorder of childhood,ICD10,1,DOID:1234,gender incongruence
ICD10:F65.0,Fetishism,ICD10,1,DOID:1235,fetishism
ICD10:F65.2,Exhibitionism,ICD10,1,DOID:10236,exhibitionism
ICD10:F65.3,Voyeurism,ICD10,1,DOID:10834,voyeurism
ICD10:F65.4,Pedophilia,ICD10,1,DOID:13351,pedophilia
ICD10:F65.51,Sexual masochism,ICD10,1,DOID:10849,sexual masochism
ICD10:F65.52,Sexual sadism,ICD10,1,DOID:10817,sexual sadism
ICD10:F71.1,"Moderate mental retardation, significant impairment of behavior requiring attention or treatment",ICD10,1,DOID:0060827,X-linked intellectual disability-psychosis-macroorchidism syndrome
ICD10:F72,Severe intellectual disabilities,ICD10,1,DOID:0060823,syndromic X-linked intellectual disability 94
ICD10:F78.A,,ICD10,1,DOID:0070777,"syndromic X-linked intellectual developmental disorder, Snijders Blok type"
ICD10:F80.1,Expressive language disorder,ICD10,1,DOID:11385,expressive language disorder
ICD10:F80.2,Receptive language disorder,ICD10,1,DOID:12685,mixed receptive-expressive language disorder
ICD10:F80.81,Childhood onset fluency disorder,ICD10,1,DOID:0060243,stuttering
ICD10:F81.0,Specific reading disorder,ICD10,1,DOID:4428,dyslexia
ICD10:F81.9,"Developmental disorder of scholastic skills, unspecified",ICD10,1,DOID:8927,learning disability
ICD10:F82,Specific developmental disorder of motor function,ICD10,1,DOID:9923,developmental coordination disorder
ICD10:F84.0,Autistic disorder,ICD10,1,DOID:12849,autistic disorder
ICD10:F84.2,Rett's syndrome,ICD10,1,DOID:1206,Rett syndrome
ICD10:F84.3,Other childhood disintegrative disorder,ICD10,1,DOID:13487,childhood disintegrative disease
ICD10:F84.5,Asperger's syndrome,ICD10,1,DOID:0050432,Asperger syndrome
ICD10:F91,,ICD10,1,DOID:12995,conduct disorder
ICD10:F95,,ICD10,1,DOID:2769,tic disorder
ICD10:F95.0,Transient tic disorder,ICD10,1,DOID:2768,transient tic disorder
ICD10:F95.1,Chronic motor or vocal tic disorder,ICD10,1,DOID:10600,chronic tic disorder
ICD10:F95.2,Tourette's disorder,ICD10,1,DOID:11119,Gilles de la Tourette syndrome
ICD10:F98.4,Stereotyped movement disorders,ICD10,1,DOID:2303,stereotypic movement disorder
ICD10:F99,"Mental disorder, not otherwise specified",ICD10,1,DOID:150,disease of mental health
ICD10:G00,bacterial meningitis,ICD10,1,DOID:9470,bacterial meningitis
ICD10:G00.0,Haemophilus meningitis,ICD10,1,DOID:0080179,haemophilus meningitis
ICD10:G00.2,Streptococcal meningitis,ICD10,1,DOID:11574,streptococcal meningitis
ICD10:G03.0,Nonpyogenic meningitis,ICD10,1,DOID:12157,aseptic meningitis
ICD10:G03.1,Chronic meningitis,ICD10,1,DOID:10341,chronic meningitis
ICD10:G04.02,"Postimmunization acute disseminated encephalitis, myelitis and encephalomyelitis",ICD10,1,DOID:13664,post-vaccinal encephalitis
ICD10:G04.1,Tropical spastic paraplegia,ICD10,1,DOID:321,HTLV-1-associated myelopathy/tropical spastic paraparesis
ICD10:G11.0,Congenital nonprogressive ataxia,ICD10,1,DOID:0060694,Cayman type cerebellar ataxia
ICD10:G11.11,Friedreich ataxia,ICD10,1,DOID:12705,Friedreich ataxia
ICD10:G11.8,Other hereditary ataxias,ICD10,1,DOID:0070756,neurodevelopmental disorder with variable motor and speech impairment
ICD10:G12.21,Amyotrophic lateral sclerosis,ICD10,1,DOID:332,amyotrophic lateral sclerosis
ICD10:G12.22,Progressive bulbar palsy,ICD10,1,DOID:681,progressive bulbar palsy
ICD10:G12.23,Primary lateral sclerosis,ICD10,1,DOID:230,lateral sclerosis
ICD10:G12.9,"Spinal muscular atrophy, unspecified",ICD10,1,DOID:12377,spinal muscular atrophy
ICD10:G14,Postpolio syndrome,ICD10,1,DOID:4952,postpoliomyelitis syndrome
ICD10:G21,,ICD10,1,DOID:13548,secondary Parkinson disease
ICD10:G21.0,Malignant neuroleptic syndrome,ICD10,1,DOID:14464,neuroleptic malignant syndrome
ICD10:G21.3,Postencephalitic parkinsonism,ICD10,1,DOID:14332,postencephalitic Parkinson disease
ICD10:G23.1,Progressive supranuclear ophthalmoplegia [Steele-Richardson-Olszewski],ICD10,1,DOID:678,progressive supranuclear palsy
ICD10:G23.2,Striatonigral degeneration,ICD10,1,DOID:4751,striatonigral degeneration
ICD10:G24,dyskinesia,ICD10,1,DOID:543,dystonia
ICD10:G24.2,Idiopathic nonfamilial dystonia,ICD10,1,DOID:0050835,generalized dystonia
ICD10:G24.4,Idiopathic orofacial dystonia,ICD10,1,DOID:9854,lingual-facial-buccal dyskinesia
ICD10:G24.5,Blepharospasm,ICD10,1,DOID:529,blepharospasm
ICD10:G25.0,Essential tremor,ICD10,1,DOID:4990,essential tremor
ICD10:G25.81,Restless legs syndrome,ICD10,1,DOID:0050425,restless legs syndrome
ICD10:G25.82,Stiff-man syndrome,ICD10,1,DOID:13366,Stiff-Person syndrome
ICD10:G25.83,Benign shuddering attacks,ICD10,1,DOID:1713,benign shuddering attacks
ICD10:G25.9,"Extrapyramidal and movement disorder, unspecified",ICD10,1,DOID:13839,extrapyramidal and movement disease
ICD10:G31.0,Circumscribed brain atrophy,ICD10,1,DOID:0060672,frontotemporal dementia 2
ICD10:G31.01,Pick's disease,ICD10,1,DOID:11870,Pick's disease
ICD10:G31.8,Other specified degenerative diseases of nervous system,ICD10,1,DOID:0050629,Aicardi-Goutieres syndrome
ICD10:G31.81,Alpers disease,ICD10,1,DOID:0080122,Alpers-Huttenlocher syndrome
ICD10:G31.82,Leigh's disease,ICD10,1,DOID:3652,Leigh disease
ICD10:G31.83,Neurocognitive disorder with Lewy bodies,ICD10,1,DOID:12217,Lewy body dementia
ICD10:G31.86,Alexander disease,ICD10,1,DOID:4252,Alexander disease
ICD10:G31.9,"Degenerative disease of nervous system, unspecified",ICD10,1,DOID:1289,neurodegenerative disease
ICD10:G35,Multiple sclerosis,ICD10,1,DOID:2377,multiple sclerosis
ICD10:G35.A,Relapsing-remitting multiple sclerosis,ICD10,1,DOID:2378,relapsing-remitting multiple sclerosis
ICD10:G35.B,,ICD10,1,DOID:0050784,primary progressive multiple sclerosis
ICD10:G35.C,,ICD10,1,DOID:0050783,secondary progressive multiple sclerosis
ICD10:G36.0,Neuromyelitis optica [Devic],ICD10,1,DOID:8869,neuromyelitis optica
ICD10:G37.0,Diffuse sclerosis,ICD10,1,DOID:0060215,Balo concentric sclerosis
ICD10:G37.2,Central pontine myelinolysis,ICD10,1,DOID:636,central pontine myelinolysis
ICD10:G37.8,Other specified demyelinating diseases of central nervous system,ICD10,1,DOID:0060793,hypomyelinating leukodystrophy 5
ICD10:G40.3,Generalized idiopathic epilepsy and epileptic syndromes,ICD10,1,DOID:0060170,generalized epilepsy with febrile seizures plus
ICD10:G40.909,"Epilepsy, unspecified, not intractable, without status epilepticus",ICD10,1,DOID:1826,epilepsy
ICD10:G40.C,Lafora body disease,ICD10,1,DOID:3534,Lafora disease
ICD10:G43,,ICD10,1,DOID:6364,migraine
ICD10:G43.0,Migraine without aura [common migraine],ICD10,1,DOID:12783,migraine without aura
ICD10:G43.1,Migraine with aura [classical migraine],ICD10,1,DOID:10024,migraine with aura
ICD10:G43.8,Other migraine,ICD10,1,DOID:0060178,familial hemiplegic migraine
ICD10:G45.0,Vertebro-basilar artery syndrome,ICD10,1,DOID:13003,vertebrobasilar insufficiency
ICD10:G45.4,Transient global amnesia,ICD10,1,DOID:13027,transient global amnesia
ICD10:G45.9,"Transient cerebral ischemic attack, unspecified",ICD10,1,DOID:224,transient cerebral ischemia
ICD10:G46.3,Brain stem stroke syndrome,ICD10,1,DOID:3522,lateral medullary syndrome
ICD10:G47.13,Recurrent hypersomnia,ICD10,1,DOID:8619,recurrent hypersomnia
ICD10:G47.33,Obstructive sleep apnea (adult) (pediatric),ICD10,1,DOID:0050848,obstructive sleep apnea
ICD10:G47.41,,ICD10,1,DOID:8986,narcolepsy
ICD10:G47.52,REM sleep behavior disorder,ICD10,1,DOID:9091,REM sleep behavior disorder
ICD10:G47.61,Periodic limb movement disorder,ICD10,1,DOID:9207,periodic limb movement disorder
ICD10:G47.63,Sleep related bruxism,ICD10,1,DOID:2846,bruxism
ICD10:G50.0,Trigeminal neuralgia,ICD10,1,DOID:12098,trigeminal neuralgia
ICD10:G51,disorders of 7th cranial nerve,ICD10,1,DOID:1756,facial nerve disease
ICD10:G51.1,Geniculate ganglionitis,ICD10,1,DOID:14075,geniculate ganglionitis
ICD10:G51.2,Melkersson's syndrome,ICD10,1,DOID:1761,Melkersson-Rosenthal syndrome
ICD10:G52,,ICD10,1,DOID:3418,glossopharyngeal nerve disease
ICD10:G52.0,Disorders of olfactory nerve,ICD10,1,DOID:367,olfactory nerve disease
ICD10:G52.1,Disorders of glossopharyngeal nerve,ICD10,1,DOID:14423,glossopharyngeal neuralgia
ICD10:G52.2,Disorders of vagus nerve,ICD10,1,DOID:12491,Vagus nerve disease
ICD10:G52.3,Disorders of hypoglossal nerve,ICD10,1,DOID:13814,hypoglossal nerve disease
ICD10:G52.7,Disorders of multiple cranial nerves,ICD10,1,DOID:13866,multiple cranial nerve palsy
ICD10:G52.9,"Cranial nerve disorder, unspecified",ICD10,1,DOID:5656,cranial nerve disease
ICD10:G56.0,Carpal tunnel syndrome,ICD10,1,DOID:12169,carpal tunnel syndrome
ICD10:G56.10,"Other lesions of median nerve, unspecified upper limb",ICD10,1,DOID:571,median neuropathy
ICD10:G56.2,Lesion of ulnar nerve,ICD10,1,DOID:12168,ulnar nerve lesion
ICD10:G56.3,Lesion of radial nerve,ICD10,1,DOID:12170,radial nerve lesion
ICD10:G57.0,Lesion of sciatic nerve,ICD10,1,DOID:12528,lesion of sciatic nerve
ICD10:G57.5,Tarsal tunnel syndrome,ICD10,1,DOID:12526,tarsal tunnel syndrome
ICD10:G57.6,Lesion of plantar nerve,ICD10,1,DOID:12524,plantar nerve lesion
ICD10:G58.7,Mononeuritis multiplex,ICD10,1,DOID:1835,mononeuritis multiplex
ICD10:G58.9,"Mononeuropathy, unspecified",ICD10,1,DOID:1188,mononeuropathy
ICD10:G60.2,Neuropathy in association with hereditary ataxia,ICD10,1,DOID:0090115,spinocerebellar ataxia with axonal neuropathy 1
ICD10:G60.8,Other hereditary and idiopathic neuropathies,ICD10,1,DOID:0050548,hereditary sensory and autonomic neuropathy
ICD10:G62.0,Drug-induced polyneuropathy,ICD10,1,DOID:14184,polyneuropathy due to drug
ICD10:G62.1,Alcoholic polyneuropathy,ICD10,1,DOID:14183,alcoholic neuropathy
ICD10:G62.81,Critical illness polyneuropathy,ICD10,1,DOID:14402,critical illness polyneuropathy
ICD10:G62.9,"Polyneuropathy, unspecified",ICD10,1,DOID:870,neuropathy
ICD10:G70.0,Myasthenia gravis,ICD10,1,DOID:437,myasthenia gravis
ICD10:G70.00,Myasthenia gravis without (acute) exacerbation,ICD10,1,DOID:437,myasthenia gravis
ICD10:G70.80,"Lambert-Eaton syndrome, unspecified",ICD10,1,DOID:0050214,Lambert-Eaton myasthenic syndrome
ICD10:G70.9,"Myoneural disorder, unspecified",ICD10,1,DOID:440,neuromuscular disease
ICD10:G71.02,Facioscapulohumeral muscular dystrophy,ICD10,1,DOID:11727,facioscapulohumeral muscular dystrophy
ICD10:G71.03,,ICD10,1,DOID:11724,limb-girdle muscular dystrophy
ICD10:G71.11,Myotonic muscular dystrophy,ICD10,1,DOID:11722,myotonic dystrophy type 1
ICD10:G71.12,Myotonia congenita,ICD10,1,DOID:2106,myotonia congenita
ICD10:G71.19,Other specified myotonic disorders,ICD10,1,DOID:0111538,paramyotonia congenita of Von Eulenburg
ICD10:G71.21,Nemaline myopathy,ICD10,1,DOID:3191,nemaline myopathy
ICD10:G71.22,,ICD10,1,DOID:14717,centronuclear myopathy
ICD10:G71.220,X-linked myotubular myopathy,ICD10,1,DOID:0111225,centronuclear myopathy X-linked
ICD10:G71.228,Other centronuclear myopathy,ICD10,1,DOID:0111217,autosomal dominant centronuclear myopathy
ICD10:G71.29,Other congenital myopathy,ICD10,1,DOID:3529,congenital myopathy 1A
ICD10:G71.3,"Mitochondrial myopathy, not elsewhere classified",ICD10,1,DOID:0060537,mitochondrial complex II deficiency
ICD10:G71.8,Other primary disorders of muscles,ICD10,1,DOID:0110633,rigid spine muscular dystrophy 1
ICD10:G72.41,Inclusion body myositis [IBM],ICD10,1,DOID:3429,inclusion body myositis
ICD10:G72.9,"Myopathy, unspecified",ICD10,1,DOID:423,myopathy
ICD10:G73.6,Myopathy in metabolic diseases,ICD10,1,DOID:0090101,lethal congenital glycogen storage disease of heart
ICD10:G80,,ICD10,1,DOID:1969,cerebral palsy
ICD10:G80.1,Spastic diplegia,ICD10,1,DOID:10965,spastic diplegia
ICD10:G82.2,"Paraplegia, unspecified",ICD10,1,DOID:607,paraplegia
ICD10:G82.5,"Tetraplegia, unspecified",ICD10,1,DOID:12835,quadriplegia
ICD10:G83.0,Diplegia of upper limbs,ICD10,1,DOID:862,diplegia of upper limb
ICD10:G83.4,Cauda equina syndrome,ICD10,1,DOID:11577,Cauda equina syndrome
ICD10:G83.5,Locked-in state,ICD10,1,DOID:12697,locked-in syndrome
ICD10:G83.81,Brown-Séquard syndrome,ICD10,1,DOID:606,Brown-Sequard syndrome
ICD10:G83.82,Anterior cord syndrome,ICD10,1,DOID:6712,anterior spinal artery syndrome
ICD10:G90.0,Idiopathic peripheral autonomic neuropathy,ICD10,1,DOID:11488,idiopathic peripheral autonomic neuropathy
ICD10:G90.1,Familial dysautonomia [Riley-Day],ICD10,1,DOID:11589,familial dysautonomia
ICD10:G90.2,Horner's syndrome,ICD10,1,DOID:11486,Horner's syndrome
ICD10:G90.5,Reflex sympathetic dystrophy,ICD10,1,DOID:1811,reflex sympathetic dystrophy
ICD10:G91,acquired hydrocephalus,ICD10,1,DOID:10908,hydrocephalus
ICD10:G91.0,Communicating hydrocephalus,ICD10,1,DOID:1573,communicating hydrocephalus
ICD10:G91.1,Obstructive hydrocephalus,ICD10,1,DOID:14159,obstructive hydrocephalus
ICD10:G91.2,Normal-pressure hydrocephalus,ICD10,1,DOID:1572,normal pressure hydrocephalus
ICD10:G93.2,Benign intracranial hypertension,ICD10,1,DOID:11459,pseudotumor cerebri
ICD10:G93.32,Myalgic encephalomyelitis/chronic fatigue syndrome,ICD10,1,DOID:8544,chronic fatigue syndrome
ICD10:G93.40,"Encephalopathy, unspecified",ICD10,1,DOID:936,brain disease
ICD10:G93.5,Compression of brain,ICD10,1,DOID:11457,brain compression
ICD10:G93.7,Reye's syndrome,ICD10,1,DOID:14525,Reye syndrome
ICD10:G93.9,"Disorder of brain, unspecified",ICD10,1,DOID:936,brain disease
ICD10:G95.1,Vascular myelopathies,ICD10,1,DOID:320,vascular myelopathy
ICD10:G95.9,"Disease of spinal cord, unspecified",ICD10,1,DOID:319,spinal cord disease
ICD10:G96.81,,ICD10,1,DOID:4723,intracranial hypotension
ICD10:G96.9,"Disorder of central nervous system, unspecified",ICD10,1,DOID:331,central nervous system disease
ICD10:H00.02,Infection of meibomian gland,ICD10,1,DOID:9908,internal hordeolum
ICD10:H00.1,Chalazion,ICD10,1,DOID:9903,meibomian cyst
ICD10:H01.0,Blepharitis,ICD10,1,DOID:9423,blepharitis
ICD10:H01.01,,ICD10,1,DOID:9483,ulcerative blepharitis
ICD10:H01.02,,ICD10,1,DOID:13825,squamous blepharitis
ICD10:H01.1,Noninfectious dermatoses of eyelid,ICD10,1,DOID:1894,noninfectious dermatoses of eyelid
ICD10:H01.12,,ICD10,1,DOID:9076,discoid lupus erythematosus of eyelid
ICD10:H01.13,,ICD10,1,DOID:1893,eczematous dermatitis of eyelid
ICD10:H01.14,,ICD10,1,DOID:9140,xeroderma of eyelid
ICD10:H02.1,Ectropion of eyelid,ICD10,1,DOID:1570,ectropion
ICD10:H02.2,Lagophthalmos,ICD10,1,DOID:12959,lagophthalmos
ICD10:H02.21,,ICD10,1,DOID:13038,cicatricial lagophthalmos
ICD10:H02.22,,ICD10,1,DOID:13037,mechanical lagophthalmos
ICD10:H02.23,,ICD10,1,DOID:12958,paralytic lagophthalmos
ICD10:H02.3,Blepharochalasis,ICD10,1,DOID:348,blepharochalasis
ICD10:H02.4,Ptosis of eyelid,ICD10,1,DOID:0060260,ptosis
ICD10:H02.52,Ankyloblepharon,ICD10,1,DOID:10348,blepharophimosis
ICD10:H02.71,Hyperpigmentation of eyelid,ICD10,1,DOID:10122,hyperpigmentation of eyelid
ICD10:H02.72,Hypotrichosis of eyelid,ICD10,1,DOID:11671,hypotrichosis of eyelid
ICD10:H02.73,Hypopigmentation of eyelid,ICD10,1,DOID:11668,hypopigmentation of eyelid
ICD10:H02.86,,ICD10,1,DOID:11669,hypertrichosis of eyelid
ICD10:H02.9,Unspecified disorder of eyelid,ICD10,1,DOID:530,eyelid disease
ICD10:H04,,ICD10,1,DOID:1400,lacrimal apparatus disease
ICD10:H04.0,Dacryoadenitis,ICD10,1,DOID:950,dacryoadenitis
ICD10:H04.01,,ICD10,1,DOID:952,acute dacryoadenitis
ICD10:H04.02,,ICD10,1,DOID:949,chronic dacryoadenitis
ICD10:H04.03,,ICD10,1,DOID:12809,chronic lacrimal gland enlargement
ICD10:H04.12,"Tear film insufficiency, NOS",ICD10,1,DOID:10140,dry eye syndrome
ICD10:H04.15,,ICD10,1,DOID:1822,secondary lacrimal atrophy
ICD10:H04.16,,ICD10,1,DOID:11134,prolapse of lacrimal gland
ICD10:H04.2,Epiphora,ICD10,1,DOID:13757,excessive tearing
ICD10:H04.21,,ICD10,1,DOID:14244,epiphora due to excess lacrimation
ICD10:H04.22,,ICD10,1,DOID:13756,epiphora due to insufficient drainage
ICD10:H04.3,Acute and unspecified inflammation of lacrimal passages,ICD10,1,DOID:6970,acute inflammation of lacrimal passage
ICD10:H04.30,,ICD10,1,DOID:9938,dacryocystitis
ICD10:H04.31,,ICD10,1,DOID:12997,Phlegmonous dacryocystitis
ICD10:H04.32,Acute dacryopericystitis,ICD10,1,DOID:12996,acute dacryocystitis
ICD10:H04.33,,ICD10,1,DOID:6969,acute canaliculitis
ICD10:H04.4,Chronic inflammation of lacrimal passages,ICD10,1,DOID:9935,chronic inflammation of lacrimal passage
ICD10:H04.41,,ICD10,1,DOID:9937,chronic dacryocystitis
ICD10:H04.42,,ICD10,1,DOID:9936,chronic canaliculitis
ICD10:H04.52,,ICD10,1,DOID:13651,eversion of lacrimal punctum
ICD10:H04.54,,ICD10,1,DOID:13654,stenosis of lacrimal passage
ICD10:H04.55,,ICD10,1,DOID:13655,acquired tear duct stenosis
ICD10:H04.56,,ICD10,1,DOID:13653,stenosis of lacrimal punctum
ICD10:H04.57,,ICD10,1,DOID:3096,stenosis of lacrimal sac
ICD10:H04.81,,ICD10,1,DOID:10174,lacrimal passage granuloma
ICD10:H05.0,Acute inflammation of orbit,ICD10,1,DOID:11230,acute orbital inflammation
ICD10:H05.01,Abscess of orbit,ICD10,1,DOID:11234,orbital cellulitis
ICD10:H05.02,,ICD10,1,DOID:11232,orbital osteomyelitis
ICD10:H05.03,,ICD10,1,DOID:11231,orbital periostitis
ICD10:H05.1,Chronic inflammatory disorders of orbit,ICD10,1,DOID:1397,chronic orbital inflammation
ICD10:H05.21,,ICD10,1,DOID:12360,lateral displacement of eye
ICD10:H05.24,,ICD10,1,DOID:9945,constant exophthalmos
ICD10:H05.25,,ICD10,1,DOID:12363,intermittent proptosis
ICD10:H05.26,,ICD10,1,DOID:12364,pulsating exophthalmos
ICD10:H05.4,Enophthalmos,ICD10,1,DOID:11175,enophthalmos
ICD10:H05.81,Encephalocele of orbit,ICD10,1,DOID:14233,orbital cyst
ICD10:H05.82,,ICD10,1,DOID:929,myopathy of extraocular muscle
ICD10:H05.9,"Disorder of orbit, unspecified",ICD10,1,DOID:930,orbital disease
ICD10:H10,,ICD10,1,DOID:6195,conjunctivitis
ICD10:H10.0,Mucopurulent conjunctivitis,ICD10,1,DOID:9700,bacterial conjunctivitis
ICD10:H10.01,,ICD10,1,DOID:11219,conjunctival folliculosis
ICD10:H10.02,,ICD10,1,DOID:11184,acute conjunctivitis
ICD10:H10.1,Acute atopic conjunctivitis,ICD10,1,DOID:11203,Angelucci's syndrome
ICD10:H10.22,,ICD10,1,DOID:11190,pseudomembranous conjunctivitis
ICD10:H10.23,,ICD10,1,DOID:11197,serous conjunctivitis except viral
ICD10:H10.4,Chronic conjunctivitis,ICD10,1,DOID:2475,chronic conjunctivitis
ICD10:H10.42,,ICD10,1,DOID:9512,simple chronic conjunctivitis
ICD10:H10.43,,ICD10,1,DOID:13326,chronic follicular conjunctivitis
ICD10:H10.44,Vernal conjunctivitis,ICD10,1,DOID:2474,vernal conjunctivitis
ICD10:H10.5,Blepharoconjunctivitis,ICD10,1,DOID:2456,blepharoconjunctivitis
ICD10:H10.52,,ICD10,1,DOID:2455,angular blepharoconjunctivitis
ICD10:H10.53,,ICD10,1,DOID:13999,contact blepharoconjunctivitis
ICD10:H10.82,,ICD10,1,DOID:9709,rosacea conjunctivitis
ICD10:H11.02,,ICD10,1,DOID:13473,central pterygium
ICD10:H11.10,Unspecified conjunctival degenerations,ICD10,1,DOID:10139,conjunctival degeneration
ICD10:H11.11,,ICD10,1,DOID:11653,conjunctival deposit
ICD10:H11.12,,ICD10,1,DOID:11988,conjunctival concretion
ICD10:H11.13,Conjunctival argyrosis [argyria],ICD10,1,DOID:12304,conjunctival pigmentation
ICD10:H11.15,,ICD10,1,DOID:11029,pinguecula
ICD10:H11.41,Conjunctival aneurysm,ICD10,1,DOID:10989,conjunctival vascular disease
ICD10:H11.82,,ICD10,1,DOID:4250,conjunctivochalasis
ICD10:H11.9,Unspecified disorder of conjunctiva,ICD10,1,DOID:4251,conjunctival disease
ICD10:H15,,ICD10,1,DOID:11343,scleral disease
ICD10:H15.0,Scleritis,ICD10,1,DOID:13452,scleritis
ICD10:H15.01,,ICD10,1,DOID:13794,anterior scleritis
ICD10:H15.02,,ICD10,1,DOID:14287,brawny scleritis
ICD10:H15.03,Sclerotenonitis,ICD10,1,DOID:13676,posterior scleritis
ICD10:H15.04,,ICD10,1,DOID:13861,scleroperikeratitis
ICD10:H15.05,,ICD10,1,DOID:14230,scleromalacia perforans
ICD10:H15.11,,ICD10,1,DOID:12124,episcleritis periodica fugax
ICD10:H15.12,,ICD10,1,DOID:728,nodular episcleritis
ICD10:H15.81,,ICD10,1,DOID:13788,equatorial staphyloma
ICD10:H15.82,,ICD10,1,DOID:13787,localized anterior staphyloma
ICD10:H15.83,,ICD10,1,DOID:13789,staphyloma posticum
ICD10:H15.85,,ICD10,1,DOID:11594,ring staphyloma
ICD10:H16,,ICD10,1,DOID:4677,keratitis
ICD10:H16.0,Corneal ulcer,ICD10,1,DOID:8463,corneal ulcer
ICD10:H16.01,,ICD10,1,DOID:9910,central corneal ulcer
ICD10:H16.02,,ICD10,1,DOID:10444,ring corneal ulcer
ICD10:H16.03,,ICD10,1,DOID:10442,hypopyon ulcer
ICD10:H16.04,,ICD10,1,DOID:10441,marginal corneal ulcer
ICD10:H16.05,,ICD10,1,DOID:10439,Mooren's ulcer
ICD10:H16.06,,ICD10,1,DOID:10440,mycotic corneal ulcer
ICD10:H16.07,,ICD10,1,DOID:10445,perforated corneal ulcer
ICD10:H16.10,,ICD10,1,DOID:12196,superficial keratitis
ICD10:H16.11,Areolar keratitis,ICD10,1,DOID:11871,macular keratitis
ICD10:H16.12,,ICD10,1,DOID:4664,filamentary keratitis
ICD10:H16.13,Snow blindness,ICD10,1,DOID:13626,photokeratitis
ICD10:H16.14,,ICD10,1,DOID:12197,punctate epithelial keratoconjunctivitis
ICD10:H16.2,Keratoconjunctivitis,ICD10,1,DOID:9368,keratoconjunctivitis
ICD10:H16.21,,ICD10,1,DOID:9461,exposure keratitis
ICD10:H16.23,,ICD10,1,DOID:12125,neurotrophic keratoconjunctivitis
ICD10:H16.24,,ICD10,1,DOID:9722,ophthalmia nodosa
ICD10:H16.25,,ICD10,1,DOID:11581,phlyctenulosis
ICD10:H16.3,Interstitial and deep keratitis,ICD10,1,DOID:9858,deep keratitis
ICD10:H16.30,,ICD10,1,DOID:9857,interstitial keratitis
ICD10:H16.31,,ICD10,1,DOID:11543,corneal abscess
ICD10:H16.33,,ICD10,1,DOID:14444,sclerosing keratitis
ICD10:H16.4,Corneal neovascularization,ICD10,1,DOID:11382,corneal neovascularization
ICD10:H16.44,,ICD10,1,DOID:12087,deep corneal vascularisation
ICD10:H18.00,,ICD10,1,DOID:11547,corneal deposit
ICD10:H18.01,Staehli's line,ICD10,1,DOID:12307,anterior corneal pigmentation
ICD10:H18.02,,ICD10,1,DOID:13447,corneal argyrosis
ICD10:H18.05,Krukenberg's spindle,ICD10,1,DOID:13448,posterior corneal pigmentation
ICD10:H18.06,Hematocornea,ICD10,1,DOID:12311,stromal corneal pigmentation
ICD10:H18.1,Bullous keratopathy,ICD10,1,DOID:11031,bullous keratopathy
ICD10:H18.20,Unspecified corneal edema,ICD10,1,DOID:11030,corneal edema
ICD10:H18.22,,ICD10,1,DOID:11033,idiopathic corneal edema
ICD10:H18.23,,ICD10,1,DOID:11032,secondary corneal edema
ICD10:H18.31,,ICD10,1,DOID:11552,Bowman's membrane folds or rupture
ICD10:H18.4,Corneal degeneration,ICD10,1,DOID:1237,corneal degeneration
ICD10:H18.41,Senile corneal changes,ICD10,1,DOID:11342,arcus senilis
ICD10:H18.42,,ICD10,1,DOID:11164,band keratopathy
ICD10:H18.44,,ICD10,1,DOID:11267,keratomalacia
ICD10:H18.45,,ICD10,1,DOID:2879,nodular degeneration of cornea
ICD10:H18.46,,ICD10,1,DOID:14507,peripheral degeneration of cornea
ICD10:H18.51,Fuchs' dystrophy,ICD10,1,DOID:11555,Fuchs' endothelial dystrophy
ICD10:H18.52,,ICD10,1,DOID:0060451,Meesmann corneal dystrophy
ICD10:H18.53,,ICD10,1,DOID:12318,granular corneal dystrophy
ICD10:H18.55,,ICD10,1,DOID:2565,macular corneal dystrophy
ICD10:H18.6,Keratoconus,ICD10,1,DOID:10126,keratoconus
ICD10:H18.61,,ICD10,1,DOID:10428,stable condition keratoconus
ICD10:H18.71,,ICD10,1,DOID:1436,corneal ectasia
ICD10:H18.72,,ICD10,1,DOID:12753,corneal staphyloma
ICD10:H18.83,,ICD10,1,DOID:11541,recurrent corneal erosion
ICD10:H18.9,"Disorder of cornea, unspecified",ICD10,1,DOID:10124,corneal disease
ICD10:H20.01,,ICD10,1,DOID:9383,iridocyclitis
ICD10:H20.03,,ICD10,1,DOID:9389,infectious anterior uveitis
ICD10:H20.05,,ICD10,1,DOID:10443,hypopyon
ICD10:H20.2,Lens-induced iridocyclitis,ICD10,1,DOID:9388,lens-induced iridocyclitis
ICD10:H20.81,,ICD10,1,DOID:9375,Fuchs' heterochromic uveitis
ICD10:H20.82,,ICD10,1,DOID:12297,Vogt-Koyanagi-Harada disease
ICD10:H20.9,Unspecified iridocyclitis,ICD10,1,DOID:13141,uveitis
ICD10:H21.1,Other vascular disorders of iris and ciliary body,ICD10,1,DOID:14000,rubeosis iridis
ICD10:H25,Senile cataract,ICD10,1,DOID:9669,senile cataract
ICD10:H25.09,Water clefts,ICD10,1,DOID:10997,immature cataract
ICD10:H26,,ICD10,1,DOID:83,cataract
ICD10:H27.11,,ICD10,1,DOID:11364,lens subluxation
ICD10:H27.12,,ICD10,1,DOID:2460,anterior dislocation of lens
ICD10:H27.13,,ICD10,1,DOID:14199,posterior dislocation of lens
ICD10:H27.9,"Disorder of lens, unspecified",ICD10,1,DOID:110,lens disease
ICD10:H30.0,Focal chorioretinal inflammation,ICD10,1,DOID:1979,focal chorioretinitis
ICD10:H30.1,Disseminated chorioretinal inflammation,ICD10,1,DOID:8787,disseminated chorioretinitis
ICD10:H30.2,Posterior cyclitis,ICD10,1,DOID:12731,pars planitis
ICD10:H31.0,Chorioretinal scars,ICD10,1,DOID:11086,chorioretinal scar
ICD10:H31.02,,ICD10,1,DOID:11282,solar retinopathy
ICD10:H31.10,Choroidal sclerosis NOS,ICD10,1,DOID:980,choroidal sclerosis
ICD10:H31.12,,ICD10,1,DOID:981,diffuse secondary choroid atrophy
ICD10:H31.2,Hereditary choroidal dystrophy,ICD10,1,DOID:9794,hereditary choroidal atrophy
ICD10:H31.21,Choroideremia,ICD10,1,DOID:9821,choroideremia
ICD10:H31.9,Unspecified disorder of choroid,ICD10,1,DOID:1417,choroid disease
ICD10:H33.10,,ICD10,1,DOID:8465,retinoschisis
ICD10:H33.2,Serous retinal detachment,ICD10,1,DOID:5327,retinal detachment
ICD10:H34,,ICD10,1,DOID:1729,retinal vascular occlusion
ICD10:H34.0,Transient retinal artery occlusion,ICD10,1,DOID:8482,transient retinal arterial occlusion
ICD10:H34.1,Central retinal artery occlusion,ICD10,1,DOID:13098,central retinal artery occlusion
ICD10:H34.21,Retinal microembolism,ICD10,1,DOID:14522,partial arterial retinal occlusion
ICD10:H34.23,,ICD10,1,DOID:13094,branch retinal artery occlusion
ICD10:H34.81,,ICD10,1,DOID:2450,central retinal vein occlusion
ICD10:H34.82,Incipient retinal vein occlusion,ICD10,1,DOID:1726,partial of retinal vein occlusion
ICD10:H35.00,Unspecified background retinopathy,ICD10,1,DOID:0050535,exudative vitreoretinopathy
ICD10:H35.02,Coats retinopathy,ICD10,1,DOID:7765,Coats disease
ICD10:H35.03,,ICD10,1,DOID:11561,hypertensive retinopathy
ICD10:H35.06,Eales disease,ICD10,1,DOID:11563,retinal vasculitis
ICD10:H35.1,Retinopathy of prematurity,ICD10,1,DOID:13025,retinopathy of prematurity
ICD10:H35.3,Degeneration of macula and posterior pole,ICD10,1,DOID:2007,degeneration of macula and posterior pole
ICD10:H35.30,Unspecified macular degeneration,ICD10,1,DOID:10871,age related macular degeneration
ICD10:H35.32,Wet age-related macular degeneration,ICD10,1,DOID:10873,Kuhnt-Junius degeneration
ICD10:H35.34,,ICD10,1,DOID:13214,hole retinal cyst
ICD10:H35.35,,ICD10,1,DOID:14245,cystoid macular retinal degeneration
ICD10:H35.38,,ICD10,1,DOID:9867,toxic maculopathy
ICD10:H35.4,Peripheral retinal degeneration,ICD10,1,DOID:12161,peripheral retinal degeneration
ICD10:H35.41,Palisade degeneration of retina,ICD10,1,DOID:12165,retinal lattice degeneration
ICD10:H35.42,,ICD10,1,DOID:12164,Blessig's cysts
ICD10:H35.43,,ICD10,1,DOID:12166,cobblestone retinal degeneration
ICD10:H35.45,,ICD10,1,DOID:12162,pseudoretinitis pigmentosa
ICD10:H35.46,,ICD10,1,DOID:12167,secondary vitreoretinal degeneration
ICD10:H35.51,Vitreoretinal dystrophy,ICD10,1,DOID:14251,vitreoretinal dystrophy
ICD10:H35.52,Pigmentary retinal dystrophy,ICD10,1,DOID:10584,retinitis pigmentosa
ICD10:H35.54,Dystrophies primarily involving the retinal pigment epithelium,ICD10,1,DOID:14252,dystrophies primarily involving the retinal pigment epithelium
ICD10:H35.82,Retinal ischemia,ICD10,1,DOID:12510,retinal ischemia
ICD10:H35.9,Unspecified retinal disorder,ICD10,1,DOID:5679,retinal disease
ICD10:H40,,ICD10,1,DOID:1686,glaucoma
ICD10:H40.00,,ICD10,1,DOID:9283,borderline glaucoma
ICD10:H40.05,,ICD10,1,DOID:9282,ocular hypertension
ICD10:H40.1,Primary open-angle glaucoma,ICD10,1,DOID:1067,open-angle glaucoma
ICD10:H40.11,Chronic simple glaucoma,ICD10,1,DOID:1070,primary open angle glaucoma
ICD10:H40.12,,ICD10,1,DOID:13544,low tension glaucoma
ICD10:H40.15,,ICD10,1,DOID:1066,residual stage of open angle glaucoma
ICD10:H40.2,Primary angle-closure glaucoma,ICD10,1,DOID:1405,primary angle-closure glaucoma
ICD10:H40.21,Acute angle-closure glaucoma attack,ICD10,1,DOID:13862,acute closed-angle glaucoma
ICD10:H40.22,Chronic primary angle closure glaucoma,ICD10,1,DOID:14445,chronic closed-angle glaucoma
ICD10:H40.23,,ICD10,1,DOID:13549,interval angle-closure glaucoma
ICD10:H40.24,,ICD10,1,DOID:1404,residual stage angle-closure glaucoma
ICD10:H40.82,,ICD10,1,DOID:11148,hypersecretion glaucoma
ICD10:H40.83,Malignant glaucoma,ICD10,1,DOID:11149,aqueous misdirection
ICD10:H40.84,,ICD10,1,DOID:1687,neovascular glaucoma
ICD10:H43.39,Vitreous floaters,ICD10,1,DOID:9720,vitreous disease
ICD10:H44,disorders affecting multiple structures of eye,ICD10,1,DOID:5614,eye disease
ICD10:H44.0,Purulent endophthalmitis,ICD10,1,DOID:9724,purulent endophthalmitis
ICD10:H44.11,,ICD10,1,DOID:12030,panuveitis
ICD10:H44.12,,ICD10,1,DOID:1398,parasitic infectious disease
ICD10:H44.13,,ICD10,1,DOID:12029,sympathetic ophthalmia
ICD10:H44.2,Degenerative myopia,ICD10,1,DOID:11829,degenerative myopia
ICD10:H44.32,,ICD10,1,DOID:11754,siderosis of eye
ICD10:H44.39,,ICD10,1,DOID:1242,globe disease
ICD10:H44.4,Hypotony of eye,ICD10,1,DOID:790,ocular hypotension
ICD10:H44.44,,ICD10,1,DOID:12349,primary eye hypotony
ICD10:H44.5,Degenerated conditions of globe,ICD10,1,DOID:9799,eye degenerative disease
ICD10:H44.53,,ICD10,1,DOID:11772,leukocoria
ICD10:H44.82,,ICD10,1,DOID:1241,luxation of globe
ICD10:H46,Optic neuritis,ICD10,1,DOID:1210,optic neuritis
ICD10:H46.2,Nutritional optic neuropathy,ICD10,1,DOID:1209,nutritional optic neuropathy
ICD10:H46.3,Toxic optic neuropathy,ICD10,1,DOID:13329,toxic optic neuropathy
ICD10:H47.01,,ICD10,1,DOID:12010,anterior ischemic optic neuropathy
ICD10:H47.03,,ICD10,1,DOID:0111531,bilateral optic nerve hypoplasia
ICD10:H47.11,Papilledema associated with increased intracranial pressure,ICD10,1,DOID:10175,optic papillitis
ICD10:H47.14,,ICD10,1,DOID:14555,Foster-Kennedy syndrome
ICD10:H47.2,Optic atrophy,ICD10,1,DOID:5723,optic atrophy
ICD10:H47.21,,ICD10,1,DOID:10627,primary optic atrophy
ICD10:H47.22,Hereditary optic atrophy,ICD10,1,DOID:705,Leber hereditary optic neuropathy
ICD10:H47.23,,ICD10,1,DOID:10337,glaucomatous atrophy of optic disc
ICD10:H47.32,,ICD10,1,DOID:13561,optic disk drusen
ICD10:H47.4,Disorders of optic chiasm,ICD10,1,DOID:5655,chiasmal syndrome
ICD10:H47.6,Disorders of visual cortex,ICD10,1,DOID:5691,visual cortex disease
ICD10:H47.61,,ICD10,1,DOID:11831,cortical blindness
ICD10:H47.9,Unspecified disorder of visual pathways,ICD10,1,DOID:1393,visual pathway disease
ICD10:H49,,ICD10,1,DOID:10863,paralytic squint
ICD10:H49.0,Third [oculomotor] nerve palsy,ICD10,1,DOID:11550,oculomotor nerve paralysis
ICD10:H49.1,Fourth [trochlear] nerve palsy,ICD10,1,DOID:13864,trochlear nerve disease
ICD10:H49.4,Progressive external ophthalmoplegia,ICD10,1,DOID:12558,chronic progressive external ophthalmoplegia
ICD10:H49.81,Progressive external ophthalmoplegia with pigmentary retinopathy,ICD10,1,DOID:12934,Kearns-Sayre syndrome
ICD10:H50.0,Convergent concomitant strabismus,ICD10,1,DOID:9840,esotropia
ICD10:H50.01,,ICD10,1,DOID:10293,monocular esotropia
ICD10:H50.05,Alternating esotropia,ICD10,1,DOID:9888,alternating esotropia
ICD10:H50.1,Divergent concomitant strabismus,ICD10,1,DOID:1143,exotropia
ICD10:H50.11,,ICD10,1,DOID:11853,monocular exotropia
ICD10:H50.15,Alternating exotropia,ICD10,1,DOID:1142,alternating exotropia
ICD10:H50.2,Vertical strabismus,ICD10,1,DOID:9837,hypertropia
ICD10:H50.3,Intermittent heterotropia,ICD10,1,DOID:1942,intermittent squint
ICD10:H50.41,,ICD10,1,DOID:9838,cyclotropia
ICD10:H50.42,Monofixation syndrome,ICD10,1,DOID:9843,monofixation syndrome
ICD10:H50.43,Accommodative component in esotropia,ICD10,1,DOID:9839,accommodative esotropia
ICD10:H50.6,Mechanical strabismus,ICD10,1,DOID:9306,mechanical strabismus
ICD10:H50.61,,ICD10,1,DOID:10235,Brown's tendon sheath syndrome
ICD10:H50.8,Other specified strabismus,ICD10,1,DOID:540,strabismus
ICD10:H50.81,,ICD10,1,DOID:12557,Duane retraction syndrome
ICD10:H51.2,Internuclear ophthalmoplegia,ICD10,1,DOID:538,internuclear ophthalmoplegia
ICD10:H52.0,Hypermetropia,ICD10,1,DOID:9834,hyperopia
ICD10:H52.1,Myopia,ICD10,1,DOID:11830,myopia
ICD10:H52.2,Astigmatism,ICD10,1,DOID:11782,astigmatism
ICD10:H52.21,,ICD10,1,DOID:13919,irregular astigmatism
ICD10:H52.22,,ICD10,1,DOID:11781,regular astigmatism
ICD10:H52.31,Anisometropia,ICD10,1,DOID:12273,anisometropia
ICD10:H52.4,Presbyopia,ICD10,1,DOID:11638,presbyopia
ICD10:H52.5,Disorders of accommodation,ICD10,1,DOID:10034,eye accommodation disease
ICD10:H52.52,,ICD10,1,DOID:10033,cycloplegia
ICD10:H52.53,,ICD10,1,DOID:11637,accommodative spasm
ICD10:H52.7,"Disorder of refraction, unspecified",ICD10,1,DOID:9835,refractive error
ICD10:H53.00,,ICD10,1,DOID:10376,amblyopia
ICD10:H53.01,,ICD10,1,DOID:10378,deprivation amblyopia
ICD10:H53.02,,ICD10,1,DOID:10377,refractive amblyopia
ICD10:H53.03,,ICD10,1,DOID:10375,strabismic amblyopia
ICD10:H53.30,Unspecified disorder of binocular vision,ICD10,1,DOID:12667,binocular vision disease
ICD10:H53.31,Abnormal retinal correspondence,ICD10,1,DOID:12668,abnormal retinal correspondence
ICD10:H53.42,Enlarged blind spot,ICD10,1,DOID:9335,scotoma
ICD10:H53.45,Scotoma NOS,ICD10,1,DOID:9335,scotoma
ICD10:H53.5,Color vision deficiencies,ICD10,1,DOID:13399,color blindness
ICD10:H53.51,Achromatopsia,ICD10,1,DOID:13911,achromatopsia
ICD10:H53.52,Acquired color vision deficiency,ICD10,1,DOID:13912,acquired color blindness
ICD10:H53.55,Tritanomaly,ICD10,1,DOID:11661,blue color blindness
ICD10:H53.6,Night blindness,ICD10,1,DOID:8499,night blindness
ICD10:H53.61,Abnormal dark adaptation curve,ICD10,1,DOID:11874,abnormal threshold of rods
ICD10:H53.62,Acquired night blindness,ICD10,1,DOID:11491,acquired night blindness
ICD10:H54,,ICD10,1,DOID:1432,blindness
ICD10:H55.0,,ICD10,1,DOID:9650,pathologic nystagmus
ICD10:H55.01,Congenital nystagmus,ICD10,1,DOID:9649,congenital nystagmus
ICD10:H55.03,Visual deprivation nystagmus,ICD10,1,DOID:11771,spontaneous ocular nystagmus
ICD10:H55.04,Dissociated nystagmus,ICD10,1,DOID:13174,dissociated nystagmus
ICD10:H57.01,"Argyll Robertson pupil, atypical",ICD10,1,DOID:14523,Argyll Robertson pupil
ICD10:H57.09,Other anomalies of pupillary function,ICD10,1,DOID:11518,abnormal pupillary function
ICD10:H60.2,Malignant otitis externa,ICD10,1,DOID:10516,malignant otitis externa
ICD10:H60.4,Cholesteatoma of external ear,ICD10,1,DOID:9462,cholesteatoma of external ear
ICD10:H61.0,Perichondritis of external ear,ICD10,1,DOID:222,perichondritis of auricle
ICD10:H61.9,"Disorder of external ear, unspecified",ICD10,1,DOID:379,external ear disease
ICD10:H65,nonsuppurative otitis media with myringitis,ICD10,1,DOID:11180,non-suppurative otitis media
ICD10:H65.0,Acute serous otitis media,ICD10,1,DOID:11557,acute serous otitis media
ICD10:H65.2,Chronic serous otitis media,ICD10,1,DOID:11181,serous glue ear
ICD10:H66.1,Chronic tubotympanic suppurative otitis media,ICD10,1,DOID:14435,chronic tubotympanic suppurative otitis media
ICD10:H66.2,Chronic atticoantral suppurative otitis media,ICD10,1,DOID:14248,chronic atticoantral disease
ICD10:H66.3,Other chronic suppurative otitis media,ICD10,1,DOID:14247,chronic purulent otitis media
ICD10:H66.4,"Suppurative otitis media, unspecified",ICD10,1,DOID:11506,suppurative otitis media
ICD10:H66.9,"Otitis media, unspecified",ICD10,1,DOID:10754,otitis media
ICD10:H68.0,Eustachian salpingitis,ICD10,1,DOID:2000,otosalpingitis
ICD10:H68.01,,ICD10,1,DOID:10550,acute eustachian salpingitis
ICD10:H68.02,,ICD10,1,DOID:1999,chronic eustachian salpingitis
ICD10:H69.0,Patulous Eustachian tube,ICD10,1,DOID:12358,patulous eustachian tube
ICD10:H70.2,Petrositis,ICD10,1,DOID:10755,petrositis
ICD10:H70.21,,ICD10,1,DOID:10755,petrositis
ICD10:H70.22,,ICD10,1,DOID:10755,petrositis
ICD10:H70.9,"Mastoiditis, unspecified",ICD10,1,DOID:0060322,mastoiditis
ICD10:H71,Cholesteatoma of middle ear,ICD10,1,DOID:10964,cholesteatoma of middle ear
ICD10:H71.0,,ICD10,1,DOID:10963,cholesteatoma of attic
ICD10:H71.9,,ICD10,1,DOID:869,cholesteatoma
ICD10:H73.0,Acute myringitis,ICD10,1,DOID:13790,acute tympanitis
ICD10:H73.01,,ICD10,1,DOID:13791,myringitis bullosa hemorrhagica
ICD10:H73.1,Chronic myringitis,ICD10,1,DOID:11217,chronic tympanitis
ICD10:H73.81,,ICD10,1,DOID:5781,atrophic flaccid tympanic membrane
ICD10:H73.82,,ICD10,1,DOID:12546,atrophic nonflaccid tympanic membrane
ICD10:H73.9,"Disorder of tympanic membrane, unspecified",ICD10,1,DOID:5782,tympanic membrane disease
ICD10:H74.1,Adhesive middle ear disease,ICD10,1,DOID:11235,adhesive otitis media
ICD10:H74.4,Polyp of middle ear,ICD10,1,DOID:7439,polyp of middle ear
ICD10:H80.80,"Other otosclerosis, unspecified ear",ICD10,1,DOID:12185,otosclerosis
ICD10:H81.2,Vestibular neuronitis,ICD10,1,DOID:12683,vestibular neuronitis
ICD10:H81.399,"Other peripheral vertigo, unspecified ear",ICD10,1,DOID:9847,peripheral vertigo
ICD10:H81.4,Vertigo of central origin,ICD10,1,DOID:2479,central nervous system origin vertigo
ICD10:H81.9,"Disorder of vestibular function, unspecified",ICD10,1,DOID:3426,vestibular disease
ICD10:H83.0,Labyrinthitis,ICD10,1,DOID:1468,labyrinthitis
ICD10:H83.2,Labyrinthine dysfunction,ICD10,1,DOID:566,labyrinthine dysfunction
ICD10:H83.9,"Disease of inner ear, unspecified",ICD10,1,DOID:2952,inner ear disease
ICD10:H90.5,"Sensorineural hearing loss, unspecified",ICD10,1,DOID:10003,sensorineural hearing loss
ICD10:H92.1,Otorrhea,ICD10,1,DOID:10261,otorrhea
ICD10:H93.3,Disorders of acoustic nerve,ICD10,1,DOID:12657,vestibulocochlear nerve disease
ICD10:H93.9,"Disorder of ear, unspecified",ICD10,1,DOID:2742,auditory system disease
ICD10:I00,Rheumatic fever without heart involvement,ICD10,1,DOID:1586,rheumatic fever
ICD10:I00-I02,,ICD10,1,DOID:1586,rheumatic fever
ICD10:I01.9,"Acute rheumatic heart disease, unspecified",ICD10,1,DOID:8481,rheumatic myocarditis
ICD10:I05,"conditions classifiable to both I05.0 and I05.2-I05.9, whether specified as rheumatic or not",ICD10,1,DOID:61,mitral valve disease
ICD10:I05.1,Rheumatic mitral insufficiency,ICD10,1,DOID:61,mitral valve disease
ICD10:I06.0,Rheumatic aortic stenosis,ICD10,1,DOID:1712,aortic valve stenosis
ICD10:I06.1,Rheumatic aortic insufficiency,ICD10,1,DOID:57,aortic valve insufficiency
ICD10:I07,rheumatic tricuspid valve diseases specified as rheumatic or unspecified,ICD10,1,DOID:0050826,tricuspid valve disease
ICD10:I09.2,Chronic rheumatic pericarditis,ICD10,1,DOID:1869,chronic rheumatic pericarditis
ICD10:I09.81,Rheumatic heart failure,ICD10,1,DOID:14172,rheumatic congestive heart failure
ICD10:I09.89,Other specified rheumatic heart diseases,ICD10,1,DOID:5748,rheumatic pulmonary valve disease
ICD10:I11,"any condition in I50.- or I51.4-I51.7, I51.89, I51.9 due to hypertension",ICD10,1,DOID:11516,hypertensive heart disease
ICD10:I12,nephrosclerosis,ICD10,1,DOID:11664,nephrosclerosis
ICD10:I15,,ICD10,1,DOID:11130,secondary hypertension
ICD10:I15.0,Renovascular hypertension,ICD10,1,DOID:1591,renovascular hypertension
ICD10:I20-I25,,ICD10,1,DOID:3393,coronary artery disease
ICD10:I20.0,Unstable angina,ICD10,1,DOID:8805,intermediate coronary syndrome
ICD10:I22,coronary (artery) thrombosis,ICD10,1,DOID:11847,coronary thrombosis
ICD10:I24.1,Dressler's syndrome,ICD10,1,DOID:10507,Dressler's syndrome
ICD10:I25,,ICD10,1,DOID:3393,coronary artery disease
ICD10:I25.10,"Atherosclerotic heart disease, of unspecified vessel",ICD10,1,DOID:3393,coronary artery disease
ICD10:I25.3,Aneurysm of heart,ICD10,1,DOID:9768,heart aneurysm
ICD10:I25.41,Coronary artery aneurysm,ICD10,1,DOID:3362,coronary aneurysm
ICD10:I26,pulmonary (acute) (artery)(vein) infarction,ICD10,1,DOID:9477,pulmonary embolism
ICD10:I27.0,Primary pulmonary hypertension,ICD10,1,DOID:14557,primary pulmonary hypertension
ICD10:I27.1,Kyphoscoliotic heart disease,ICD10,1,DOID:12325,kyphoscoliotic heart disease
ICD10:I27.20,"Pulmonary hypertension, unspecified",ICD10,1,DOID:6432,pulmonary hypertension
ICD10:I27.81,Cor pulmonale (chronic),ICD10,1,DOID:8515,Cor pulmonale
ICD10:I31.4,Cardiac tamponade,ICD10,1,DOID:115,cardiac tamponade
ICD10:I33.9,"Acute and subacute endocarditis, unspecified",ICD10,1,DOID:10314,endocarditis
ICD10:I40,subacute myocarditis,ICD10,1,DOID:3951,acute myocarditis
ICD10:I40.0,Infective myocarditis,ICD10,1,DOID:10779,septic myocarditis
ICD10:I40.1,Isolated myocarditis,ICD10,1,DOID:10778,fiedler's myocarditis
ICD10:I42,myocardiopathy,ICD10,1,DOID:0050700,cardiomyopathy
ICD10:I42.3,Endomyocardial (eosinophilic) disease,ICD10,1,DOID:396,Loeffler endocarditis
ICD10:I42.4,Endocardial fibroelastosis,ICD10,1,DOID:12929,endocardial fibroelastosis
ICD10:I42.5,Other restrictive cardiomyopathy,ICD10,1,DOID:397,restrictive cardiomyopathy
ICD10:I42.6,Alcoholic cardiomyopathy,ICD10,1,DOID:12935,alcoholic cardiomyopathy
ICD10:I44.3,Other and unspecified atrioventricular block,ICD10,1,DOID:0050820,atrioventricular block
ICD10:I44.60,Unspecified fascicular block,ICD10,1,DOID:10272,left bundle branch hemiblock
ICD10:I45.81,Long QT syndrome,ICD10,1,DOID:2843,long QT syndrome
ICD10:I46,,ICD10,1,DOID:0060319,cardiac arrest
ICD10:I49.5,Sick sinus syndrome,ICD10,1,DOID:13884,sick sinus syndrome
ICD10:I50,,ICD10,1,DOID:6000,congestive heart failure
ICD10:I50.20,Unspecified systolic (congestive) heart failure,ICD10,1,DOID:9651,systolic heart failure
ICD10:I50.30,Unspecified diastolic (congestive) heart failure,ICD10,1,DOID:9775,diastolic heart failure
ICD10:I50.9,"Heart failure, unspecified",ICD10,1,DOID:6000,congestive heart failure
ICD10:I51.4,"Myocarditis, unspecified",ICD10,1,DOID:820,myocarditis
ICD10:I51.9,"Heart disease, unspecified",ICD10,1,DOID:114,heart disease
ICD10:I63,"occlusion and stenosis of cerebral and precerebral arteries, resulting in cerebral infarction",ICD10,1,DOID:3526,cerebral infarction
ICD10:I65.0,Occlusion and stenosis of vertebral artery,ICD10,1,DOID:11299,vertebral artery occlusion
ICD10:I65.1,Occlusion and stenosis of basilar artery,ICD10,1,DOID:13446,basilar artery occlusion
ICD10:I65.9,Occlusion and stenosis of unspecified precerebral artery,ICD10,1,DOID:5976,occlusion precerebral artery
ICD10:I66,embolism of cerebral artery,ICD10,1,DOID:4372,intracranial embolism
ICD10:I67.2,Cerebral atherosclerosis,ICD10,1,DOID:12720,cerebral atherosclerosis
ICD10:I67.4,Hypertensive encephalopathy,ICD10,1,DOID:9427,hypertensive encephalopathy
ICD10:I67.5,Moyamoya disease,ICD10,1,DOID:13099,Moyamoya disease
ICD10:I67.850,Cerebral autosomal dominant arteriopathy with subcortical infarcts and leukoencephalopathy,ICD10,1,DOID:13945,CADASIL
ICD10:I67.9,"Cerebrovascular disease, unspecified",ICD10,1,DOID:6713,cerebrovascular disease
ICD10:I70.0,Atherosclerosis of aorta,ICD10,1,DOID:10230,aortic atherosclerosis
ICD10:I70.1,Atherosclerosis of renal artery,ICD10,1,DOID:14092,renal artery atheroma
ICD10:I70.91,Generalized atherosclerosis,ICD10,1,DOID:2347,generalized atherosclerosis
ICD10:I71.1,"Thoracic aortic aneurysm, ruptured",ICD10,1,DOID:3627,aortic aneurysm
ICD10:I71.3,"Abdominal aortic aneurysm, ruptured",ICD10,1,DOID:3627,aortic aneurysm
ICD10:I71.5,"Thoracoabdominal aortic aneurysm, ruptured",ICD10,1,DOID:3627,aortic aneurysm
ICD10:I71.8,"Aortic aneurysm of unspecified site, ruptured",ICD10,1,DOID:3627,aortic aneurysm
ICD10:I71.9,"Aortic aneurysm of unspecified site, without mention of rupture",ICD10,1,DOID:3627,aortic aneurysm
ICD10:I72.9,Aneurysm of unspecified site,ICD10,1,DOID:178,vascular disease
ICD10:I73.0,Raynaud's syndrome,ICD10,1,DOID:10300,Raynaud disease
ICD10:I73.1,Thromboangiitis obliterans [Buerger's disease],ICD10,1,DOID:12918,thromboangiitis obliterans
ICD10:I73.81,Erythromelalgia,ICD10,1,DOID:9240,erythromelalgia
ICD10:I73.9,"Peripheral vascular disease, unspecified",ICD10,1,DOID:3669,intermittent claudication
ICD10:I75,cholesterol embolism,ICD10,1,DOID:1461,cholesterol embolism
ICD10:I77.0,"Arteriovenous fistula, acquired",ICD10,1,DOID:11294,arteriovenous malformation
ICD10:I77.4,Celiac artery compression syndrome,ICD10,1,DOID:9892,median arcuate ligament syndrome
ICD10:I77.6,"Arteritis, unspecified",ICD10,1,DOID:519,aortitis
ICD10:I77.71,Dissection of carotid artery,ICD10,1,DOID:9348,carotid artery dissection
ICD10:I78,,ICD10,1,DOID:1271,capillary disease
ICD10:I78.0,Hereditary hemorrhagic telangiectasia,ICD10,1,DOID:1270,hereditary hemorrhagic telangiectasia
ICD10:I80,endophlebitis,ICD10,1,DOID:864,phlebitis
ICD10:I80.0,Phlebitis and thrombophlebitis of superficial vessels of lower extremities,ICD10,1,DOID:3875,thrombophlebitis
ICD10:I80.1,Phlebitis and thrombophlebitis of femoral vein,ICD10,1,DOID:12282,femoral vein thrombophlebitis
ICD10:I80.21,Phlebitis and thrombophlebitis of common iliac vein,ICD10,1,DOID:10880,iliac vein thrombophlebitis
ICD10:I81,Portal vein thrombosis,ICD10,1,DOID:11695,portal vein thrombosis
ICD10:I82,,ICD10,1,DOID:866,vein disease
ICD10:I82.0,Budd-Chiari syndrome,ICD10,1,DOID:11512,Budd-Chiari syndrome
ICD10:I82.1,Thrombophlebitis migrans,ICD10,1,DOID:14392,thrombophlebitis migrans
ICD10:I83.90,Asymptomatic varicose veins of unspecified lower extremity,ICD10,1,DOID:799,varicose veins
ICD10:I85.01,Esophageal varices with bleeding,ICD10,1,DOID:112,esophageal varix
ICD10:I86.1,Scrotal varices,ICD10,1,DOID:12337,varicocele
ICD10:I86.2,Pelvic varices,ICD10,1,DOID:9742,pelvic varices
ICD10:I87.0,Postphlebitic syndrome,ICD10,1,DOID:2364,post-thrombotic syndrome
ICD10:I88.0,Nonspecific mesenteric lymphadenitis,ICD10,1,DOID:10782,mesenteric lymphadenitis
ICD10:I88.1,"Chronic lymphadenitis, except mesenteric",ICD10,1,DOID:1602,lymphadenitis
ICD10:I89.0,"Lymphedema, not elsewhere classified",ICD10,1,DOID:0070213,hereditary lymphedema II
ICD10:I89.1,Lymphangitis,ICD10,1,DOID:9317,lymphangitis
ICD10:I95.1,Orthostatic hypotension,ICD10,1,DOID:0111154,postural orthostatic tachycardia syndrome
ICD10:J01,acute infection of sinus,ICD10,1,DOID:0050127,sinusitis
ICD10:J01.0,Acute maxillary sinusitis,ICD10,1,DOID:2050,acute maxillary sinusitis
ICD10:J01.1,Acute frontal sinusitis,ICD10,1,DOID:14225,acute frontal sinusitis
ICD10:J01.2,Acute ethmoidal sinusitis,ICD10,1,DOID:9506,acute ethmoiditis
ICD10:J01.3,Acute sphenoidal sinusitis,ICD10,1,DOID:13046,acute sphenoidal sinusitis
ICD10:J02,acute sore throat,ICD10,1,DOID:2275,pharyngitis
ICD10:J04,,ICD10,1,DOID:0050148,laryngotracheitis
ICD10:J04.0,Acute laryngitis,ICD10,1,DOID:9396,acute laryngitis
ICD10:J04.1,Acute tracheitis,ICD10,1,DOID:9392,tracheitis
ICD10:J05.0,Acute obstructive laryngitis [croup],ICD10,1,DOID:9395,croup
ICD10:J05.1,Acute epiglottitis,ICD10,1,DOID:9398,epiglottitis
ICD10:J05.10,Acute epiglottitis without obstruction,ICD10,1,DOID:9398,epiglottitis
ICD10:J06.0,Acute laryngopharyngitis,ICD10,1,DOID:11195,acute laryngopharyngitis
ICD10:J09.X,Bird influenza,ICD10,1,DOID:4492,avian influenza
ICD10:J11.1,"Influenza with other respiratory manifestations, virus not identified",ICD10,1,DOID:8469,influenza
ICD10:J12.81,Pneumonia due to SARS-associated coronavirus,ICD10,1,DOID:2945,severe acute respiratory syndrome
ICD10:J12.9,"Viral pneumonia, unspecified",ICD10,1,DOID:10533,viral pneumonia
ICD10:J13,Pneumonia due to Streptococcus pneumoniae,ICD10,1,DOID:0040084,Streptococcus pneumonia
ICD10:J15.0,Pneumonia due to Klebsiella pneumoniae,ICD10,1,DOID:13272,Klebsiella pneumonia
ICD10:J15.7,Pneumonia due to Mycoplasma pneumoniae,ICD10,1,DOID:13276,Mycoplasma pneumoniae pneumonia
ICD10:J15.9,"Bacterial pneumonia, unspecified",ICD10,1,DOID:874,bacterial pneumonia
ICD10:J16.0,Chlamydial pneumonia,ICD10,1,DOID:0040083,Chlamydia pneumonia
ICD10:J18.0,"Bronchopneumonia, unspecified organism",ICD10,1,DOID:12375,bronchopneumonia
ICD10:J20,acute and subacute bronchitis (with) bronchospasm,ICD10,1,DOID:6132,bronchitis
ICD10:J30.0,Vasomotor rhinitis,ICD10,1,DOID:4730,vasomotor rhinitis
ICD10:J31.0,Chronic rhinitis,ICD10,1,DOID:8252,chronic rhinitis
ICD10:J31.1,Chronic nasopharyngitis,ICD10,1,DOID:10460,nasopharyngitis
ICD10:J35.01,Chronic tonsillitis,ICD10,1,DOID:10456,tonsillitis
ICD10:J35.02,Chronic adenoiditis,ICD10,1,DOID:0050145,adenoiditis
ICD10:J35.2,Hypertrophy of adenoids,ICD10,1,DOID:0060311,adenoid hypertrophy
ICD10:J37.0,Chronic laryngitis,ICD10,1,DOID:11797,chronic laryngitis
ICD10:J37.1,Chronic laryngotracheitis,ICD10,1,DOID:0050148,laryngotracheitis
ICD10:J38.6,Stenosis of larynx,ICD10,1,DOID:11527,laryngostenosis
ICD10:J38.7,Other diseases of larynx,ICD10,1,DOID:786,laryngeal disease
ICD10:J40,"Bronchitis, not specified as acute or chronic",ICD10,1,DOID:6132,bronchitis
ICD10:J42,Unspecified chronic bronchitis,ICD10,1,DOID:6132,bronchitis
ICD10:J43.8,Other emphysema,ICD10,1,DOID:9675,pulmonary emphysema
ICD10:J44.81,Bronchiolitis obliterans and bronchiolitis obliterans syndrome,ICD10,1,DOID:2799,bronchiolitis obliterans
ICD10:J44.9,"Chronic obstructive pulmonary disease, unspecified",ICD10,1,DOID:3083,chronic obstructive pulmonary disease
ICD10:J45.991,Cough variant asthma,ICD10,1,DOID:12323,cough variant asthma
ICD10:J47,Bronchiectasis,ICD10,1,DOID:9563,bronchiectasis
ICD10:J61,Pneumoconiosis due to asbestos and other mineral fibers,ICD10,1,DOID:10320,asbestosis
ICD10:J62.0,Pneumoconiosis due to talc dust,ICD10,1,DOID:10329,pulmonary talcosis
ICD10:J62.8,Pneumoconiosis due to other dust containing silica,ICD10,1,DOID:10325,silicosis
ICD10:J63.2,Berylliosis,ICD10,1,DOID:10322,berylliosis
ICD10:J63.4,Siderosis,ICD10,1,DOID:10328,siderosis
ICD10:J64,Unspecified pneumoconiosis,ICD10,1,DOID:10316,pneumoconiosis
ICD10:J66.0,Byssinosis,ICD10,1,DOID:10323,byssinosis
ICD10:J67.0,Farmer's lung,ICD10,1,DOID:14453,farmer's lung
ICD10:J67.1,Bagassosis,ICD10,1,DOID:12522,bagassosis
ICD10:J67.2,Bird fancier's lung,ICD10,1,DOID:13891,bird fancier's lung
ICD10:J67.3,Suberosis,ICD10,1,DOID:840,cork-handlers' disease
ICD10:J67.4,Maltworker's lung,ICD10,1,DOID:2314,malt worker's lung
ICD10:J67.5,Mushroom-worker's lung,ICD10,1,DOID:2708,mushroom workers' lung
ICD10:J67.6,Maple-bark-stripper's lung,ICD10,1,DOID:8484,maple bark strippers' lung
ICD10:J67.7,Air-conditioner and humidifier lung,ICD10,1,DOID:11289,ventilation pneumonitis
ICD10:J67.9,Hypersensitivity pneumonitis due to unspecified organic dust,ICD10,1,DOID:841,extrinsic allergic alveolitis
ICD10:J69.1,Pneumonitis due to oils and essences,ICD10,1,DOID:3241,lipid pneumonia
ICD10:J80,Adult respiratory distress syndrome,ICD10,1,DOID:11394,adult respiratory distress syndrome
ICD10:J81,Pulmonary edema,ICD10,1,DOID:11396,pulmonary edema
ICD10:J82.82,Acute eosinophilic pneumonia,ICD10,1,DOID:9503,Loeffler syndrome
ICD10:J84.01,Alveolar proteinosis,ICD10,1,DOID:12120,pulmonary alveolar proteinosis
ICD10:J84.02,Pulmonary alveolar microlithiasis,ICD10,1,DOID:12117,pulmonary alveolar microlithiasis
ICD10:J84.03,Idiopathic pulmonary hemosiderosis,ICD10,1,DOID:12118,pulmonary hemosiderosis
ICD10:J84.10,"Pulmonary fibrosis, unspecified",ICD10,1,DOID:12123,postinflammatory pulmonary fibrosis
ICD10:J84.112,Idiopathic pulmonary fibrosis,ICD10,1,DOID:0050156,idiopathic pulmonary fibrosis
ICD10:J84.116,Cryptogenic organizing pneumonia,ICD10,1,DOID:0050157,cryptogenic organizing pneumonia
ICD10:J84.117,Desquamative interstitial pneumonia,ICD10,1,DOID:0050158,desquamative interstitial pneumonia
ICD10:J84.9,"Interstitial pulmonary disease, unspecified",ICD10,1,DOID:3082,interstitial lung disease
ICD10:J85.2,Abscess of lung without pneumonia,ICD10,1,DOID:0060317,lung abscess
ICD10:J86,,ICD10,1,DOID:3798,pleural empyema
ICD10:J93.0,Spontaneous tension pneumothorax,ICD10,1,DOID:1672,spontaneous tension pneumothorax
ICD10:J93.1,Other spontaneous pneumothorax,ICD10,1,DOID:1673,pneumothorax
ICD10:J94.2,Hemothorax,ICD10,1,DOID:2718,hemopneumothorax
ICD10:J96.0,Acute respiratory failure,ICD10,1,DOID:11162,respiratory failure
ICD10:J98,,ICD10,1,DOID:1579,respiratory system disease
ICD10:J98.2,Interstitial emphysema,ICD10,1,DOID:10030,pulmonary interstitial emphysema
ICD10:J98.3,Compensatory emphysema,ICD10,1,DOID:10031,compensatory emphysema
ICD10:J98.4,Other disorders of lung,ICD10,1,DOID:850,lung disease
ICD10:J98.51,Mediastinitis,ICD10,1,DOID:819,mediastinitis
ICD10:J98.6,Disorders of diaphragm,ICD10,1,DOID:10481,diaphragm disease
ICD10:K00.3,Mottled teeth,ICD10,1,DOID:13711,dental fluorosis
ICD10:K02.6,,ICD10,1,DOID:216,dental caries
ICD10:K03.2,Erosion of teeth,ICD10,1,DOID:2498,tooth erosion
ICD10:K03.4,Hypercementosis,ICD10,1,DOID:12733,hypercementosis
ICD10:K03.5,Ankylosis of teeth,ICD10,1,DOID:12661,tooth ankylosis
ICD10:K03.8,Other specified diseases of hard tissues of teeth,ICD10,1,DOID:214,teeth hard tissue disease
ICD10:K04.0,Pulpitis,ICD10,1,DOID:11121,pulpitis
ICD10:K04.1,Necrosis of pulp,ICD10,1,DOID:11623,dental pulp necrosis
ICD10:K04.4,Acute apical periodontitis of pulpal origin,ICD10,1,DOID:11693,acute apical periodontitis
ICD10:K04.6,Periapical abscess with sinus,ICD10,1,DOID:0060324,dental abscess
ICD10:K05.0,Acute gingivitis,ICD10,1,DOID:3087,gingivitis
ICD10:K05.1,Chronic gingivitis,ICD10,1,DOID:3087,gingivitis
ICD10:K05.10,"Chronic gingivitis, plaque induced",ICD10,1,DOID:3087,gingivitis
ICD10:K05.2,Acute periodontitis,ICD10,1,DOID:1474,aggressive periodontitis
ICD10:K05.3,Chronic periodontitis,ICD10,1,DOID:824,periodontitis
ICD10:K05.4,Periodontosis,ICD10,1,DOID:9893,periodontosis
ICD10:K05.6,"Periodontal disease, unspecified",ICD10,1,DOID:3388,periodontal disease
ICD10:K06.0,Gingival recession,ICD10,1,DOID:1134,gingival recession
ICD10:K06.01,,ICD10,1,DOID:1134,gingival recession
ICD10:K06.1,Gingival enlargement,ICD10,1,DOID:3086,gingival overgrowth
ICD10:K09.8,"Other cysts of oral region, not elsewhere classified",ICD10,1,DOID:2658,dermoid cyst
ICD10:K11.5,Sialolithiasis,ICD10,1,DOID:12905,sialolithiasis
ICD10:K11.6,Mucocele of salivary gland,ICD10,1,DOID:12904,mucocele of salivary gland
ICD10:K12.2,Cellulitis and abscess of mouth,ICD10,1,DOID:0060310,uvulitis
ICD10:K13.21,"Leukoplakia of oral mucosa, including tongue",ICD10,1,DOID:9655,oral mucosa leukoplakia
ICD10:K13.3,Hairy leukoplakia,ICD10,1,DOID:0060315,oral hairy leukoplakia
ICD10:K13.5,Oral submucous fibrosis,ICD10,1,DOID:5773,oral submucous fibrosis
ICD10:K14,,ICD10,1,DOID:10944,tongue disease
ICD10:K14.0,Glossitis,ICD10,1,DOID:1456,glossitis
ICD10:K14.1,Geographic tongue,ICD10,1,DOID:1455,geographic tongue
ICD10:K14.3,Hypertrophy of tongue papillae,ICD10,1,DOID:13333,hypertrophy of tongue papillae
ICD10:K14.4,Atrophy of tongue papillae,ICD10,1,DOID:1453,atrophic glossitis
ICD10:K14.5,Plicated tongue,ICD10,1,DOID:11514,fissured tongue
ICD10:K20,Esophagitis,ICD10,1,DOID:11963,esophagitis
ICD10:K20.0,Eosinophilic esophagitis,ICD10,1,DOID:13922,eosinophilic esophagitis
ICD10:K21.9,Gastro-esophageal reflux disease without esophagitis,ICD10,1,DOID:8534,gastroesophageal reflux disease
ICD10:K22.0,Achalasia of cardia,ICD10,1,DOID:9164,achalasia
ICD10:K22.4,Dyskinesia of esophagus,ICD10,1,DOID:9192,dyskinesia of esophagus
ICD10:K22.7,Barrett's syndrome,ICD10,1,DOID:9206,Barrett's esophagus
ICD10:K22.9,"Disease of esophagus, unspecified",ICD10,1,DOID:6050,esophageal disease
ICD10:K25,erosion (acute) of stomach,ICD10,1,DOID:10808,gastric ulcer
ICD10:K26,duodenum ulcer (peptic),ICD10,1,DOID:1724,duodenal ulcer
ICD10:K27,peptic ulcer NOS,ICD10,1,DOID:750,peptic ulcer disease
ICD10:K28.0,Acute gastrojejunal ulcer with hemorrhage,ICD10,1,DOID:10927,gastrojejunal ulcer
ICD10:K29.2,Alcoholic gastritis,ICD10,1,DOID:8680,alcoholic gastritis
ICD10:K29.4,Chronic atrophic gastritis,ICD10,1,DOID:8929,atrophic gastritis
ICD10:K29.7,"Gastritis, unspecified",ICD10,1,DOID:4029,gastritis
ICD10:K29.8,Duodenitis,ICD10,1,DOID:8643,duodenitis
ICD10:K31.1,Adult hypertrophic pyloric stenosis,ICD10,1,DOID:12639,pyloric stenosis
ICD10:K31.2,Hourglass stricture and stenosis of stomach,ICD10,1,DOID:12234,cascade stomach
ICD10:K31.82,Angiodysplasia of stomach and duodenum with haemorrhage,ICD10,1,DOID:12070,Dieulafoy lesion
ICD10:K31.84,Gastroparesis,ICD10,1,DOID:11914,gastroparesis
ICD10:K37,Unspecified appendicitis,ICD10,1,DOID:8337,appendicitis
ICD10:K40,inguinal hernia NOS,ICD10,1,DOID:0060320,inguinal hernia
ICD10:K46,hernia NOS,ICD10,1,DOID:1283,enterocele
ICD10:K51,,ICD10,1,DOID:8577,ulcerative colitis
ICD10:K52.83,,ICD10,1,DOID:0060182,microscopic colitis
ICD10:K52.831,Collagenous colitis,ICD10,1,DOID:0060183,collagenous colitis
ICD10:K52.832,Lymphocytic colitis,ICD10,1,DOID:0060184,lymphocytic colitis
ICD10:K55.3,,ICD10,1,DOID:8677,perinatal necrotizing enterocolitis
ICD10:K55.9,"Vascular disorder of intestine, unspecified",ICD10,1,DOID:0060181,ischemic colitis
ICD10:K56.0,Paralytic ileus,ICD10,1,DOID:8442,paralytic ileus
ICD10:K56.1,Intussusception,ICD10,1,DOID:8446,intussusception
ICD10:K56.2,Volvulus,ICD10,1,DOID:8445,intestinal volvulus
ICD10:K56.4,Other impaction of intestine,ICD10,1,DOID:8448,intestinal impaction
ICD10:K56.609,"Unspecified intestinal obstruction, unspecified as to partial versus complete obstruction",ICD10,1,DOID:8437,intestinal obstruction
ICD10:K58,irritable colon,ICD10,1,DOID:9778,irritable bowel syndrome
ICD10:K59.1,Functional diarrhea,ICD10,1,DOID:11371,functional diarrhea
ICD10:K59.31,Toxic megacolon,ICD10,1,DOID:1770,toxic megacolon
ICD10:K59.39,Other megacolon,ICD10,1,DOID:11372,megacolon
ICD10:K59.4,Anal spasm,ICD10,1,DOID:11374,anal spasm
ICD10:K59.9,"Functional intestinal disorder, unspecified",ICD10,1,DOID:9779,bowel dysfunction
ICD10:K60.3,Anal fistula,ICD10,1,DOID:0060328,anal fistula
ICD10:K62.3,Rectal prolapse,ICD10,1,DOID:9307,rectal prolapse
ICD10:K62.6,Ulcer of anus and rectum,ICD10,1,DOID:13662,ulcer of anus and rectum
ICD10:K62.89,Other specified diseases of anus and rectum,ICD10,1,DOID:3127,proctitis
ICD10:K63.9,"Disease of intestine, unspecified",ICD10,1,DOID:5295,intestinal disease
ICD10:K64,piles,ICD10,1,DOID:9746,hemorrhoid
ICD10:K64.5,Perianal venous thrombosis,ICD10,1,DOID:9745,perianal hematoma
ICD10:K70,,ICD10,1,DOID:0070658,alcohol-associated liver disease
ICD10:K70.0,Alcoholic fatty liver,ICD10,1,DOID:9452,steatotic liver disease
ICD10:K70.3,Alcoholic cirrhosis of liver,ICD10,1,DOID:14018,alcoholic liver cirrhosis
ICD10:K72.91,"Hepatic failure, unspecified with coma",ICD10,1,DOID:12550,hepatic coma
ICD10:K73.9,"Chronic hepatitis, unspecified",ICD10,1,DOID:2237,hepatitis
ICD10:K74.3,Primary biliary cirrhosis,ICD10,1,DOID:12236,primary biliary cholangitis
ICD10:K74.5,"Biliary cirrhosis, unspecified",ICD10,1,DOID:12236,primary biliary cholangitis
ICD10:K74.60,Unspecified cirrhosis of liver,ICD10,1,DOID:5082,liver cirrhosis
ICD10:K76.1,Chronic passive congestion of liver,ICD10,1,DOID:13739,nutmeg liver
ICD10:K76.3,Infarction of liver,ICD10,1,DOID:13738,hepatic infarction
ICD10:K76.4,Peliosis hepatis,ICD10,1,DOID:914,peliosis hepatis
ICD10:K76.5,Hepatic veno-occlusive disease,ICD10,1,DOID:0080177,hepatic veno-occlusive disease
ICD10:K76.6,Portal hypertension,ICD10,1,DOID:10762,portal hypertension
ICD10:K76.7,Hepatorenal syndrome,ICD10,1,DOID:11823,hepatorenal syndrome
ICD10:K76.8,Other specified diseases of liver,ICD10,1,DOID:0050674,congenital bile acid synthesis defect
ICD10:K76.81,Hepatopulmonary syndrome,ICD10,1,DOID:900,hepatopulmonary syndrome
ICD10:K76.82,Hepatic encephalopathy,ICD10,1,DOID:13413,hepatic encephalopathy
ICD10:K76.9,"Liver disease, unspecified",ICD10,1,DOID:409,liver disease
ICD10:K81,,ICD10,1,DOID:1949,cholecystitis
ICD10:K82.0,Obstruction of gallbladder,ICD10,1,DOID:9714,occlusion of gallbladder
ICD10:K82.1,Hydrops of gallbladder,ICD10,1,DOID:9717,hydrops of gallbladder
ICD10:K82.4,Cholesterolosis of gallbladder,ICD10,1,DOID:10254,strawberry gallbladder
ICD10:K82.9,"Disease of gallbladder, unspecified",ICD10,1,DOID:0060262,gallbladder disease
ICD10:K83.0,Cholangitis,ICD10,1,DOID:9446,cholangitis
ICD10:K83.01,Primary sclerosing cholangitis,ICD10,1,DOID:0060643,primary sclerosing cholangitis
ICD10:K83.1,Obstruction of bile duct,ICD10,1,DOID:13580,cholestasis
ICD10:K83.2,Perforation of bile duct,ICD10,1,DOID:13409,perforation of bile duct
ICD10:K83.9,"Disease of biliary tract, unspecified",ICD10,1,DOID:9741,biliary tract disease
ICD10:K85,Acute pancreatitis,ICD10,1,DOID:2913,acute pancreatitis
ICD10:K85.9,Pancreatitis NOS,ICD10,1,DOID:4989,pancreatitis
ICD10:K86.8,Other specified diseases of pancreas,ICD10,1,DOID:26,pancreas disease
ICD10:K86.81,Exocrine pancreatic insufficiency,ICD10,1,DOID:13316,exocrine pancreatic insufficiency
ICD10:K90.0,Celiac disease,ICD10,1,DOID:10608,celiac disease
ICD10:K90.1,Tropical sprue,ICD10,1,DOID:10607,tropical sprue
ICD10:K90.2,"Blind loop syndrome, not elsewhere classified",ICD10,1,DOID:10606,blind loop syndrome
ICD10:K90.3,Pancreatic steatorrhea,ICD10,1,DOID:10610,pancreatic steatorrhea
ICD10:K90.81,Whipple's disease,ICD10,1,DOID:8476,Whipple disease
ICD10:K90.82,Short gut syndrome,ICD10,1,DOID:10605,short bowel syndrome
ICD10:K91.5,Postcholecystectomy syndrome,ICD10,1,DOID:9740,postcholecystectomy syndrome
ICD10:K92.9,"Disease of digestive system, unspecified",ICD10,1,DOID:77,gastrointestinal system disease
ICD10:L00,Staphylococcal scalded skin syndrome,ICD10,1,DOID:9063,Ritter's disease
ICD10:L01.0,Impetigo [any organism] [any site],ICD10,1,DOID:8504,impetigo
ICD10:L03.0,Cellulitis of finger and toe,ICD10,1,DOID:13117,paronychia
ICD10:L03.90,"Cellulitis, unspecified",ICD10,1,DOID:3488,cellulitis
ICD10:L04,"acute lymphadenitis, except mesenteric",ICD10,1,DOID:1602,lymphadenitis
ICD10:L08.0,Pyoderma,ICD10,1,DOID:4223,pyoderma
ICD10:L08.1,Erythrasma,ICD10,1,DOID:4131,erythrasma
ICD10:L10,,ICD10,1,DOID:9182,pemphigus
ICD10:L10.0,Pemphigus vulgaris,ICD10,1,DOID:0060851,pemphigus vulgaris
ICD10:L10.2,Pemphigus foliaceus,ICD10,1,DOID:0080850,pemphigus foliaceus
ICD10:L10.81,Paraneoplastic pemphigus,ICD10,1,DOID:0080852,paraneoplastic pemphigus
ICD10:L12.0,Bullous pemphigoid,ICD10,1,DOID:8506,bullous pemphigoid
ICD10:L12.1,Cicatricial pemphigoid,ICD10,1,DOID:11656,cicatricial pemphigoid
ICD10:L12.2,Chronic bullous disease of childhood,ICD10,1,DOID:8507,juvenile dermatitis herpetiformis
ICD10:L12.3,Acquired epidermolysis bullosa,ICD10,1,DOID:4313,epidermolysis bullosa acquisita
ICD10:L13.0,Dermatitis herpetiformis,ICD10,1,DOID:8505,dermatitis herpetiformis
ICD10:L13.1,Subcorneal pustular dermatitis,ICD10,1,DOID:8508,subcorneal pustular dermatosis
ICD10:L20,,ICD10,1,DOID:3310,atopic dermatitis
ICD10:L21,,ICD10,1,DOID:8741,seborrheic dermatitis
ICD10:L21.0,Seborrhea capitis,ICD10,1,DOID:8941,seborrheic infantile dermatitis
ICD10:L23,,ICD10,1,DOID:3042,allergic contact dermatitis
ICD10:L24.9,"Irritant contact dermatitis, unspecified cause",ICD10,1,DOID:2772,irritant dermatitis
ICD10:L25.9,"Unspecified contact dermatitis, unspecified cause",ICD10,1,DOID:2773,contact dermatitis
ICD10:L28.0,Lichen simplex chronicus,ICD10,1,DOID:8574,lichen disease
ICD10:L30.9,"Dermatitis, unspecified",ICD10,1,DOID:2723,dermatitis
ICD10:L40,,ICD10,1,DOID:8893,psoriasis
ICD10:L40.3,Pustulosis palmaris et plantaris,ICD10,1,DOID:4398,pustulosis of palm and sole
ICD10:L40.5,Arthropathic psoriasis,ICD10,1,DOID:9008,psoriatic arthritis
ICD10:L41,,ICD10,1,DOID:9088,parapsoriasis
ICD10:L42,Pityriasis rosea,ICD10,1,DOID:8892,pityriasis rosea
ICD10:L43,,ICD10,1,DOID:9201,lichen planus
ICD10:L44.0,Pityriasis rubra pilaris,ICD10,1,DOID:9212,pityriasis rubra pilaris
ICD10:L44.1,Lichen nitidus,ICD10,1,DOID:8573,lichen nitidus
ICD10:L50.0,Allergic urticaria,ICD10,1,DOID:10612,allergic urticaria
ICD10:L50.3,Dermatographic urticaria,ICD10,1,DOID:743,dermatographia
ICD10:L50.4,Vibratory urticaria,ICD10,1,DOID:1554,vibratory urticaria
ICD10:L50.5,Cholinergic urticaria,ICD10,1,DOID:14443,cholinergic urticaria
ICD10:L51.1,Stevens-Johnson syndrome,ICD10,1,DOID:0050426,Stevens-Johnson syndrome
ICD10:L56.5,Disseminated superficial actinic porokeratosis (DSAP),ICD10,1,DOID:3805,porokeratosis
ICD10:L57.0,Actinic keratosis,ICD10,1,DOID:8866,actinic keratosis
ICD10:L60,,ICD10,1,DOID:4123,nail disease
ICD10:L60.5,Yellow nail syndrome,ICD10,1,DOID:0050468,yellow nail syndrome
ICD10:L63,,ICD10,1,DOID:986,alopecia areata
ICD10:L65.0,Telogen effluvium,ICD10,1,DOID:1943,telogen effluvium
ICD10:L65.2,Alopecia mucinosa,ICD10,1,DOID:9905,follicular mucinosis
ICD10:L65.8,Other specified nonscarring hair loss,ICD10,1,DOID:0060689,atrichia with papular lesions
ICD10:L65.9,"Nonscarring hair loss, unspecified",ICD10,1,DOID:987,alopecia
ICD10:L68,excess hair,ICD10,1,DOID:420,hypertrichosis
ICD10:L70,,ICD10,1,DOID:6543,acne
ICD10:L70.2,Acne varioliformis,ICD10,1,DOID:6543,acne
ICD10:L70.8,Other acne,ICD10,1,DOID:9098,sebaceous gland disease
ICD10:L71,,ICD10,1,DOID:8881,rosacea
ICD10:L73.2,Hidradenitis suppurativa,ICD10,1,DOID:2280,hidradenitis suppurativa
ICD10:L74.0,Miliaria rubra,ICD10,1,DOID:11153,miliaria rubra
ICD10:L74.1,Miliaria crystallina,ICD10,1,DOID:0070321,miliaria crystallina
ICD10:L74.2,Miliaria profunda,ICD10,1,DOID:0070320,miliaria profunda
ICD10:L74.3,"Miliaria, unspecified",ICD10,1,DOID:1382,miliaria
ICD10:L74.9,"Eccrine sweat disorder, unspecified",ICD10,1,DOID:1383,sweat gland disease
ICD10:L75.2,Apocrine miliaria,ICD10,1,DOID:1381,Fox-Fordyce disease
ICD10:L80,Vitiligo,ICD10,1,DOID:12306,vitiligo
ICD10:L81.7,Pigmented purpuric dermatosis,ICD10,1,DOID:4028,angioma serpiginosum
ICD10:L82.0,Inflamed seborrheic keratosis,ICD10,1,DOID:11685,inflamed seborrheic keratosis
ICD10:L83,Acanthosis nigricans,ICD10,1,DOID:3138,acanthosis nigricans
ICD10:L85.2,Keratosis punctata (palmaris et plantaris),ICD10,1,DOID:3390,palmoplantar keratosis
ICD10:L88,Pyoderma gangrenosum,ICD10,1,DOID:8553,pyoderma gangrenosum
ICD10:L89,Decubitus ulcer,ICD10,1,DOID:8717,decubitus ulcer
ICD10:L90,,ICD10,1,DOID:2733,skin atrophy
ICD10:L92.0,Granuloma annulare,ICD10,1,DOID:3777,granuloma annulare
ICD10:L93,,ICD10,1,DOID:8857,lupus erythematosus
ICD10:L94.0,Localized scleroderma [morphea],ICD10,1,DOID:8472,localized scleroderma
ICD10:L94.6,Ainhum,ICD10,1,DOID:11329,ainhum
ICD10:L95.0,Livedoid vasculitis,ICD10,1,DOID:0040099,livedoid vasculitis
ICD10:L95.1,Erythema elevatum diutinum,ICD10,1,DOID:0060567,erythema elevatum diutinum
ICD10:L98.1,Factitial dermatitis,ICD10,1,DOID:9165,neurotic excoriation
ICD10:L98.4,"Chronic ulcer of skin, not elsewhere classified",ICD10,1,DOID:8549,chronic ulcer of skin
ICD10:M00,,ICD10,1,DOID:813,septic arthritis
ICD10:M00-M02,,ICD10,1,DOID:381,arthropathy
ICD10:M02.10,"Postdysenteric arthropathy, unspecified site",ICD10,1,DOID:6196,reactive arthritis
ICD10:M02.3,Reiter's disease,ICD10,1,DOID:6196,reactive arthritis
ICD10:M04.2,Cryopyrin-associated periodic syndromes,ICD10,1,DOID:0050854,Muckle-Wells syndrome
ICD10:M05.0,Felty's syndrome,ICD10,1,DOID:11042,Felty's syndrome
ICD10:M05.3,Rheumatoid arthritis with involvement of other organs and systems,ICD10,1,DOID:8481,rheumatic myocarditis
ICD10:M06.1,Adult-onset Still's disease,ICD10,1,DOID:14256,adult-onset Still's disease
ICD10:M06.9,"Rheumatoid arthritis, unspecified",ICD10,1,DOID:7148,rheumatoid arthritis
ICD10:M08.1,Juvenile ankylosing spondylitis,ICD10,1,DOID:0040092,juvenile ankylosing spondylitis
ICD10:M08.4,Pauciarticular juvenile arthritis,ICD10,1,DOID:676,systemic juvenile rheumatoid arthritis
ICD10:M10,Acute gout,ICD10,1,DOID:13189,gout
ICD10:M11.2,Other chondrocalcinosis,ICD10,1,DOID:0111063,hyperphosphatemic familial tumoral calcinosis
ICD10:M12.0,Chronic postrheumatic arthropathy [Jaccoud],ICD10,1,DOID:13080,Jaccoud's syndrome
ICD10:M12.2,Villonodular synovitis (pigmented),ICD10,1,DOID:2702,pigmented villonodular synovitis
ICD10:M12.20,"Villonodular synovitis (pigmented), unspecified site",ICD10,1,DOID:9898,villonodular synovitis
ICD10:M12.3,Palindromic rheumatism,ICD10,1,DOID:1166,palindromic rheumatism
ICD10:M12.8,"Other specific arthropathies, not elsewhere classified",ICD10,1,DOID:2092,transient arthritis
ICD10:M12.9,"Arthropathy, unspecified",ICD10,1,DOID:381,arthropathy
ICD10:M14.6,Neuropathic arthropathy,ICD10,1,DOID:14286,neurogenic arthropathy
ICD10:M19.90,"Unspecified osteoarthritis, unspecified site",ICD10,1,DOID:848,arthritis
ICD10:M21.8,Other specified acquired deformities of limbs,ICD10,1,DOID:0060231,Bruck syndrome
ICD10:M22.4,Chondromalacia patellae,ICD10,1,DOID:13357,chondromalacia patellae
ICD10:M24.6,Ankylosis of joint,ICD10,1,DOID:227,ankylosis
ICD10:M25.0,Hemarthrosis,ICD10,1,DOID:801,hemarthrosis
ICD10:M27.1,"Giant cell granuloma, central",ICD10,1,DOID:1866,giant cell reparative granuloma
ICD10:M27.3,Alveolitis of jaws,ICD10,1,DOID:13585,alveolar periostitis
ICD10:M30.0,Polyarteritis nodosa,ICD10,1,DOID:9810,polyarteritis nodosa
ICD10:M30.1,Polyarteritis with lung involvement [Churg-Strauss],ICD10,1,DOID:3049,Churg-Strauss syndrome
ICD10:M30.3,Mucocutaneous lymph node syndrome [Kawasaki],ICD10,1,DOID:13378,Kawasaki disease
ICD10:M31.19,Other thrombotic microangiopathy,ICD10,1,DOID:10772,thrombotic thrombocytopenic purpura
ICD10:M31.2,Lethal midline granuloma,ICD10,1,DOID:9072,lethal midline granuloma
ICD10:M31.3,Wegener's granulomatosis,ICD10,1,DOID:12132,granulomatosis with polyangiitis
ICD10:M31.4,Aortic arch syndrome [Takayasu],ICD10,1,DOID:2508,Takayasu's arteritis
ICD10:M32.0,Drug-induced systemic lupus erythematosus,ICD10,1,DOID:0040093,drug-induced lupus erythematosus
ICD10:M32.11,Endocarditis in systemic lupus erythematosus,ICD10,1,DOID:0080740,Libman-Sacks endocarditis
ICD10:M32.9,"Systemic lupus erythematosus, unspecified",ICD10,1,DOID:9074,systemic lupus erythematosus
ICD10:M33,,ICD10,1,DOID:10223,dermatomyositis
ICD10:M33.0,Juvenile dermatomyositis,ICD10,1,DOID:14203,childhood type dermatomyositis
ICD10:M34.0,Progressive systemic sclerosis,ICD10,1,DOID:418,systemic scleroderma
ICD10:M34.1,CR(E)ST syndrome,ICD10,1,DOID:0060218,CREST syndrome
ICD10:M34.81,Systemic sclerosis with lung involvement,ICD10,1,DOID:1578,pulmonary systemic sclerosis
ICD10:M35.0,Sicca syndrome [Sjogren],ICD10,1,DOID:12894,Sjogren's syndrome
ICD10:M35.1,Other overlap syndromes,ICD10,1,DOID:3492,mixed connective tissue disease
ICD10:M35.2,Behcet's disease,ICD10,1,DOID:13241,Behcet's disease
ICD10:M35.3,Polymyalgia rheumatica,ICD10,1,DOID:853,polymyalgia rheumatica
ICD10:M35.6,Relapsing panniculitis [Weber-Christian],ICD10,1,DOID:1525,nodular nonsuppurative panniculitis
ICD10:M35.7,Hypermobility syndrome,ICD10,1,DOID:13781,hypermobility syndrome
ICD10:M35.81,Multisystem inflammatory syndrome,ICD10,1,DOID:0080711,multisystem inflammatory syndrome in children
ICD10:M41.9,"Scoliosis, unspecified",ICD10,1,DOID:0060249,scoliosis
ICD10:M42.0,Juvenile osteochondrosis of spine,ICD10,1,DOID:13300,Scheuermann's disease
ICD10:M43.0,Spondylolysis,ICD10,1,DOID:2300,spondylolysis
ICD10:M43.1,Spondylolisthesis,ICD10,1,DOID:6682,spondylolisthesis
ICD10:M45,Ankylosing spondylitis,ICD10,1,DOID:7147,ankylosing spondylitis
ICD10:M46,,ICD10,1,DOID:6590,spondylitis
ICD10:M46.4,"Discitis, unspecified",ICD10,1,DOID:10986,discitis
ICD10:M47,degeneration of facet joints,ICD10,1,DOID:2247,spondylosis
ICD10:M48.0,Spinal stenosis,ICD10,1,DOID:6725,spinal stenosis
ICD10:M48.02,"Spinal stenosis, cervical region",ICD10,1,DOID:6725,spinal stenosis
ICD10:M48.061,"Spinal stenosis, lumbar region without neurogenic claudication",ICD10,1,DOID:6725,spinal stenosis
ICD10:M48.1,Ankylosing hyperostosis [Forestier],ICD10,1,DOID:6652,diffuse idiopathic skeletal hyperostosis
ICD10:M48.2,Kissing spine,ICD10,1,DOID:6643,Baastrup's syndrome
ICD10:M48.3,Traumatic spondylopathy,ICD10,1,DOID:6603,Kummell's disease
ICD10:M53.0,Cervicocranial syndrome,ICD10,1,DOID:6692,Barre-Lieou syndrome
ICD10:M54.1,Radiculopathy,ICD10,1,DOID:4306,radiculopathy
ICD10:M60,,ICD10,1,DOID:633,myositis
ICD10:M60.0,Infective myositis,ICD10,1,DOID:876,pyomyositis
ICD10:M60.1,Interstitial myositis,ICD10,1,DOID:9788,myositis fibrosa
ICD10:M61.1,Myositis ossificans progressiva,ICD10,1,DOID:13374,fibrodysplasia ossificans progressiva
ICD10:M65.4,Radial styloid tenosynovitis [de Quervain],ICD10,1,DOID:14107,De Quervain disease
ICD10:M67.5,Plica knee,ICD10,1,DOID:12225,Plica syndrome
ICD10:M70.2,Olecranon bursitis,ICD10,1,DOID:12581,olecranon bursitis
ICD10:M71.9,"Bursopathy, unspecified",ICD10,1,DOID:2965,bursitis
ICD10:M72.4,Pseudosarcomatous fibromatosis,ICD10,1,DOID:7327,pseudosarcomatous fibromatosis
ICD10:M72.6,Necrotizing fasciitis,ICD10,1,DOID:9602,necrotizing fasciitis
ICD10:M72.9,"Fibroblastic disorder, unspecified",ICD10,1,DOID:9598,fasciitis
ICD10:M75.0,Adhesive capsulitis of shoulder,ICD10,1,DOID:14188,frozen shoulder
ICD10:M75.3,Calcific tendinitis of shoulder,ICD10,1,DOID:14181,calcific tendinitis
ICD10:M75.4,Impingement syndrome of shoulder,ICD10,1,DOID:14276,shoulder impingement syndrome
ICD10:M76.5,Patellar tendinitis,ICD10,1,DOID:10471,patellar tendinitis
ICD10:M76.6,Achilles tendinitis,ICD10,1,DOID:12857,retrocalcaneal bursitis
ICD10:M76.81,,ICD10,1,DOID:3933,anterior compartment syndrome
ICD10:M77.1,Lateral epicondylitis,ICD10,1,DOID:14087,epicondylitis
ICD10:M77.3,Calcaneal spur,ICD10,1,DOID:210,heel spur
ICD10:M79.1,Myalgia,ICD10,1,DOID:431,myofascial pain syndrome
ICD10:M79.3,"Panniculitis, unspecified",ICD10,1,DOID:1526,panniculitis
ICD10:M79.7,Fibromyalgia,ICD10,1,DOID:631,fibromyalgia
ICD10:M81.0,Postmenopausal osteoporosis,ICD10,1,DOID:11476,osteoporosis
ICD10:M86.3,Chronic multifocal osteomyelitis,ICD10,1,DOID:0060645,chronic recurrent multifocal osteomyelitis
ICD10:M87,avascular necrosis of bone,ICD10,1,DOID:10159,osteonecrosis
ICD10:M87.9,"Osteonecrosis, unspecified",ICD10,1,DOID:10159,osteonecrosis
ICD10:M88,,ICD10,1,DOID:5408,Paget disease of bone
ICD10:M89.0,Algoneurodystrophy,ICD10,1,DOID:14022,algoneurodystrophy
ICD10:M89.3,Hypertrophy of bone,ICD10,1,DOID:205,hyperostosis
ICD10:M89.8,Other specified disorders of bone,ICD10,1,DOID:4257,Caffey disease
ICD10:M89.9,"Disorder of bone, unspecified",ICD10,1,DOID:0080001,bone disease
ICD10:M91.2,Coxa plana,ICD10,1,DOID:14415,Legg-Calve-Perthes disease
ICD10:M92,,ICD10,1,DOID:8125,osteochondrosis
ICD10:M92.52,Osgood-Schlatter disease,ICD10,1,DOID:7489,Osgood-Schlatter's disease
ICD10:M93.2,Osteochondritis dissecans,ICD10,1,DOID:84,osteochondritis dissecans
ICD10:M94.0,Chondrocostal junction syndrome [Tietze],ICD10,1,DOID:14021,Tietze's syndrome
ICD10:M94.1,Relapsing polychondritis,ICD10,1,DOID:2556,relapsing polychondritis
ICD10:M94.2,Chondromalacia,ICD10,1,DOID:2557,chondromalacia
ICD10:M94.9,"Disorder of cartilage, unspecified",ICD10,1,DOID:1222,cartilage disease
ICD10:N01,rapidly progressive glomerulonephritis,ICD10,1,DOID:4776,rapidly progressive glomerulonephritis
ICD10:N06.20,"Isolated proteinuria with diffuse membranous glomerulonephritis, unspecified",ICD10,1,DOID:10976,membranous glomerulonephritis
ICD10:N10,Acute pyelonephritis,ICD10,1,DOID:559,acute pyelonephritis
ICD10:N11,chronic pyelonephritis,ICD10,1,DOID:1076,chronic pyelonephritis
ICD10:N11.8,Other chronic tubulo-interstitial nephritis,ICD10,1,DOID:0060911,karyomegalic interstitial nephritis
ICD10:N13.30,Unspecified hydronephrosis,ICD10,1,DOID:11111,hydronephrosis
ICD10:N13.7,Vesicoureteral-reflux-associated uropathy,ICD10,1,DOID:9620,vesicoureteral reflux
ICD10:N13.9,"Obstructive and reflux uropathy, unspecified",ICD10,1,DOID:5200,urinary tract obstruction
ICD10:N15.0,Balkan nephropathy,ICD10,1,DOID:3052,Balkan nephropathy
ICD10:N15.9,"Renal tubulo-interstitial disease, unspecified",ICD10,1,DOID:782,renal infectious disease
ICD10:N16,Renal tubulo-interstitial disorders in diseases classified elsewhere,ICD10,1,DOID:11400,pyelonephritis
ICD10:N17.0,Acute renal failure with tubular necrosis,ICD10,1,DOID:12556,acute kidney tubular necrosis
ICD10:N17.1,Acute renal failure with acute cortical necrosis,ICD10,1,DOID:2973,kidney cortex necrosis
ICD10:N18.9,"Chronic renal failure, unspecified",ICD10,1,DOID:784,chronic kidney disease
ICD10:N20,Calculous pyelonephritis,ICD10,1,DOID:585,nephrolithiasis
ICD10:N20.1,Calculus of ureter,ICD10,1,DOID:14146,ureterolithiasis
ICD10:N21,calculus of lower urinary tract with cystitis and urethritis,ICD10,1,DOID:9590,lower urinary tract calculus
ICD10:N21.1,Calculus in urethra,ICD10,1,DOID:9589,urethral calculus
ICD10:N25.0,Renal osteodystrophy,ICD10,1,DOID:13068,renal osteodystrophy
ICD10:N25.1,Nephrogenic diabetes insipidus,ICD10,1,DOID:12387,nephrogenic diabetes insipidus
ICD10:N25.8,Other disorders resulting from impaired renal tubular function,ICD10,1,DOID:0070746,HELIX syndrome
ICD10:N25.81,Secondary hyperparathyroidism of renal origin,ICD10,1,DOID:12465,secondary hyperparathyroidism of renal origin
ICD10:N25.89,Other disorders resulting from impaired renal tubular function,ICD10,1,DOID:14219,renal tubular acidosis
ICD10:N28.0,Ischemia and infarction of kidney,ICD10,1,DOID:2972,renal artery obstruction
ICD10:N28.1,"Cyst of kidney, acquired",ICD10,1,DOID:9621,non-congenital cyst of kidney
ICD10:N28.81,Hypertrophy of kidney,ICD10,1,DOID:9622,kidney hypertrophy
ICD10:N28.85,Pyeloureteritis cystica,ICD10,1,DOID:2743,pyeloureteritis cystica
ICD10:N30,,ICD10,1,DOID:1679,cystitis
ICD10:N30.0,Acute cystitis,ICD10,1,DOID:13148,acute cystitis
ICD10:N30.1,Interstitial cystitis (chronic),ICD10,1,DOID:1678,chronic interstitial cystitis
ICD10:N30.2,Other chronic cystitis,ICD10,1,DOID:1680,chronic cystitis
ICD10:N30.3,Trigonitis,ICD10,1,DOID:13507,trigonitis
ICD10:N30.4,Irradiation cystitis,ICD10,1,DOID:7127,radiation cystitis
ICD10:N32.0,Bladder-neck obstruction,ICD10,1,DOID:13948,bladder neck obstruction
ICD10:N32.3,Diverticulum of bladder,ICD10,1,DOID:11353,bladder diverticulum
ICD10:N32.81,Overactive bladder,ICD10,1,DOID:0070355,overactive bladder syndrome
ICD10:N32.9,"Bladder disorder, unspecified",ICD10,1,DOID:365,bladder disease
ICD10:N34.0,Urethral abscess,ICD10,1,DOID:9877,urethral gland abscess
ICD10:N34.2,Other urethritis,ICD10,1,DOID:1343,urethritis
ICD10:N34.3,"Urethral syndrome, unspecified",ICD10,1,DOID:13498,urethral syndrome
ICD10:N36.1,Urethral diverticulum,ICD10,1,DOID:9341,urethral diverticulum
ICD10:N36.42,Intrinsic sphincter deficiency (ISD),ICD10,1,DOID:13461,urethral intrinsic sphincter deficiency
ICD10:N36.5,Urethral false passage,ICD10,1,DOID:9339,urethral false passage
ICD10:N36.9,"Urethral disorder, unspecified",ICD10,1,DOID:732,urethral disease
ICD10:N39.0,"Urinary tract infection, site not specified",ICD10,1,DOID:0080784,urinary tract infection
ICD10:N40,Hyperplasia of prostate,ICD10,1,DOID:13206,nodular prostate
ICD10:N41.3,Prostatocystitis,ICD10,1,DOID:12355,prostatocystitis
ICD10:N41.9,"Inflammatory disease of prostate, unspecified",ICD10,1,DOID:14654,prostatitis
ICD10:N42.0,Calculus of prostate,ICD10,1,DOID:13689,prostate calculus
ICD10:N42.83,Cyst of prostate,ICD10,1,DOID:11133,prostatic cyst
ICD10:N42.9,"Disorder of prostate, unspecified",ICD10,1,DOID:47,prostate disease
ICD10:N43.1,Infected hydrocele,ICD10,1,DOID:9911,infected hydrocele
ICD10:N43.4,Spermatocele,ICD10,1,DOID:11997,spermatocele
ICD10:N44.02,Intravaginal torsion of spermatic cord,ICD10,1,DOID:11996,spermatic cord torsion
ICD10:N45.1,Epididymitis,ICD10,1,DOID:9402,epididymitis
ICD10:N45.2,Orchitis,ICD10,1,DOID:2518,orchitis
ICD10:N45.3,Epididymo-orchitis,ICD10,1,DOID:9401,epididymo-orchitis
ICD10:N46,Male infertility,ICD10,1,DOID:12336,male infertility
ICD10:N46.0,Absolute male infertility,ICD10,1,DOID:14227,azoospermia
ICD10:N46.1,Male infertility due to germinal cell desquamation,ICD10,1,DOID:14228,oligospermia
ICD10:N47.1,Phimosis,ICD10,1,DOID:2712,phimosis
ICD10:N47.2,Paraphimosis,ICD10,1,DOID:5334,paraphimosis
ICD10:N47.6,Balanoposthitis,ICD10,1,DOID:13031,balanoposthitis
ICD10:N48.0,Leukoplakia of penis,ICD10,1,DOID:8738,leukoplakia of penis
ICD10:N48.1,Balanitis,ICD10,1,DOID:13033,balanitis
ICD10:N48.3,Priapism,ICD10,1,DOID:9286,priapism
ICD10:N48.6,Balanitis xerotica obliterans,ICD10,1,DOID:8616,Peyronie's disease
ICD10:N48.8,Other specified disorders of penis,ICD10,1,DOID:1529,penile disease
ICD10:N49.0,Inflammatory disorders of seminal vesicle,ICD10,1,DOID:9365,vesiculitis
ICD10:N50.0,Atrophy of testis,ICD10,1,DOID:11994,atrophy of testis
ICD10:N50.1,Vascular disorders of male genital organs,ICD10,1,DOID:12335,male genital organ vascular disease
ICD10:N50.9,"Disorder of male genital organs, unspecified",ICD10,1,DOID:48,male reproductive system disease
ICD10:N60.1,Diffuse cystic mastopathy,ICD10,1,DOID:10354,breast fibrocystic disease
ICD10:N60.2,Fibroadenosis of breast,ICD10,1,DOID:10352,breast fibroadenosis
ICD10:N60.3,Fibrosclerosis of breast,ICD10,1,DOID:10353,fibrosclerosis of breast
ICD10:N64.1,Fat necrosis of breast,ICD10,1,DOID:10691,fat necrosis of breast
ICD10:N64.89,Other specified disorders of breast,ICD10,1,DOID:10686,lactocele
ICD10:N64.9,"Disorder of breast, unspecified",ICD10,1,DOID:3463,breast disease
ICD10:N70.01,Acute salpingitis,ICD10,1,DOID:10973,acute salpingitis
ICD10:N70.03,Acute salpingitis and oophoritis,ICD10,1,DOID:10971,acute salpingo-oophoritis
ICD10:N70.1,Chronic salpingitis and oophoritis,ICD10,1,DOID:12265,chronic salpingo-oophoritis
ICD10:N70.11,Chronic salpingitis,ICD10,1,DOID:5731,chronic salpingitis
ICD10:N70.91,"Salpingitis, unspecified",ICD10,1,DOID:5733,salpingitis
ICD10:N70.92,"Oophoritis, unspecified",ICD10,1,DOID:10974,oophoritis
ICD10:N71.9,"Inflammatory disease of uterus, unspecified",ICD10,1,DOID:13736,uterine inflammatory disease
ICD10:N72,Inflammatory disease of cervix uteri,ICD10,1,DOID:2568,cervicitis
ICD10:N73.3,Female acute pelvic peritonitis,ICD10,1,DOID:9978,acute female pelvic peritonitis
ICD10:N73.9,"Female pelvic inflammatory disease, unspecified",ICD10,1,DOID:1003,pelvic inflammatory disease
ICD10:N75.0,Cyst of Bartholin's gland,ICD10,1,DOID:851,Bartholin's duct cyst
ICD10:N76.0,Acute vaginitis,ICD10,1,DOID:2273,vulvovaginitis
ICD10:N76.2,Acute vulvitis,ICD10,1,DOID:3901,vulvitis
ICD10:N77.0,Ulceration of vulva in diseases classified elsewhere,ICD10,1,DOID:12566,ulceration of vulva
ICD10:N80,,ICD10,1,DOID:289,endometriosis
ICD10:N80.1,Endometriosis of ovary,ICD10,1,DOID:11432,endometriosis of ovary
ICD10:N80.2,Endometriosis of fallopian tube,ICD10,1,DOID:11424,fallopian tube endometriosis
ICD10:N80.3,Endometriosis of pelvic peritoneum,ICD10,1,DOID:11429,endometriosis of pelvic peritoneum
ICD10:N80.4,Endometriosis of rectovaginal septum and vagina,ICD10,1,DOID:11431,endometriosis of rectovaginal septum and vagina
ICD10:N80.5,Endometriosis of intestine,ICD10,1,DOID:11428,endometriosis of intestine
ICD10:N80.6,Endometriosis in cutaneous scar,ICD10,1,DOID:11430,endometriosis in scar of skin
ICD10:N81.0,Urethrocele,ICD10,1,DOID:12369,prolapse of urethra
ICD10:N81.11,"Cystocele, midline",ICD10,1,DOID:14131,midline cystocele
ICD10:N81.12,"Cystocele, lateral",ICD10,1,DOID:14130,lateral cystocele
ICD10:N81.81,Perineocele,ICD10,1,DOID:12637,perineocele
ICD10:N81.84,Pelvic muscle wasting,ICD10,1,DOID:11629,pelvic muscle wasting
ICD10:N83.2,Other and unspecified ovarian cysts,ICD10,1,DOID:5119,ovarian cyst
ICD10:N83.4,Prolapse and hernia of ovary and fallopian tube,ICD10,1,DOID:12735,hernia of ovary and fallopian tube
ICD10:N84.0,Polyp of corpus uteri,ICD10,1,DOID:9042,polyp of corpus uteri
ICD10:N85.5,Inversion of uterus,ICD10,1,DOID:997,uterine inversion
ICD10:N85.7,Hematometra,ICD10,1,DOID:9958,hemometra
ICD10:N85.9,"Noninflammatory disorder of uterus, unspecified",ICD10,1,DOID:345,uterine disease
ICD10:N88.0,Leukoplakia of cervix uteri,ICD10,1,DOID:9043,uterine cervix leukoplakia
ICD10:N88.3,Incompetence of cervix uteri,ICD10,1,DOID:9681,cervical incompetence
ICD10:N88.4,Hypertrophic elongation of cervix uteri,ICD10,1,DOID:2251,hypertrophic elongation of cervix
ICD10:N89.4,Leukoplakia of vagina,ICD10,1,DOID:8920,leukoplakia of vagina
ICD10:N89.8,Other specified noninflammatory disorders of vagina,ICD10,1,DOID:3766,leukorrhea
ICD10:N90.4,Leukoplakia of vulva,ICD10,1,DOID:14292,vulvar dystrophy
ICD10:N90.5,Atrophy of vulva,ICD10,1,DOID:14275,atrophic vulva
ICD10:N91.2,"Amenorrhea, unspecified",ICD10,1,DOID:13938,amenorrhea
ICD10:N94.3,Premenstrual tension syndrome,ICD10,1,DOID:727,premenstrual tension
ICD10:N95.2,Postmenopausal atrophic vaginitis,ICD10,1,DOID:11968,postmenopausal atrophic vaginitis
ICD10:N97.2,Female infertility of uterine origin,ICD10,1,DOID:13589,female infertility of uterine origin
ICD10:O00,ruptured ectopic pregnancy,ICD10,1,DOID:0060329,ectopic pregnancy
ICD10:O01,,ICD10,1,DOID:3590,gestational trophoblastic neoplasm
ICD10:O14,,ICD10,1,DOID:10591,pre-eclampsia
ICD10:O14.2,"Severe pre-eclampsia with hemolysis, elevated liver enzymes and low platelet count (HELLP)",ICD10,1,DOID:13133,HELLP syndrome
ICD10:O15,convulsions following conditions in O10-O14 and O16,ICD10,1,DOID:13593,eclampsia
ICD10:O20.0,Threatened abortion,ICD10,1,DOID:9667,placental abruption
ICD10:O24.4,Diabetes mellitus arising in pregnancy,ICD10,1,DOID:11714,gestational diabetes
ICD10:O40,Polyhydramnios,ICD10,1,DOID:8488,polyhydramnios
ICD10:O41.0,Oligohydramnios,ICD10,1,DOID:12215,oligohydramnios
ICD10:O43,,ICD10,1,DOID:780,placenta disease
ICD10:O43.02,,ICD10,1,DOID:13576,twin-to-twin transfusion syndrome
ICD10:O43.21,,ICD10,1,DOID:4744,placenta accreta
ICD10:O44,,ICD10,1,DOID:11060,placenta praevia
ICD10:O88.21,Obstetric (pulmonary) embolism NOS,ICD10,1,DOID:8512,puerperal pulmonary embolism
ICD10:O90.3,Cardiomyopathy in the puerperium,ICD10,1,DOID:9997,peripartum cardiomyopathy
ICD10:P22.0,Respiratory distress syndrome of newborn,ICD10,1,DOID:12716,newborn respiratory distress syndrome
ICD10:P24.01,Meconium aspiration with respiratory symptoms,ICD10,1,DOID:11049,meconium aspiration syndrome
ICD10:P27.1,Bronchopulmonary dysplasia originating in the perinatal period,ICD10,1,DOID:11650,bronchopulmonary dysplasia
ICD10:P28.0,Primary atelectasis of newborn,ICD10,1,DOID:424,pulmonary immaturity
ICD10:P28.5,Respiratory failure of newborn,ICD10,1,DOID:11161,neonatal respiratory failure
ICD10:P29.3,Persistent fetal circulation,ICD10,1,DOID:13042,persistent fetal circulation syndrome
ICD10:P37.1,Congenital toxoplasmosis,ICD10,1,DOID:13336,congenital toxoplasmosis
ICD10:P37.5,Neonatal candidiasis,ICD10,1,DOID:9577,neonatal candidiasis
ICD10:P39.0,Neonatal infective mastitis,ICD10,1,DOID:13520,neonatal infective mastitis
ICD10:P39.1,Neonatal conjunctivitis and dacryocystitis,ICD10,1,DOID:9699,ophthalmia neonatorum
ICD10:P39.3,Neonatal urinary tract infection,ICD10,1,DOID:1375,neonatal urinary tract infectious disease
ICD10:P55,,ICD10,1,DOID:1098,hemolytic disease of the fetus
ICD10:P57,,ICD10,1,DOID:2382,kernicterus
ICD10:P57.0,Kernicterus due to isoimmunization,ICD10,1,DOID:12043,kernicterus due to isoimmunization
ICD10:P59.9,"Neonatal jaundice, unspecified",ICD10,1,DOID:2383,neonatal jaundice
ICD10:P60,Disseminated intravascular coagulation of newborn,ICD10,1,DOID:11246,DIC in newborn
ICD10:P61.0,Transient neonatal thrombocytopenia,ICD10,1,DOID:9771,transient neonatal thrombocytopenia
ICD10:P61.1,Polycythemia neonatorum,ICD10,1,DOID:11242,plethora of newborn
ICD10:P61.2,Anemia of prematurity,ICD10,1,DOID:11243,anemia of prematurity
ICD10:P61.5,Transient neonatal neutropenia,ICD10,1,DOID:11245,transient neonatal neutropenia
ICD10:P72.1,Transitory neonatal hyperthyroidism,ICD10,1,DOID:12573,neonatal thyrotoxicosis
ICD10:P78.0,Perinatal intestinal perforation,ICD10,1,DOID:2073,perinatal intestinal perforation
ICD10:P83.4,Breast engorgement of newborn,ICD10,1,DOID:11603,infant gynecomastia
ICD10:P84,Other problems with newborn,ICD10,1,DOID:11088,asphyxia neonatorum
ICD10:P91.2,Neonatal cerebral leukomalacia,ICD10,1,DOID:13088,periventricular leukomalacia
ICD10:P96.1,Neonatal withdrawal symptoms from maternal use of drugs of addiction,ICD10,1,DOID:9828,neonatal abstinence syndrome
ICD10:Q00.0,Anencephaly,ICD10,1,DOID:0060668,anencephaly
ICD10:Q02,Microcephaly,ICD10,1,DOID:10907,microcephaly
ICD10:Q03,hydrocephalus in newborn,ICD10,1,DOID:0070681,congenital hydrocephalus
ICD10:Q03.1,Atresia of foramina of Magendie and Luschka,ICD10,1,DOID:2785,Dandy-Walker syndrome
ICD10:Q04.2,Holoprosencephaly,ICD10,1,DOID:4621,holoprosencephaly
ICD10:Q04.6,Congenital cerebral cysts,ICD10,1,DOID:0060263,porencephaly
ICD10:Q04.8,Other specified congenital malformations of brain,ICD10,1,DOID:0090130,cortical dysplasia-focal epilepsy syndrome
ICD10:Q10.0,Congenital ptosis,ICD10,1,DOID:0060261,congenital ptosis
ICD10:Q12.1,Congenital displaced lens,ICD10,1,DOID:0111148,isolated ectopia lentis
ICD10:Q12.3,Congenital aphakia,ICD10,1,DOID:11367,congenital aphakia
ICD10:Q13.0,Coloboma of iris,ICD10,1,DOID:12270,coloboma
ICD10:Q13.1,Absence of iris,ICD10,1,DOID:12271,aniridia
ICD10:Q13.81,Rieger anomaly,ICD10,1,DOID:14686,Axenfeld-Rieger syndrome
ICD10:Q14.1,Congenital malformation of retina,ICD10,1,DOID:0060763,X-linked juvenile retinoschisis 1
ICD10:Q14.2,Congenital malformation of optic disc,ICD10,1,DOID:11975,coloboma of optic nerve
ICD10:Q15.0,Congenital glaucoma,ICD10,1,DOID:11212,hydrophthalmos
ICD10:Q15.8,Other specified congenital malformations of eye,ICD10,1,DOID:0060837,isolated microphthalmia 5
ICD10:Q18.2,Other branchial cleft malformations,ICD10,1,DOID:0060341,agnathia-otocephaly complex
ICD10:Q20.1,Double outlet right ventricle,ICD10,1,DOID:6406,double outlet right ventricle
ICD10:Q20.6,Isomerism of atrial appendages,ICD10,1,DOID:0060856,right atrial isomerism
ICD10:Q21.0,Ventricular septal defect,ICD10,1,DOID:1657,ventricular septal defect
ICD10:Q21.12,Patent foramen ovale,ICD10,1,DOID:13620,patent foramen ovale
ICD10:Q21.2,Atrioventricular septal defect,ICD10,1,DOID:0050651,atrioventricular septal defect
ICD10:Q21.3,Tetralogy of Fallot,ICD10,1,DOID:6419,tetralogy of Fallot
ICD10:Q21.9,"Congenital malformation of cardiac septum, unspecified",ICD10,1,DOID:1681,heart septal defect
ICD10:Q22.5,Ebstein's anomaly,ICD10,1,DOID:14289,Ebstein anomaly
ICD10:Q22.6,Hypoplastic right heart syndrome,ICD10,1,DOID:0070315,hypoplastic right heart syndrome
ICD10:Q23.0,Congenital stenosis of aortic valve,ICD10,1,DOID:1712,aortic valve stenosis
ICD10:Q23.3,Congenital mitral insufficiency,ICD10,1,DOID:11502,mitral valve insufficiency
ICD10:Q23.4,Hypoplastic left heart syndrome,ICD10,1,DOID:9955,hypoplastic left heart syndrome
ICD10:Q24.0,Dextrocardia,ICD10,1,DOID:9565,dextrocardia
ICD10:Q24.3,Pulmonary infundibular stenosis,ICD10,1,DOID:8861,pulmonary subvalvular stenosis
ICD10:Q24.6,Congenital heart block,ICD10,1,DOID:990,congenital heart block
ICD10:Q24.8,Other specified congenital malformations of heart,ICD10,1,DOID:0110070,arrhythmogenic right ventricular dysplasia 1
ICD10:Q24.9,"Congenital malformation of heart, unspecified",ICD10,1,DOID:1682,congenital heart disease
ICD10:Q25.0,Patent ductus arteriosus,ICD10,1,DOID:13832,patent ductus arteriosus
ICD10:Q25.3,Supravalvular aortic stenosis,ICD10,1,DOID:1929,supravalvular aortic stenosis
ICD10:Q26.8,Other congenital malformations of great veins,ICD10,1,DOID:4297,scimitar syndrome
ICD10:Q28.2,Arteriovenous malformation of cerebral vessels,ICD10,1,DOID:0060688,arteriovenous malformations of the brain
ICD10:Q30.0,Choanal atresia,ICD10,1,DOID:9574,choanal atresia
ICD10:Q31.5,Congenital laryngomalacia,ICD10,1,DOID:0080833,laryngomalacia
ICD10:Q32.0,Congenital tracheomalacia,ICD10,1,DOID:0060313,tracheomalacia
ICD10:Q35,palatoschisis,ICD10,1,DOID:674,cleft palate
ICD10:Q35.1,Cleft hard palate,ICD10,1,DOID:0110213,isolated cleft palate
ICD10:Q35.5,Cleft hard palate with cleft soft palate,ICD10,1,DOID:0110213,isolated cleft palate
ICD10:Q35.7,Cleft uvula,ICD10,1,DOID:0110213,isolated cleft palate
ICD10:Q35.9,"Cleft palate, unspecified",ICD10,1,DOID:0110213,isolated cleft palate
ICD10:Q36,harelip,ICD10,1,DOID:9296,cleft lip
ICD10:Q38.0,"Congenital malformations of lips, not elsewhere classified",ICD10,1,DOID:0060239,Van der Woude syndrome
ICD10:Q38.1,Ankyloglossia,ICD10,1,DOID:0060604,ankyloglossia
ICD10:Q39.0,Atresia of esophagus without fistula,ICD10,1,DOID:10485,esophageal atresia
ICD10:Q40.0,Congenital hypertrophic pyloric stenosis,ICD10,1,DOID:12638,hypertrophic pyloric stenosis
ICD10:Q40.1,Congenital hiatus hernia,ICD10,1,DOID:12641,displacement of cardia through esophageal hiatus
ICD10:Q41.1,"Congenital absence, atresia and stenosis of jejunum",ICD10,1,DOID:10486,intestinal atresia
ICD10:Q42.3,"Congenital absence, atresia and stenosis of anus without fistula",ICD10,1,DOID:10488,imperforate anus
ICD10:Q43.0,Meckel's diverticulum,ICD10,1,DOID:9487,Meckel's diverticulum
ICD10:Q43.1,Hirschsprung's disease,ICD10,1,DOID:10487,Hirschsprung's disease
ICD10:Q44.2,Atresia of bile ducts,ICD10,1,DOID:13608,biliary atresia
ICD10:Q44.4,Choledochal cyst,ICD10,1,DOID:899,choledochal cyst
ICD10:Q44.71,Alagille syndrome,ICD10,1,DOID:9245,Alagille syndrome
ICD10:Q45.1,Annular pancreas,ICD10,1,DOID:0060850,annular pancreas
ICD10:Q50.5,Embryonic cyst of broad ligament,ICD10,1,DOID:4333,parovarian cyst
ICD10:Q51.2,Other doubling of uterus,ICD10,1,DOID:0060739,hand-foot-genital syndrome
ICD10:Q53.9,"Undescended testicle, unspecified",ICD10,1,DOID:11383,cryptorchidism
ICD10:Q54,,ICD10,1,DOID:10892,hypospadias
ICD10:Q56,,ICD10,1,DOID:3765,pseudohermaphroditism
ICD10:Q56.1,"Male pseudohermaphroditism, not elsewhere classified",ICD10,1,DOID:0090091,hypogonadotropic hypogonadism 23 with or without anosmia
ICD10:Q56.3,"Pseudohermaphroditism, unspecified",ICD10,1,DOID:3765,pseudohermaphroditism
ICD10:Q60.6,Potter's syndrome,ICD10,1,DOID:12594,Potter's syndrome
ICD10:Q61.1,"Polycystic kidney, infantile type",ICD10,1,DOID:0110861,autosomal recessive polycystic kidney disease
ICD10:Q61.3,"Polycystic kidney, unspecified",ICD10,1,DOID:898,autosomal dominant polycystic kidney disease
ICD10:Q64.10,"Exstrophy of urinary bladder, unspecified",ICD10,1,DOID:0080174,bladder exstrophy
ICD10:Q66.89,Other specified congenital deformities of feet,ICD10,1,DOID:11836,clubfoot
ICD10:Q68.8,Other specified congenital musculoskeletal deformities,ICD10,1,DOID:0060558,lethal congenital contracture syndrome
ICD10:Q69,,ICD10,1,DOID:1148,polydactyly
ICD10:Q70,,ICD10,1,DOID:11193,syndactyly
ICD10:Q71.6,Lobster-claw hand,ICD10,1,DOID:0090021,split hand-foot malformation 1
ICD10:Q74.8,Other specified congenital malformations of limb(s),ICD10,1,DOID:0090067,Fuhrmann syndrome
ICD10:Q75.0,Craniosynostosis,ICD10,1,DOID:2340,craniosynostosis
ICD10:Q75.1,Craniofacial dysostosis,ICD10,1,DOID:2339,Crouzon syndrome
ICD10:Q75.4,Mandibulofacial dysostosis,ICD10,1,DOID:2908,Treacher Collins syndrome
ICD10:Q76.1,Klippel-Feil syndrome,ICD10,1,DOID:10426,Klippel-Feil syndrome
ICD10:Q76.3,Congenital scoliosis due to congenital bony malformation,ICD10,1,DOID:0090143,brachyolmia-amelogenesis imperfecta syndrome
ICD10:Q76.4,"Other congenital malformations of spine, not associated with scoliosis",ICD10,1,DOID:0090116,spondylocarpotarsal synostosis syndrome
ICD10:Q77.1,Thanatophoric short stature,ICD10,1,DOID:13481,thanatophoric dysplasia
ICD10:Q77.5,Diastrophic dysplasia,ICD10,1,DOID:14687,diastrophic dysplasia
ICD10:Q77.6,Chondroectodermal dysplasia,ICD10,1,DOID:12714,Ellis-Van Creveld syndrome
ICD10:Q78.1,Polyostotic fibrous dysplasia,ICD10,1,DOID:1858,McCune Albright syndrome
ICD10:Q78.3,Progressive diaphyseal dysplasia,ICD10,1,DOID:4997,Camurati-Engelmann disease
ICD10:Q78.6,Multiple congenital exostoses,ICD10,1,DOID:206,hereditary multiple exostoses
ICD10:Q78.8,Other specified osteochondrodysplasias,ICD10,1,DOID:11991,osteopoikilosis
ICD10:Q78.9,"Osteochondrodysplasia, unspecified",ICD10,1,DOID:2256,osteochondrodysplasia
ICD10:Q79.1,Other congenital malformations of diaphragm,ICD10,1,DOID:10480,diaphragmatic eventration
ICD10:Q79.3,Gastroschisis,ICD10,1,DOID:11044,gastroschisis
ICD10:Q79.4,Prune belly syndrome,ICD10,1,DOID:0060889,prune belly syndrome
ICD10:Q79.6,Ehlers-Danlos syndrome,ICD10,1,DOID:13359,Ehlers-Danlos syndrome
ICD10:Q79.62,Hypermobile Ehlers-Danlos syndrome,ICD10,1,DOID:14757,Ehlers-Danlos syndrome hypermobility type
ICD10:Q79.8,Other congenital malformations of musculoskeletal system,ICD10,1,DOID:12961,Poland syndrome
ICD10:Q80.0,Ichthyosis vulgaris,ICD10,1,DOID:1702,ichthyosis vulgaris
ICD10:Q80.1,X-linked ichthyosis,ICD10,1,DOID:1700,X-linked ichthyosis
ICD10:Q80.3,Congenital bullous ichthyosiform erythroderma,ICD10,1,DOID:4603,epidermolytic hyperkeratosis
ICD10:Q80.4,Harlequin fetus,ICD10,1,DOID:0060713,autosomal recessive congenital ichthyosis 4B
ICD10:Q81,,ICD10,1,DOID:2730,epidermolysis bullosa
ICD10:Q81.1,Epidermolysis bullosa letalis,ICD10,1,DOID:0060737,junctional epidermolysis bullosa Herlitz type
ICD10:Q82.3,Incontinentia pigmenti,ICD10,1,DOID:12305,Bloch-Sulzberger syndrome
ICD10:Q82.5,Congenital non-neoplastic nevus,ICD10,1,DOID:2725,capillary hemangioma
ICD10:Q84.1,"Congenital morphological disturbances of hair, not elsewhere classified",ICD10,1,DOID:0050472,monilethrix
ICD10:Q84.2,Other congenital malformations of hair,ICD10,1,DOID:0111060,Ambras type hypertrichosis universalis congenita
ICD10:Q85.00,"Neurofibromatosis, unspecified",ICD10,1,DOID:8712,neurofibromatosis
ICD10:Q85.01,"Neurofibromatosis, type 1",ICD10,1,DOID:0111253,neurofibromatosis 1
ICD10:Q85.02,"Neurofibromatosis, type 2",ICD10,1,DOID:0111252,vestibular schwannomatosis
ICD10:Q85.03,Schwannomatosis,ICD10,1,DOID:3204,schwannomatosis
ICD10:Q85.1,Tuberous sclerosis,ICD10,1,DOID:13515,tuberous sclerosis
ICD10:Q85.81,PTEN hamartoma tumor syndrome,ICD10,1,DOID:0050657,Cowden syndrome 1
ICD10:Q85.83,Von Hippel-Lindau syndrome,ICD10,1,DOID:14175,von Hippel-Lindau disease
ICD10:Q86.0,Fetal alcohol syndrome (dysmorphic),ICD10,1,DOID:0050665,fetal alcohol syndrome
ICD10:Q86.8,Other congenital malformation syndromes due to known exogenous causes,ICD10,1,DOID:0051077,diethylstilbestrol syndrome
ICD10:Q87.11,Prader-Willi syndrome,ICD10,1,DOID:11983,Prader-Willi syndrome
ICD10:Q87.4,Marfan's syndrome,ICD10,1,DOID:14323,Marfan syndrome
ICD10:Q87.83,Bardet-Biedl syndrome,ICD10,1,DOID:1935,Bardet-Biedl syndrome
ICD10:Q87.84,Laurence-Moon syndrome,ICD10,1,DOID:1930,Laurence-Moon syndrome
ICD10:Q87.85,MED13L syndrome,ICD10,1,DOID:0070776,impaired intellectual development and distinctive facial features with or without cardiac defects
ICD10:Q87.86,Kleefstra syndrome,ICD10,1,DOID:0060352,Kleefstra syndrome 1
ICD10:Q89.3,Situs inversus,ICD10,1,DOID:758,visceral heterotaxy 5
ICD10:Q89.81,Kabuki syndrome,ICD10,1,DOID:0060473,Kabuki syndrome
ICD10:Q90,,ICD10,1,DOID:14250,Down syndrome
ICD10:Q91.7,"Patau's syndrome, unspecified",ICD10,1,DOID:11665,Patau syndrome
ICD10:Q93.3,Deletion of short arm of chromosome 4,ICD10,1,DOID:0050460,Wolf-Hirschhorn syndrome
ICD10:Q93.4,Deletion of short arm of chromosome 5,ICD10,1,DOID:12580,Cri-Du-Chat syndrome
ICD10:Q93.51,Angelman syndrome,ICD10,1,DOID:1932,Angelman syndrome
ICD10:Q93.81,Velo-cardio-facial syndrome,ICD10,1,DOID:12583,velocardiofacial syndrome
ICD10:Q93.82,Williams syndrome,ICD10,1,DOID:1928,Williams-Beuren syndrome
ICD10:Q93.88,Other microdeletions,ICD10,1,DOID:0060469,Miller-Dieker lissencephaly syndrome
ICD10:Q96,,ICD10,1,DOID:3491,Turner syndrome
ICD10:Q98.0,"Klinefelter's syndrome karyotype 47,XXY",ICD10,1,DOID:1921,Klinefelter syndrome
ICD10:Q99.2,Fragile X chromosome,ICD10,1,DOID:14261,fragile X syndrome
ICD10:Q99.81,,ICD10,1,DOID:0050439,Usher syndrome
ICD10:Q99.811,"Usher syndrome, type 1",ICD10,1,DOID:0110826,Usher syndrome type 1
ICD10:QA0.0151,FOXG1 syndrome,ICD10,1,DOID:0070657,congenital variant of Rett syndrome
ICD10:R41.1,Anterograde amnesia,ICD10,1,DOID:5340,anterograde amnesia
ICD10:R41.2,Retrograde amnesia,ICD10,1,DOID:4543,retrograde amnesia
ICD10:R41.3,Other amnesia,ICD10,1,DOID:10914,amnestic disorder
ICD10:R48.1,Agnosia,ICD10,1,DOID:4090,agnosia
ICD10:R48.2,Apraxia,ICD10,1,DOID:0060135,apraxia
ICD10:R48.3,Visual agnosia,ICD10,1,DOID:4970,prosopagnosia
ICD10:R73.9,"Hyperglycemia, unspecified",ICD10,1,DOID:4195,hyperglycemia
ICD10:R80,Isolated proteinuria,ICD10,1,DOID:576,proteinuria
ICD10:R80.2,"Orthostatic proteinuria, unspecified",ICD10,1,DOID:9617,orthostatic proteinuria
ICD10:R82.3,Hemoglobinuria,ICD10,1,DOID:582,hemoglobinuria
ICD10:R82.71,Bacteriuria,ICD10,1,DOID:1412,bacteriuria
ICD10:R82.81,Pyuria,ICD10,1,DOID:1439,pyuria
ICD10:R82.992,Hyperoxaluria,ICD10,1,DOID:2977,primary hyperoxaluria
ICD10:R91.1,Solitary pulmonary nodule,ICD10,1,DOID:5364,pulmonary coin lesion
ICD10:T75.3,Motion sickness,ICD10,1,DOID:2951,motion sickness
ICD10:T75.830,Gulf war syndrome,ICD10,1,DOID:4491,persian gulf syndrome
ICD10:T78.3,Angioneurotic edema,ICD10,1,DOID:1558,angioedema
ICD10:T78.40,Hypersensitivity NOS,ICD10,1,DOID:1205,allergic disease
ICD10:T78.41,Arthus reaction,ICD10,1,DOID:1556,arthus reaction
ICD10:T79.6,Traumatic ischemia of muscle,ICD10,1,DOID:5587,Volkmann contracture
ICD10:T79.A0,Compartment syndrome NOS,ICD10,1,DOID:682,compartment syndrome
ICD10:T88.3,Malignant hyperthermia due to anesthesia,ICD10,1,DOID:8545,malignant hyperthermia
ICD10:U07.1,COVID-19,ICD10,1,DOID:0080600,COVID-19
ICD10:Z88.1,Personal history of allergy to other antibiotic agents,ICD10,1,DOID:0040008,isoniazide allergy
ICD10:Z88.4,Personal history of allergy to anesthetic agent,ICD10,1,DOID:0040010,mepivacaine allergy
ICD10:Z91.014,Allergy to mammalian meats,ICD10,1,DOID:0070659,alpha-gal syndrome
ICD11:2A81.Z,,ICD11,1,DOID:0050745,diffuse large B-cell lymphoma
ICD11:2D10.0,,ICD11,1,DOID:3962,follicular thyroid carcinoma
ICD11:2D10.1,,ICD11,1,DOID:3969,papillary thyroid carcinoma
ICD11:4B24,,ICD11,1,DOID:0081267,graft-versus-host disease
ICD11:LB44.6,,ICD11,1,DOID:0051077,diethylstilbestrol syndrome
ICD9:001,,ICD9,1,DOID:1498,cholera
ICD9:001-009.99,,ICD9,1,DOID:100,intestinal infectious disease
ICD9:002.0,Typhoid fever,ICD9,1,DOID:13258,typhoid fever
ICD9:002.1,Paratyphoid fever A,ICD9,1,DOID:3055,paratyphoid fever
ICD9:002.2,Paratyphoid fever B,ICD9,1,DOID:3055,paratyphoid fever
ICD9:002.3,Paratyphoid fever C,ICD9,1,DOID:3055,paratyphoid fever
ICD9:002.9,"Paratyphoid fever, unspecified",ICD9,1,DOID:3055,paratyphoid fever
ICD9:003.0,Salmonella gastroenteritis,ICD9,1,DOID:0060859,salmonellosis
ICD9:004,,ICD9,1,DOID:12385,shigellosis
ICD9:004.0,Shigella dysenteriae,ICD9,1,DOID:12385,shigellosis
ICD9:004.1,Shigella flexneri,ICD9,1,DOID:12385,shigellosis
ICD9:004.2,Shigella boydii,ICD9,1,DOID:12385,shigellosis
ICD9:005.0,Staphylococcal food poisoning,ICD9,1,DOID:96,staphyloenterotoxemia
ICD9:006,,ICD9,1,DOID:9181,amebiasis
ICD9:007.0,Balantidiasis,ICD9,1,DOID:12386,balantidiasis
ICD9:007.1,Giardiasis,ICD9,1,DOID:10718,giardiasis
ICD9:007.4,Cryptosporidiosis,ICD9,1,DOID:1733,cryptosporidiosis
ICD9:007.5,Cyclosporiasis,ICD9,1,DOID:12750,cyclosporiasis
ICD9:007.8,Other specified protozoal intestinal diseases,ICD9,1,DOID:14397,protozoal dysentery
ICD9:010.1,,ICD9,1,DOID:106,pleural tuberculosis
ICD9:011,,ICD9,1,DOID:2957,pulmonary tuberculosis
ICD9:011.7,,ICD9,1,DOID:9534,tuberculous pneumothorax
ICD9:012.0,,ICD9,1,DOID:106,pleural tuberculosis
ICD9:012.3,,ICD9,1,DOID:1583,laryngeal tuberculosis
ICD9:013.2,,ICD9,1,DOID:1638,central nervous system tuberculosis
ICD9:014.0,,ICD9,1,DOID:9801,tuberculous peritonitis
ICD9:014.8,,ICD9,1,DOID:13282,intestinal tuberculosis
ICD9:015.9,,ICD9,1,DOID:1639,skeletal tuberculosis
ICD9:016,,ICD9,1,DOID:2149,urogenital tuberculosis
ICD9:016.0,,ICD9,1,DOID:9733,renal tuberculosis
ICD9:016.1,,ICD9,1,DOID:754,bladder tuberculosis
ICD9:016.2,,ICD9,1,DOID:827,ureter tuberculosis
ICD9:016.4,,ICD9,1,DOID:1251,tuberculous epididymitis
ICD9:017.7,,ICD9,1,DOID:9305,splenic tuberculosis
ICD9:017.8,,ICD9,1,DOID:7332,esophageal tuberculosis
ICD9:018,,ICD9,1,DOID:9861,miliary tuberculosis
ICD9:020,,ICD9,1,DOID:3482,plague
ICD9:020.0,Bubonic plague,ICD9,1,DOID:10773,bubonic plague
ICD9:020.2,Septicemic plague,ICD9,1,DOID:3481,septicemic plague
ICD9:020.3,Primary pneumonic plague,ICD9,1,DOID:10398,pneumonic plague
ICD9:020.4,Secondary pneumonic plague,ICD9,1,DOID:10398,pneumonic plague
ICD9:020.5,"Pneumonic plague, unspecified",ICD9,1,DOID:10398,pneumonic plague
ICD9:021.0,Ulceroglandular tularemia,ICD9,1,DOID:11990,ulceroglandular tularemia
ICD9:021.1,Enteric tularemia,ICD9,1,DOID:14239,gastrointestinal tularemia
ICD9:021.2,Pulmonary tularemia,ICD9,1,DOID:2122,pneumonic tularemia
ICD9:021.3,Oculoglandular tularemia,ICD9,1,DOID:13226,oculoglandular tularemia
ICD9:022,,ICD9,1,DOID:7427,anthrax disease
ICD9:022.0,Cutaneous anthrax,ICD9,1,DOID:7426,cutaneous anthrax
ICD9:022.2,Gastrointestinal anthrax,ICD9,1,DOID:13386,gastrointestinal anthrax
ICD9:023,,ICD9,1,DOID:11077,brucellosis
ICD9:023.0,Brucella melitensis,ICD9,1,DOID:14456,Brucella melitensis brucellosis
ICD9:023.1,Brucella abortus,ICD9,1,DOID:14457,Brucella abortus brucellosis
ICD9:023.3,Brucella canis,ICD9,1,DOID:14019,Brucella canis brucellosis
ICD9:024,Glanders,ICD9,1,DOID:13444,glanders
ICD9:025,Melioidosis,ICD9,1,DOID:5052,melioidosis
ICD9:026.0,Spirillary fever,ICD9,1,DOID:12096,sodoku disease
ICD9:026.1,Streptobacillary fever,ICD9,1,DOID:13238,Haverhill fever
ICD9:027.2,Pasteurellosis,ICD9,1,DOID:11055,pasteurellosis
ICD9:030,,ICD9,1,DOID:1024,leprosy
ICD9:030.0,Lepromatous leprosy [type L],ICD9,1,DOID:10887,lepromatous leprosy
ICD9:030.1,Tuberculoid leprosy [type T],ICD9,1,DOID:1025,tuberculoid leprosy
ICD9:030.2,Indeterminate leprosy [group I],ICD9,1,DOID:11851,indeterminate leprosy
ICD9:030.3,Borderline leprosy [group B],ICD9,1,DOID:1023,borderline leprosy
ICD9:032.83,Diphtheritic peritonitis,ICD9,1,DOID:13310,diphtheritic peritonitis
ICD9:032.84,Diphtheritic cystitis,ICD9,1,DOID:13306,diphtheritic cystitis
ICD9:032.85,Cutaneous diphtheria,ICD9,1,DOID:12275,cutaneous diphtheria
ICD9:033.1,Whooping cough due to bordetella parapertussis [B. parapertussis],ICD9,1,DOID:11750,Bordetella parapertussis whooping cough
ICD9:034,,ICD9,1,DOID:8596,scarlet fever
ICD9:034.1,Scarlet fever,ICD9,1,DOID:8596,scarlet fever
ICD9:035,Erysipelas,ICD9,1,DOID:11330,erysipelas
ICD9:036.0,Meningococcal meningitis,ICD9,1,DOID:0080176,meningococcal meningitis
ICD9:037,Tetanus,ICD9,1,DOID:11338,tetanus
ICD9:039.9,Actinomycotic infection of unspecified site,ICD9,1,DOID:8478,actinomycosis
ICD9:040.0,Gas gangrene,ICD9,1,DOID:9159,gas gangrene
ICD9:040.1,Rhinoscleroma,ICD9,1,DOID:11336,rhinoscleroma
ICD9:040.2,Whipple's disease,ICD9,1,DOID:8476,Whipple disease
ICD9:040.3,Necrobacillosis,ICD9,1,DOID:11337,Lemierre's syndrome
ICD9:040.81,Tropical pyomyositis,ICD9,1,DOID:876,pyomyositis
ICD9:040.82,Toxic shock syndrome,ICD9,1,DOID:14115,toxic shock syndrome
ICD9:042-042.99,,ICD9,1,DOID:526,human immunodeficiency virus infectious disease
ICD9:045,,ICD9,1,DOID:4953,poliomyelitis
ICD9:045.0,,ICD9,1,DOID:9786,bulbar polio
ICD9:045.2,,ICD9,1,DOID:4986,nonparalytic poliomyelitis
ICD9:046.0,Kuru,ICD9,1,DOID:648,kuru
ICD9:046.1,,ICD9,1,DOID:11949,Creutzfeldt-Jakob disease
ICD9:046.2,Subacute sclerosing panencephalitis,ICD9,1,DOID:8970,subacute sclerosing panencephalitis
ICD9:046.3,Progressive multifocal leukoencephalopathy,ICD9,1,DOID:643,progressive multifocal leukoencephalopathy
ICD9:046.71,Gerstmann-Sträussler-Scheinker syndrome,ICD9,1,DOID:4249,Gerstmann-Straussler-Scheinker syndrome
ICD9:046.72,Fatal familial insomnia,ICD9,1,DOID:0050433,fatal familial insomnia
ICD9:047.9,Unspecified viral meningitis,ICD9,1,DOID:10310,viral meningitis
ICD9:050,,ICD9,1,DOID:8736,smallpox
ICD9:050.0,Variola major,ICD9,1,DOID:0050508,variola major
ICD9:050.1,Alastrim,ICD9,1,DOID:9153,variola minor
ICD9:051.01,Cowpox,ICD9,1,DOID:8956,cowpox
ICD9:051.2,Contagious pustular dermatitis,ICD9,1,DOID:8771,contagious pustular dermatitis
ICD9:051.9,"Paravaccinia, unspecified",ICD9,1,DOID:8729,milker's nodule
ICD9:052,,ICD9,1,DOID:8659,chickenpox
ICD9:053,,ICD9,1,DOID:8536,herpes zoster
ICD9:053.11,Geniculate herpes zoster,ICD9,1,DOID:9210,Ramsay Hunt syndrome
ICD9:054,,ICD9,1,DOID:8566,herpes simplex
ICD9:054.0,Eczema herpeticum,ICD9,1,DOID:9123,eczema herpeticum
ICD9:054.1,,ICD9,1,DOID:8704,genital herpes
ICD9:054.41,Herpes simplex dermatitis of eyelid,ICD9,1,DOID:9123,eczema herpeticum
ICD9:054.6,Herpetic whitlow,ICD9,1,DOID:8607,herpetic whitlow
ICD9:055,,ICD9,1,DOID:8622,measles
ICD9:056,,ICD9,1,DOID:8781,rubella
ICD9:057.0,Erythema infectiosum (fifth disease),ICD9,1,DOID:8743,erythema infectiosum
ICD9:057.8,Other specified viral exanthemata,ICD9,1,DOID:8672,viral exanthem
ICD9:058.1,,ICD9,1,DOID:0050495,exanthema subitum
ICD9:059.01,Monkeypox,ICD9,1,DOID:3292,mpox
ICD9:060,,ICD9,1,DOID:9682,yellow fever
ICD9:060-066.99,,ICD9,1,DOID:934,viral infectious disease
ICD9:061,Dengue,ICD9,1,DOID:12205,dengue disease
ICD9:062.0,Japanese encephalitis,ICD9,1,DOID:10844,Japanese encephalitis
ICD9:062.1,Western equine encephalitis,ICD9,1,DOID:10843,Western equine encephalitis
ICD9:062.2,Eastern equine encephalitis,ICD9,1,DOID:10841,Eastern equine encephalitis
ICD9:062.3,St. Louis encephalitis,ICD9,1,DOID:10845,St. Louis encephalitis
ICD9:062.4,Australian encephalitis,ICD9,1,DOID:10842,Murray Valley encephalitis
ICD9:062.5,California virus encephalitis,ICD9,1,DOID:0050118,La Crosse encephalitis
ICD9:063.1,Louping ill,ICD9,1,DOID:10250,louping ill
ICD9:063.2,Central european encephalitis,ICD9,1,DOID:0050175,tick-borne encephalitis
ICD9:065.0,Crimean hemorrhagic fever [CHF Congo virus],ICD9,1,DOID:12287,Crimean-Congo hemorrhagic fever
ICD9:065.1,Omsk hemorrhagic fever,ICD9,1,DOID:992,Omsk hemorrhagic fever
ICD9:065.2,Kyasanur forest disease,ICD9,1,DOID:11320,Kyasanur forest disease
ICD9:066.0,Phlebotomus fever,ICD9,1,DOID:11360,phlebotomus fever
ICD9:066.2,Venezuelan equine fever,ICD9,1,DOID:9584,Venezuelan equine encephalitis
ICD9:066.4,,ICD9,1,DOID:2366,West Nile fever
ICD9:066.41,West Nile Fever with encephalitis,ICD9,1,DOID:2365,West Nile encephalitis
ICD9:070.7,,ICD9,1,DOID:1883,hepatitis C
ICD9:071,Rabies,ICD9,1,DOID:11260,rabies
ICD9:072,,ICD9,1,DOID:10264,mumps
ICD9:073,,ICD9,1,DOID:11262,ornithosis
ICD9:074.0,Herpangina,ICD9,1,DOID:10883,herpangina
ICD9:074.1,Epidemic pleurodynia,ICD9,1,DOID:10882,epidemic pleurodynia
ICD9:074.3,"Hand, foot, and mouth disease",ICD9,1,DOID:10881,"hand, foot and mouth disease"
ICD9:075,Infectious mononucleosis,ICD9,1,DOID:8568,infectious mononucleosis
ICD9:076,,ICD9,1,DOID:11265,trachoma
ICD9:076.0,"Trachoma, initial stage",ICD9,1,DOID:11265,trachoma
ICD9:076.1,"Trachoma, active stage",ICD9,1,DOID:11265,trachoma
ICD9:077.0,Inclusion conjunctivitis,ICD9,1,DOID:13800,inclusion conjunctivitis
ICD9:077.1,Epidemic keratoconjunctivitis,ICD9,1,DOID:13014,shipyard eye
ICD9:077.2,Pharyngoconjunctival fever,ICD9,1,DOID:13801,pharyngoconjunctival fever
ICD9:077.4,Epidemic hemorrhagic conjunctivitis,ICD9,1,DOID:11227,acute hemorrhagic conjunctivitis
ICD9:078.0,Molluscum contagiosum,ICD9,1,DOID:8867,molluscum contagiosum
ICD9:078.11,Condyloma acuminatum,ICD9,1,DOID:11168,anogenital venereal wart
ICD9:078.12,Plantar wart,ICD9,1,DOID:13775,plantar wart
ICD9:078.3,Cat-scratch disease,ICD9,1,DOID:11258,cat-scratch disease
ICD9:078.5,Cytomegaloviral disease,ICD9,1,DOID:0080827,human cytomegalovirus infection
ICD9:078.6,Hemorrhagic nephrosonephritis,ICD9,1,DOID:11266,Hantavirus hemorrhagic fever with renal syndrome
ICD9:079.0,Adenovirus infection in conditions classified elsewhere and of unspecified site,ICD9,1,DOID:0050117,disease by infectious agent
ICD9:079.82,SARS-associated coronavirus,ICD9,1,DOID:2945,severe acute respiratory syndrome
ICD9:080,Louse-borne (epidemic) typhus,ICD9,1,DOID:11256,typhus
ICD9:081.0,Murine (endemic) typhus,ICD9,1,DOID:11256,typhus
ICD9:081.1,Brill's disease,ICD9,1,DOID:11254,Brill-Zinsser disease
ICD9:081.2,Scrub typhus,ICD9,1,DOID:13371,scrub typhus
ICD9:081.9,"Typhus, unspecified",ICD9,1,DOID:11256,typhus
ICD9:082.0,Spotted fevers,ICD9,1,DOID:11104,spotted fever
ICD9:082.1,Boutonneuse fever,ICD9,1,DOID:14095,boutonneuse fever
ICD9:082.2,North Asian tick fever,ICD9,1,DOID:10921,Siberian tick typhus
ICD9:082.4,,ICD9,1,DOID:10242,ehrlichiosis
ICD9:083.0,Q fever,ICD9,1,DOID:11100,Q fever
ICD9:083.1,Trench fever,ICD9,1,DOID:11101,trench fever
ICD9:083.2,Rickettsialpox,ICD9,1,DOID:11103,rickettsialpox
ICD9:084,,ICD9,1,DOID:12365,malaria
ICD9:084.0,Falciparum malaria [malignant tertian],ICD9,1,DOID:14067,Plasmodium falciparum malaria
ICD9:084.1,Vivax malaria [benign tertian],ICD9,1,DOID:12978,Plasmodium vivax malaria
ICD9:084.2,Quartan malaria,ICD9,1,DOID:14324,Plasmodium malariae malaria
ICD9:084.3,Ovale malaria,ICD9,1,DOID:12919,Plasmodium ovale malaria
ICD9:084.5,Mixed malaria,ICD9,1,DOID:14325,mixed malaria
ICD9:084.8,Blackwater fever,ICD9,1,DOID:14068,blackwater fever
ICD9:085,,ICD9,1,DOID:9065,leishmaniasis
ICD9:085.0,Visceral [kala-azar] leishmaniasis,ICD9,1,DOID:9146,visceral leishmaniasis
ICD9:085.5,"Mucocutaneous leishmaniasis, (American)",ICD9,1,DOID:9155,mucocutaneous leishmaniasis
ICD9:086,,ICD9,1,DOID:10113,trypanosomiasis
ICD9:086.5,"African trypanosomiasis, unspecified",ICD9,1,DOID:10112,sleeping sickness
ICD9:087,,ICD9,1,DOID:13034,relapsing fever
ICD9:087.0,"Relapsing fever, louse-borne",ICD9,1,DOID:13035,louse-borne relapsing fever
ICD9:087.1,"Relapsing fever, tick-borne",ICD9,1,DOID:13036,tick-borne relapsing fever
ICD9:088.0,Bartonellosis,ICD9,1,DOID:11102,bartonellosis
ICD9:088.81,Lyme Disease,ICD9,1,DOID:11729,Lyme disease
ICD9:088.82,Babesiosis,ICD9,1,DOID:9643,babesiosis
ICD9:090,,ICD9,1,DOID:9856,congenital syphilis
ICD9:090.4,,ICD9,1,DOID:10039,late congenital syphilis
ICD9:090.5,"Other late congenital syphilis, symptomatic",ICD9,1,DOID:10039,late congenital syphilis
ICD9:091,,ICD9,1,DOID:4156,primary syphilis
ICD9:091.9,Unspecified secondary syphilis,ICD9,1,DOID:4157,secondary syphilis
ICD9:093.8,,ICD9,1,DOID:9880,cardiovascular syphilis
ICD9:094,,ICD9,1,DOID:9988,tertiary neurosyphilis
ICD9:094.0,Tabes dorsalis,ICD9,1,DOID:10027,tabes dorsalis
ICD9:094.2,Syphilitic meningitis,ICD9,1,DOID:10073,syphilitic meningitis
ICD9:094.3,Asymptomatic neurosyphilis,ICD9,1,DOID:10035,asymptomatic neurosyphilis
ICD9:094.81,Syphilitic encephalitis,ICD9,1,DOID:10081,syphilitic encephalitis
ICD9:097.0,"Late syphilis, unspecified",ICD9,1,DOID:8200,tertiary syphilis
ICD9:097.1,"Latent syphilis, unspecified",ICD9,1,DOID:9531,latent syphilis
ICD9:098,,ICD9,1,DOID:7551,gonorrhea
ICD9:098.11,Gonococcal cystitis (acute),ICD9,1,DOID:13690,acute gonococcal cystitis
ICD9:098.12,Gonococcal prostatitis (acute),ICD9,1,DOID:13943,acute gonococcal prostatitis
ICD9:098.13,Gonococcal epididymo-orchitis (acute),ICD9,1,DOID:10802,acute gonococcal epididymo-orchitis
ICD9:098.15,Gonococcal cervicitis (acute),ICD9,1,DOID:10615,acute gonococcal cervicitis
ICD9:098.16,Gonococcal endometritis (acute),ICD9,1,DOID:7527,acute gonococcal endometritis
ICD9:098.17,"Gonococcal salpingitis, specified as acute",ICD9,1,DOID:13942,acute gonococcal salpingitis
ICD9:098.34,"Gonococcal seminal vesiculitis, chronic",ICD9,1,DOID:10399,seminal vesicle chronic gonorrhea
ICD9:098.35,"Gonococcal cervicitis, chronic",ICD9,1,DOID:1512,chronic gonorrhea of cervix
ICD9:098.37,Gonococcal salpingitis (chronic),ICD9,1,DOID:12718,chronic gonococcal salpingitis
ICD9:098.41,Gonococcal iridocyclitis,ICD9,1,DOID:9384,gonococcal iridocyclitis
ICD9:098.42,Gonococcal endophthalmia,ICD9,1,DOID:9698,gonococcal endophthalmia
ICD9:098.43,Gonococcal keratitis,ICD9,1,DOID:9697,gonococcal keratitis
ICD9:098.51,Gonococcal synovitis and tenosynovitis,ICD9,1,DOID:13454,gonococcal synovitis
ICD9:098.52,Gonococcal bursitis,ICD9,1,DOID:13453,gonococcal bursitis
ICD9:098.53,Gonococcal spondylitis,ICD9,1,DOID:13127,gonococcal spondylitis
ICD9:099.0,Chancroid,ICD9,1,DOID:13778,chancroid
ICD9:099.1,Lymphogranuloma venereum,ICD9,1,DOID:13819,lymphogranuloma venereum
ICD9:099.2,Granuloma inguinale,ICD9,1,DOID:9113,granuloma inguinale
ICD9:099.3,Reiter's disease,ICD9,1,DOID:6196,reactive arthritis
ICD9:100,,ICD9,1,DOID:2297,leptospirosis
ICD9:100.0,Leptospirosis icterohemorrhagica,ICD9,1,DOID:2297,leptospirosis
ICD9:101,Vincent's angina,ICD9,1,DOID:13924,necrotizing ulcerative gingivitis
ICD9:102,,ICD9,1,DOID:10371,yaws
ICD9:102.0,Initial lesions of yaws,ICD9,1,DOID:10568,early yaws
ICD9:102.1,Multiple papillomata due to yaws and wet crab yaws,ICD9,1,DOID:10567,late yaws
ICD9:102.4,Gummata and ulcers due to yaws,ICD9,1,DOID:10567,late yaws
ICD9:102.6,Bone and joint lesions due to yaws,ICD9,1,DOID:10568,early yaws
ICD9:103,,ICD9,1,DOID:1022,pinta disease
ICD9:103.0,Primary lesions of pinta,ICD9,1,DOID:1022,pinta disease
ICD9:103.1,Intermediate lesions of pinta,ICD9,1,DOID:1022,pinta disease
ICD9:103.2,Late lesions of pinta,ICD9,1,DOID:1022,pinta disease
ICD9:103.3,Mixed lesions of pinta,ICD9,1,DOID:1022,pinta disease
ICD9:110,,ICD9,1,DOID:8913,dermatophytosis
ICD9:110-118.99,,ICD9,1,DOID:1564,fungal infectious disease
ICD9:110.0,Dermatophytosis of scalp and beard,ICD9,1,DOID:4337,tinea capitis
ICD9:110.2,Dermatophytosis of hand,ICD9,1,DOID:13369,tinea manuum
ICD9:110.3,Dermatophytosis of groin and perianal area,ICD9,1,DOID:11917,tinea cruris
ICD9:110.4,Dermatophytosis of foot,ICD9,1,DOID:12403,tinea pedis
ICD9:110.5,Dermatophytosis of the body,ICD9,1,DOID:12179,tinea corporis
ICD9:111.0,Pityriasis versicolor,ICD9,1,DOID:9060,pityriasis versicolor
ICD9:111.1,Tinea nigra,ICD9,1,DOID:8912,tinea nigra
ICD9:111.2,Tinea blanca,ICD9,1,DOID:13902,white piedra
ICD9:111.3,Black piedra,ICD9,1,DOID:12711,black piedra
ICD9:111.9,"Dermatomycosis, unspecified",ICD9,1,DOID:1563,dermatomycosis
ICD9:112,,ICD9,1,DOID:1508,candidiasis
ICD9:112.0,Candidiasis of mouth,ICD9,1,DOID:14262,oral candidiasis
ICD9:112.1,Candidiasis of vulva and vagina,ICD9,1,DOID:2272,vulvovaginal candidiasis
ICD9:112.3,Candidiasis of skin and nails,ICD9,1,DOID:14512,candidal paronychia
ICD9:112.84,Candidal esophagitis,ICD9,1,DOID:13146,esophageal candidiasis
ICD9:114,,ICD9,1,DOID:13450,coccidioidomycosis
ICD9:115,,ICD9,1,DOID:1731,histoplasmosis
ICD9:115.0,,ICD9,1,DOID:1759,American histoplasmosis
ICD9:115.10,"Infection by Histoplasma duboisii, without mention of manifestation",ICD9,1,DOID:11315,African histoplasmosis
ICD9:115.91,"Histoplasmosis, unspecified, meningitis",ICD9,1,DOID:12246,histoplasmosis meningitis
ICD9:115.92,"Histoplasmosis, unspecified, retinitis",ICD9,1,DOID:11316,histoplasmosis retinitis
ICD9:115.93,"Histoplasmosis, unspecified, pericarditis",ICD9,1,DOID:10234,histoplasmosis pericarditis
ICD9:116.0,Blastomycosis,ICD9,1,DOID:12663,blastomycosis
ICD9:116.1,Paracoccidioidomycosis,ICD9,1,DOID:12662,paracoccidioidomycosis
ICD9:116.2,Lobomycosis,ICD9,1,DOID:13026,lobomycosis
ICD9:117.0,Rhinosporidiosis,ICD9,1,DOID:2409,rhinosporidiosis
ICD9:117.1,Sporotrichosis,ICD9,1,DOID:14484,sporotrichosis
ICD9:117.2,Chromoblastomycosis,ICD9,1,DOID:1562,chromoblastomycosis
ICD9:117.3,Aspergillosis,ICD9,1,DOID:13564,aspergillosis
ICD9:117.5,Cryptococcosis,ICD9,1,DOID:12053,cryptococcosis
ICD9:117.6,Allescheriosis [Petriellidosis],ICD9,1,DOID:11186,allescheriosis
ICD9:118,Opportunistic mycoses,ICD9,1,DOID:2473,opportunistic mycosis
ICD9:120-129.99,,ICD9,1,DOID:883,parasitic helminthiasis infectious disease
ICD9:120.0,Schistosomiasis due to schistosoma haematobium,ICD9,1,DOID:1394,urinary schistosomiasis
ICD9:120.1,Schistosomiasis due to schistosoma mansoni,ICD9,1,DOID:0050597,intestinal schistosomiasis
ICD9:120.2,Schistosomiasis due to schistosoma japonicum,ICD9,1,DOID:0050597,intestinal schistosomiasis
ICD9:120.3,Cutaneous schistosomiasis,ICD9,1,DOID:11302,cercarial dermatitis
ICD9:120.8,Other specified schistosomiasis,ICD9,1,DOID:1395,schistosomiasis
ICD9:121.0,Opisthorchiasis,ICD9,1,DOID:13768,opisthorchiasis
ICD9:121.1,Clonorchiasis,ICD9,1,DOID:13767,clonorchiasis
ICD9:121.2,Paragonimiasis,ICD9,1,DOID:10699,paragonimiasis
ICD9:121.3,Fascioliasis,ICD9,1,DOID:885,fascioliasis
ICD9:121.4,Fasciolopsiasis,ICD9,1,DOID:888,fasciolopsiasis
ICD9:121.5,Metagonimiasis,ICD9,1,DOID:884,metagonimiasis
ICD9:121.6,Heterophyiasis,ICD9,1,DOID:882,heterophyiasis
ICD9:122,,ICD9,1,DOID:1496,echinococcosis
ICD9:122.4,"Echinococcus granulosus infection, unspecified",ICD9,1,DOID:1495,cystic echinococcosis
ICD9:122.7,"Echinococcus multilocularis infection, unspecified",ICD9,1,DOID:12148,alveolar echinococcosis
ICD9:123.1,Cysticercosis,ICD9,1,DOID:10079,cysticercosis
ICD9:123.2,Taenia saginata infection,ICD9,1,DOID:0050596,taeniasis
ICD9:123.4,"Diphyllobothriasis, intestinal",ICD9,1,DOID:10075,diphyllobothriasis
ICD9:123.5,Sparganosis [larval diphyllobothriasis],ICD9,1,DOID:10080,sparganosis
ICD9:123.6,Hymenolepiasis,ICD9,1,DOID:10074,hymenolepiasis
ICD9:124,Trichinosis,ICD9,1,DOID:9784,trichinosis
ICD9:125.2,Loiasis,ICD9,1,DOID:13523,loiasis
ICD9:125.3,Onchocerciasis,ICD9,1,DOID:11678,onchocerciasis
ICD9:125.4,Dipetalonemiasis,ICD9,1,DOID:14422,dipetalonemiasis
ICD9:125.7,Dracontiasis,ICD9,1,DOID:14418,dracunculiasis
ICD9:125.9,Unspecified filariasis,ICD9,1,DOID:1080,filariasis
ICD9:127.0,Ascariasis,ICD9,1,DOID:456,ascariasis
ICD9:127.1,Anisakiasis,ICD9,1,DOID:7033,anisakiasis
ICD9:127.2,Strongyloidiasis,ICD9,1,DOID:10955,strongyloidiasis
ICD9:127.5,Capillariasis,ICD9,1,DOID:12474,capillariasis
ICD9:127.6,Trichostrongyliasis,ICD9,1,DOID:1254,trichostrongylosis
ICD9:128.1,Gnathostomiasis,ICD9,1,DOID:11379,gnathomiasis
ICD9:130,,ICD9,1,DOID:9965,toxoplasmosis
ICD9:131,,ICD9,1,DOID:1947,trichomoniasis
ICD9:132.0,Pediculus capitis [head louse],ICD9,1,DOID:5501,Pediculus humanus capitis infestation
ICD9:132.1,Pediculus corporis [body louse],ICD9,1,DOID:5513,Pediculus humanus corporis infestation
ICD9:132.2,Phthirus pubis [pubic louse],ICD9,1,DOID:13760,Pthirus pubis infestation
ICD9:132.9,"Pediculosis, unspecified",ICD9,1,DOID:5502,lice infestation
ICD9:133,,ICD9,1,DOID:7894,mite infestation
ICD9:133.0,Scabies,ICD9,1,DOID:8295,scabies
ICD9:134.0,Myiasis,ICD9,1,DOID:11080,myiasis
ICD9:134.2,Hirudiniasis,ICD9,1,DOID:11079,leech infestation
ICD9:135,Sarcoidosis,ICD9,1,DOID:11335,sarcoidosis
ICD9:136.0,Ainhum,ICD9,1,DOID:11329,ainhum
ICD9:136.1,Behcet's syndrome,ICD9,1,DOID:13241,Behcet's disease
ICD9:136.5,Sarcosporidiosis,ICD9,1,DOID:9640,sarcocystosis
ICD9:140,,ICD9,1,DOID:8564,lip cancer
ICD9:140.0,"Malignant neoplasm of upper lip, vermilion border",ICD9,1,DOID:8630,upper lip cancer
ICD9:140.1,"Malignant neoplasm of lower lip, vermilion border",ICD9,1,DOID:8883,lower lip cancer
ICD9:140.3,"Malignant neoplasm of upper lip, inner aspect",ICD9,1,DOID:8630,upper lip cancer
ICD9:140.6,Malignant neoplasm of commissure of lip,ICD9,1,DOID:8564,lip cancer
ICD9:140.8,Malignant neoplasm of other sites of lip,ICD9,1,DOID:8564,lip cancer
ICD9:141,,ICD9,1,DOID:8649,tongue cancer
ICD9:141.0,Malignant neoplasm of base of tongue,ICD9,1,DOID:8649,tongue cancer
ICD9:141.1,Malignant neoplasm of dorsal surface of tongue,ICD9,1,DOID:8649,tongue cancer
ICD9:141.2,Malignant neoplasm of tip and lateral border of tongue,ICD9,1,DOID:8649,tongue cancer
ICD9:141.3,Malignant neoplasm of ventral surface of tongue,ICD9,1,DOID:8649,tongue cancer
ICD9:141.5,Malignant neoplasm of junctional zone of tongue,ICD9,1,DOID:8649,tongue cancer
ICD9:141.6,Malignant neoplasm of lingual tonsil,ICD9,1,DOID:8649,tongue cancer
ICD9:142.0,Malignant neoplasm of parotid gland,ICD9,1,DOID:9036,parotid gland cancer
ICD9:142.1,Malignant neoplasm of submandibular gland,ICD9,1,DOID:9173,submandibular gland cancer
ICD9:142.2,Malignant neoplasm of sublingual gland,ICD9,1,DOID:8849,sublingual gland cancer
ICD9:142.8,Malignant neoplasm of other major salivary glands,ICD9,1,DOID:8850,salivary gland cancer
ICD9:143,,ICD9,1,DOID:8602,gum cancer
ICD9:143.0,Malignant neoplasm of upper gum,ICD9,1,DOID:8601,upper gum cancer
ICD9:143.1,Malignant neoplasm of lower gum,ICD9,1,DOID:9125,lower gum cancer
ICD9:144,,ICD9,1,DOID:8618,oral cavity cancer
ICD9:144.0,Malignant neoplasm of anterior portion of floor of mouth,ICD9,1,DOID:8618,oral cavity cancer
ICD9:144.1,Malignant neoplasm of lateral portion of floor of mouth,ICD9,1,DOID:8618,oral cavity cancer
ICD9:145.0,Malignant neoplasm of cheek mucosa,ICD9,1,DOID:8702,cheek mucosa cancer
ICD9:145.1,Malignant neoplasm of vestibule of mouth,ICD9,1,DOID:9188,vestibule of mouth cancer
ICD9:145.2,Malignant neoplasm of hard palate,ICD9,1,DOID:9149,hard palate cancer
ICD9:145.3,Malignant neoplasm of soft palate,ICD9,1,DOID:8578,soft palate cancer
ICD9:145.4,Malignant neoplasm of uvula,ICD9,1,DOID:8635,uvula cancer
ICD9:145.6,Malignant neoplasm of retromolar area,ICD9,1,DOID:8930,retromolar area cancer
ICD9:146,,ICD9,1,DOID:8557,oropharynx cancer
ICD9:146.0,Malignant neoplasm of tonsil,ICD9,1,DOID:8858,tonsil cancer
ICD9:146.1,Malignant neoplasm of tonsillar fossa,ICD9,1,DOID:8969,tonsillar fossa cancer
ICD9:146.2,Malignant neoplasm of tonsillar pillars (anterior) (posterior),ICD9,1,DOID:8688,tonsillar pillar cancer
ICD9:146.3,Malignant neoplasm of vallecula epiglottica,ICD9,1,DOID:8556,vallecula cancer
ICD9:146.4,Malignant neoplasm of anterior aspect of epiglottis,ICD9,1,DOID:8133,epiglottis cancer
ICD9:147,,ICD9,1,DOID:9261,nasopharynx carcinoma
ICD9:147.0,Malignant neoplasm of superior wall of nasopharynx,ICD9,1,DOID:9261,nasopharynx carcinoma
ICD9:147.1,Malignant neoplasm of posterior wall of nasopharynx,ICD9,1,DOID:9261,nasopharynx carcinoma
ICD9:147.2,Malignant neoplasm of lateral wall of nasopharynx,ICD9,1,DOID:9261,nasopharynx carcinoma
ICD9:147.3,Malignant neoplasm of anterior wall of nasopharynx,ICD9,1,DOID:9261,nasopharynx carcinoma
ICD9:148,,ICD9,1,DOID:8533,hypopharynx cancer
ICD9:148.0,Malignant neoplasm of postcricoid region of hypopharynx,ICD9,1,DOID:8660,postcricoid region cancer
ICD9:148.1,Malignant neoplasm of pyriform sinus,ICD9,1,DOID:9235,pyriform sinus cancer
ICD9:148.2,"Malignant neoplasm of aryepiglottic fold, hypopharyngeal aspect",ICD9,1,DOID:8663,aryepiglottic fold cancer
ICD9:148.3,Malignant neoplasm of posterior hypopharyngeal wall,ICD9,1,DOID:8533,hypopharynx cancer
ICD9:149.1,Malignant neoplasm of waldeyer's ring,ICD9,1,DOID:8937,Waldeyer's ring cancer
ICD9:150.2,Malignant neoplasm of abdominal esophagus,ICD9,1,DOID:5041,esophageal cancer
ICD9:150.3,Malignant neoplasm of upper third of esophagus,ICD9,1,DOID:5041,esophageal cancer
ICD9:150.4,Malignant neoplasm of middle third of esophagus,ICD9,1,DOID:5041,esophageal cancer
ICD9:150.5,Malignant neoplasm of lower third of esophagus,ICD9,1,DOID:5041,esophageal cancer
ICD9:150.8,Malignant neoplasm of other specified part of esophagus,ICD9,1,DOID:5041,esophageal cancer
ICD9:151,,ICD9,1,DOID:10534,stomach cancer
ICD9:151.0,Malignant neoplasm of cardia,ICD9,1,DOID:10548,cardia cancer
ICD9:151.1,Malignant neoplasm of pylorus,ICD9,1,DOID:10544,pylorus cancer
ICD9:151.2,Malignant neoplasm of pyloric antrum,ICD9,1,DOID:10547,pyloric antrum cancer
ICD9:151.3,Malignant neoplasm of fundus of stomach,ICD9,1,DOID:10538,gastric fundus cancer
ICD9:151.4,Malignant neoplasm of body of stomach,ICD9,1,DOID:10534,stomach cancer
ICD9:151.5,"Malignant neoplasm of lesser curvature of stomach, unspecified",ICD9,1,DOID:10534,stomach cancer
ICD9:151.6,"Malignant neoplasm of greater curvature of stomach, unspecified",ICD9,1,DOID:10534,stomach cancer
ICD9:152.0,Malignant neoplasm of duodenum,ICD9,1,DOID:10021,duodenum cancer
ICD9:152.1,Malignant neoplasm of jejunum,ICD9,1,DOID:13499,jejunal cancer
ICD9:152.2,Malignant neoplasm of ileum,ICD9,1,DOID:10153,ileum cancer
ICD9:152.3,Malignant neoplasm of Meckel's diverticulum,ICD9,1,DOID:10152,Meckel's diverticulum cancer
ICD9:152.9,"Malignant neoplasm of small intestine, unspecified site",ICD9,1,DOID:10154,small intestine cancer
ICD9:153,,ICD9,1,DOID:219,colon cancer
ICD9:153.0,Malignant neoplasm of hepatic flexure,ICD9,1,DOID:260,hepatic flexure cancer
ICD9:153.1,Malignant neoplasm of transverse colon,ICD9,1,DOID:261,transverse colon cancer
ICD9:153.2,Malignant neoplasm of descending colon,ICD9,1,DOID:12190,descending colon cancer
ICD9:153.3,Malignant neoplasm of sigmoid colon,ICD9,1,DOID:12192,sigmoid colon cancer
ICD9:153.4,Malignant neoplasm of cecum,ICD9,1,DOID:1521,cecum cancer
ICD9:153.5,Malignant neoplasm of appendix vermiformis,ICD9,1,DOID:11239,appendix cancer
ICD9:153.6,Malignant neoplasm of ascending colon,ICD9,1,DOID:218,ascending colon cancer
ICD9:153.7,Malignant neoplasm of splenic flexure,ICD9,1,DOID:12191,splenic flexure cancer
ICD9:154.0,Malignant neoplasm of rectosigmoid junction,ICD9,1,DOID:2782,rectosigmoid junction cancer
ICD9:154.1,Malignant neoplasm of rectum,ICD9,1,DOID:1993,rectum cancer
ICD9:154.2,Malignant neoplasm of anal canal,ICD9,1,DOID:14110,anus cancer
ICD9:154.3,"Malignant neoplasm of anus, unspecified site",ICD9,1,DOID:14110,anus cancer
ICD9:155.0,"Malignant neoplasm of liver, primary",ICD9,1,DOID:3571,liver cancer
ICD9:155.1,Malignant neoplasm of intrahepatic bile ducts,ICD9,1,DOID:12298,intrahepatic gall duct cancer
ICD9:155.2,"Malignant neoplasm of liver, not specified as primary or secondary",ICD9,1,DOID:3571,liver cancer
ICD9:156.0,Malignant neoplasm of gallbladder,ICD9,1,DOID:3121,gallbladder cancer
ICD9:156.1,Malignant neoplasm of extrahepatic bile ducts,ICD9,1,DOID:4606,bile duct cancer
ICD9:156.2,Malignant neoplasm of ampulla of vater,ICD9,1,DOID:10020,ampulla of Vater cancer
ICD9:156.9,"Malignant neoplasm of biliary tract, part unspecified site",ICD9,1,DOID:4607,biliary tract cancer
ICD9:157.0,Malignant neoplasm of head of pancreas,ICD9,1,DOID:1793,pancreatic cancer
ICD9:157.1,Malignant neoplasm of body of pancreas,ICD9,1,DOID:1793,pancreatic cancer
ICD9:157.2,Malignant neoplasm of tail of pancreas,ICD9,1,DOID:1793,pancreatic cancer
ICD9:157.3,Malignant neoplasm of pancreatic duct,ICD9,1,DOID:3587,pancreatic ductal carcinoma
ICD9:157.4,Malignant neoplasm of islets of langerhans,ICD9,1,DOID:1798,pancreatic endocrine carcinoma
ICD9:157.8,Malignant neoplasm of other specified sites of pancreas,ICD9,1,DOID:1793,pancreatic cancer
ICD9:158,,ICD9,1,DOID:5875,retroperitoneal cancer
ICD9:158.0,Malignant neoplasm of retroperitoneum,ICD9,1,DOID:5875,retroperitoneal cancer
ICD9:158.8,Malignant neoplasm of specified parts of peritoneum,ICD9,1,DOID:1725,peritoneum cancer
ICD9:159.0,"Malignant neoplasm of intestinal tract, part unspecified",ICD9,1,DOID:10155,intestinal cancer
ICD9:160.0,Malignant neoplasm of nasal cavities,ICD9,1,DOID:10811,nasal cavity cancer
ICD9:160.2,Malignant neoplasm of maxillary sinus,ICD9,1,DOID:1357,maxillary sinus cancer
ICD9:160.3,Malignant neoplasm of ethmoidal sinus,ICD9,1,DOID:1363,ethmoid sinus cancer
ICD9:160.4,Malignant neoplasm of frontal sinus,ICD9,1,DOID:1360,frontal sinus cancer
ICD9:160.5,Malignant neoplasm of sphenoidal sinus,ICD9,1,DOID:14546,sphenoidal sinus cancer
ICD9:161,,ICD9,1,DOID:2596,larynx cancer
ICD9:161.0,Malignant neoplasm of glottis,ICD9,1,DOID:2595,glottis cancer
ICD9:161.1,Malignant neoplasm of supraglottis,ICD9,1,DOID:13476,supraglottis cancer
ICD9:161.2,Malignant neoplasm of subglottis,ICD9,1,DOID:11472,subglottis cancer
ICD9:161.3,Malignant neoplasm of laryngeal cartilages,ICD9,1,DOID:13348,laryngeal cartilage cancer
ICD9:162.0,Malignant neoplasm of trachea,ICD9,1,DOID:11920,tracheal cancer
ICD9:162.2,Malignant neoplasm of main bronchus,ICD9,1,DOID:3924,main bronchus cancer
ICD9:162.3,"Malignant neoplasm of upper lobe, bronchus or lung",ICD9,1,DOID:1324,lung cancer
ICD9:162.4,"Malignant neoplasm of middle lobe, bronchus or lung",ICD9,1,DOID:1324,lung cancer
ICD9:162.5,"Malignant neoplasm of lower lobe, bronchus or lung",ICD9,1,DOID:1324,lung cancer
ICD9:162.8,Malignant neoplasm of other parts of bronchus or lung,ICD9,1,DOID:1324,lung cancer
ICD9:162.9,"Malignant neoplasm of bronchus and lung, unspecified",ICD9,1,DOID:1325,bronchus cancer
ICD9:163,,ICD9,1,DOID:5158,pleural cancer
ICD9:164.0,Malignant neoplasm of thymus,ICD9,1,DOID:3277,thymus cancer
ICD9:164.1,Malignant neoplasm of heart,ICD9,1,DOID:117,heart cancer
ICD9:164.3,Malignant neoplasm of posterior mediastinum,ICD9,1,DOID:436,posterior mediastinum cancer
ICD9:164.9,"Malignant neoplasm of mediastinum, part unspecified",ICD9,1,DOID:5559,mediastinal cancer
ICD9:170.1,Malignant neoplasm of mandible,ICD9,1,DOID:2338,mandibular cancer
ICD9:170.7,Malignant neoplasm of long bones of lower limb,ICD9,1,DOID:10149,long bones of lower limb cancer
ICD9:170.8,Malignant neoplasm of short bones of lower limb,ICD9,1,DOID:10151,malignant neoplasm of short bones of lower limb
ICD9:171.9,"Malignant neoplasm of connective and other soft tissue, site unspecified",ICD9,1,DOID:1115,sarcoma
ICD9:172.9,"Melanoma of skin, site unspecified",ICD9,1,DOID:8923,skin melanoma
ICD9:174.0,Malignant neoplasm of nipple and areola of female breast,ICD9,1,DOID:11889,female breast nipple and areola cancer
ICD9:174.1,Malignant neoplasm of central portion of female breast,ICD9,1,DOID:13799,female breast central part cancer
ICD9:174.2,Malignant neoplasm of upper-inner quadrant of female breast,ICD9,1,DOID:1647,female breast upper-inner quadrant cancer
ICD9:174.3,Malignant neoplasm of lower-inner quadrant of female breast,ICD9,1,DOID:1649,female breast lower-inner quadrant cancer
ICD9:174.4,Malignant neoplasm of upper-outer quadrant of female breast,ICD9,1,DOID:9773,female breast upper-outer quadrant cancer
ICD9:174.5,Malignant neoplasm of lower-outer quadrant of female breast,ICD9,1,DOID:13972,female breast lower-outer quadrant cancer
ICD9:174.6,Malignant neoplasm of axillary tail of female breast,ICD9,1,DOID:1650,female breast axillary tail cancer
ICD9:176,,ICD9,1,DOID:8632,Kaposi's sarcoma
ICD9:176.0,"Kaposi's sarcoma, skin",ICD9,1,DOID:8632,Kaposi's sarcoma
ICD9:176.1,"Kaposi's sarcoma, soft tissue",ICD9,1,DOID:8632,Kaposi's sarcoma
ICD9:176.2,"Kaposi's sarcoma, palate",ICD9,1,DOID:8632,Kaposi's sarcoma
ICD9:176.3,"Kaposi's sarcoma, gastrointestinal sites",ICD9,1,DOID:8632,Kaposi's sarcoma
ICD9:176.4,"Kaposi's sarcoma, lung",ICD9,1,DOID:8632,Kaposi's sarcoma
ICD9:176.5,"Kaposi's sarcoma, lymph nodes",ICD9,1,DOID:8632,Kaposi's sarcoma
ICD9:179,"Malignant neoplasm of uterus, part unspecified",ICD9,1,DOID:363,uterine cancer
ICD9:180,,ICD9,1,DOID:4362,cervical cancer
ICD9:181,Malignant neoplasm of placenta,ICD9,1,DOID:2021,placenta cancer
ICD9:182,,ICD9,1,DOID:9460,uterine corpus cancer
ICD9:182.1,Malignant neoplasm of isthmus,ICD9,1,DOID:9459,isthmus cancer
ICD9:183,,ICD9,1,DOID:11747,uterine adnexa cancer
ICD9:183.0,Malignant neoplasm of ovary,ICD9,1,DOID:2394,ovarian cancer
ICD9:183.2,Malignant neoplasm of fallopian tube,ICD9,1,DOID:1964,fallopian tube cancer
ICD9:183.3,Malignant neoplasm of broad ligament of uterus,ICD9,1,DOID:10744,broad ligament malignant neoplasm
ICD9:183.4,Malignant neoplasm of parametrium,ICD9,1,DOID:11746,parametrium malignant neoplasm
ICD9:183.5,Malignant neoplasm of round ligament of uterus,ICD9,1,DOID:11748,round ligament malignant neoplasm
ICD9:183.9,"Malignant neoplasm of uterine adnexa, unspecified site",ICD9,1,DOID:11747,uterine adnexa cancer
ICD9:184,,ICD9,1,DOID:120,female reproductive organ cancer
ICD9:184.0,Malignant neoplasm of vagina,ICD9,1,DOID:119,vaginal cancer
ICD9:184.1,Malignant neoplasm of labia majora,ICD9,1,DOID:11905,labium majus cancer
ICD9:184.2,Malignant neoplasm of labia minora,ICD9,1,DOID:1243,labia minora cancer
ICD9:184.3,Malignant neoplasm of clitoris,ICD9,1,DOID:2401,clitoris cancer
ICD9:184.4,"Malignant neoplasm of vulva, unspecified site",ICD9,1,DOID:1245,vulva cancer
ICD9:185,Malignant neoplasm of prostate,ICD9,1,DOID:10283,prostate cancer
ICD9:186,,ICD9,1,DOID:2998,testicular cancer
ICD9:186.0,Malignant neoplasm of undescended testis,ICD9,1,DOID:12276,malignant tumor of undescended testis
ICD9:187.1,Malignant neoplasm of prepuce,ICD9,1,DOID:13168,prepuce cancer
ICD9:187.2,Malignant neoplasm of glans penis,ICD9,1,DOID:11839,glans penis cancer
ICD9:187.3,Malignant neoplasm of body of penis,ICD9,1,DOID:11615,penile cancer
ICD9:187.4,"Malignant neoplasm of penis, part unspecified",ICD9,1,DOID:11615,penile cancer
ICD9:187.5,Malignant neoplasm of epididymis,ICD9,1,DOID:10366,epididymis cancer
ICD9:187.6,Malignant neoplasm of spermatic cord,ICD9,1,DOID:13169,spermatic cord cancer
ICD9:187.7,Malignant neoplasm of scrotum,ICD9,1,DOID:518,scrotum neoplasm
ICD9:187.9,"Malignant neoplasm of male genital organ, site unspecified",ICD9,1,DOID:3856,male reproductive organ cancer
ICD9:188,,ICD9,1,DOID:11054,urinary bladder cancer
ICD9:188.0,Malignant neoplasm of trigone of urinary bladder,ICD9,1,DOID:11813,bladder trigone cancer
ICD9:188.1,Malignant neoplasm of dome of urinary bladder,ICD9,1,DOID:11820,bladder dome cancer
ICD9:188.2,Malignant neoplasm of lateral wall of urinary bladder,ICD9,1,DOID:11593,bladder lateral wall cancer
ICD9:188.3,Malignant neoplasm of anterior wall of urinary bladder,ICD9,1,DOID:11814,urinary bladder anterior wall cancer
ICD9:188.4,Malignant neoplasm of posterior wall of urinary bladder,ICD9,1,DOID:11811,urinary bladder posterior wall cancer
ICD9:188.5,Malignant neoplasm of bladder neck,ICD9,1,DOID:11809,bladder neck cancer
ICD9:188.6,Malignant neoplasm of ureteric orifice,ICD9,1,DOID:11818,ureteral orifice cancer
ICD9:188.7,Malignant neoplasm of urachus,ICD9,1,DOID:11817,urachus cancer
ICD9:189.0,"Malignant neoplasm of kidney, except pelvis",ICD9,1,DOID:263,kidney cancer
ICD9:189.1,Malignant neoplasm of renal pelvis,ICD9,1,DOID:4919,renal pelvis carcinoma
ICD9:189.2,Malignant neoplasm of ureter,ICD9,1,DOID:11819,ureter cancer
ICD9:189.3,Malignant neoplasm of urethra,ICD9,1,DOID:734,urethra cancer
ICD9:189.4,Malignant neoplasm of paraurethral glands,ICD9,1,DOID:14059,paraurethral gland cancer
ICD9:189.9,"Malignant neoplasm of urinary organ, site unspecified",ICD9,1,DOID:3996,urinary system cancer
ICD9:190.1,Malignant neoplasm of orbit,ICD9,1,DOID:4143,orbital cancer
ICD9:190.2,Malignant neoplasm of lacrimal gland,ICD9,1,DOID:294,lacrimal gland cancer
ICD9:190.3,Malignant neoplasm of conjunctiva,ICD9,1,DOID:5467,conjunctival cancer
ICD9:190.4,Malignant neoplasm of cornea,ICD9,1,DOID:6199,cornea cancer
ICD9:190.5,Malignant neoplasm of retina,ICD9,1,DOID:4645,retinal cancer
ICD9:190.6,Malignant neoplasm of choroid,ICD9,1,DOID:12759,choroid cancer
ICD9:190.7,Malignant neoplasm of lacrimal duct,ICD9,1,DOID:12756,lacrimal duct cancer
ICD9:190.8,Malignant neoplasm of other specified sites of eye,ICD9,1,DOID:2174,ocular cancer
ICD9:191,,ICD9,1,DOID:1319,brain cancer
ICD9:191.1,Malignant neoplasm of frontal lobe,ICD9,1,DOID:12016,frontal lobe neoplasm
ICD9:191.2,Malignant neoplasm of temporal lobe,ICD9,1,DOID:2135,temporal lobe neoplasm
ICD9:191.3,Malignant neoplasm of parietal lobe,ICD9,1,DOID:14384,parietal lobe neoplasm
ICD9:191.4,Malignant neoplasm of occipital lobe,ICD9,1,DOID:910,occipital lobe neoplasm
ICD9:191.5,Malignant neoplasm of ventricles,ICD9,1,DOID:3541,cerebral ventricle cancer
ICD9:191.6,Malignant neoplasm of cerebellum nos,ICD9,1,DOID:4205,cerebellum cancer
ICD9:191.7,Malignant neoplasm of brain stem,ICD9,1,DOID:4203,brain stem cancer
ICD9:191.8,Malignant neoplasm of other parts of brain,ICD9,1,DOID:368,cerebrum cancer
ICD9:192.0,Malignant neoplasm of cranial nerves,ICD9,1,DOID:2815,cranial nerve malignant neoplasm
ICD9:192.2,Malignant neoplasm of spinal cord,ICD9,1,DOID:5612,spinal cancer
ICD9:192.3,Malignant neoplasm of spinal meninges,ICD9,1,DOID:7224,spinal meninges cancer
ICD9:192.9,"Malignant neoplasm of nervous system, part unspecified",ICD9,1,DOID:3093,nervous system cancer
ICD9:193,Malignant neoplasm of thyroid gland,ICD9,1,DOID:1781,thyroid cancer
ICD9:194.0,Malignant neoplasm of adrenal gland,ICD9,1,DOID:3953,adrenal gland cancer
ICD9:194.1,Malignant neoplasm of parathyroid gland,ICD9,1,DOID:1540,parathyroid carcinoma
ICD9:194.4,Malignant neoplasm of pineal gland,ICD9,1,DOID:5032,pineal gland cancer
ICD9:194.5,Malignant neoplasm of carotid body,ICD9,1,DOID:8731,carotid body cancer
ICD9:194.9,"Malignant neoplasm of endocrine gland, site unspecified",ICD9,1,DOID:170,endocrine gland cancer
ICD9:195.1,Malignant neoplasm of thorax,ICD9,1,DOID:5093,thoracic cancer
ICD9:199,,ICD9,1,DOID:162,cancer
ICD9:200.0,,ICD9,1,DOID:8538,reticulosarcoma
ICD9:200.2,,ICD9,1,DOID:8584,Burkitt lymphoma
ICD9:200.5,,ICD9,1,DOID:3234,central nervous system lymphoma
ICD9:201.4,,ICD9,1,DOID:8543,"Hodgkin's lymphoma, lymphocytic-histiocytic predominance"
ICD9:201.5,,ICD9,1,DOID:8838,"Hodgkin's lymphoma, nodular sclerosis"
ICD9:201.6,,ICD9,1,DOID:8654,"Hodgkin's lymphoma, mixed cellularity"
ICD9:201.7,,ICD9,1,DOID:8628,"Hodgkin's lymphoma, lymphocytic depletion"
ICD9:202.1,,ICD9,1,DOID:8691,mycosis fungoides
ICD9:202.2,,ICD9,1,DOID:8541,Sezary's disease
ICD9:202.4,,ICD9,1,DOID:285,hairy cell leukemia
ICD9:202.46,"Leukemic reticuloendotheliosis, intrapelvic lymph nodes",ICD9,1,DOID:12972,intrapelvic lymph node leukemic reticuloendotheliosis
ICD9:202.47,"Leukemic reticuloendotheliosis, spleen",ICD9,1,DOID:709,splenic manifestation of hairy cell leukemia
ICD9:202.5,,ICD9,1,DOID:2571,Langerhans-cell histiocytosis
ICD9:202.6,,ICD9,1,DOID:355,mast-cell sarcoma
ICD9:202.63,"Malignant mast cell tumors, intra-abdominal lymph nodes",ICD9,1,DOID:13005,intra-abdominal lymph node mast cell malignancy
ICD9:203.0,,ICD9,1,DOID:9538,multiple myeloma
ICD9:203.1,,ICD9,1,DOID:9513,plasma cell leukemia
ICD9:204,,ICD9,1,DOID:1037,lymphoid leukemia
ICD9:204.0,,ICD9,1,DOID:9952,acute lymphoblastic leukemia
ICD9:204.1,,ICD9,1,DOID:1040,chronic lymphocytic leukemia
ICD9:205,,ICD9,1,DOID:8692,myeloid leukemia
ICD9:205.0,,ICD9,1,DOID:9119,acute myeloid leukemia
ICD9:205.2,,ICD9,1,DOID:0060597,"atypical chronic myeloid leukemia, BCR-ABL1 negative"
ICD9:206.0,,ICD9,1,DOID:8864,acute monocytic leukemia
ICD9:206.1,,ICD9,1,DOID:8593,chronic monocytic leukemia
ICD9:206.2,,ICD9,1,DOID:8696,subacute monocytic leukemia
ICD9:206.8,,ICD9,1,DOID:8527,monocytic leukemia
ICD9:207.1,,ICD9,1,DOID:8997,polycythemia vera
ICD9:207.2,,ICD9,1,DOID:8761,acute megakaryocytic leukemia
ICD9:208,,ICD9,1,DOID:1240,leukemia
ICD9:208.0,,ICD9,1,DOID:12603,acute leukemia
ICD9:208.2,,ICD9,1,DOID:3264,subacute leukemia
ICD9:209-209.99,,ICD9,1,DOID:169,neuroendocrine tumor
ICD9:214,,ICD9,1,DOID:3315,lipoma
ICD9:214.0,Lipoma of skin and subcutaneous tissue of face,ICD9,1,DOID:10188,skin lipoma
ICD9:214.4,Lipoma of spermatic cord,ICD9,1,DOID:10206,lipoma of spermatic cord
ICD9:218,,ICD9,1,DOID:13223,uterine fibroid
ICD9:218.0,Submucous leiomyoma of uterus,ICD9,1,DOID:13222,submucous uterine fibroid
ICD9:218.1,Intramural leiomyoma of uterus,ICD9,1,DOID:13955,uterus interstitial leiomyoma
ICD9:218.2,Subserous leiomyoma of uterus,ICD9,1,DOID:13560,subserous uterine fibroid
ICD9:219,,ICD9,1,DOID:0060325,cervical polyp
ICD9:228.00,Hemangioma of unspecified site,ICD9,1,DOID:255,hemangioma
ICD9:228.02,Hemangioma of intracranial structures,ICD9,1,DOID:2517,intracranial structure hemangioma
ICD9:228.04,Hemangioma of intra-abdominal structures,ICD9,1,DOID:254,hemangioma of intra-abdominal structure
ICD9:228.1,"Lymphangioma, any site",ICD9,1,DOID:1475,lymphangioma
ICD9:230-234.99,,ICD9,1,DOID:8719,in situ carcinoma
ICD9:230.0,"Carcinoma in situ of lip, oral cavity, and pharynx",ICD9,1,DOID:8661,lip carcinoma in situ
ICD9:230.1,Carcinoma in situ of esophagus,ICD9,1,DOID:9095,esophagus carcinoma in situ
ICD9:230.2,Carcinoma in situ of stomach,ICD9,1,DOID:9138,stomach carcinoma in situ
ICD9:230.3,Carcinoma in situ of colon,ICD9,1,DOID:8826,colon carcinoma in situ
ICD9:230.4,Carcinoma in situ of rectum,ICD9,1,DOID:9174,rectum carcinoma in situ
ICD9:230.6,"Carcinoma in situ of anus, unspecified",ICD9,1,DOID:9087,anal carcinoma in situ
ICD9:230.7,Carcinoma in situ of other and unspecified parts of intestine,ICD9,1,DOID:9024,intestine carcinoma in situ
ICD9:230.8,Carcinoma in situ of liver and biliary system,ICD9,1,DOID:9132,liver carcinoma in situ
ICD9:231.0,Carcinoma in situ of larynx,ICD9,1,DOID:9011,larynx carcinoma in situ
ICD9:231.1,Carcinoma in situ of trachea,ICD9,1,DOID:8802,trachea carcinoma in situ
ICD9:231.2,Carcinoma in situ of bronchus and lung,ICD9,1,DOID:8800,lung carcinoma in situ
ICD9:232,,ICD9,1,DOID:8687,skin carcinoma in situ
ICD9:232.0,Carcinoma in situ of skin of lip,ICD9,1,DOID:8687,skin carcinoma in situ
ICD9:232.2,Carcinoma in situ of skin of ear and external auditory canal,ICD9,1,DOID:8687,skin carcinoma in situ
ICD9:232.3,Carcinoma in situ of skin of other and unspecified parts of face,ICD9,1,DOID:8687,skin carcinoma in situ
ICD9:232.4,Carcinoma in situ of scalp and skin of neck,ICD9,1,DOID:8687,skin carcinoma in situ
ICD9:232.5,"Carcinoma in situ of skin of trunk, except scrotum",ICD9,1,DOID:8687,skin carcinoma in situ
ICD9:232.6,"Carcinoma in situ of skin of upper limb, including shoulder",ICD9,1,DOID:8687,skin carcinoma in situ
ICD9:232.7,"Carcinoma in situ of skin of lower limb, including hip",ICD9,1,DOID:8687,skin carcinoma in situ
ICD9:233.0,Carcinoma in situ of breast,ICD9,1,DOID:8791,breast carcinoma in situ
ICD9:233.1,Carcinoma in situ of cervix uteri,ICD9,1,DOID:8991,cervix uteri carcinoma in situ
ICD9:233.2,Carcinoma in situ of other and unspecified parts of uterus,ICD9,1,DOID:9108,uterus carcinoma in situ
ICD9:233.4,Carcinoma in situ of prostate,ICD9,1,DOID:8634,prostate carcinoma in situ
ICD9:233.5,Carcinoma in situ of penis,ICD9,1,DOID:8872,penis carcinoma in situ
ICD9:233.7,Carcinoma in situ of bladder,ICD9,1,DOID:9053,bladder carcinoma in situ
ICD9:233.9,Carcinoma in situ of other and unspecified urinary organs,ICD9,1,DOID:9234,kidney carcinoma in situ
ICD9:234.0,Carcinoma in situ of eye,ICD9,1,DOID:8792,eye carcinoma in situ
ICD9:237.7,,ICD9,1,DOID:8712,neurofibromatosis
ICD9:237.71,"Neurofibromatosis, type 1 [von recklinghausen's disease]",ICD9,1,DOID:0111253,neurofibromatosis 1
ICD9:237.72,"Neurofibromatosis, type 2 [acoustic neurofibromatosis]",ICD9,1,DOID:0111252,vestibular schwannomatosis
ICD9:237.73,Schwannomatosis,ICD9,1,DOID:3204,schwannomatosis
ICD9:238.4,Polycythemia vera,ICD9,1,DOID:8997,polycythemia vera
ICD9:238.71,Essential thrombocythemia,ICD9,1,DOID:2224,essential thrombocythemia
ICD9:238.76,Myelofibrosis with myeloid metaplasia,ICD9,1,DOID:4971,myelofibrosis
ICD9:239.0,Neoplasm of unspecified nature of digestive system,ICD9,1,DOID:3119,gastrointestinal system cancer
ICD9:239.6,Neoplasm of unspecified nature of brain,ICD9,1,DOID:1319,brain cancer
ICD9:240.0,"Goiter, specified as simple",ICD9,1,DOID:13198,endemic goiter
ICD9:240.9,"Goiter, unspecified",ICD9,1,DOID:12176,goiter
ICD9:242,,ICD9,1,DOID:7997,thyrotoxicosis
ICD9:242.00,Toxic diffuse goiter without mention of thyrotoxic crisis or storm,ICD9,1,DOID:10719,toxic diffuse goiter
ICD9:242.3,,ICD9,1,DOID:11277,Plummer's disease
ICD9:243,Congenital hypothyroidism,ICD9,1,DOID:0050328,congenital hypothyroidism
ICD9:244.0,Postsurgical hypothyroidism,ICD9,1,DOID:1458,postsurgical hypothyroidism
ICD9:244.2,Iodine hypothyroidism,ICD9,1,DOID:5083,iodine hypothyroidism
ICD9:244.9,Unspecified acquired hypothyroidism,ICD9,1,DOID:1459,hypothyroidism
ICD9:245,,ICD9,1,DOID:7166,thyroiditis
ICD9:245.0,Acute thyroiditis,ICD9,1,DOID:14353,acute thyroiditis
ICD9:245.1,Subacute thyroiditis,ICD9,1,DOID:7165,subacute thyroiditis
ICD9:246.0,Disorders of thyrocalcitonin secretion,ICD9,1,DOID:12424,thyrocalcitonin secretion disease
ICD9:246.1,Dyshormonogenic goiter,ICD9,1,DOID:12175,dyshormonogenic goiter
ICD9:246.9,Unspecified disorder of thyroid,ICD9,1,DOID:50,thyroid gland disease
ICD9:250,,ICD9,1,DOID:9351,diabetes mellitus
ICD9:250.1,,ICD9,1,DOID:1837,diabetic ketoacidosis
ICD9:250.6,,ICD9,1,DOID:9743,diabetic neuropathy
ICD9:250.7,,ICD9,1,DOID:11713,diabetic angiopathy
ICD9:251,,ICD9,1,DOID:1428,endocrine pancreas disease
ICD9:251.0,Hypoglycemic coma,ICD9,1,DOID:1607,hypoglycemic coma
ICD9:251.2,"Hypoglycemia, unspecified",ICD9,1,DOID:9993,hypoglycemia
ICD9:251.3,Postsurgical hypoinsulinemia,ICD9,1,DOID:2181,post-surgical hypoinsulinemia
ICD9:251.4,Abnormality of secretion of glucagon,ICD9,1,DOID:14427,abnormality of glucagon secretion
ICD9:251.5,Abnormality of secretion of gastrin,ICD9,1,DOID:13656,gastrin secretion abnormality
ICD9:252.0,,ICD9,1,DOID:13543,hyperparathyroidism
ICD9:252.01,Primary hyperparathyroidism,ICD9,1,DOID:11202,primary hyperparathyroidism
ICD9:252.02,"Secondary hyperparathyroidism, non-renal",ICD9,1,DOID:13575,non-renal secondary hyperparathyroidism
ICD9:252.1,Hypoparathyroidism,ICD9,1,DOID:11199,hypoparathyroidism
ICD9:252.9,Unspecified disorder of parathyroid gland,ICD9,1,DOID:11201,parathyroid gland disease
ICD9:253.1,Other and unspecified anterior pituitary hyperfunction,ICD9,1,DOID:53,pituitary gland disease
ICD9:253.2,Panhypopituitarism,ICD9,1,DOID:9410,combined pituitary hormone deficiency
ICD9:253.3,Pituitary dwarfism,ICD9,1,DOID:0060870,isolated growth hormone deficiency
ICD9:253.5,Diabetes insipidus,ICD9,1,DOID:9409,diabetes insipidus
ICD9:254,,ICD9,1,DOID:533,thymus gland disease
ICD9:255.0,Cushing's syndrome,ICD9,1,DOID:446,primary hyperaldosteronism
ICD9:255.1,,ICD9,1,DOID:446,primary hyperaldosteronism
ICD9:255.11,Glucocorticoid-remediable aldosteronism,ICD9,1,DOID:14080,glucocorticoid-remediable aldosteronism
ICD9:255.12,Conn's syndrome,ICD9,1,DOID:12028,Conn's syndrome
ICD9:255.13,Bartter's syndrome,ICD9,1,DOID:445,Bartter disease
ICD9:255.2,Adrenogenital disorders,ICD9,1,DOID:0050811,congenital adrenal hyperplasia
ICD9:255.4,,ICD9,1,DOID:10493,adrenal cortical hypofunction
ICD9:255.6,Medulloadrenal hyperfunction,ICD9,1,DOID:12257,medulloadrenal hyperfunction
ICD9:255.9,Unspecified disorder of adrenal glands,ICD9,1,DOID:9553,adrenal gland disease
ICD9:256.0,Hyperestrogenism,ICD9,1,DOID:14336,estrogen excess
ICD9:256.3,,ICD9,1,DOID:1414,ovarian dysfunction
ICD9:256.31,Premature menopause,ICD9,1,DOID:10787,premature menopause
ICD9:256.4,Polycystic ovaries,ICD9,1,DOID:11612,polycystic ovary syndrome
ICD9:258.01,Multiple endocrine neoplasia [MEN] type I,ICD9,1,DOID:10017,multiple endocrine neoplasia type 1
ICD9:258.02,Multiple endocrine neoplasia [MEN] type IIA,ICD9,1,DOID:0050430,multiple endocrine neoplasia type 2A
ICD9:258.03,Multiple endocrine neoplasia [MEN] type IIB,ICD9,1,DOID:10016,multiple endocrine neoplasia type 2B
ICD9:259.51,Androgen insensitivity syndrome,ICD9,1,DOID:4674,androgen insensitivity syndrome
ICD9:259.9,Unspecified endocrine disorder,ICD9,1,DOID:28,endocrine system disease
ICD9:260,Kwashiorkor,ICD9,1,DOID:13579,kwashiorkor
ICD9:261,Nutritional marasmus,ICD9,1,DOID:12328,marasmus
ICD9:263.9,Unspecified protein-calorie malnutrition,ICD9,1,DOID:11801,protein-energy malnutrition
ICD9:265.0,Beriberi,ICD9,1,DOID:13725,beriberi
ICD9:265.2,Pellagra,ICD9,1,DOID:8457,pellagra
ICD9:266.0,Ariboflavinosis,ICD9,1,DOID:8454,riboflavin deficiency
ICD9:266.1,Vitamin B6 deficiency,ICD9,1,DOID:8455,pyridoxine deficiency anemia
ICD9:268.0,"Rickets, active",ICD9,1,DOID:0080883,vitamin D-dependent rickets
ICD9:268.2,"Osteomalacia, unspecified",ICD9,1,DOID:10573,osteomalacia
ICD9:269.0,Deficiency of vitamin K,ICD9,1,DOID:11249,vitamin K deficiency bleeding
ICD9:270.1,Phenylketonuria [PKU],ICD9,1,DOID:9281,phenylketonuria
ICD9:270.5,Disturbances of histidine metabolism,ICD9,1,DOID:9265,histidine metabolism disease
ICD9:270.6,Disorders of urea cycle metabolism,ICD9,1,DOID:9267,urea cycle disorder
ICD9:271.0,Glycogenosis,ICD9,1,DOID:2747,glycogen storage disease
ICD9:271.1,Galactosemia,ICD9,1,DOID:9870,galactosemia
ICD9:271.2,Hereditary fructose intolerance,ICD9,1,DOID:9869,hereditary fructose intolerance syndrome
ICD9:271.3,Intestinal disaccharidase deficiencies and disaccharide malabsorption,ICD9,1,DOID:9868,intestinal disaccharidase deficiency
ICD9:271.4,Renal glycosuria,ICD9,1,DOID:9432,renal glycosuria
ICD9:272.1,Pure hyperglyceridemia,ICD9,1,DOID:1172,hyperlipoproteinemia type IV
ICD9:272.3,Hyperchylomicronemia,ICD9,1,DOID:14118,familial lipoprotein lipase deficiency
ICD9:272.5,Lipoprotein deficiencies,ICD9,1,DOID:1387,hypolipoproteinemia
ICD9:272.6,Lipodystrophy,ICD9,1,DOID:811,lipodystrophy
ICD9:272.7,Lipidoses,ICD9,1,DOID:9455,lipid storage disease
ICD9:272.8,Other disorders of lipoid metabolism,ICD9,1,DOID:9455,lipid storage disease
ICD9:273.0,Polyclonal hypergammaglobulinemia,ICD9,1,DOID:2344,polyclonal hypergammaglobulinemia
ICD9:273.1,Monoclonal paraproteinemia,ICD9,1,DOID:2346,monoclonal paraproteinemia
ICD9:273.3,Macroglobulinemia,ICD9,1,DOID:0060901,lymphoplasmacytic lymphoma
ICD9:273.4,Alpha-1-antitrypsin deficiency,ICD9,1,DOID:13372,alpha 1-antitrypsin deficiency
ICD9:273.8,Other disorders of plasma protein metabolism,ICD9,1,DOID:2345,plasma protein metabolism disease
ICD9:274,,ICD9,1,DOID:13189,gout
ICD9:274.0,,ICD9,1,DOID:13189,gout
ICD9:274.11,Uric acid nephrolithiasis,ICD9,1,DOID:580,uric acid nephrolithiasis
ICD9:275.0,,ICD9,1,DOID:2351,iron metabolism disease
ICD9:275.3,Disorders of phosphorus metabolism,ICD9,1,DOID:2485,phosphorus metabolism disease
ICD9:275.4,,ICD9,1,DOID:10575,calcium metabolism disease
ICD9:275.42,Hypercalcemia,ICD9,1,DOID:12678,hypercalcemia
ICD9:277.0,,ICD9,1,DOID:1485,cystic fibrosis
ICD9:277.1,Disorders of porphyrin metabolism,ICD9,1,DOID:13268,porphyria
ICD9:277.2,Other disorders of purine and pyrimidine metabolism,ICD9,1,DOID:653,purine-pyrimidine metabolic disorder
ICD9:277.3,,ICD9,1,DOID:9120,amyloidosis
ICD9:277.31,Familial Mediterranean fever,ICD9,1,DOID:2987,familial Mediterranean fever
ICD9:277.5,Mucopolysaccharidosis,ICD9,1,DOID:12798,mucopolysaccharidosis
ICD9:277.7,Dysmetabolic syndrome X,ICD9,1,DOID:14221,abdominal obesity-metabolic syndrome 1
ICD9:277.81,Primary carnitine deficiency,ICD9,1,DOID:14365,systemic primary carnitine deficiency disease
ICD9:277.86,Peroxisomal disorders,ICD9,1,DOID:906,peroxisomal disease
ICD9:277.9,Unspecified disorder of metabolism,ICD9,1,DOID:0014667,disease of metabolism
ICD9:278.00,"Obesity, unspecified",ICD9,1,DOID:9970,obesity
ICD9:278.01,Morbid obesity,ICD9,1,DOID:11981,morbid obesity
ICD9:278.2,Hypervitaminosis A,ICD9,1,DOID:9972,hypervitaminosis A
ICD9:278.3,Hypercarotinemia,ICD9,1,DOID:9969,carotenemia
ICD9:278.4,Hypervitaminosis D,ICD9,1,DOID:9971,hypervitaminosis D
ICD9:279.00,"Hypogammaglobulinemia, unspecified",ICD9,1,DOID:2583,agammaglobulinemia
ICD9:279.03,Other selective immunoglobulin deficiencies,ICD9,1,DOID:2115,B cell deficiency
ICD9:279.04,Congenital hypogammaglobulinemia,ICD9,1,DOID:14177,congenital hypogammaglobulinemia
ICD9:279.06,Common variable immunodeficiency,ICD9,1,DOID:12177,common variable immunodeficiency
ICD9:279.11,Digeorge's syndrome,ICD9,1,DOID:11198,DiGeorge syndrome
ICD9:279.12,Wiskott-aldrich syndrome,ICD9,1,DOID:9169,Wiskott-Aldrich syndrome
ICD9:279.13,Nezelof's syndrome,ICD9,1,DOID:2012,Nezelof syndrome
ICD9:279.2,Combined immunity deficiency,ICD9,1,DOID:628,combined T cell and B cell immunodeficiency
ICD9:279.3,Unspecified immunity deficiency,ICD9,1,DOID:612,primary immunodeficiency disease
ICD9:279.41,Autoimmune lymphoproliferative syndrome,ICD9,1,DOID:6688,autoimmune lymphoproliferative syndrome
ICD9:279.9,Unspecified disorder of immune mechanism,ICD9,1,DOID:2914,immune system disease
ICD9:280.8,Other specified iron deficiency anemias,ICD9,1,DOID:11758,iron deficiency anemia
ICD9:281.0,Pernicious anemia,ICD9,1,DOID:13381,pernicious anemia
ICD9:281.2,Folate-deficiency anemia,ICD9,1,DOID:14026,folic acid deficiency anemia
ICD9:281.4,Protein-deficiency anemia,ICD9,1,DOID:13120,protein-deficiency anemia
ICD9:282,,ICD9,1,DOID:589,congenital hemolytic anemia
ICD9:282.0,Hereditary spherocytosis,ICD9,1,DOID:12971,hereditary spherocytosis
ICD9:282.1,Hereditary elliptocytosis,ICD9,1,DOID:2373,hereditary elliptocytosis
ICD9:282.4,,ICD9,1,DOID:10241,thalassemia
ICD9:282.43,Alpha thalassemia,ICD9,1,DOID:1099,alpha thalassemia
ICD9:282.44,Beta thalassemia,ICD9,1,DOID:12241,beta thalassemia
ICD9:282.45,Delta-beta thalassemia,ICD9,1,DOID:0080773,delta beta-thalassemia
ICD9:282.6,,ICD9,1,DOID:10923,sickle cell anemia
ICD9:282.63,Sickle-cell/Hb-C disease without crisis,ICD9,1,DOID:0081445,sickle cell disease
ICD9:283.0,Autoimmune hemolytic anemias,ICD9,1,DOID:718,autoimmune hemolytic anemia
ICD9:283.11,Hemolytic-uremic syndrome,ICD9,1,DOID:12554,hemolytic-uremic syndrome
ICD9:284.0,,ICD9,1,DOID:1342,congenital hypoplastic anemia
ICD9:284.1,,ICD9,1,DOID:12450,pancytopenia
ICD9:284.9,"Aplastic anemia, unspecified",ICD9,1,DOID:12449,aplastic anemia
ICD9:285.0,Sideroblastic anemia,ICD9,1,DOID:8955,sideroblastic anemia
ICD9:285.9,"Anemia, unspecified",ICD9,1,DOID:2355,anemia
ICD9:286,,ICD9,1,DOID:1247,blood coagulation disease
ICD9:286.0,Congenital factor VIII disorder,ICD9,1,DOID:12134,factor VIII deficiency
ICD9:286.1,Congenital factor IX disorder,ICD9,1,DOID:12259,hemophilia B
ICD9:286.2,Congenital factor XI deficiency,ICD9,1,DOID:2229,factor XI deficiency
ICD9:286.4,Von Willebrand's disease,ICD9,1,DOID:12531,von Willebrand's disease
ICD9:286.6,Defibrination syndrome,ICD9,1,DOID:11247,disseminated intravascular coagulation
ICD9:287.0,Allergic purpura,ICD9,1,DOID:11123,IgA vasculitis
ICD9:287.1,Qualitative platelet defects,ICD9,1,DOID:11125,qualitative platelet defect
ICD9:287.31,Immune thrombocytopenic purpura,ICD9,1,DOID:8924,autoimmune thrombocytopenic purpura
ICD9:287.32,Evans' syndrome,ICD9,1,DOID:8931,Evans' syndrome
ICD9:287.39,Other primary thrombocytopenia,ICD9,1,DOID:8925,primary thrombocytopenia
ICD9:287.4,,ICD9,1,DOID:11126,acquired thrombocytopenia
ICD9:287.5,"Thrombocytopenia, unspecified",ICD9,1,DOID:1588,thrombocytopenia
ICD9:287.9,Unspecified hemorrhagic conditions,ICD9,1,DOID:2213,hemorrhagic disease
ICD9:288,,ICD9,1,DOID:9500,leukocyte disease
ICD9:288.0,,ICD9,1,DOID:1227,neutropenia
ICD9:288.02,Cyclic neutropenia,ICD9,1,DOID:5339,cyclic hematopoiesis
ICD9:288.3,Eosinophilia,ICD9,1,DOID:999,hypereosinophilic syndrome
ICD9:288.50,"Leukocytopenia, unspecified",ICD9,1,DOID:615,leukopenia
ICD9:288.51,Lymphocytopenia,ICD9,1,DOID:614,lymphopenia
ICD9:289.0,"Polycythemia, secondary",ICD9,1,DOID:2834,acquired polycythemia
ICD9:289.1,Chronic lymphadenitis,ICD9,1,DOID:1602,lymphadenitis
ICD9:289.2,Nonspecific mesenteric lymphadenitis,ICD9,1,DOID:10782,mesenteric lymphadenitis
ICD9:289.4,Hypersplenism,ICD9,1,DOID:6376,hypersplenism
ICD9:289.50,"Disease of spleen, unspecified",ICD9,1,DOID:2529,splenic disease
ICD9:289.51,Chronic congestive splenomegaly,ICD9,1,DOID:11787,chronic congestive splenomegaly
ICD9:289.52,Splenic sequestration,ICD9,1,DOID:11786,splenic sequestration
ICD9:289.6,Familial polycythemia,ICD9,1,DOID:10780,primary polycythemia
ICD9:289.7,Methemoglobinemia,ICD9,1,DOID:10783,methemoglobinemia
ICD9:289.83,Myelofibrosis,ICD9,1,DOID:4971,myelofibrosis
ICD9:289.9,Unspecified diseases of blood and blood-forming organs,ICD9,1,DOID:74,hematopoietic system disease
ICD9:290.4,,ICD9,1,DOID:8725,vascular dementia
ICD9:290.8,Other specified senile psychotic conditions,ICD9,1,DOID:1307,dementia
ICD9:291.89,Other alcohol-induced mental disorders,ICD9,1,DOID:251,alcohol-induced mental disorder
ICD9:291.9,Unspecified alcohol-induced mental disorders,ICD9,1,DOID:252,alcoholic psychosis
ICD9:292.1,,ICD9,1,DOID:1742,drug psychosis
ICD9:292.8,,ICD9,1,DOID:1203,drug-induced mental disorder
ICD9:293.1,Subacute delirium,ICD9,1,DOID:8645,subacute delirium
ICD9:293.89,"Other specified transient mental disorders due to conditions classified elsewhere, other",ICD9,1,DOID:8646,substance-induced psychosis
ICD9:294.0,Amnestic disorder in conditions classified elsewhere,ICD9,1,DOID:10914,amnestic disorder
ICD9:295,,ICD9,1,DOID:5419,schizophrenia
ICD9:295.3,,ICD9,1,DOID:1229,paranoid schizophrenia
ICD9:295.32,"Paranoid type schizophrenia, chronic",ICD9,1,DOID:1229,paranoid schizophrenia
ICD9:295.4,,ICD9,1,DOID:11328,schizophreniform disorder
ICD9:295.5,,ICD9,1,DOID:10646,schizotypal personality disorder
ICD9:295.7,,ICD9,1,DOID:5418,schizoaffective disorder
ICD9:296.2,,ICD9,1,DOID:1470,major depressive disorder
ICD9:296.3,,ICD9,1,DOID:1470,major depressive disorder
ICD9:296.40,"Bipolar I disorder, most recent episode (or current) manic, unspecified",ICD9,1,DOID:3312,bipolar disorder
ICD9:296.50,"Bipolar I disorder, most recent episode (or current) depressed, unspecified",ICD9,1,DOID:14042,bipolar I disorder
ICD9:296.60,"Bipolar I disorder, most recent episode (or current) mixed, unspecified",ICD9,1,DOID:3312,bipolar disorder
ICD9:296.80,"Bipolar disorder, unspecified",ICD9,1,DOID:3312,bipolar disorder
ICD9:296.82,Atypical depressive disorder,ICD9,1,DOID:12294,atypical depressive disorder
ICD9:297.1,Delusional disorder,ICD9,1,DOID:778,delusional disorder
ICD9:298.8,Other and unspecified reactive psychosis,ICD9,1,DOID:2468,psychotic disorder
ICD9:299.0,,ICD9,1,DOID:12849,autistic disorder
ICD9:299.1,,ICD9,1,DOID:13487,childhood disintegrative disease
ICD9:299.80,"Other specified pervasive developmental disorders, current or active state",ICD9,1,DOID:0060040,pervasive developmental disorder
ICD9:300.02,Generalized anxiety disorder,ICD9,1,DOID:14320,generalized anxiety disorder
ICD9:300.11,Conversion disorder,ICD9,1,DOID:1768,conversion disorder
ICD9:300.12,Dissociative amnesia,ICD9,1,DOID:11037,dissociative amnesia
ICD9:300.14,Dissociative identity disorder,ICD9,1,DOID:10934,multiple personality disorder
ICD9:300.15,"Dissociative disorder or reaction, unspecified",ICD9,1,DOID:10935,dissociative disorder
ICD9:300.16,Factitious disorder with predominantly psychological signs and symptoms,ICD9,1,DOID:1766,factitious disorder
ICD9:300.20,"Phobia, unspecified",ICD9,1,DOID:591,phobic disorder
ICD9:300.23,Social phobia,ICD9,1,DOID:11257,social phobia
ICD9:300.3,Obsessive-compulsive disorders,ICD9,1,DOID:10933,obsessive-compulsive disorder
ICD9:300.4,Dysthymic disorder,ICD9,1,DOID:12139,dysthymic disorder
ICD9:300.6,Depersonalization disorder,ICD9,1,DOID:11038,depersonalization disorder
ICD9:300.7,Hypochondriasis,ICD9,1,DOID:12883,hypochondriasis
ICD9:300.8,,ICD9,1,DOID:4737,somatoform disorder
ICD9:300.9,Unspecified nonpsychotic mental disorder,ICD9,1,DOID:10935,dissociative disorder
ICD9:301.0,Paranoid personality disorder,ICD9,1,DOID:10938,paranoid personality disorder
ICD9:301.13,Cyclothymic disorder,ICD9,1,DOID:845,cyclothymic disorder
ICD9:301.2,,ICD9,1,DOID:10936,schizoid personality disorder
ICD9:301.22,Schizotypal personality disorder,ICD9,1,DOID:10646,schizotypal personality disorder
ICD9:301.3,Explosive personality disorder,ICD9,1,DOID:12401,intermittent explosive disorder
ICD9:301.4,Obsessive-compulsive personality disorder,ICD9,1,DOID:10932,obsessive-compulsive personality disorder
ICD9:301.5,,ICD9,1,DOID:334,histrionic personality disorder
ICD9:301.6,Dependent personality disorder,ICD9,1,DOID:10931,dependent personality disorder
ICD9:301.7,Antisocial personality disorder,ICD9,1,DOID:10939,antisocial personality disorder
ICD9:301.8,,ICD9,1,DOID:1510,personality disorder
ICD9:301.81,Narcissistic personality disorder,ICD9,1,DOID:2745,narcissistic personality disorder
ICD9:301.82,Avoidant personality disorder,ICD9,1,DOID:1509,avoidant personality disorder
ICD9:301.83,Borderline personality disorder,ICD9,1,DOID:10930,borderline personality disorder
ICD9:302.0,Ego-dystonic sexual orientation,ICD9,1,DOID:13352,ego-dystonic sexual orientation
ICD9:302.1,Zoophilia,ICD9,1,DOID:9336,bestiality
ICD9:302.2,Pedophilia,ICD9,1,DOID:13351,pedophilia
ICD9:302.3,Transvestic fetishism,ICD9,1,DOID:1233,transvestism
ICD9:302.4,Exhibitionism,ICD9,1,DOID:10236,exhibitionism
ICD9:302.50,Trans-sexualism with unspecified sexual history,ICD9,1,DOID:1234,gender incongruence
ICD9:302.6,Gender identity disorder in children,ICD9,1,DOID:1234,gender incongruence
ICD9:302.71,Hypoactive sexual desire disorder,ICD9,1,DOID:13868,hypoactive sexual desire disorder
ICD9:302.73,Female orgasmic disorder,ICD9,1,DOID:7518,inhibited female orgasm
ICD9:302.75,Premature ejaculation,ICD9,1,DOID:13709,premature ejaculation
ICD9:302.76,"Dyspareunia, psychogenic",ICD9,1,DOID:11120,psychologic dyspareunia
ICD9:302.79,Psychosexual dysfunction with other specified psychosexual dysfunctions,ICD9,1,DOID:10132,psychosexual disorder
ICD9:302.81,Fetishism,ICD9,1,DOID:1235,fetishism
ICD9:302.82,Voyeurism,ICD9,1,DOID:10834,voyeurism
ICD9:302.83,Sexual masochism,ICD9,1,DOID:10849,sexual masochism
ICD9:302.84,Sexual sadism,ICD9,1,DOID:10817,sexual sadism
ICD9:304.00,"Opioid type dependence, unspecified",ICD9,1,DOID:2559,opiate dependence
ICD9:304.11,"Sedative, hypnotic or anxiolytic dependence, continuous",ICD9,1,DOID:2575,barbiturate dependence
ICD9:304.2,,ICD9,1,DOID:9975,cocaine dependence
ICD9:304.3,,ICD9,1,DOID:1849,cannabis dependence
ICD9:304.5,,ICD9,1,DOID:9977,hallucinogen dependence
ICD9:304.60,"Other specified drug dependence, unspecified",ICD9,1,DOID:9974,drug dependence
ICD9:305.0,,ICD9,1,DOID:1574,alcohol use disorder
ICD9:305.2,,ICD9,1,DOID:9505,cannabis abuse
ICD9:305.3,,ICD9,1,DOID:12797,hallucinogen abuse
ICD9:305.43,"Sedative, hypnotic or anxiolytic abuse, in remission",ICD9,1,DOID:8519,barbiturate abuse
ICD9:305.5,,ICD9,1,DOID:11206,opioid abuse
ICD9:305.6,,ICD9,1,DOID:809,cocaine abuse
ICD9:305.7,,ICD9,1,DOID:670,amphetamine abuse
ICD9:305.8,,ICD9,1,DOID:11718,antidepressant type abuse
ICD9:306.2,Cardiovascular malfunction arising from mental factors,ICD9,1,DOID:11569,neurocirculatory asthenia
ICD9:306.51,Psychogenic vaginismus,ICD9,1,DOID:10131,psychologic vaginismus
ICD9:307.1,Anorexia nervosa,ICD9,1,DOID:8689,anorexia nervosa
ICD9:307.20,"Tic disorder, unspecified",ICD9,1,DOID:2769,tic disorder
ICD9:307.21,Transient tic disorder,ICD9,1,DOID:2768,transient tic disorder
ICD9:307.22,Chronic motor or vocal tic disorder,ICD9,1,DOID:10600,chronic tic disorder
ICD9:307.23,Tourette's disorder,ICD9,1,DOID:11119,Gilles de la Tourette syndrome
ICD9:307.3,Stereotypic movement disorder,ICD9,1,DOID:2303,stereotypic movement disorder
ICD9:307.4,,ICD9,1,DOID:535,sleep disorder
ICD9:307.50,"Eating disorder, unspecified",ICD9,1,DOID:8670,eating disorder
ICD9:307.52,Pica,ICD9,1,DOID:12128,pica disease
ICD9:307.53,Rumination disorder,ICD9,1,DOID:11507,rumination disorder
ICD9:308.3,Other acute reactions to stress,ICD9,1,DOID:6088,acute stress disorder
ICD9:309,,ICD9,1,DOID:507,adjustment disorder
ICD9:309.81,Posttraumatic stress disorder,ICD9,1,DOID:2055,post-traumatic stress disorder
ICD9:312.30,"Impulse control disorder, unspecified",ICD9,1,DOID:10937,impulse control disorder
ICD9:312.31,Pathological gambling,ICD9,1,DOID:12399,pathological gambling
ICD9:312.32,Kleptomania,ICD9,1,DOID:12400,kleptomania
ICD9:312.33,Pyromania,ICD9,1,DOID:12402,pyromania
ICD9:312.34,Intermittent explosive disorder,ICD9,1,DOID:12401,intermittent explosive disorder
ICD9:312.9,Unspecified disturbance of conduct,ICD9,1,DOID:12995,conduct disorder
ICD9:315.01,Alexia,ICD9,1,DOID:13417,alexia
ICD9:315.09,Other specific developmental reading disorder,ICD9,1,DOID:13365,reading disorder
ICD9:315.31,Expressive language disorder,ICD9,1,DOID:11385,expressive language disorder
ICD9:315.32,Mixed receptive-expressive language disorder,ICD9,1,DOID:12685,mixed receptive-expressive language disorder
ICD9:315.4,Developmental coordination disorder,ICD9,1,DOID:9923,developmental coordination disorder
ICD9:320,,ICD9,1,DOID:9470,bacterial meningitis
ICD9:320.0,Hemophilus meningitis,ICD9,1,DOID:0080179,haemophilus meningitis
ICD9:320.2,Streptococcal meningitis,ICD9,1,DOID:11574,streptococcal meningitis
ICD9:320.81,Anaerobic meningitis,ICD9,1,DOID:14559,anaerobic meningitis
ICD9:321.4,Meningitis in sarcoidosis,ICD9,1,DOID:12055,sarcoid meningitis
ICD9:322.1,Eosinophilic meningitis,ICD9,1,DOID:10361,eosinophilic meningitis
ICD9:322.2,Chronic meningitis,ICD9,1,DOID:10341,chronic meningitis
ICD9:322.9,"Meningitis, unspecified",ICD9,1,DOID:9471,meningitis
ICD9:324.0,Intracranial abscess,ICD9,1,DOID:10095,intracranial abscess
ICD9:327.13,Recurrent hypersomnia,ICD9,1,DOID:8619,recurrent hypersomnia
ICD9:327.23,Obstructive sleep apnea (adult)(pediatric),ICD9,1,DOID:0050848,obstructive sleep apnea
ICD9:327.42,REM sleep behavior disorder,ICD9,1,DOID:9091,REM sleep behavior disorder
ICD9:327.51,Periodic limb movement disorder,ICD9,1,DOID:9207,periodic limb movement disorder
ICD9:327.53,Sleep related bruxism,ICD9,1,DOID:2846,bruxism
ICD9:330.0,Leukodystrophy,ICD9,1,DOID:10579,leukodystrophy
ICD9:330.1,Cerebral lipidoses,ICD9,1,DOID:10742,cerebral lipidosis
ICD9:331.0,Alzheimer's disease,ICD9,1,DOID:10652,Alzheimer's disease
ICD9:331.11,Pick's disease,ICD9,1,DOID:11870,Pick's disease
ICD9:331.2,Senile degeneration of brain,ICD9,1,DOID:14524,senile degeneration of brain
ICD9:331.3,Communicating hydrocephalus,ICD9,1,DOID:1573,communicating hydrocephalus
ICD9:331.4,Obstructive hydrocephalus,ICD9,1,DOID:14159,obstructive hydrocephalus
ICD9:331.5,Idiopathic normal pressure hydrocephalus (INPH),ICD9,1,DOID:1572,normal pressure hydrocephalus
ICD9:331.81,Reye's syndrome,ICD9,1,DOID:14525,Reye syndrome
ICD9:331.82,Dementia with lewy bodies,ICD9,1,DOID:12217,Lewy body dementia
ICD9:331.9,"Cerebral degeneration, unspecified",ICD9,1,DOID:1443,cerebral degeneration
ICD9:332,,ICD9,1,DOID:14330,Parkinson's disease
ICD9:332.1,Secondary parkinsonism,ICD9,1,DOID:13548,secondary Parkinson disease
ICD9:333.4,Huntington's chorea,ICD9,1,DOID:12858,Huntington's disease
ICD9:333.8,,ICD9,1,DOID:0050835,generalized dystonia
ICD9:333.81,Blepharospasm,ICD9,1,DOID:529,blepharospasm
ICD9:333.82,Orofacial dyskinesia,ICD9,1,DOID:9854,lingual-facial-buccal dyskinesia
ICD9:333.84,Organic writers' cramp,ICD9,1,DOID:0050841,focal hand dystonia
ICD9:333.90,Unspecified extrapyramidal disease and abnormal movement disorder,ICD9,1,DOID:13839,extrapyramidal and movement disease
ICD9:333.91,Stiff-man syndrome,ICD9,1,DOID:13366,Stiff-Person syndrome
ICD9:333.92,Neuroleptic malignant syndrome,ICD9,1,DOID:14464,neuroleptic malignant syndrome
ICD9:333.93,Benign shuddering attacks,ICD9,1,DOID:1713,benign shuddering attacks
ICD9:333.94,Restless legs syndrome (RLS),ICD9,1,DOID:0050425,restless legs syndrome
ICD9:334.0,Friedreich's ataxia,ICD9,1,DOID:12705,Friedreich ataxia
ICD9:334.1,Hereditary spastic paraplegia,ICD9,1,DOID:2476,hereditary spastic paraplegia
ICD9:334.2,Primary cerebellar degeneration,ICD9,1,DOID:9277,primary cerebellar degeneration
ICD9:335,,ICD9,1,DOID:4873,anterior horn cell disease
ICD9:335.1,,ICD9,1,DOID:12377,spinal muscular atrophy
ICD9:335.11,Kugelberg-Welander disease,ICD9,1,DOID:12376,juvenile spinal muscular atrophy
ICD9:335.2,,ICD9,1,DOID:231,motor neuron disease
ICD9:335.20,Amyotrophic lateral sclerosis,ICD9,1,DOID:332,amyotrophic lateral sclerosis
ICD9:335.21,Progressive muscular atrophy,ICD9,1,DOID:318,progressive muscular atrophy
ICD9:335.22,Progressive bulbar palsy,ICD9,1,DOID:681,progressive bulbar palsy
ICD9:335.23,Pseudobulbar palsy,ICD9,1,DOID:12680,pseudobulbar palsy
ICD9:335.24,Primary lateral sclerosis,ICD9,1,DOID:230,lateral sclerosis
ICD9:336.1,Vascular myelopathies,ICD9,1,DOID:320,vascular myelopathy
ICD9:336.9,Unspecified disease of spinal cord,ICD9,1,DOID:319,spinal cord disease
ICD9:337.0,,ICD9,1,DOID:11488,idiopathic peripheral autonomic neuropathy
ICD9:337.1,Peripheral autonomic neuropathy in disorders classified elsewhere,ICD9,1,DOID:11465,autonomic nervous system disease
ICD9:337.2,,ICD9,1,DOID:1811,reflex sympathetic dystrophy
ICD9:340,Multiple sclerosis,ICD9,1,DOID:2377,multiple sclerosis
ICD9:341.0,Neuromyelitis optica,ICD9,1,DOID:8869,neuromyelitis optica
ICD9:341.1,Schilder's disease,ICD9,1,DOID:0060215,Balo concentric sclerosis
ICD9:343.0,Congenital diplegia,ICD9,1,DOID:10965,spastic diplegia
ICD9:343.1,Congenital hemiplegia,ICD9,1,DOID:10967,spastic hemiplegia
ICD9:343.2,Congenital quadriplegia,ICD9,1,DOID:10970,spastic quadriplegic cerebral palsy
ICD9:343.3,Congenital monoplegia,ICD9,1,DOID:10968,spastic monoplegia
ICD9:343.4,Infantile hemiplegia,ICD9,1,DOID:10969,hemiplegia
ICD9:344.00,"Quadriplegia, unspecified",ICD9,1,DOID:12835,quadriplegia
ICD9:344.1,Paraplegia,ICD9,1,DOID:607,paraplegia
ICD9:344.2,Diplegia of upper limbs,ICD9,1,DOID:862,diplegia of upper limb
ICD9:344.6,,ICD9,1,DOID:11577,Cauda equina syndrome
ICD9:344.81,Locked-in state,ICD9,1,DOID:12697,locked-in syndrome
ICD9:345.51,"Localization-related (focal) (partial) epilepsy and epileptic syndromes with simple partial seizures, with intractable epilepsy",ICD9,1,DOID:5129,simple partial epilepsy
ICD9:345.9,,ICD9,1,DOID:1826,epilepsy
ICD9:346,,ICD9,1,DOID:6364,migraine
ICD9:346.0,,ICD9,1,DOID:10024,migraine with aura
ICD9:346.1,,ICD9,1,DOID:12783,migraine without aura
ICD9:346.8,,ICD9,1,DOID:0060178,familial hemiplegic migraine
ICD9:347.0,,ICD9,1,DOID:8986,narcolepsy
ICD9:348.2,Benign intracranial hypertension,ICD9,1,DOID:11459,pseudotumor cerebri
ICD9:348.30,"Encephalopathy, unspecified",ICD9,1,DOID:936,brain disease
ICD9:348.4,Compression of brain,ICD9,1,DOID:11457,brain compression
ICD9:348.9,Unspecified condition of brain,ICD9,1,DOID:936,brain disease
ICD9:349.9,Unspecified disorders of nervous system,ICD9,1,DOID:863,nervous system disease
ICD9:350.1,Trigeminal neuralgia,ICD9,1,DOID:12098,trigeminal neuralgia
ICD9:350.8,Other specified trigeminal nerve disorders,ICD9,1,DOID:561,trigeminal nerve disease
ICD9:351,,ICD9,1,DOID:1756,facial nerve disease
ICD9:351.0,Bell's palsy,ICD9,1,DOID:12506,Bell's palsy
ICD9:351.1,Geniculate ganglionitis,ICD9,1,DOID:14075,geniculate ganglionitis
ICD9:352,,ICD9,1,DOID:3418,glossopharyngeal nerve disease
ICD9:352.0,Disorders of olfactory (1st) nerve,ICD9,1,DOID:367,olfactory nerve disease
ICD9:352.1,Glossopharyngeal neuralgia,ICD9,1,DOID:14423,glossopharyngeal neuralgia
ICD9:352.3,Disorders of pneumogastric [10th] nerve,ICD9,1,DOID:12491,Vagus nerve disease
ICD9:352.4,Disorders of accessory [11th] nerve,ICD9,1,DOID:339,accessory nerve disease
ICD9:352.5,Disorders of hypoglossal [12th] nerve,ICD9,1,DOID:13814,hypoglossal nerve disease
ICD9:352.6,Multiple cranial nerve palsies,ICD9,1,DOID:13866,multiple cranial nerve palsy
ICD9:352.9,Unspecified disorder of cranial nerves,ICD9,1,DOID:5656,cranial nerve disease
ICD9:353.0,Brachial plexus lesions,ICD9,1,DOID:8443,brachial plexus lesion
ICD9:353.1,Lumbosacral plexus lesions,ICD9,1,DOID:13913,lumbosacral plexus lesion
ICD9:353.5,Neuralgic amyotrophy,ICD9,1,DOID:10383,amyotrophic neuralgia
ICD9:354,,ICD9,1,DOID:572,mononeuritis of upper limb and mononeuritis multiplex
ICD9:354.0,Carpal tunnel syndrome,ICD9,1,DOID:12169,carpal tunnel syndrome
ICD9:354.1,Other lesion of median nerve,ICD9,1,DOID:571,median neuropathy
ICD9:354.2,Lesion of ulnar nerve,ICD9,1,DOID:12168,ulnar nerve lesion
ICD9:354.3,Lesion of radial nerve,ICD9,1,DOID:12170,radial nerve lesion
ICD9:354.5,Mononeuritis multiplex,ICD9,1,DOID:1835,mononeuritis multiplex
ICD9:354.9,"Mononeuritis of upper limb, unspecified",ICD9,1,DOID:1844,mononeuritis of upper limb
ICD9:355.0,Lesion of sciatic nerve,ICD9,1,DOID:12528,lesion of sciatic nerve
ICD9:355.3,Lesion of lateral popliteal nerve,ICD9,1,DOID:12527,common peroneal nerve lesion
ICD9:355.5,Tarsal tunnel syndrome,ICD9,1,DOID:12526,tarsal tunnel syndrome
ICD9:355.6,Lesion of plantar nerve,ICD9,1,DOID:12524,plantar nerve lesion
ICD9:355.8,"Mononeuritis of lower limb, unspecified",ICD9,1,DOID:9473,mononeuritis of lower limb
ICD9:355.9,Mononeuritis of unspecified site,ICD9,1,DOID:1802,mononeuritis
ICD9:356.0,Hereditary peripheral neuropathy,ICD9,1,DOID:0050539,Charcot-Marie-Tooth disease type 2
ICD9:356.1,Peroneal muscular atrophy,ICD9,1,DOID:10595,Charcot-Marie-Tooth disease
ICD9:356.2,Hereditary sensory neuropathy,ICD9,1,DOID:2491,sensory peripheral neuropathy
ICD9:356.3,Refsum's disease,ICD9,1,DOID:10582,Refsum disease
ICD9:356.4,Idiopathic progressive polyneuropathy,ICD9,1,DOID:10593,idiopathic progressive polyneuropathy
ICD9:357,,ICD9,1,DOID:2537,inflammatory and toxic neuropathy
ICD9:357.1,Polyneuropathy in collagen vascular disease,ICD9,1,DOID:13649,polyneuropathy in collagen vascular disease
ICD9:357.2,Polyneuropathy in diabetes,ICD9,1,DOID:12785,diabetic polyneuropathy
ICD9:357.3,Polyneuropathy in malignant disease,ICD9,1,DOID:8681,paraneoplastic polyneuropathy
ICD9:357.5,Alcoholic polyneuropathy,ICD9,1,DOID:14183,alcoholic neuropathy
ICD9:357.6,Polyneuropathy due to drugs,ICD9,1,DOID:14184,polyneuropathy due to drug
ICD9:357.82,Critical illness polyneuropathy,ICD9,1,DOID:14402,critical illness polyneuropathy
ICD9:358,,ICD9,1,DOID:440,neuromuscular disease
ICD9:358.0,,ICD9,1,DOID:437,myasthenia gravis
ICD9:358.00,Myasthenia gravis without (acute) exacerbation,ICD9,1,DOID:437,myasthenia gravis
ICD9:358.3,,ICD9,1,DOID:0050214,Lambert-Eaton myasthenic syndrome
ICD9:359.0,Congenital hereditary muscular dystrophy,ICD9,1,DOID:0050557,congenital muscular dystrophy
ICD9:359.21,Myotonic muscular dystrophy,ICD9,1,DOID:11722,myotonic dystrophy type 1
ICD9:359.22,Myotonia congenita,ICD9,1,DOID:2106,myotonia congenita
ICD9:359.71,Inclusion body myositis,ICD9,1,DOID:3429,inclusion body myositis
ICD9:359.9,"Myopathy, unspecified",ICD9,1,DOID:423,myopathy
ICD9:360.0,,ICD9,1,DOID:9724,purulent endophthalmitis
ICD9:360.01,Acute endophthalmitis,ICD9,1,DOID:11752,acute endophthalmitis
ICD9:360.02,Panophthalmitis,ICD9,1,DOID:13732,panophthalmitis
ICD9:360.03,Chronic endophthalmitis,ICD9,1,DOID:10697,chronic endophthalmitis
ICD9:360.04,Vitreous abscess,ICD9,1,DOID:9723,vitreous abscess
ICD9:360.11,Sympathetic uveitis,ICD9,1,DOID:12029,sympathetic ophthalmia
ICD9:360.12,Panuveitis,ICD9,1,DOID:12030,panuveitis
ICD9:360.13,Parasitic endophthalmitis NOS,ICD9,1,DOID:1398,parasitic infectious disease
ICD9:360.14,Ophthalmia nodosa,ICD9,1,DOID:9722,ophthalmia nodosa
ICD9:360.21,Progressive high (degenerative) myopia,ICD9,1,DOID:11829,degenerative myopia
ICD9:360.23,Siderosis of globe,ICD9,1,DOID:11754,siderosis of eye
ICD9:360.29,Other degenerative disorders of globe,ICD9,1,DOID:1242,globe disease
ICD9:360.3,,ICD9,1,DOID:790,ocular hypotension
ICD9:360.31,Primary hypotony of eye,ICD9,1,DOID:12349,primary eye hypotony
ICD9:360.4,,ICD9,1,DOID:9799,eye degenerative disease
ICD9:360.41,Blind hypotensive eye,ICD9,1,DOID:11766,blind hypotensive eye
ICD9:360.42,Blind hypertensive eye,ICD9,1,DOID:11776,absolute glaucoma
ICD9:360.44,Leucocoria,ICD9,1,DOID:11772,leukocoria
ICD9:360.81,Luxation of globe,ICD9,1,DOID:1241,luxation of globe
ICD9:361.10,"Retinoschisis, unspecified",ICD9,1,DOID:8465,retinoschisis
ICD9:361.11,Flat retinoschisis,ICD9,1,DOID:8464,flat retinoschisis
ICD9:361.12,Bullous retinoschisis,ICD9,1,DOID:12108,bullous retinoschisis
ICD9:361.9,Unspecified retinal detachment,ICD9,1,DOID:5327,retinal detachment
ICD9:362.0,,ICD9,1,DOID:8947,diabetic retinopathy
ICD9:362.02,Proliferative diabetic retinopathy,ICD9,1,DOID:13207,proliferative diabetic retinopathy
ICD9:362.03,Nonproliferative diabetic retinopathy NOS,ICD9,1,DOID:13208,background diabetic retinopathy
ICD9:362.06,Severe nonproliferative diabetic retinopathy,ICD9,1,DOID:8946,severe nonproliferative diabetic retinopathy
ICD9:362.07,Diabetic macular edema,ICD9,1,DOID:9191,diabetic macular edema
ICD9:362.10,"Background retinopathy, unspecified",ICD9,1,DOID:0050535,exudative vitreoretinopathy
ICD9:362.11,Hypertensive retinopathy,ICD9,1,DOID:11561,hypertensive retinopathy
ICD9:362.12,Exudative retinopathy,ICD9,1,DOID:7765,Coats disease
ICD9:362.14,Retinal microaneurysms NOS,ICD9,1,DOID:11295,retinal microaneurysm
ICD9:362.15,Retinal telangiectasia,ICD9,1,DOID:7736,retinal telangiectasia
ICD9:362.18,Retinal vasculitis,ICD9,1,DOID:11563,retinal vasculitis
ICD9:362.21,Retrolental fibroplasia,ICD9,1,DOID:13025,retinopathy of prematurity
ICD9:362.3,,ICD9,1,DOID:1729,retinal vascular occlusion
ICD9:362.31,Central retinal artery occlusion,ICD9,1,DOID:13098,central retinal artery occlusion
ICD9:362.32,Retinal arterial branch occlusion,ICD9,1,DOID:13094,branch retinal artery occlusion
ICD9:362.33,Partial retinal arterial occlusion,ICD9,1,DOID:14522,partial arterial retinal occlusion
ICD9:362.34,Transient retinal arterial occlusion,ICD9,1,DOID:8482,transient retinal arterial occlusion
ICD9:362.35,Central retinal vein occlusion,ICD9,1,DOID:2450,central retinal vein occlusion
ICD9:362.36,Venous tributary (branch) occlusion,ICD9,1,DOID:13514,venous tributary occlusion of retina
ICD9:362.5,,ICD9,1,DOID:2007,degeneration of macula and posterior pole
ICD9:362.50,"Macular degeneration (senile), unspecified",ICD9,1,DOID:10871,age related macular degeneration
ICD9:362.52,Exudative senile macular degeneration,ICD9,1,DOID:10873,Kuhnt-Junius degeneration
ICD9:362.53,Cystoid macular degeneration,ICD9,1,DOID:14245,cystoid macular retinal degeneration
ICD9:362.54,"Macular cyst, hole, or pseudohole",ICD9,1,DOID:13214,hole retinal cyst
ICD9:362.55,Toxic maculopathy,ICD9,1,DOID:9867,toxic maculopathy
ICD9:362.56,Macular puckering,ICD9,1,DOID:2006,preretinal fibrosis
ICD9:362.57,Drusen (degenerative),ICD9,1,DOID:2569,retinal drusen
ICD9:362.6,,ICD9,1,DOID:12161,peripheral retinal degeneration
ICD9:362.61,Paving stone degeneration,ICD9,1,DOID:12166,cobblestone retinal degeneration
ICD9:362.62,Microcystoid degeneration,ICD9,1,DOID:12164,Blessig's cysts
ICD9:362.63,Lattice degeneration,ICD9,1,DOID:12165,retinal lattice degeneration
ICD9:362.64,Senile reticular degeneration,ICD9,1,DOID:12163,senile reticular retinal degeneration
ICD9:362.65,Secondary pigmentary degeneration,ICD9,1,DOID:12162,pseudoretinitis pigmentosa
ICD9:362.66,Secondary vitreoretinal degenerations,ICD9,1,DOID:12167,secondary vitreoretinal degeneration
ICD9:362.7,,ICD9,1,DOID:8500,hereditary retinal dystrophy
ICD9:362.71,Retinal dystrophy in systemic or cerebroretinal lipidoses,ICD9,1,DOID:14253,retinal dystrophy in systemic or cerebroretinal lipidoses
ICD9:362.73,Vitreoretinal dystrophies,ICD9,1,DOID:14251,vitreoretinal dystrophy
ICD9:362.76,Dystrophies primarily involving the retinal pigment epithelium,ICD9,1,DOID:14252,dystrophies primarily involving the retinal pigment epithelium
ICD9:362.77,Dystrophies primarily involving Bruch's membrane,ICD9,1,DOID:13227,retinal dystrophies primarily involving Bruch's membrane
ICD9:362.84,Retinal ischemia,ICD9,1,DOID:12510,retinal ischemia
ICD9:362.85,Retinal nerve fiber bundle defects,ICD9,1,DOID:5678,nerve fibre bundle defect
ICD9:362.9,Unspecified retinal disorder,ICD9,1,DOID:5679,retinal disease
ICD9:363.0,,ICD9,1,DOID:1979,focal chorioretinitis
ICD9:363.04,"Focal choroiditis and chorioretinitis, peripheral",ICD9,1,DOID:11864,peripheral focal chorioretinitis
ICD9:363.1,,ICD9,1,DOID:8787,disseminated chorioretinitis
ICD9:363.20,"Chorioretinitis, unspecified",ICD9,1,DOID:8886,chorioretinitis
ICD9:363.21,Pars planitis,ICD9,1,DOID:12731,pars planitis
ICD9:363.3,,ICD9,1,DOID:11086,chorioretinal scar
ICD9:363.31,Solar retinopathy,ICD9,1,DOID:11282,solar retinopathy
ICD9:363.34,Peripheral scars,ICD9,1,DOID:11283,peripheral scars of retina
ICD9:363.4,,ICD9,1,DOID:980,choroidal sclerosis
ICD9:363.41,Senile atrophy of choroid,ICD9,1,DOID:9776,Senile atrophy of choroid
ICD9:363.42,Diffuse secondary atrophy of choroid,ICD9,1,DOID:981,diffuse secondary choroid atrophy
ICD9:363.43,Angioid streaks of choroid,ICD9,1,DOID:979,angioid streaks of choroid
ICD9:363.5,,ICD9,1,DOID:9794,hereditary choroidal atrophy
ICD9:363.51,"Circumpapillary dystrophy of choroid, partial",ICD9,1,DOID:9811,partial circumpapillary choroid dystrophy
ICD9:363.52,"Circumpapillary dystrophy of choroid, total",ICD9,1,DOID:9842,total circumpapillary dystrophy of choroid
ICD9:363.53,"Central dystrophy of choroid, partial",ICD9,1,DOID:9822,partial central choroid dystrophy
ICD9:363.54,"Central choroidal atrophy, total",ICD9,1,DOID:9820,central gyrate choroidal dystrophy
ICD9:363.55,Choroideremia,ICD9,1,DOID:9821,choroideremia
ICD9:363.9,Unspecified disorder of choroid,ICD9,1,DOID:1417,choroid disease
ICD9:364.01,Primary iridocyclitis,ICD9,1,DOID:9383,iridocyclitis
ICD9:364.03,"Secondary iridocyclitis, infectious",ICD9,1,DOID:9389,infectious anterior uveitis
ICD9:364.05,Hypopyon,ICD9,1,DOID:10443,hypopyon
ICD9:364.2,,ICD9,1,DOID:9383,iridocyclitis
ICD9:364.21,Fuchs' heterochromic cyclitis,ICD9,1,DOID:9375,Fuchs' heterochromic uveitis
ICD9:364.22,Glaucomatocyclitic crises,ICD9,1,DOID:9378,glaucomatocyclitic crisis
ICD9:364.23,Lens-induced iridocyclitis,ICD9,1,DOID:9388,lens-induced iridocyclitis
ICD9:364.24,Vogt-koyanagi syndrome,ICD9,1,DOID:12297,Vogt-Koyanagi-Harada disease
ICD9:364.42,Rubeosis iridis,ICD9,1,DOID:14000,rubeosis iridis
ICD9:365,,ICD9,1,DOID:1686,glaucoma
ICD9:365.00,"Preglaucoma, unspecified",ICD9,1,DOID:9283,borderline glaucoma
ICD9:365.02,Anatomical narrow angle borderline glaucoma,ICD9,1,DOID:13327,anatomical narrow angle borderline glaucoma
ICD9:365.03,Steroid responders borderline glaucoma,ICD9,1,DOID:14548,steroid-induced glaucoma - borderline
ICD9:365.04,Ocular hypertension,ICD9,1,DOID:9282,ocular hypertension
ICD9:365.1,,ICD9,1,DOID:1067,open-angle glaucoma
ICD9:365.11,Primary open angle glaucoma,ICD9,1,DOID:1070,primary open angle glaucoma
ICD9:365.12,Low tension open-angle glaucoma,ICD9,1,DOID:13544,low tension glaucoma
ICD9:365.15,Residual stage of open angle glaucoma,ICD9,1,DOID:1066,residual stage of open angle glaucoma
ICD9:365.2,,ICD9,1,DOID:1405,primary angle-closure glaucoma
ICD9:365.21,Intermittent angle-closure glaucoma,ICD9,1,DOID:13549,interval angle-closure glaucoma
ICD9:365.22,Acute angle-closure glaucoma,ICD9,1,DOID:13862,acute closed-angle glaucoma
ICD9:365.23,Chronic angle-closure glaucoma,ICD9,1,DOID:14445,chronic closed-angle glaucoma
ICD9:365.24,Residual stage of angle-closure glaucoma,ICD9,1,DOID:1404,residual stage angle-closure glaucoma
ICD9:365.3,,ICD9,1,DOID:9946,steroid-induced glaucoma
ICD9:365.32,"Corticosteroid-induced glaucoma, residual stage",ICD9,1,DOID:9948,residual stage corticosteroid-induced glaucoma
ICD9:365.5,,ICD9,1,DOID:12571,phacogenic glaucoma
ICD9:365.51,Phacolytic glaucoma,ICD9,1,DOID:12570,phacolytic glaucoma
ICD9:365.52,Pseudoexfoliation glaucoma,ICD9,1,DOID:13641,exfoliation syndrome
ICD9:365.65,Glaucoma associated with ocular trauma,ICD9,1,DOID:13060,traumatic glaucoma
ICD9:365.81,Hypersecretion glaucoma,ICD9,1,DOID:11148,hypersecretion glaucoma
ICD9:365.83,Aqueous misdirection,ICD9,1,DOID:11149,aqueous misdirection
ICD9:366.1,,ICD9,1,DOID:9669,senile cataract
ICD9:366.15,Cortical senile cataract,ICD9,1,DOID:13574,cortical senile cataract
ICD9:366.16,Senile nuclear sclerosis,ICD9,1,DOID:13963,nuclear senile cataract
ICD9:366.18,Hypermature cataract,ICD9,1,DOID:13964,Morgagni cataract
ICD9:366.41,Diabetic cataract,ICD9,1,DOID:13328,diabetic cataract
ICD9:366.42,Tetanic cataract,ICD9,1,DOID:13822,tetanic cataract
ICD9:366.43,Myotonic cataract,ICD9,1,DOID:82,myotonic cataract
ICD9:366.8,Other cataract,ICD9,1,DOID:83,cataract
ICD9:367.0,Hypermetropia,ICD9,1,DOID:9834,hyperopia
ICD9:367.1,Myopia,ICD9,1,DOID:11830,myopia
ICD9:367.2,,ICD9,1,DOID:11782,astigmatism
ICD9:367.21,Regular astigmatism,ICD9,1,DOID:11781,regular astigmatism
ICD9:367.22,Irregular astigmatism,ICD9,1,DOID:13919,irregular astigmatism
ICD9:367.31,Anisometropia,ICD9,1,DOID:12273,anisometropia
ICD9:367.4,Presbyopia,ICD9,1,DOID:11638,presbyopia
ICD9:367.5,,ICD9,1,DOID:10034,eye accommodation disease
ICD9:367.51,Paresis of accommodation,ICD9,1,DOID:10033,cycloplegia
ICD9:367.52,Total or complete internal ophthalmoplegia,ICD9,1,DOID:11177,total internal ophthalmoplegia
ICD9:367.53,Spasm of accommodation,ICD9,1,DOID:11637,accommodative spasm
ICD9:367.81,Transient refractive change,ICD9,1,DOID:11850,transient refractive change
ICD9:368.00,"Amblyopia, unspecified",ICD9,1,DOID:10376,amblyopia
ICD9:368.01,Strabismic amblyopia,ICD9,1,DOID:10375,strabismic amblyopia
ICD9:368.02,Deprivation amblyopia,ICD9,1,DOID:10378,deprivation amblyopia
ICD9:368.03,Refractive amblyopia,ICD9,1,DOID:10377,refractive amblyopia
ICD9:368.30,"Binocular vision disorder, unspecified",ICD9,1,DOID:12667,binocular vision disease
ICD9:368.34,Abnormal retinal correspondence,ICD9,1,DOID:12668,abnormal retinal correspondence
ICD9:368.42,Scotoma of blind spot area,ICD9,1,DOID:9335,scotoma
ICD9:368.44,Other localized visual field defect,ICD9,1,DOID:9335,scotoma
ICD9:368.5,,ICD9,1,DOID:13399,color blindness
ICD9:368.51,Protan defect,ICD9,1,DOID:13910,red color blindness
ICD9:368.52,Deutan defect,ICD9,1,DOID:13909,red-green color blindness
ICD9:368.53,Tritan defect,ICD9,1,DOID:11661,blue color blindness
ICD9:368.54,Achromatopsia,ICD9,1,DOID:13911,achromatopsia
ICD9:368.55,Acquired color vision deficiencies,ICD9,1,DOID:13912,acquired color blindness
ICD9:368.6,,ICD9,1,DOID:8499,night blindness
ICD9:368.62,Acquired night blindness,ICD9,1,DOID:11491,acquired night blindness
ICD9:368.63,Abnormal dark adaptation curve,ICD9,1,DOID:11874,abnormal threshold of rods
ICD9:369,,ICD9,1,DOID:1432,blindness
ICD9:370,,ICD9,1,DOID:4677,keratitis
ICD9:370.0,,ICD9,1,DOID:8463,corneal ulcer
ICD9:370.01,Marginal corneal ulcer,ICD9,1,DOID:10441,marginal corneal ulcer
ICD9:370.02,Ring corneal ulcer,ICD9,1,DOID:10444,ring corneal ulcer
ICD9:370.03,Central corneal ulcer,ICD9,1,DOID:9910,central corneal ulcer
ICD9:370.04,Hypopyon ulcer,ICD9,1,DOID:10442,hypopyon ulcer
ICD9:370.05,Mycotic corneal ulcer,ICD9,1,DOID:10440,mycotic corneal ulcer
ICD9:370.06,Perforated corneal ulcer,ICD9,1,DOID:10445,perforated corneal ulcer
ICD9:370.07,Mooren's ulcer,ICD9,1,DOID:10439,Mooren's ulcer
ICD9:370.20,"Superficial keratitis, unspecified",ICD9,1,DOID:12196,superficial keratitis
ICD9:370.21,Punctate keratitis,ICD9,1,DOID:12197,punctate epithelial keratoconjunctivitis
ICD9:370.22,Macular keratitis,ICD9,1,DOID:11871,macular keratitis
ICD9:370.23,Filamentary keratitis,ICD9,1,DOID:4664,filamentary keratitis
ICD9:370.24,Photokeratitis,ICD9,1,DOID:13626,photokeratitis
ICD9:370.31,Phlyctenular keratoconjunctivitis,ICD9,1,DOID:11581,phlyctenulosis
ICD9:370.34,Exposure keratoconjunctivitis,ICD9,1,DOID:9461,exposure keratitis
ICD9:370.35,Neurotrophic keratoconjunctivitis,ICD9,1,DOID:12125,neurotrophic keratoconjunctivitis
ICD9:370.40,"Keratoconjunctivitis, unspecified",ICD9,1,DOID:9368,keratoconjunctivitis
ICD9:370.5,,ICD9,1,DOID:9858,deep keratitis
ICD9:370.50,"Interstitial keratitis, unspecified",ICD9,1,DOID:9857,interstitial keratitis
ICD9:370.52,Diffuse interstitial keratitis,ICD9,1,DOID:13353,diffuse interstitial keratitis
ICD9:370.54,Sclerosing keratitis,ICD9,1,DOID:14444,sclerosing keratitis
ICD9:370.55,Corneal abscess,ICD9,1,DOID:11543,corneal abscess
ICD9:370.6,,ICD9,1,DOID:11382,corneal neovascularization
ICD9:370.63,Deep vascularization of cornea,ICD9,1,DOID:12087,deep corneal vascularisation
ICD9:371.05,Phthisical cornea,ICD9,1,DOID:11793,phthisical cornea
ICD9:371.10,"Corneal deposit, unspecified",ICD9,1,DOID:11547,corneal deposit
ICD9:371.11,Anterior corneal pigmentations,ICD9,1,DOID:12307,anterior corneal pigmentation
ICD9:371.12,Stromal corneal pigmentations,ICD9,1,DOID:12311,stromal corneal pigmentation
ICD9:371.13,Posterior corneal pigmentations,ICD9,1,DOID:13448,posterior corneal pigmentation
ICD9:371.16,Argentous corneal deposits,ICD9,1,DOID:13447,corneal argyrosis
ICD9:371.2,,ICD9,1,DOID:11030,corneal edema
ICD9:371.21,Idiopathic corneal edema,ICD9,1,DOID:11033,idiopathic corneal edema
ICD9:371.22,Secondary corneal edema,ICD9,1,DOID:11032,secondary corneal edema
ICD9:371.23,Bullous keratopathy,ICD9,1,DOID:11031,bullous keratopathy
ICD9:371.24,Corneal edema due to wearing of contact lenses,ICD9,1,DOID:11034,contact lens corneal edema
ICD9:371.31,Folds and rupture of bowman's membrane,ICD9,1,DOID:11552,Bowman's membrane folds or rupture
ICD9:371.4,,ICD9,1,DOID:1237,corneal degeneration
ICD9:371.42,Recurrent erosion of cornea,ICD9,1,DOID:11541,recurrent corneal erosion
ICD9:371.43,Band-shaped keratopathy,ICD9,1,DOID:11164,band keratopathy
ICD9:371.45,Keratomalacia NOS,ICD9,1,DOID:11267,keratomalacia
ICD9:371.46,Nodular degeneration of cornea,ICD9,1,DOID:2879,nodular degeneration of cornea
ICD9:371.48,Peripheral degenerations of cornea,ICD9,1,DOID:14507,peripheral degeneration of cornea
ICD9:371.5,,ICD9,1,DOID:2566,corneal dystrophy
ICD9:371.51,Juvenile epithelial corneal dystrophy,ICD9,1,DOID:0060451,Meesmann corneal dystrophy
ICD9:371.53,Granular corneal dystrophy,ICD9,1,DOID:12318,granular corneal dystrophy
ICD9:371.55,Macular corneal dystrophy,ICD9,1,DOID:2565,macular corneal dystrophy
ICD9:371.6,,ICD9,1,DOID:10126,keratoconus
ICD9:371.61,"Keratoconus, stable condition",ICD9,1,DOID:10428,stable condition keratoconus
ICD9:371.62,"Keratoconus, acute hydrops",ICD9,1,DOID:10125,acute hydrops keratoconus
ICD9:371.71,Corneal ectasia,ICD9,1,DOID:1436,corneal ectasia
ICD9:371.73,Corneal staphyloma,ICD9,1,DOID:12753,corneal staphyloma
ICD9:371.9,Unspecified corneal disorder,ICD9,1,DOID:10124,corneal disease
ICD9:372.01,"Serous conjunctivitis, except viral",ICD9,1,DOID:11197,serous conjunctivitis except viral
ICD9:372.02,Acute follicular conjunctivitis,ICD9,1,DOID:11219,conjunctival folliculosis
ICD9:372.03,Other mucopurulent conjunctivitis,ICD9,1,DOID:11184,acute conjunctivitis
ICD9:372.04,Pseudomembranous conjunctivitis,ICD9,1,DOID:11190,pseudomembranous conjunctivitis
ICD9:372.05,Acute atopic conjunctivitis,ICD9,1,DOID:11203,Angelucci's syndrome
ICD9:372.1,,ICD9,1,DOID:2475,chronic conjunctivitis
ICD9:372.11,Simple chronic conjunctivitis,ICD9,1,DOID:9512,simple chronic conjunctivitis
ICD9:372.12,Chronic follicular conjunctivitis,ICD9,1,DOID:13326,chronic follicular conjunctivitis
ICD9:372.13,Vernal conjunctivitis,ICD9,1,DOID:2474,vernal conjunctivitis
ICD9:372.15,Parasitic conjunctivitis,ICD9,1,DOID:13341,parasitic conjunctivitis
ICD9:372.2,,ICD9,1,DOID:2456,blepharoconjunctivitis
ICD9:372.21,Angular blepharoconjunctivitis,ICD9,1,DOID:2455,angular blepharoconjunctivitis
ICD9:372.22,Contact blepharoconjunctivitis,ICD9,1,DOID:13999,contact blepharoconjunctivitis
ICD9:372.30,"Conjunctivitis, unspecified",ICD9,1,DOID:6195,conjunctivitis
ICD9:372.31,Rosacea conjunctivitis,ICD9,1,DOID:9709,rosacea conjunctivitis
ICD9:372.42,"Peripheral pterygium, progressive",ICD9,1,DOID:13474,progressive peripheral pterygium
ICD9:372.43,Central pterygium,ICD9,1,DOID:13473,central pterygium
ICD9:372.44,Double pterygium,ICD9,1,DOID:10525,double pterygium
ICD9:372.50,"Conjunctival degeneration, unspecified",ICD9,1,DOID:10139,conjunctival degeneration
ICD9:372.51,Pinguecula,ICD9,1,DOID:11029,pinguecula
ICD9:372.52,Pseudopterygium,ICD9,1,DOID:11028,pseudopterygium
ICD9:372.54,Conjunctival concretions,ICD9,1,DOID:11988,conjunctival concretion
ICD9:372.55,Conjunctival pigmentations,ICD9,1,DOID:12304,conjunctival pigmentation
ICD9:372.56,Conjunctival deposits,ICD9,1,DOID:11653,conjunctival deposit
ICD9:372.74,Vascular abnormalities of conjunctiva,ICD9,1,DOID:10989,conjunctival vascular disease
ICD9:372.81,Conjunctivochalasis,ICD9,1,DOID:4250,conjunctivochalasis
ICD9:372.9,Unspecified disorder of conjunctiva,ICD9,1,DOID:4251,conjunctival disease
ICD9:373.0,,ICD9,1,DOID:9423,blepharitis
ICD9:373.01,Ulcerative blepharitis,ICD9,1,DOID:9483,ulcerative blepharitis
ICD9:373.02,Squamous blepharitis,ICD9,1,DOID:13825,squamous blepharitis
ICD9:373.11,Hordeolum externum,ICD9,1,DOID:13134,hordeolum externum
ICD9:373.12,Hordeolum internum,ICD9,1,DOID:9908,internal hordeolum
ICD9:373.2,Chalazion,ICD9,1,DOID:9903,meibomian cyst
ICD9:373.3,,ICD9,1,DOID:1894,noninfectious dermatoses of eyelid
ICD9:373.31,Eczematous dermatitis of eyelid,ICD9,1,DOID:1893,eczematous dermatitis of eyelid
ICD9:373.32,Contact and allergic dermatitis of eyelid,ICD9,1,DOID:1895,allergic contact dermatitis of eyelid
ICD9:373.33,Xeroderma of eyelid,ICD9,1,DOID:9140,xeroderma of eyelid
ICD9:373.34,Discoid lupus erythematosus of eyelid,ICD9,1,DOID:9076,discoid lupus erythematosus of eyelid
ICD9:373.4,Infective dermatitis of eyelid of types resulting in deformity,ICD9,1,DOID:9423,blepharitis
ICD9:373.6,Parasitic infestation of eyelid,ICD9,1,DOID:13823,parasitic eyelid infestation
ICD9:374.00,"Entropion, unspecified",ICD9,1,DOID:12397,entropion
ICD9:374.01,Senile entropion,ICD9,1,DOID:12836,senile entropion
ICD9:374.02,Mechanical entropion,ICD9,1,DOID:13112,mechanical entropion
ICD9:374.03,Spastic entropion,ICD9,1,DOID:12395,spastic entropion
ICD9:374.04,Cicatricial entropion,ICD9,1,DOID:13113,cicatricial entropion
ICD9:374.1,,ICD9,1,DOID:1570,ectropion
ICD9:374.11,Senile ectropion,ICD9,1,DOID:13356,senile ectropion
ICD9:374.12,Mechanical ectropion,ICD9,1,DOID:1569,mechanical ectropion
ICD9:374.13,Spastic ectropion,ICD9,1,DOID:1571,spastic ectropion
ICD9:374.14,Cicatricial ectropion,ICD9,1,DOID:12782,cicatricial ectropion
ICD9:374.2,,ICD9,1,DOID:12959,lagophthalmos
ICD9:374.21,Paralytic lagophthalmos,ICD9,1,DOID:12958,paralytic lagophthalmos
ICD9:374.22,Mechanical lagophthalmos,ICD9,1,DOID:13037,mechanical lagophthalmos
ICD9:374.23,Cicatricial lagophthalmos,ICD9,1,DOID:13038,cicatricial lagophthalmos
ICD9:374.3,,ICD9,1,DOID:0060260,ptosis
ICD9:374.34,Blepharochalasis,ICD9,1,DOID:348,blepharochalasis
ICD9:374.43,Abnormal innervation syndrome of eyelid,ICD9,1,DOID:560,jaw-winking syndrome
ICD9:374.46,Blepharophimosis,ICD9,1,DOID:10348,blepharophimosis
ICD9:374.52,Hyperpigmentation of eyelid,ICD9,1,DOID:10122,hyperpigmentation of eyelid
ICD9:374.53,Hypopigmentation of eyelid,ICD9,1,DOID:11668,hypopigmentation of eyelid
ICD9:374.54,Hypertrichosis of eyelid,ICD9,1,DOID:11669,hypertrichosis of eyelid
ICD9:374.55,Hypotrichosis of eyelid,ICD9,1,DOID:11671,hypotrichosis of eyelid
ICD9:374.9,Unspecified disorder of eyelid,ICD9,1,DOID:530,eyelid disease
ICD9:375,,ICD9,1,DOID:1400,lacrimal apparatus disease
ICD9:375.0,,ICD9,1,DOID:950,dacryoadenitis
ICD9:375.01,Acute dacryoadenitis,ICD9,1,DOID:952,acute dacryoadenitis
ICD9:375.02,Chronic dacryoadenitis,ICD9,1,DOID:949,chronic dacryoadenitis
ICD9:375.03,Chronic enlargement of lacrimal gland,ICD9,1,DOID:12809,chronic lacrimal gland enlargement
ICD9:375.13,Primary lacrimal atrophy,ICD9,1,DOID:1399,primary lacrimal atrophy
ICD9:375.14,Secondary lacrimal atrophy,ICD9,1,DOID:1822,secondary lacrimal atrophy
ICD9:375.15,"Tear film insufficiency, unspecified",ICD9,1,DOID:10138,xerophthalmia
ICD9:375.16,Dislocation of lacrimal gland,ICD9,1,DOID:11134,prolapse of lacrimal gland
ICD9:375.2,,ICD9,1,DOID:13757,excessive tearing
ICD9:375.21,Epiphora due to excess lacrimation,ICD9,1,DOID:14244,epiphora due to excess lacrimation
ICD9:375.22,Epiphora due to insufficient drainage,ICD9,1,DOID:13756,epiphora due to insufficient drainage
ICD9:375.3,,ICD9,1,DOID:6970,acute inflammation of lacrimal passage
ICD9:375.30,"Dacryocystitis, unspecified",ICD9,1,DOID:9938,dacryocystitis
ICD9:375.31,"Acute canaliculitis, lacrimal",ICD9,1,DOID:6969,acute canaliculitis
ICD9:375.32,Acute dacryocystitis,ICD9,1,DOID:12996,acute dacryocystitis
ICD9:375.33,Phlegmonous dacryocystitis,ICD9,1,DOID:12997,Phlegmonous dacryocystitis
ICD9:375.4,,ICD9,1,DOID:9935,chronic inflammation of lacrimal passage
ICD9:375.41,Chronic canaliculitis,ICD9,1,DOID:9936,chronic canaliculitis
ICD9:375.42,Chronic dacryocystitis,ICD9,1,DOID:9937,chronic dacryocystitis
ICD9:375.43,Lacrimal mucocele,ICD9,1,DOID:9939,dacryocystocele
ICD9:375.51,Eversion of lacrimal punctum,ICD9,1,DOID:13651,eversion of lacrimal punctum
ICD9:375.52,Stenosis of lacrimal punctum,ICD9,1,DOID:13653,stenosis of lacrimal punctum
ICD9:375.53,Stenosis of lacrimal canaliculi,ICD9,1,DOID:13654,stenosis of lacrimal passage
ICD9:375.54,Stenosis of lacrimal sac,ICD9,1,DOID:3096,stenosis of lacrimal sac
ICD9:375.56,"Stenosis of nasolacrimal duct, acquired",ICD9,1,DOID:13655,acquired tear duct stenosis
ICD9:375.81,Granuloma of lacrimal passages,ICD9,1,DOID:10174,lacrimal passage granuloma
ICD9:376.0,,ICD9,1,DOID:11230,acute orbital inflammation
ICD9:376.01,Orbital cellulitis,ICD9,1,DOID:11234,orbital cellulitis
ICD9:376.02,Orbital periostitis,ICD9,1,DOID:11231,orbital periostitis
ICD9:376.03,Orbital osteomyelitis,ICD9,1,DOID:11232,orbital osteomyelitis
ICD9:376.04,Orbital tenonitis,ICD9,1,DOID:11233,orbital tenonitis
ICD9:376.1,,ICD9,1,DOID:1397,chronic orbital inflammation
ICD9:376.11,Orbital granuloma,ICD9,1,DOID:10499,orbital granuloma
ICD9:376.2,,ICD9,1,DOID:12359,endocrine exophthalmos
ICD9:376.21,Thyrotoxic exophthalmos,ICD9,1,DOID:12362,thyrotoxic exophthalmos
ICD9:376.22,Exophthalmic ophthalmoplegia,ICD9,1,DOID:13135,exophthalmic ophthalmoplegia
ICD9:376.31,Constant exophthalmos,ICD9,1,DOID:9945,constant exophthalmos
ICD9:376.34,Intermittent exophthalmos,ICD9,1,DOID:12363,intermittent proptosis
ICD9:376.35,Pulsating exophthalmos,ICD9,1,DOID:12364,pulsating exophthalmos
ICD9:376.36,Lateral displacement of globe,ICD9,1,DOID:12360,lateral displacement of eye
ICD9:376.5,,ICD9,1,DOID:11175,enophthalmos
ICD9:376.81,Orbital cysts,ICD9,1,DOID:14233,orbital cyst
ICD9:376.82,Myopathy of extraocular muscles,ICD9,1,DOID:929,myopathy of extraocular muscle
ICD9:376.9,Unspecified disorder of orbit,ICD9,1,DOID:930,orbital disease
ICD9:377.01,Papilledema associated with increased intracranial pressure,ICD9,1,DOID:10175,optic papillitis
ICD9:377.04,Foster-Kennedy syndrome,ICD9,1,DOID:14555,Foster-Kennedy syndrome
ICD9:377.1,,ICD9,1,DOID:5723,optic atrophy
ICD9:377.11,Primary optic atrophy,ICD9,1,DOID:10627,primary optic atrophy
ICD9:377.14,Glaucomatous atrophy [cupping] of optic disc,ICD9,1,DOID:10337,glaucomatous atrophy of optic disc
ICD9:377.15,Partial optic atrophy,ICD9,1,DOID:10631,partial optic atrophy
ICD9:377.21,Drusen of optic disc,ICD9,1,DOID:13561,optic disk drusen
ICD9:377.22,Crater-like holes of optic disc,ICD9,1,DOID:13295,crater-like holes of optic disc
ICD9:377.23,Coloboma of optic disc,ICD9,1,DOID:11975,coloboma of optic nerve
ICD9:377.24,Pseudopapilledema,ICD9,1,DOID:1392,pseudopapilledema
ICD9:377.3,,ICD9,1,DOID:1210,optic neuritis
ICD9:377.32,Retrobulbar neuritis (acute),ICD9,1,DOID:14155,acute retrobulbar neuritis
ICD9:377.33,Nutritional optic neuropathy,ICD9,1,DOID:1209,nutritional optic neuropathy
ICD9:377.34,Toxic optic neuropathy,ICD9,1,DOID:13329,toxic optic neuropathy
ICD9:377.41,Ischemic optic neuropathy,ICD9,1,DOID:12010,anterior ischemic optic neuropathy
ICD9:377.43,Optic nerve hypoplasia,ICD9,1,DOID:0111531,bilateral optic nerve hypoplasia
ICD9:377.5,,ICD9,1,DOID:5655,chiasmal syndrome
ICD9:377.7,,ICD9,1,DOID:5691,visual cortex disease
ICD9:377.75,Cortical blindness,ICD9,1,DOID:11831,cortical blindness
ICD9:378.0,,ICD9,1,DOID:9840,esotropia
ICD9:378.01,Monocular esotropia,ICD9,1,DOID:10293,monocular esotropia
ICD9:378.05,Alternating esotropia,ICD9,1,DOID:9888,alternating esotropia
ICD9:378.1,,ICD9,1,DOID:1143,exotropia
ICD9:378.11,Monocular exotropia,ICD9,1,DOID:11853,monocular exotropia
ICD9:378.15,Alternating exotropia,ICD9,1,DOID:1142,alternating exotropia
ICD9:378.2,,ICD9,1,DOID:1942,intermittent squint
ICD9:378.31,Hypertropia,ICD9,1,DOID:9837,hypertropia
ICD9:378.32,Hypotropia,ICD9,1,DOID:9841,hypotropia
ICD9:378.33,Cyclotropia,ICD9,1,DOID:9838,cyclotropia
ICD9:378.34,Monofixation syndrome,ICD9,1,DOID:9843,monofixation syndrome
ICD9:378.35,Accommodative component in esotropia,ICD9,1,DOID:9839,accommodative esotropia
ICD9:378.5,,ICD9,1,DOID:10863,paralytic squint
ICD9:378.51,"Third or oculomotor nerve palsy, partial",ICD9,1,DOID:10864,partial third-nerve palsy
ICD9:378.52,"Third or oculomotor nerve palsy, total",ICD9,1,DOID:10866,total third-nerve palsy
ICD9:378.53,Fourth or trochlear nerve palsy,ICD9,1,DOID:13864,trochlear nerve disease
ICD9:378.56,Total ophthalmoplegia,ICD9,1,DOID:539,ophthalmoplegia
ICD9:378.6,,ICD9,1,DOID:9306,mechanical strabismus
ICD9:378.61,Brown's (tendon) sheath syndrome,ICD9,1,DOID:10235,Brown's tendon sheath syndrome
ICD9:378.7,,ICD9,1,DOID:540,strabismus
ICD9:378.71,Duane's syndrome,ICD9,1,DOID:12557,Duane retraction syndrome
ICD9:378.72,Progressive external ophthalmoplegia,ICD9,1,DOID:12558,chronic progressive external ophthalmoplegia
ICD9:378.81,Palsy of conjugate gaze,ICD9,1,DOID:12445,conjugate gaze palsy
ICD9:378.86,Internuclear ophthalmoplegia,ICD9,1,DOID:538,internuclear ophthalmoplegia
ICD9:378.9,Unspecified disorder of eye movements,ICD9,1,DOID:1279,ocular motility disease
ICD9:379.00,"Scleritis, unspecified",ICD9,1,DOID:13452,scleritis
ICD9:379.01,Episcleritis periodica fugax,ICD9,1,DOID:12124,episcleritis periodica fugax
ICD9:379.02,Nodular episcleritis,ICD9,1,DOID:728,nodular episcleritis
ICD9:379.03,Anterior scleritis,ICD9,1,DOID:13794,anterior scleritis
ICD9:379.04,Scleromalacia perforans,ICD9,1,DOID:14230,scleromalacia perforans
ICD9:379.05,Scleritis with corneal involvement,ICD9,1,DOID:13861,scleroperikeratitis
ICD9:379.06,Brawny scleritis,ICD9,1,DOID:14287,brawny scleritis
ICD9:379.07,Posterior scleritis,ICD9,1,DOID:13676,posterior scleritis
ICD9:379.12,Staphyloma posticum,ICD9,1,DOID:13789,staphyloma posticum
ICD9:379.13,Equatorial staphyloma,ICD9,1,DOID:13788,equatorial staphyloma
ICD9:379.14,"Anterior staphyloma, localized",ICD9,1,DOID:13787,localized anterior staphyloma
ICD9:379.15,Ring staphyloma,ICD9,1,DOID:11594,ring staphyloma
ICD9:379.21,Vitreous degeneration,ICD9,1,DOID:11816,vitreous syneresis
ICD9:379.24,Other vitreous opacities,ICD9,1,DOID:9720,vitreous disease
ICD9:379.32,Subluxation of lens,ICD9,1,DOID:11364,lens subluxation
ICD9:379.33,Anterior dislocation of lens,ICD9,1,DOID:2460,anterior dislocation of lens
ICD9:379.34,Posterior dislocation of lens,ICD9,1,DOID:14199,posterior dislocation of lens
ICD9:379.45,"Argyll Robertson pupil, atypical",ICD9,1,DOID:14523,Argyll Robertson pupil
ICD9:379.49,Other anomalies of pupillary function,ICD9,1,DOID:11518,abnormal pupillary function
ICD9:379.50,"Nystagmus, unspecified",ICD9,1,DOID:9650,pathologic nystagmus
ICD9:379.51,Congenital nystagmus,ICD9,1,DOID:9649,congenital nystagmus
ICD9:379.53,Visual deprivation nystagmus,ICD9,1,DOID:11771,spontaneous ocular nystagmus
ICD9:379.54,Nystagmus associated with disorders of the vestibular system,ICD9,1,DOID:14070,vestibular nystagmus
ICD9:379.55,Dissociated nystagmus,ICD9,1,DOID:13174,dissociated nystagmus
ICD9:379.90,"Disorder of eye, unspecified",ICD9,1,DOID:5614,eye disease
ICD9:380,,ICD9,1,DOID:379,external ear disease
ICD9:380.00,"Perichondritis of pinna, unspecified",ICD9,1,DOID:222,perichondritis of auricle
ICD9:380.01,Acute perichondritis of pinna,ICD9,1,DOID:221,acute perichondritis of pinna
ICD9:380.02,Chronic perichondritis of pinna,ICD9,1,DOID:14243,chronic perichondritis of pinna
ICD9:380.1,,ICD9,1,DOID:9463,otitis externa
ICD9:380.11,Acute infection of pinna,ICD9,1,DOID:10520,acute infection of pinna
ICD9:380.12,Acute swimmers' ear,ICD9,1,DOID:10518,beach ear
ICD9:380.14,Malignant otitis externa,ICD9,1,DOID:10516,malignant otitis externa
ICD9:380.15,Chronic mycotic otitis externa,ICD9,1,DOID:10519,chronic fungal otitis externa
ICD9:380.21,Cholesteatoma of external ear,ICD9,1,DOID:9462,cholesteatoma of external ear
ICD9:381.01,Acute serous otitis media,ICD9,1,DOID:11557,acute serous otitis media
ICD9:381.02,Acute mucoid otitis media,ICD9,1,DOID:9736,blue drum syndrome
ICD9:381.03,Acute sanguinous otitis media,ICD9,1,DOID:3696,acute sanguinous otitis media
ICD9:381.04,Acute allergic serous otitis media,ICD9,1,DOID:11558,acute allergic serous otitis media
ICD9:381.05,Acute allergic mucoid otitis media,ICD9,1,DOID:9735,acute allergic mucoid otitis media
ICD9:381.06,Acute allergic sanguinous otitis media,ICD9,1,DOID:3728,acute allergic sanguinous otitis media
ICD9:381.1,,ICD9,1,DOID:11181,serous glue ear
ICD9:381.4,"Nonsuppurative otitis media, not specified as acute or chronic",ICD9,1,DOID:11180,non-suppurative otitis media
ICD9:381.5,,ICD9,1,DOID:2000,otosalpingitis
ICD9:381.51,Acute Eustachian salpingitis,ICD9,1,DOID:10550,acute eustachian salpingitis
ICD9:381.52,Chronic Eustachian salpingitis,ICD9,1,DOID:1999,chronic eustachian salpingitis
ICD9:381.7,Patulous Eustachian tube,ICD9,1,DOID:12358,patulous eustachian tube
ICD9:381.8,,ICD9,1,DOID:9739,eustachian tube disease
ICD9:382.02,Acute suppurative otitis media in diseases classified elsewhere,ICD9,1,DOID:10435,purulent acute otitis media
ICD9:382.1,Chronic tubotympanic suppurative otitis media,ICD9,1,DOID:14435,chronic tubotympanic suppurative otitis media
ICD9:382.2,Chronic atticoantral suppurative otitis media,ICD9,1,DOID:14248,chronic atticoantral disease
ICD9:382.3,Unspecified chronic suppurative otitis media,ICD9,1,DOID:14247,chronic purulent otitis media
ICD9:382.4,Unspecified suppurative otitis media,ICD9,1,DOID:11506,suppurative otitis media
ICD9:382.9,Unspecified otitis media,ICD9,1,DOID:10754,otitis media
ICD9:383.2,,ICD9,1,DOID:10755,petrositis
ICD9:383.21,Acute petrositis,ICD9,1,DOID:10755,petrositis
ICD9:383.22,Chronic petrositis,ICD9,1,DOID:10755,petrositis
ICD9:383.9,Unspecified mastoiditis,ICD9,1,DOID:0060322,mastoiditis
ICD9:384.00,"Acute myringitis, unspecified",ICD9,1,DOID:13790,acute tympanitis
ICD9:384.01,Bullous myringitis,ICD9,1,DOID:13791,myringitis bullosa hemorrhagica
ICD9:384.1,Chronic myringitis without mention of otitis media,ICD9,1,DOID:11217,chronic tympanitis
ICD9:384.81,Atrophic flaccid tympanic membrane,ICD9,1,DOID:5781,atrophic flaccid tympanic membrane
ICD9:384.82,Atrophic nonflaccid tympanic membrane,ICD9,1,DOID:12546,atrophic nonflaccid tympanic membrane
ICD9:384.9,Unspecified disorder of tympanic membrane,ICD9,1,DOID:5782,tympanic membrane disease
ICD9:385.09,Tympanosclerosis involving other combination of structures,ICD9,1,DOID:1214,tympanosclerosis
ICD9:385.1,,ICD9,1,DOID:11235,adhesive otitis media
ICD9:385.23,Discontinuity or dislocation of ear ossicles,ICD9,1,DOID:11129,dislocation of ear ossicle
ICD9:385.24,Partial loss or necrosis of ear ossicles,ICD9,1,DOID:11783,necrosis of ear ossicle
ICD9:385.3,,ICD9,1,DOID:10964,cholesteatoma of middle ear
ICD9:385.30,"Cholesteatoma, unspecified",ICD9,1,DOID:869,cholesteatoma
ICD9:385.31,Cholesteatoma of attic,ICD9,1,DOID:10963,cholesteatoma of attic
ICD9:385.32,Cholesteatoma of middle ear,ICD9,1,DOID:10964,cholesteatoma of middle ear
ICD9:386.0,,ICD9,1,DOID:9849,Meniere's disease
ICD9:386.01,"Active Ménière's disease, cochleovestibular",ICD9,1,DOID:13490,active cochleovestibular Meniere's disease
ICD9:386.02,"Active Ménière's disease, cochlear",ICD9,1,DOID:13492,active cochlear Meniere's disease
ICD9:386.03,"Active Ménière's disease, vestibular",ICD9,1,DOID:13491,active vestibular Meniere's disease
ICD9:386.11,Benign paroxysmal positional vertigo,ICD9,1,DOID:13941,benign paroxysmal positional vertigo
ICD9:386.12,Vestibular neuronitis,ICD9,1,DOID:12683,vestibular neuronitis
ICD9:386.19,Other peripheral vertigo,ICD9,1,DOID:9847,peripheral vertigo
ICD9:386.2,Vertigo of central origin,ICD9,1,DOID:2479,central nervous system origin vertigo
ICD9:386.3,,ICD9,1,DOID:1468,labyrinthitis
ICD9:386.31,Serous labyrinthitis,ICD9,1,DOID:1467,serous labyrinthitis
ICD9:386.32,Circumscribed labyrinthitis,ICD9,1,DOID:13867,focal labyrinthitis
ICD9:386.33,Suppurative labyrinthitis,ICD9,1,DOID:13534,purulent labyrinthitis
ICD9:386.34,Toxic labyrinthitis,ICD9,1,DOID:14081,toxic labyrinthitis
ICD9:386.35,Viral labyrinthitis,ICD9,1,DOID:12357,viral labyrinthitis
ICD9:386.5,,ICD9,1,DOID:566,labyrinthine dysfunction
ICD9:386.51,"Hyperactive labyrinth, unilateral",ICD9,1,DOID:1777,unilateral hyperactive labyrinth
ICD9:386.52,"Hyperactive labyrinth, bilateral",ICD9,1,DOID:14165,bilateral hyperactive labyrinth
ICD9:386.53,"Hypoactive labyrinth, unilateral",ICD9,1,DOID:9496,unilateral hypoactive labyrinth
ICD9:386.54,"Hypoactive labyrinth, bilateral",ICD9,1,DOID:565,bilateral hypoactive labyrinth
ICD9:386.55,"Loss of labyrinthine reactivity, unilateral",ICD9,1,DOID:1776,labyrinthine unilateral reactive loss
ICD9:386.56,"Loss of labyrinthine reactivity, bilateral",ICD9,1,DOID:14413,labyrinthine bilateral reactive loss
ICD9:387.8,Other otosclerosis,ICD9,1,DOID:12185,otosclerosis
ICD9:388.5,Disorders of acoustic nerve,ICD9,1,DOID:12657,vestibulocochlear nerve disease
ICD9:388.6,,ICD9,1,DOID:10261,otorrhea
ICD9:388.9,Unspecified disorder of ear,ICD9,1,DOID:2742,auditory system disease
ICD9:389.1,,ICD9,1,DOID:10003,sensorineural hearing loss
ICD9:390,Rheumatic fever without mention of heart involvement,ICD9,1,DOID:1586,rheumatic fever
ICD9:390-392.99,,ICD9,1,DOID:1586,rheumatic fever
ICD9:391.9,"Acute rheumatic heart disease, unspecified",ICD9,1,DOID:8481,rheumatic myocarditis
ICD9:393,Chronic rheumatic pericarditis,ICD9,1,DOID:1869,chronic rheumatic pericarditis
ICD9:394,,ICD9,1,DOID:61,mitral valve disease
ICD9:394.1,Rheumatic mitral insufficiency,ICD9,1,DOID:61,mitral valve disease
ICD9:395.0,Rheumatic aortic stenosis,ICD9,1,DOID:1712,aortic valve stenosis
ICD9:395.1,Rheumatic aortic insufficiency,ICD9,1,DOID:57,aortic valve insufficiency
ICD9:397.0,Diseases of tricuspid valve,ICD9,1,DOID:0050826,tricuspid valve disease
ICD9:397.1,Rheumatic diseases of pulmonary valve,ICD9,1,DOID:5748,rheumatic pulmonary valve disease
ICD9:398.0,Rheumatic myocarditis,ICD9,1,DOID:8481,rheumatic myocarditis
ICD9:398.91,Rheumatic heart failure (congestive),ICD9,1,DOID:14172,rheumatic congestive heart failure
ICD9:401,,ICD9,1,DOID:10825,essential hypertension
ICD9:401-405.99,,ICD9,1,DOID:10763,hypertension
ICD9:401.0,Malignant essential hypertension,ICD9,1,DOID:10823,malignant essential hypertension
ICD9:401.1,Benign essential hypertension,ICD9,1,DOID:10913,benign essential hypertension
ICD9:402,,ICD9,1,DOID:11516,hypertensive heart disease
ICD9:403.1,,ICD9,1,DOID:11520,benign hypertensive renal disease
ICD9:405,,ICD9,1,DOID:11130,secondary hypertension
ICD9:405.0,,ICD9,1,DOID:13731,malignant secondary hypertension
ICD9:405.1,,ICD9,1,DOID:13143,benign secondary hypertension
ICD9:405.11,Benign renovascular hypertension,ICD9,1,DOID:13145,benign renovascular hypertension
ICD9:410,,ICD9,1,DOID:9408,acute myocardial infarction
ICD9:410-414.99,,ICD9,1,DOID:3393,coronary artery disease
ICD9:410.0,,ICD9,1,DOID:10651,acute anterolateral myocardial infarction
ICD9:410.20,"Acute myocardial infarction of inferolateral wall, episode of care unspecified",ICD9,1,DOID:10649,acute inferolateral myocardial infarction
ICD9:410.30,"Acute myocardial infarction of inferoposterior wall, episode of care unspecified",ICD9,1,DOID:10648,acute inferoposterior infarction
ICD9:410.60,"True posterior wall infarction, episode of care unspecified",ICD9,1,DOID:9407,strictly posterior acute myocardial infarction
ICD9:410.7,,ICD9,1,DOID:10266,subendocardial infarction acute myocardial infarction
ICD9:411.0,Postmyocardial infarction syndrome,ICD9,1,DOID:10507,Dressler's syndrome
ICD9:411.1,Intermediate coronary syndrome,ICD9,1,DOID:8805,intermediate coronary syndrome
ICD9:414.0,,ICD9,1,DOID:3393,coronary artery disease
ICD9:414.11,Aneurysm of coronary vessels,ICD9,1,DOID:3362,coronary aneurysm
ICD9:414.9,"Chronic ischemic heart disease, unspecified",ICD9,1,DOID:3393,coronary artery disease
ICD9:415.1,,ICD9,1,DOID:8516,pulmonary embolism and infarction
ICD9:416.0,Primary pulmonary hypertension,ICD9,1,DOID:14557,primary pulmonary hypertension
ICD9:416.1,Kyphoscoliotic heart disease,ICD9,1,DOID:12325,kyphoscoliotic heart disease
ICD9:416.8,Other chronic pulmonary heart diseases,ICD9,1,DOID:12326,chronic pulmonary heart disease
ICD9:421.9,"Acute endocarditis, unspecified",ICD9,1,DOID:10314,endocarditis
ICD9:422,,ICD9,1,DOID:3951,acute myocarditis
ICD9:422.91,Idiopathic myocarditis,ICD9,1,DOID:10778,fiedler's myocarditis
ICD9:422.92,Septic myocarditis,ICD9,1,DOID:10779,septic myocarditis
ICD9:422.93,Toxic myocarditis,ICD9,1,DOID:9694,toxic myocarditis
ICD9:423.0,Hemopericardium,ICD9,1,DOID:11482,hemopericardium
ICD9:423.2,Constrictive pericarditis,ICD9,1,DOID:11481,constrictive pericarditis
ICD9:423.3,Cardiac tamponade,ICD9,1,DOID:115,cardiac tamponade
ICD9:424.0,Mitral valve disorders,ICD9,1,DOID:61,mitral valve disease
ICD9:424.1,Aortic valve disorders,ICD9,1,DOID:62,aortic valve disease
ICD9:424.3,Pulmonary valve disorders,ICD9,1,DOID:5749,pulmonary valve disease
ICD9:425,,ICD9,1,DOID:0050700,cardiomyopathy
ICD9:425.0,Endomyocardial fibrosis,ICD9,1,DOID:12932,endomyocardial fibrosis
ICD9:425.1,,ICD9,1,DOID:11984,hypertrophic cardiomyopathy
ICD9:425.3,Endocardial fibroelastosis,ICD9,1,DOID:12929,endocardial fibroelastosis
ICD9:425.5,Alcoholic cardiomyopathy,ICD9,1,DOID:12935,alcoholic cardiomyopathy
ICD9:425.8,Cardiomyopathy in other diseases classified elsewhere,ICD9,1,DOID:3978,extrinsic cardiomyopathy
ICD9:425.9,"Secondary cardiomyopathy, unspecified",ICD9,1,DOID:0050700,cardiomyopathy
ICD9:426.10,"Atrioventricular block, unspecified",ICD9,1,DOID:0050820,atrioventricular block
ICD9:426.12,Mobitz (type) II atrioventricular block,ICD9,1,DOID:11312,Mobitz type II atrioventricular block
ICD9:426.2,Left bundle branch hemiblock,ICD9,1,DOID:10272,left bundle branch hemiblock
ICD9:426.51,Right bundle branch block and left posterior fascicular block,ICD9,1,DOID:13209,right bundle branch block
ICD9:426.6,Other heart block,ICD9,1,DOID:10273,heart conduction disease
ICD9:426.7,Anomalous atrioventricular excitation,ICD9,1,DOID:384,Wolff-Parkinson-White syndrome
ICD9:426.81,Lown-Ganong-Levine syndrome,ICD9,1,DOID:13087,Lown-Ganong-Levine syndrome
ICD9:426.82,Long QT syndrome,ICD9,1,DOID:2843,long QT syndrome
ICD9:427.31,Atrial fibrillation,ICD9,1,DOID:0060224,atrial fibrillation
ICD9:427.5,Cardiac arrest,ICD9,1,DOID:0060319,cardiac arrest
ICD9:428,,ICD9,1,DOID:6000,congestive heart failure
ICD9:428.0,"Congestive heart failure, unspecified",ICD9,1,DOID:6000,congestive heart failure
ICD9:428.2,,ICD9,1,DOID:9651,systolic heart failure
ICD9:428.3,,ICD9,1,DOID:9775,diastolic heart failure
ICD9:429.0,"Myocarditis, unspecified",ICD9,1,DOID:820,myocarditis
ICD9:429.2,"Cardiovascular disease, unspecified",ICD9,1,DOID:1287,cardiovascular system disease
ICD9:429.9,"Heart disease, unspecified",ICD9,1,DOID:114,heart disease
ICD9:433.0,,ICD9,1,DOID:13446,basilar artery occlusion
ICD9:433.10,Occlusion and stenosis of carotid artery without mention of cerebral infarction,ICD9,1,DOID:807,carotid artery occlusion
ICD9:433.2,,ICD9,1,DOID:11299,vertebral artery occlusion
ICD9:433.9,,ICD9,1,DOID:5976,occlusion precerebral artery
ICD9:434,,ICD9,1,DOID:10127,cerebral artery occlusion
ICD9:434.0,,ICD9,1,DOID:4193,intracranial thrombosis
ICD9:434.1,,ICD9,1,DOID:4372,intracranial embolism
ICD9:435.0,Basilar artery syndrome,ICD9,1,DOID:223,basilar artery insufficiency
ICD9:435.2,Subclavian steal syndrome,ICD9,1,DOID:13002,subclavian steal syndrome
ICD9:435.3,Vertebrobasilar artery syndrome,ICD9,1,DOID:13003,vertebrobasilar insufficiency
ICD9:437.0,Cerebral atherosclerosis,ICD9,1,DOID:12720,cerebral atherosclerosis
ICD9:437.2,Hypertensive encephalopathy,ICD9,1,DOID:9427,hypertensive encephalopathy
ICD9:437.4,Cerebral arteritis,ICD9,1,DOID:11390,cerebral arteritis
ICD9:437.5,Moyamoya disease,ICD9,1,DOID:13099,Moyamoya disease
ICD9:437.7,Transient global amnesia,ICD9,1,DOID:13027,transient global amnesia
ICD9:437.9,Unspecified cerebrovascular disease,ICD9,1,DOID:6713,cerebrovascular disease
ICD9:440,,ICD9,1,DOID:1936,atherosclerosis
ICD9:440.0,Atherosclerosis of aorta,ICD9,1,DOID:10230,aortic atherosclerosis
ICD9:440.1,Atherosclerosis of renal artery,ICD9,1,DOID:14092,renal artery atheroma
ICD9:440.9,Generalized and unspecified atherosclerosis,ICD9,1,DOID:2347,generalized atherosclerosis
ICD9:441.1,"Thoracic aneurysm, ruptured",ICD9,1,DOID:3627,aortic aneurysm
ICD9:441.3,"Abdominal aneurysm, ruptured",ICD9,1,DOID:3627,aortic aneurysm
ICD9:441.5,"Aortic aneurysm of unspecified site, ruptured",ICD9,1,DOID:3627,aortic aneurysm
ICD9:441.6,"Thoracoabdominal aneurysm, ruptured",ICD9,1,DOID:3627,aortic aneurysm
ICD9:442.82,Aneurysm of subclavian artery,ICD9,1,DOID:342,subclavian artery aneurysm
ICD9:442.83,Aneurysm of splenic artery,ICD9,1,DOID:14006,splenic artery aneurysm
ICD9:442.9,Aneurysm of unspecified site,ICD9,1,DOID:178,vascular disease
ICD9:443.0,Raynaud's syndrome,ICD9,1,DOID:10300,Raynaud disease
ICD9:443.1,Thromboangiitis obliterans [Buerger's disease],ICD9,1,DOID:12918,thromboangiitis obliterans
ICD9:443.21,Dissection of carotid artery,ICD9,1,DOID:9348,carotid artery dissection
ICD9:443.81,Peripheral angiopathy in diseases classified elsewhere,ICD9,1,DOID:341,peripheral vascular disease
ICD9:443.82,Erythromelalgia,ICD9,1,DOID:9240,erythromelalgia
ICD9:445,,ICD9,1,DOID:1461,cholesterol embolism
ICD9:446.0,Polyarteritis nodosa,ICD9,1,DOID:9810,polyarteritis nodosa
ICD9:446.1,Acute febrile mucocutaneous lymph node syndrome [MCLS],ICD9,1,DOID:13378,Kawasaki disease
ICD9:446.2,,ICD9,1,DOID:9809,hypersensitivity vasculitis
ICD9:446.21,Goodpasture's syndrome,ICD9,1,DOID:9808,Goodpasture syndrome
ICD9:446.3,Lethal midline granuloma,ICD9,1,DOID:9072,lethal midline granuloma
ICD9:446.4,Wegener's granulomatosis,ICD9,1,DOID:12132,granulomatosis with polyangiitis
ICD9:446.5,Giant cell arteritis,ICD9,1,DOID:13375,temporal arteritis
ICD9:446.7,Takayasu's disease,ICD9,1,DOID:2508,Takayasu's arteritis
ICD9:447.4,Celiac artery compression syndrome,ICD9,1,DOID:9892,median arcuate ligament syndrome
ICD9:448,,ICD9,1,DOID:1271,capillary disease
ICD9:448.0,Hereditary hemorrhagic telangiectasia,ICD9,1,DOID:1270,hereditary hemorrhagic telangiectasia
ICD9:451.0,Phlebitis and thrombophlebitis of superficial vessels of lower extremities,ICD9,1,DOID:3875,thrombophlebitis
ICD9:451.11,Phlebitis and thrombophlebitis of femoral vein (deep) (superficial),ICD9,1,DOID:12282,femoral vein thrombophlebitis
ICD9:451.81,Phlebitis and thrombophlebitis of iliac vein,ICD9,1,DOID:10880,iliac vein thrombophlebitis
ICD9:452,Portal vein thrombosis,ICD9,1,DOID:11695,portal vein thrombosis
ICD9:453,,ICD9,1,DOID:866,vein disease
ICD9:453.1,Thrombophlebitis migrans,ICD9,1,DOID:14392,thrombophlebitis migrans
ICD9:455,,ICD9,1,DOID:9746,hemorrhoid
ICD9:455.4,External thrombosed hemorrhoids,ICD9,1,DOID:9745,perianal hematoma
ICD9:455.6,Unspecified hemorrhoids without mention of complication,ICD9,1,DOID:9749,internal hemorrhoid
ICD9:456.0,Esophageal varices with bleeding,ICD9,1,DOID:112,esophageal varix
ICD9:456.2,,ICD9,1,DOID:112,esophageal varix
ICD9:456.20,"Esophageal varices in diseases classified elsewhere, with bleeding",ICD9,1,DOID:112,esophageal varix
ICD9:456.4,Scrotal varices,ICD9,1,DOID:12337,varicocele
ICD9:456.5,Pelvic varices,ICD9,1,DOID:9742,pelvic varices
ICD9:457.2,Lymphangitis,ICD9,1,DOID:9317,lymphangitis
ICD9:459.1,,ICD9,1,DOID:2364,post-thrombotic syndrome
ICD9:459.81,"Venous (peripheral) insufficiency, unspecified",ICD9,1,DOID:10128,venous insufficiency
ICD9:460,Acute nasopharyngitis [common cold],ICD9,1,DOID:10459,common cold
ICD9:461,,ICD9,1,DOID:0050127,sinusitis
ICD9:461.0,Acute maxillary sinusitis,ICD9,1,DOID:2050,acute maxillary sinusitis
ICD9:461.1,Acute frontal sinusitis,ICD9,1,DOID:14225,acute frontal sinusitis
ICD9:461.2,Acute ethmoidal sinusitis,ICD9,1,DOID:9506,acute ethmoiditis
ICD9:461.3,Acute sphenoidal sinusitis,ICD9,1,DOID:13046,acute sphenoidal sinusitis
ICD9:462,Acute pharyngitis,ICD9,1,DOID:2275,pharyngitis
ICD9:464,,ICD9,1,DOID:0050148,laryngotracheitis
ICD9:464.0,,ICD9,1,DOID:9396,acute laryngitis
ICD9:464.01,Acute laryngitis with obstruction,ICD9,1,DOID:9396,acute laryngitis
ICD9:464.1,,ICD9,1,DOID:9392,tracheitis
ICD9:464.3,,ICD9,1,DOID:9398,epiglottitis
ICD9:464.4,Croup,ICD9,1,DOID:9395,croup
ICD9:465.0,Acute laryngopharyngitis,ICD9,1,DOID:11195,acute laryngopharyngitis
ICD9:466.0,Acute bronchitis,ICD9,1,DOID:6132,bronchitis
ICD9:472,,ICD9,1,DOID:2275,pharyngitis
ICD9:472.0,Chronic rhinitis,ICD9,1,DOID:8252,chronic rhinitis
ICD9:472.2,Chronic nasopharyngitis,ICD9,1,DOID:10460,nasopharyngitis
ICD9:473.0,Chronic maxillary sinusitis,ICD9,1,DOID:10792,chronic maxillary sinusitis
ICD9:473.1,Chronic frontal sinusitis,ICD9,1,DOID:10790,chronic frontal sinusitis
ICD9:473.2,Chronic ethmoidal sinusitis,ICD9,1,DOID:9312,chronic ethmoiditis
ICD9:473.3,Chronic sphenoidal sinusitis,ICD9,1,DOID:10793,chronic sphenoidal sinusitis
ICD9:474.00,Chronic tonsillitis,ICD9,1,DOID:10456,tonsillitis
ICD9:474.01,Chronic adenoiditis,ICD9,1,DOID:0050145,adenoiditis
ICD9:474.12,Hypertrophy of adenoids alone,ICD9,1,DOID:0060311,adenoid hypertrophy
ICD9:476.0,Chronic laryngitis,ICD9,1,DOID:11797,chronic laryngitis
ICD9:476.1,Chronic laryngotracheitis,ICD9,1,DOID:0050148,laryngotracheitis
ICD9:478.20,Unspecified disease of pharynx,ICD9,1,DOID:2275,pharyngitis
ICD9:478.70,Unspecified disease of larynx,ICD9,1,DOID:786,laryngeal disease
ICD9:478.74,Stenosis of larynx,ICD9,1,DOID:11527,laryngostenosis
ICD9:480,,ICD9,1,DOID:10533,viral pneumonia
ICD9:481,Pneumococcal pneumonia [Streptococcus pneumoniae pneumonia],ICD9,1,DOID:0040084,Streptococcus pneumonia
ICD9:482.0,Pneumonia due to Klebsiella pneumoniae,ICD9,1,DOID:13272,Klebsiella pneumonia
ICD9:482.81,Pneumonia due to anaerobes,ICD9,1,DOID:873,anaerobic pneumonia
ICD9:482.84,Pneumonia due to Legionnaires' disease,ICD9,1,DOID:10457,Legionnaires' disease
ICD9:482.9,"Bacterial pneumonia, unspecified",ICD9,1,DOID:874,bacterial pneumonia
ICD9:483.0,Pneumonia due to mycoplasma pneumoniae,ICD9,1,DOID:13276,Mycoplasma pneumoniae pneumonia
ICD9:483.1,Pneumonia due to chlamydia,ICD9,1,DOID:0040083,Chlamydia pneumonia
ICD9:485,"Bronchopneumonia, organism unspecified",ICD9,1,DOID:12375,bronchopneumonia
ICD9:487,,ICD9,1,DOID:8469,influenza
ICD9:490,"Bronchitis, not specified as acute or chronic",ICD9,1,DOID:6132,bronchitis
ICD9:491,,ICD9,1,DOID:6132,bronchitis
ICD9:492.8,Other emphysema,ICD9,1,DOID:9675,pulmonary emphysema
ICD9:493,,ICD9,1,DOID:2841,asthma
ICD9:493.0,,ICD9,1,DOID:9415,allergic asthma
ICD9:493.1,,ICD9,1,DOID:9360,intrinsic asthma
ICD9:493.82,Cough variant asthma,ICD9,1,DOID:12323,cough variant asthma
ICD9:493.91,"Asthma, unspecified type, with status asthmaticus",ICD9,1,DOID:9362,status asthmaticus
ICD9:494,,ICD9,1,DOID:9563,bronchiectasis
ICD9:495,,ICD9,1,DOID:841,extrinsic allergic alveolitis
ICD9:495.0,Farmers' lung,ICD9,1,DOID:14453,farmer's lung
ICD9:495.1,Bagassosis,ICD9,1,DOID:12522,bagassosis
ICD9:495.2,Bird-fanciers' lung,ICD9,1,DOID:13891,bird fancier's lung
ICD9:495.3,Suberosis,ICD9,1,DOID:840,cork-handlers' disease
ICD9:495.4,Malt workers' lung,ICD9,1,DOID:2314,malt worker's lung
ICD9:495.5,Mushroom workers' lung,ICD9,1,DOID:2708,mushroom workers' lung
ICD9:495.6,Maple bark-strippers' lung,ICD9,1,DOID:8484,maple bark strippers' lung
ICD9:495.7,"""Ventilation"" pneumonitis",ICD9,1,DOID:11289,ventilation pneumonitis
ICD9:500,Coal workers' pneumoconiosis,ICD9,1,DOID:10327,anthracosis
ICD9:501,Asbestosis,ICD9,1,DOID:10320,asbestosis
ICD9:502,Pneumoconiosis due to other silica or silicates,ICD9,1,DOID:10325,silicosis
ICD9:505,"Pneumoconiosis, unspecified",ICD9,1,DOID:10316,pneumoconiosis
ICD9:506.9,Unspecified respiratory conditions due to fumes and vapors,ICD9,1,DOID:551,toxic pneumonitis
ICD9:511.8,,ICD9,1,DOID:10247,pleurisy
ICD9:512.0,Spontaneous tension pneumothorax,ICD9,1,DOID:1672,spontaneous tension pneumothorax
ICD9:513.0,Abscess of lung,ICD9,1,DOID:0060317,lung abscess
ICD9:515,Postinflammatory pulmonary fibrosis,ICD9,1,DOID:12123,postinflammatory pulmonary fibrosis
ICD9:516.0,Pulmonary alveolar proteinosis,ICD9,1,DOID:12120,pulmonary alveolar proteinosis
ICD9:516.1,Idiopathic pulmonary hemosiderosis,ICD9,1,DOID:12118,pulmonary hemosiderosis
ICD9:516.2,Pulmonary alveolar microlithiasis,ICD9,1,DOID:12117,pulmonary alveolar microlithiasis
ICD9:516.31,Idiopathic pulmonary fibrosis,ICD9,1,DOID:0050156,idiopathic pulmonary fibrosis
ICD9:516.36,Cryptogenic organizing pneumonia,ICD9,1,DOID:0050157,cryptogenic organizing pneumonia
ICD9:516.37,Desquamative interstitial pneumonia,ICD9,1,DOID:0050158,desquamative interstitial pneumonia
ICD9:517.2,Lung involvement in systemic sclerosis,ICD9,1,DOID:1578,pulmonary systemic sclerosis
ICD9:517.3,Acute chest syndrome,ICD9,1,DOID:1584,acute chest syndrome
ICD9:518.1,Interstitial emphysema,ICD9,1,DOID:10030,pulmonary interstitial emphysema
ICD9:518.2,Compensatory emphysema,ICD9,1,DOID:10031,compensatory emphysema
ICD9:518.3,Pulmonary eosinophilia,ICD9,1,DOID:9498,pulmonary eosinophilia
ICD9:518.6,Allergic bronchopulmonary aspergillosis,ICD9,1,DOID:13166,allergic bronchopulmonary aspergillosis
ICD9:518.81,Acute respiratory failure,ICD9,1,DOID:11162,respiratory failure
ICD9:519,,ICD9,1,DOID:1579,respiratory system disease
ICD9:519.2,Mediastinitis,ICD9,1,DOID:819,mediastinitis
ICD9:519.4,Disorders of diaphragm,ICD9,1,DOID:10481,diaphragm disease
ICD9:520-579.99,,ICD9,1,DOID:77,gastrointestinal system disease
ICD9:520.3,Mottled teeth,ICD9,1,DOID:13711,dental fluorosis
ICD9:521.0,,ICD9,1,DOID:216,dental caries
ICD9:521.01,Dental caries limited to enamel,ICD9,1,DOID:217,enamel caries
ICD9:521.02,Dental caries extending into dentine,ICD9,1,DOID:10461,dentin caries
ICD9:521.05,Odontoclasia,ICD9,1,DOID:11736,odontoclasia
ICD9:521.07,Dental caries of smooth surface,ICD9,1,DOID:216,dental caries
ICD9:521.08,Dental caries of root surface,ICD9,1,DOID:14089,root caries
ICD9:521.3,,ICD9,1,DOID:2498,tooth erosion
ICD9:521.31,"Erosion, limited to enamel",ICD9,1,DOID:2497,enamel erosion
ICD9:521.32,"Erosion, extending into dentine",ICD9,1,DOID:13629,dentine erosion
ICD9:521.33,"Erosion, extending into pulp",ICD9,1,DOID:14140,pulp erosion
ICD9:521.4,,ICD9,1,DOID:13240,tooth resorption
ICD9:521.41,"Pathological resorption, internal",ICD9,1,DOID:13239,internal pathological resorption
ICD9:521.42,"Pathological resorption, external",ICD9,1,DOID:14529,external pathological resorption
ICD9:521.5,Hypercementosis,ICD9,1,DOID:12733,hypercementosis
ICD9:521.6,Ankylosis of teeth,ICD9,1,DOID:12661,tooth ankylosis
ICD9:521.8,,ICD9,1,DOID:214,teeth hard tissue disease
ICD9:522.0,Pulpitis,ICD9,1,DOID:11121,pulpitis
ICD9:522.1,Necrosis of the pulp,ICD9,1,DOID:11623,dental pulp necrosis
ICD9:522.2,Pulp degeneration,ICD9,1,DOID:11189,pulp degeneration
ICD9:522.4,Acute apical periodontitis of pulpal origin,ICD9,1,DOID:11693,acute apical periodontitis
ICD9:522.6,Chronic apical periodontitis,ICD9,1,DOID:11269,chronic apical periodontitis
ICD9:523.0,,ICD9,1,DOID:3087,gingivitis
ICD9:523.1,,ICD9,1,DOID:3087,gingivitis
ICD9:523.2,,ICD9,1,DOID:1134,gingival recession
ICD9:523.24,"Gingival recession, localized",ICD9,1,DOID:1134,gingival recession
ICD9:523.33,Acute periodontitis,ICD9,1,DOID:10423,acute pericementitis
ICD9:523.5,Periodontosis,ICD9,1,DOID:9893,periodontosis
ICD9:526.3,Central giant cell (reparative) granuloma,ICD9,1,DOID:1866,giant cell reparative granuloma
ICD9:526.5,Alveolitis of jaw,ICD9,1,DOID:13585,alveolar periostitis
ICD9:527.2,Sialoadenitis,ICD9,1,DOID:10303,sialadenitis
ICD9:527.5,Sialolithiasis,ICD9,1,DOID:12905,sialolithiasis
ICD9:527.6,Mucocele of salivary gland,ICD9,1,DOID:12904,mucocele of salivary gland
ICD9:527.8,Other specified diseases of the salivary glands,ICD9,1,DOID:10854,salivary gland disease
ICD9:528.1,Cancrum oris,ICD9,1,DOID:9672,noma
ICD9:528.2,Oral aphthae,ICD9,1,DOID:9663,aphthous stomatitis
ICD9:528.5,Diseases of lips,ICD9,1,DOID:9297,lip disease
ICD9:528.6,"Leukoplakia of oral mucosa, including tongue",ICD9,1,DOID:9655,oral mucosa leukoplakia
ICD9:528.8,"Oral submucosal fibrosis, including of tongue",ICD9,1,DOID:5773,oral submucous fibrosis
ICD9:529.0,Glossitis,ICD9,1,DOID:1456,glossitis
ICD9:529.1,Geographic tongue,ICD9,1,DOID:1455,geographic tongue
ICD9:529.3,Hypertrophy of tongue papillae,ICD9,1,DOID:13333,hypertrophy of tongue papillae
ICD9:529.4,Atrophy of tongue papillae,ICD9,1,DOID:1453,atrophic glossitis
ICD9:529.5,Plicated tongue,ICD9,1,DOID:11514,fissured tongue
ICD9:529.9,Unspecified condition of the tongue,ICD9,1,DOID:10944,tongue disease
ICD9:530.0,Achalasia and cardiospasm,ICD9,1,DOID:9164,achalasia
ICD9:530.1,,ICD9,1,DOID:11963,esophagitis
ICD9:530.11,Reflux esophagitis,ICD9,1,DOID:13976,peptic esophagitis
ICD9:530.13,Eosinophilic esophagitis,ICD9,1,DOID:13922,eosinophilic esophagitis
ICD9:530.5,Dyskinesia of esophagus,ICD9,1,DOID:9192,dyskinesia of esophagus
ICD9:530.81,Esophageal reflux,ICD9,1,DOID:8534,gastroesophageal reflux disease
ICD9:530.83,Esophageal leukoplakia,ICD9,1,DOID:9021,esophageal leukoplakia
ICD9:530.85,Barrett's esophagus,ICD9,1,DOID:9206,Barrett's esophagus
ICD9:530.9,Unspecified disorder of esophagus,ICD9,1,DOID:6050,esophageal disease
ICD9:531,,ICD9,1,DOID:10808,gastric ulcer
ICD9:532,,ICD9,1,DOID:1724,duodenal ulcer
ICD9:533,,ICD9,1,DOID:750,peptic ulcer disease
ICD9:534.0,,ICD9,1,DOID:10927,gastrojejunal ulcer
ICD9:535.1,,ICD9,1,DOID:8929,atrophic gastritis
ICD9:535.2,,ICD9,1,DOID:8757,gastric mucosal hypertrophy
ICD9:535.3,,ICD9,1,DOID:8680,alcoholic gastritis
ICD9:535.4,,ICD9,1,DOID:8644,gastroduodenitis
ICD9:535.6,,ICD9,1,DOID:8643,duodenitis
ICD9:535.7,,ICD9,1,DOID:4030,eosinophilic gastritis
ICD9:536.3,Gastroparesis,ICD9,1,DOID:11914,gastroparesis
ICD9:536.8,Dyspepsia and other specified disorders of function of stomach,ICD9,1,DOID:1159,functional gastric disease
ICD9:537.0,Acquired hypertrophic pyloric stenosis,ICD9,1,DOID:14099,acquired gastric outlet stenosis
ICD9:537.2,Chronic duodenal ileus,ICD9,1,DOID:13687,chronic duodenal ileus
ICD9:537.6,Hourglass stricture or stenosis of stomach,ICD9,1,DOID:12234,cascade stomach
ICD9:537.81,Pylorospasm,ICD9,1,DOID:12072,pylorospasm
ICD9:537.84,Dieulafoy lesion (hemorrhagic) of stomach and duodenum,ICD9,1,DOID:12070,Dieulafoy lesion
ICD9:540-543.99,,ICD9,1,DOID:8337,appendicitis
ICD9:550,,ICD9,1,DOID:0060320,inguinal hernia
ICD9:556,,ICD9,1,DOID:8577,ulcerative colitis
ICD9:556.5,Left-sided ulcerative (chronic) colitis,ICD9,1,DOID:8577,ulcerative colitis
ICD9:557.0,Acute vascular insufficiency of intestine,ICD9,1,DOID:8590,acute vascular insufficiency of intestine
ICD9:557.1,Chronic vascular insufficiency of intestine,ICD9,1,DOID:8633,chronic intestinal vascular insufficiency
ICD9:558.41,Eosinophilic gastroenteritis,ICD9,1,DOID:4031,eosinophilic gastroenteritis
ICD9:560.0,Intussusception,ICD9,1,DOID:8446,intussusception
ICD9:560.1,Paralytic ileus,ICD9,1,DOID:8442,paralytic ileus
ICD9:560.2,Volvulus,ICD9,1,DOID:8445,intestinal volvulus
ICD9:560.39,Other impaction of intestine,ICD9,1,DOID:8448,intestinal impaction
ICD9:560.9,Unspecified intestinal obstruction,ICD9,1,DOID:8437,intestinal obstruction
ICD9:564.1,Irritable bowel syndrome,ICD9,1,DOID:9778,irritable bowel syndrome
ICD9:564.2,Postgastric surgery syndromes,ICD9,1,DOID:8439,postgastrectomy syndrome
ICD9:564.5,Functional diarrhea,ICD9,1,DOID:11371,functional diarrhea
ICD9:564.6,Anal spasm,ICD9,1,DOID:11374,anal spasm
ICD9:564.81,Neurogenic bowel,ICD9,1,DOID:13419,neurogenic bowel
ICD9:564.9,Unspecified functional disorder of intestine,ICD9,1,DOID:9779,bowel dysfunction
ICD9:567.8,,ICD9,1,DOID:8283,peritonitis
ICD9:569.1,Rectal prolapse,ICD9,1,DOID:9307,rectal prolapse
ICD9:569.41,Ulcer of anus and rectum,ICD9,1,DOID:13662,ulcer of anus and rectum
ICD9:569.83,Perforation of intestine,ICD9,1,DOID:2074,intestinal perforation
ICD9:569.84,Angiodysplasia of intestine (without mention of hemorrhage),ICD9,1,DOID:10846,angiodysplasia of intestine
ICD9:569.9,Unspecified disorder of intestine,ICD9,1,DOID:5295,intestinal disease
ICD9:570,Acute and subacute necrosis of liver,ICD9,1,DOID:2237,hepatitis
ICD9:571.0,Alcoholic fatty liver,ICD9,1,DOID:9452,steatotic liver disease
ICD9:571.1,Acute alcoholic hepatitis,ICD9,1,DOID:12351,alcoholic hepatitis
ICD9:571.2,Alcoholic cirrhosis of liver,ICD9,1,DOID:14018,alcoholic liver cirrhosis
ICD9:571.4,,ICD9,1,DOID:2237,hepatitis
ICD9:571.41,Chronic persistent hepatitis,ICD9,1,DOID:2237,hepatitis
ICD9:571.42,Autoimmune hepatitis,ICD9,1,DOID:2048,autoimmune hepatitis
ICD9:571.6,Biliary cirrhosis,ICD9,1,DOID:12236,primary biliary cholangitis
ICD9:572.2,Hepatic encephalopathy,ICD9,1,DOID:13413,hepatic encephalopathy
ICD9:572.3,Portal hypertension,ICD9,1,DOID:10762,portal hypertension
ICD9:572.4,Hepatorenal syndrome,ICD9,1,DOID:11823,hepatorenal syndrome
ICD9:573.0,Chronic passive congestion of liver,ICD9,1,DOID:13739,nutmeg liver
ICD9:573.4,Hepatic infarction,ICD9,1,DOID:13738,hepatic infarction
ICD9:573.5,Hepatopulmonary syndrome,ICD9,1,DOID:900,hepatopulmonary syndrome
ICD9:573.9,Unspecified disorder of liver,ICD9,1,DOID:409,liver disease
ICD9:574.5,,ICD9,1,DOID:10211,cholelithiasis
ICD9:575.10,"Cholecystitis, unspecified",ICD9,1,DOID:1949,cholecystitis
ICD9:575.2,Obstruction of gallbladder,ICD9,1,DOID:9714,occlusion of gallbladder
ICD9:575.3,Hydrops of gallbladder,ICD9,1,DOID:9717,hydrops of gallbladder
ICD9:575.6,Cholesterolosis of gallbladder,ICD9,1,DOID:10254,strawberry gallbladder
ICD9:575.9,Unspecified disorder of gallbladder,ICD9,1,DOID:0060262,gallbladder disease
ICD9:576.0,Postcholecystectomy syndrome,ICD9,1,DOID:9740,postcholecystectomy syndrome
ICD9:576.1,Cholangitis,ICD9,1,DOID:9446,cholangitis
ICD9:576.2,Obstruction of bile duct,ICD9,1,DOID:13580,cholestasis
ICD9:576.3,Perforation of bile duct,ICD9,1,DOID:13409,perforation of bile duct
ICD9:576.9,Unspecified disorder of biliary tract,ICD9,1,DOID:9741,biliary tract disease
ICD9:577.0,Acute pancreatitis,ICD9,1,DOID:2913,acute pancreatitis
ICD9:577.8,Other specified diseases of pancreas,ICD9,1,DOID:26,pancreas disease
ICD9:579.0,Celiac disease,ICD9,1,DOID:10608,celiac disease
ICD9:579.1,Tropical sprue,ICD9,1,DOID:10607,tropical sprue
ICD9:579.2,Blind loop syndrome,ICD9,1,DOID:10606,blind loop syndrome
ICD9:579.4,Pancreatic steatorrhea,ICD9,1,DOID:10610,pancreatic steatorrhea
ICD9:580.0,Acute glomerulonephritis with lesion of proliferative glomerulonephritis,ICD9,1,DOID:13138,acute proliferative glomerulonephritis
ICD9:581,,ICD9,1,DOID:1184,nephrotic syndrome
ICD9:582.4,Chronic glomerulonephritis with lesion of rapidly progressive glomerulonephritis,ICD9,1,DOID:11036,chronic rapidly progressive glomerulonephritis
ICD9:586,"Renal failure, unspecified",ICD9,1,DOID:1074,kidney failure
ICD9:587,"Renal sclerosis, unspecified",ICD9,1,DOID:11664,nephrosclerosis
ICD9:588.0,Renal osteodystrophy,ICD9,1,DOID:13068,renal osteodystrophy
ICD9:588.1,Nephrogenic diabetes insipidus,ICD9,1,DOID:12387,nephrogenic diabetes insipidus
ICD9:588.81,Secondary hyperparathyroidism (of renal origin),ICD9,1,DOID:12465,secondary hyperparathyroidism of renal origin
ICD9:590,,ICD9,1,DOID:782,renal infectious disease
ICD9:590.0,,ICD9,1,DOID:1076,chronic pyelonephritis
ICD9:590.1,,ICD9,1,DOID:559,acute pyelonephritis
ICD9:590.3,Pyeloureteritis cystica,ICD9,1,DOID:2743,pyeloureteritis cystica
ICD9:590.80,"Pyelonephritis, unspecified",ICD9,1,DOID:11400,pyelonephritis
ICD9:591,Hydronephrosis,ICD9,1,DOID:11111,hydronephrosis
ICD9:592,,ICD9,1,DOID:585,nephrolithiasis
ICD9:592.1,Calculus of ureter,ICD9,1,DOID:14146,ureterolithiasis
ICD9:593.1,Hypertrophy of kidney,ICD9,1,DOID:9622,kidney hypertrophy
ICD9:593.2,"Cyst of kidney, acquired",ICD9,1,DOID:9621,non-congenital cyst of kidney
ICD9:593.3,Stricture or kinking of ureter,ICD9,1,DOID:3508,stricture or kinking of ureter
ICD9:593.4,Other ureteric obstruction,ICD9,1,DOID:5199,ureteral obstruction
ICD9:593.6,Postural proteinuria,ICD9,1,DOID:9617,orthostatic proteinuria
ICD9:593.7,,ICD9,1,DOID:9620,vesicoureteral reflux
ICD9:593.81,Vascular disorders of kidney,ICD9,1,DOID:2388,renal artery disease
ICD9:594,,ICD9,1,DOID:9590,lower urinary tract calculus
ICD9:594.0,Calculus in diverticulum of bladder,ICD9,1,DOID:11354,stone in bladder diverticulum
ICD9:594.2,Calculus in urethra,ICD9,1,DOID:9589,urethral calculus
ICD9:595,,ICD9,1,DOID:1679,cystitis
ICD9:595.0,Acute cystitis,ICD9,1,DOID:13148,acute cystitis
ICD9:595.1,Chronic interstitial cystitis,ICD9,1,DOID:1678,chronic interstitial cystitis
ICD9:595.2,Other chronic cystitis,ICD9,1,DOID:1680,chronic cystitis
ICD9:595.3,Trigonitis,ICD9,1,DOID:13507,trigonitis
ICD9:595.81,Cystitis cystica,ICD9,1,DOID:7138,cystitis cystica
ICD9:595.82,Irradiation cystitis,ICD9,1,DOID:7127,radiation cystitis
ICD9:596.0,Bladder neck obstruction,ICD9,1,DOID:13948,bladder neck obstruction
ICD9:596.3,Diverticulum of bladder,ICD9,1,DOID:11353,bladder diverticulum
ICD9:596.51,Hypertonicity of bladder,ICD9,1,DOID:0070355,overactive bladder syndrome
ICD9:596.52,Low bladder compliance,ICD9,1,DOID:12144,low compliance bladder
ICD9:596.54,Neurogenic bladder NOS,ICD9,1,DOID:12143,neurogenic bladder
ICD9:596.55,Detrusor sphincter dyssynergia,ICD9,1,DOID:12145,detrusor sphincter dyssynergia
ICD9:596.9,Unspecified disorder of bladder,ICD9,1,DOID:365,bladder disease
ICD9:597.0,Urethral abscess,ICD9,1,DOID:9877,urethral gland abscess
ICD9:597.80,"Urethritis, unspecified",ICD9,1,DOID:1343,urethritis
ICD9:597.81,Urethral syndrome NOS,ICD9,1,DOID:13498,urethral syndrome
ICD9:598.01,Urethral stricture due to infective diseases classified elsewhere,ICD9,1,DOID:13658,infective urethral stricture
ICD9:598.8,Other specified causes of urethral stricture,ICD9,1,DOID:1829,urethral stricture
ICD9:599.2,Urethral diverticulum,ICD9,1,DOID:9341,urethral diverticulum
ICD9:599.4,Urethral false passage,ICD9,1,DOID:9339,urethral false passage
ICD9:599.6,,ICD9,1,DOID:5200,urinary tract obstruction
ICD9:599.82,Intrinsic (urethral) sphincter deficiency [ISD],ICD9,1,DOID:13461,urethral intrinsic sphincter deficiency
ICD9:600.1,,ICD9,1,DOID:13206,nodular prostate
ICD9:600.3,Cyst of prostate,ICD9,1,DOID:11133,prostatic cyst
ICD9:601.3,Prostatocystitis,ICD9,1,DOID:12355,prostatocystitis
ICD9:601.9,"Prostatitis, unspecified",ICD9,1,DOID:14654,prostatitis
ICD9:602.0,Calculus of prostate,ICD9,1,DOID:13689,prostate calculus
ICD9:602.2,Atrophy of prostate,ICD9,1,DOID:2301,atrophy of prostate
ICD9:602.9,Unspecified disorder of prostate,ICD9,1,DOID:47,prostate disease
ICD9:603.1,Infected hydrocele,ICD9,1,DOID:9911,infected hydrocele
ICD9:604,,ICD9,1,DOID:9401,epididymo-orchitis
ICD9:606,,ICD9,1,DOID:12336,male infertility
ICD9:606.0,Azoospermia,ICD9,1,DOID:14227,azoospermia
ICD9:606.1,Oligospermia,ICD9,1,DOID:14228,oligospermia
ICD9:606.8,Infertility due to extratesticular causes,ICD9,1,DOID:14096,infertility due to extratesticular cause
ICD9:607.0,Leukoplakia of penis,ICD9,1,DOID:8738,leukoplakia of penis
ICD9:607.1,Balanoposthitis,ICD9,1,DOID:13031,balanoposthitis
ICD9:607.3,Priapism,ICD9,1,DOID:9286,priapism
ICD9:607.8,,ICD9,1,DOID:1529,penile disease
ICD9:607.81,Balanitis xerotica obliterans,ICD9,1,DOID:13477,balanitis xerotica obliterans
ICD9:607.85,Peyronie's disease,ICD9,1,DOID:8616,Peyronie's disease
ICD9:608.0,Seminal vesiculitis,ICD9,1,DOID:9365,vesiculitis
ICD9:608.1,Spermatocele,ICD9,1,DOID:11997,spermatocele
ICD9:608.2,,ICD9,1,DOID:11996,spermatic cord torsion
ICD9:608.3,Atrophy of testis,ICD9,1,DOID:11994,atrophy of testis
ICD9:608.83,Vascular disorders of male genital organs,ICD9,1,DOID:12335,male genital organ vascular disease
ICD9:608.84,Chylocele of tunica vaginalis,ICD9,1,DOID:10835,chylocele of tunica vaginalis
ICD9:608.85,Stricture of male genital organs,ICD9,1,DOID:12333,male genital organ stricture
ICD9:608.9,Unspecified disorder of male genital organs,ICD9,1,DOID:48,male reproductive system disease
ICD9:610-612.99,,ICD9,1,DOID:3463,breast disease
ICD9:610.0,Solitary cyst of breast,ICD9,1,DOID:10349,solitary cyst of breast
ICD9:610.1,Diffuse cystic mastopathy,ICD9,1,DOID:10354,breast fibrocystic disease
ICD9:610.2,Fibroadenosis of breast,ICD9,1,DOID:10352,breast fibroadenosis
ICD9:610.3,Fibrosclerosis of breast,ICD9,1,DOID:10353,fibrosclerosis of breast
ICD9:610.8,Other specified benign mammary dysplasias,ICD9,1,DOID:9504,benign mammary dysplasia
ICD9:611.1,Hypertrophy of breast,ICD9,1,DOID:10688,hypertrophy of breast
ICD9:611.3,Fat necrosis of breast,ICD9,1,DOID:10691,fat necrosis of breast
ICD9:611.5,Galactocele,ICD9,1,DOID:10686,lactocele
ICD9:614.0,Acute salpingitis and oophoritis,ICD9,1,DOID:10971,acute salpingo-oophoritis
ICD9:614.1,Chronic salpingitis and oophoritis,ICD9,1,DOID:12265,chronic salpingo-oophoritis
ICD9:614.2,"Salpingitis and oophoritis not specified as acute, subacute, or chronic",ICD9,1,DOID:10972,salpingo-oophoritis
ICD9:614.5,"Acute or unspecified pelvic peritonitis, female",ICD9,1,DOID:9978,acute female pelvic peritonitis
ICD9:614.9,Unspecified inflammatory disease of female pelvic organs and tissues,ICD9,1,DOID:1003,pelvic inflammatory disease
ICD9:615.9,Unspecified inflammatory disease of uterus,ICD9,1,DOID:13736,uterine inflammatory disease
ICD9:616.0,Cervicitis and endocervicitis,ICD9,1,DOID:2568,cervicitis
ICD9:616.1,,ICD9,1,DOID:2170,vaginitis
ICD9:616.2,Cyst of Bartholin's gland,ICD9,1,DOID:851,Bartholin's duct cyst
ICD9:616.51,Ulceration of vulva in diseases classified elsewhere,ICD9,1,DOID:12566,ulceration of vulva
ICD9:617,,ICD9,1,DOID:289,endometriosis
ICD9:617.0,Endometriosis of uterus,ICD9,1,DOID:288,endometriosis of uterus
ICD9:617.1,Endometriosis of ovary,ICD9,1,DOID:11432,endometriosis of ovary
ICD9:617.2,Endometriosis of fallopian tube,ICD9,1,DOID:11424,fallopian tube endometriosis
ICD9:617.3,Endometriosis of pelvic peritoneum,ICD9,1,DOID:11429,endometriosis of pelvic peritoneum
ICD9:617.4,Endometriosis of rectovaginal septum and vagina,ICD9,1,DOID:11431,endometriosis of rectovaginal septum and vagina
ICD9:617.5,Endometriosis of intestine,ICD9,1,DOID:11428,endometriosis of intestine
ICD9:617.6,Endometriosis in scar of skin,ICD9,1,DOID:11430,endometriosis in scar of skin
ICD9:618.01,"Cystocele, midline",ICD9,1,DOID:14131,midline cystocele
ICD9:618.02,"Cystocele, lateral",ICD9,1,DOID:14130,lateral cystocele
ICD9:618.03,Urethrocele,ICD9,1,DOID:12369,prolapse of urethra
ICD9:618.05,Perineocele,ICD9,1,DOID:12637,perineocele
ICD9:618.8,,ICD9,1,DOID:1284,prolapse of female genital organ
ICD9:618.83,Pelvic muscle wasting,ICD9,1,DOID:11629,pelvic muscle wasting
ICD9:620.1,Corpus luteum cyst or hematoma,ICD9,1,DOID:13050,corpus luteum cyst
ICD9:620.2,Other and unspecified ovarian cyst,ICD9,1,DOID:5119,ovarian cyst
ICD9:620.4,Prolapse or hernia of ovary and fallopian tube,ICD9,1,DOID:12735,hernia of ovary and fallopian tube
ICD9:620.6,Broad ligament laceration syndrome,ICD9,1,DOID:14133,Masters-Allen syndrome
ICD9:621.0,Polyp of corpus uteri,ICD9,1,DOID:9042,polyp of corpus uteri
ICD9:621.1,Chronic subinvolution of uterus,ICD9,1,DOID:13811,chronic subinvolution of uterus
ICD9:621.4,Hematometra,ICD9,1,DOID:9958,hemometra
ICD9:621.9,Unspecified disorder of uterus,ICD9,1,DOID:345,uterine disease
ICD9:622.2,Leukoplakia of cervix (uteri),ICD9,1,DOID:9043,uterine cervix leukoplakia
ICD9:622.5,Incompetence of cervix,ICD9,1,DOID:9681,cervical incompetence
ICD9:622.6,Hypertrophic elongation of cervix,ICD9,1,DOID:2251,hypertrophic elongation of cervix
ICD9:623.1,Leukoplakia of vagina,ICD9,1,DOID:8920,leukoplakia of vagina
ICD9:624.0,,ICD9,1,DOID:14292,vulvar dystrophy
ICD9:624.1,Atrophy of vulva,ICD9,1,DOID:14275,atrophic vulva
ICD9:625.4,Premenstrual tension syndromes,ICD9,1,DOID:727,premenstrual tension
ICD9:625.5,Pelvic congestion syndrome,ICD9,1,DOID:9346,Taylor's syndrome
ICD9:625.6,"Stress incontinence, female",ICD9,1,DOID:724,female stress incontinence
ICD9:626.0,Absence of menstruation,ICD9,1,DOID:13938,amenorrhea
ICD9:627.3,Postmenopausal atrophic vaginitis,ICD9,1,DOID:11968,postmenopausal atrophic vaginitis
ICD9:628.3,"Infertility, female, of uterine origin",ICD9,1,DOID:13589,female infertility of uterine origin
ICD9:629.9,Unspecified disorder of female genital organs,ICD9,1,DOID:229,female reproductive system disease
ICD9:630,Hydatidiform mole,ICD9,1,DOID:3590,gestational trophoblastic neoplasm
ICD9:633,,ICD9,1,DOID:0060329,ectopic pregnancy
ICD9:640.0,,ICD9,1,DOID:9667,placental abruption
ICD9:641.0,,ICD9,1,DOID:1677,low implantation of placenta
ICD9:642.40,"Mild or unspecified pre-eclampsia, unspecified as to episode of care or not applicable",ICD9,1,DOID:10590,mild pre-eclampsia
ICD9:642.50,"Severe pre-eclampsia, unspecified as to episode of care or not applicable",ICD9,1,DOID:13129,severe pre-eclampsia
ICD9:646.9,,ICD9,1,DOID:780,placenta disease
ICD9:657.0,,ICD9,1,DOID:8488,polyhydramnios
ICD9:658.0,,ICD9,1,DOID:12215,oligohydramnios
ICD9:669.20,"Maternal hypotension syndrome, unspecified as to episode of care or not applicable",ICD9,1,DOID:10556,supine hypotensive syndrome
ICD9:673,,ICD9,1,DOID:8512,puerperal pulmonary embolism
ICD9:674.5,,ICD9,1,DOID:9997,peripartum cardiomyopathy
ICD9:680.9,Carbuncle and furuncle of unspecified site,ICD9,1,DOID:2176,carbuncle
ICD9:681.9,Cellulitis and abscess of unspecified digit,ICD9,1,DOID:13074,tinea unguium
ICD9:683,Acute lymphadenitis,ICD9,1,DOID:1602,lymphadenitis
ICD9:684,Impetigo,ICD9,1,DOID:8504,impetigo
ICD9:686.0,,ICD9,1,DOID:4223,pyoderma
ICD9:686.01,Pyoderma gangrenosum,ICD9,1,DOID:8553,pyoderma gangrenosum
ICD9:690,,ICD9,1,DOID:9097,erythematosquamous dermatosis
ICD9:690.1,,ICD9,1,DOID:8741,seborrheic dermatitis
ICD9:690.11,Seborrhea capitis,ICD9,1,DOID:8941,seborrheic infantile dermatitis
ICD9:692.75,Disseminated superficial actinic porokeratosis (DSAP),ICD9,1,DOID:3805,porokeratosis
ICD9:694.0,Dermatitis herpetiformis,ICD9,1,DOID:8505,dermatitis herpetiformis
ICD9:694.1,Subcorneal pustular dermatosis,ICD9,1,DOID:8508,subcorneal pustular dermatosis
ICD9:694.2,Juvenile dermatitis herpetiformis,ICD9,1,DOID:8507,juvenile dermatitis herpetiformis
ICD9:694.3,Impetigo herpetiformis,ICD9,1,DOID:8503,impetigo herpetiformis
ICD9:694.4,Pemphigus,ICD9,1,DOID:9182,pemphigus
ICD9:694.5,Pemphigoid,ICD9,1,DOID:8506,bullous pemphigoid
ICD9:694.6,,ICD9,1,DOID:11656,cicatricial pemphigoid
ICD9:694.61,Benign mucous membrane pemphigoid with ocular involvement,ICD9,1,DOID:11656,cicatricial pemphigoid
ICD9:695.13,Stevens-Johnson syndrome,ICD9,1,DOID:0050426,Stevens-Johnson syndrome
ICD9:695.3,Rosacea,ICD9,1,DOID:8881,rosacea
ICD9:695.4,Lupus erythematosus,ICD9,1,DOID:8857,lupus erythematosus
ICD9:695.81,Ritter's disease,ICD9,1,DOID:9063,Ritter's disease
ICD9:696.0,Psoriatic arthropathy,ICD9,1,DOID:9008,psoriatic arthritis
ICD9:696.2,Parapsoriasis,ICD9,1,DOID:9088,parapsoriasis
ICD9:696.3,Pityriasis rosea,ICD9,1,DOID:8892,pityriasis rosea
ICD9:696.4,Pityriasis rubra pilaris,ICD9,1,DOID:9212,pityriasis rubra pilaris
ICD9:697.0,Lichen planus,ICD9,1,DOID:9201,lichen planus
ICD9:697.1,Lichen nitidus,ICD9,1,DOID:8573,lichen nitidus
ICD9:697.9,"Lichen, unspecified",ICD9,1,DOID:8574,lichen disease
ICD9:698.4,Dermatitis factitia [artefacta],ICD9,1,DOID:9165,neurotic excoriation
ICD9:701.0,Circumscribed scleroderma,ICD9,1,DOID:8472,localized scleroderma
ICD9:701.1,"Keratoderma, acquired",ICD9,1,DOID:13072,acquired hyperkeratosis
ICD9:701.8,Other specified hypertrophic and atrophic conditions of skin,ICD9,1,DOID:0060344,acrodermatitis chronica atrophicans
ICD9:702,,ICD9,1,DOID:37,skin disease
ICD9:702.0,Actinic keratosis,ICD9,1,DOID:8866,actinic keratosis
ICD9:702.1,,ICD9,1,DOID:6498,seborrheic keratosis
ICD9:702.11,Inflamed seborrheic keratosis,ICD9,1,DOID:11685,inflamed seborrheic keratosis
ICD9:703,,ICD9,1,DOID:4123,nail disease
ICD9:704.0,,ICD9,1,DOID:987,alopecia
ICD9:704.01,Alopecia areata,ICD9,1,DOID:986,alopecia areata
ICD9:704.02,Telogen effluvium,ICD9,1,DOID:1943,telogen effluvium
ICD9:705.0,Anhidrosis,ICD9,1,DOID:11156,anhidrosis
ICD9:705.1,Prickly heat,ICD9,1,DOID:11153,miliaria rubra
ICD9:705.81,Dyshidrosis,ICD9,1,DOID:9230,pompholyx
ICD9:705.82,Fox-Fordyce disease,ICD9,1,DOID:1381,Fox-Fordyce disease
ICD9:705.83,Hidradenitis,ICD9,1,DOID:2282,hidradenitis
ICD9:705.9,Unspecified disorder of sweat glands,ICD9,1,DOID:1383,sweat gland disease
ICD9:706.0,Acne varioliformis,ICD9,1,DOID:6543,acne
ICD9:706.1,Other acne,ICD9,1,DOID:9098,sebaceous gland disease
ICD9:707,,ICD9,1,DOID:8549,chronic ulcer of skin
ICD9:707.0,,ICD9,1,DOID:8717,decubitus ulcer
ICD9:708.0,Allergic urticaria,ICD9,1,DOID:10612,allergic urticaria
ICD9:708.3,Dermatographic urticaria,ICD9,1,DOID:743,dermatographia
ICD9:708.4,Vibratory urticaria,ICD9,1,DOID:1554,vibratory urticaria
ICD9:708.5,Cholinergic urticaria,ICD9,1,DOID:14443,cholinergic urticaria
ICD9:708.8,Other specified urticaria,ICD9,1,DOID:1555,urticaria
ICD9:709.01,Vitiligo,ICD9,1,DOID:12306,vitiligo
ICD9:709.09,Other dyschromia,ICD9,1,DOID:10123,pigmentation disease
ICD9:710.0,Systemic lupus erythematosus,ICD9,1,DOID:9074,systemic lupus erythematosus
ICD9:710.1,Systemic sclerosis,ICD9,1,DOID:418,systemic scleroderma
ICD9:710.2,Sicca syndrome,ICD9,1,DOID:12894,Sjogren's syndrome
ICD9:710.3,Dermatomyositis,ICD9,1,DOID:10223,dermatomyositis
ICD9:710.5,Eosinophilia myalgia syndrome,ICD9,1,DOID:998,eosinophilia-myalgia syndrome
ICD9:711,,ICD9,1,DOID:381,arthropathy
ICD9:711.2,,ICD9,1,DOID:1670,Behcet's syndrome arthropathy
ICD9:711.30,"Postdysenteric arthropathy, site unspecified",ICD9,1,DOID:6196,reactive arthritis
ICD9:711.90,"Unspecified infective arthritis, site unspecified",ICD9,1,DOID:813,septic arthritis
ICD9:711.91,"Unspecified infective arthritis, shoulder region",ICD9,1,DOID:813,septic arthritis
ICD9:711.92,"Unspecified infective arthritis, upper arm",ICD9,1,DOID:813,septic arthritis
ICD9:711.93,"Unspecified infective arthritis, forearm",ICD9,1,DOID:813,septic arthritis
ICD9:711.95,"Unspecified infective arthritis, pelvic region and thigh",ICD9,1,DOID:813,septic arthritis
ICD9:711.96,"Unspecified infective arthritis, lower leg",ICD9,1,DOID:813,septic arthritis
ICD9:711.97,"Unspecified infective arthritis, ankle and foot",ICD9,1,DOID:813,septic arthritis
ICD9:712.1,,ICD9,1,DOID:1156,chondrocalcinosis
ICD9:713.5,Arthropathy associated with neurological disorders,ICD9,1,DOID:14286,neurogenic arthropathy
ICD9:714.0,Rheumatoid arthritis,ICD9,1,DOID:7148,rheumatoid arthritis
ICD9:714.1,Felty's syndrome,ICD9,1,DOID:11042,Felty's syndrome
ICD9:714.3,,ICD9,1,DOID:676,systemic juvenile rheumatoid arthritis
ICD9:714.31,"Polyarticular juvenile rheumatoid arthritis, acute",ICD9,1,DOID:676,systemic juvenile rheumatoid arthritis
ICD9:714.32,Pauciarticular juvenile rheumatoid arthritis,ICD9,1,DOID:676,systemic juvenile rheumatoid arthritis
ICD9:714.33,Monoarticular juvenile rheumatoid arthritis,ICD9,1,DOID:676,systemic juvenile rheumatoid arthritis
ICD9:714.4,Chronic postrheumatic arthropathy,ICD9,1,DOID:13080,Jaccoud's syndrome
ICD9:714.81,Rheumatoid lung,ICD9,1,DOID:849,rheumatoid arthritis interstitial lung disease
ICD9:715.3,,ICD9,1,DOID:8398,osteoarthritis
ICD9:716.4,,ICD9,1,DOID:2092,transient arthritis
ICD9:716.41,"Transient arthropathy, shoulder region",ICD9,1,DOID:12084,transient arthropathy
ICD9:717.7,Chondromalacia of patella,ICD9,1,DOID:13357,chondromalacia patellae
ICD9:718.0,,ICD9,1,DOID:6227,articular cartilage disease
ICD9:718.5,,ICD9,1,DOID:227,ankylosis
ICD9:719.08,"Effusion of joint, other specified sites",ICD9,1,DOID:528,hydrarthrosis
ICD9:719.1,,ICD9,1,DOID:801,hemarthrosis
ICD9:719.2,,ICD9,1,DOID:9898,villonodular synovitis
ICD9:719.3,,ICD9,1,DOID:1166,palindromic rheumatism
ICD9:719.31,"Palindromic rheumatism, shoulder region",ICD9,1,DOID:1166,palindromic rheumatism
ICD9:719.90,"Unspecified disorder of joint, site unspecified",ICD9,1,DOID:381,arthropathy
ICD9:720,,ICD9,1,DOID:417,autoimmune disease
ICD9:720.0,Ankylosing spondylitis,ICD9,1,DOID:7147,ankylosing spondylitis
ICD9:720.8,,ICD9,1,DOID:6590,spondylitis
ICD9:720.81,Inflammatory spondylopathies in diseases classified elsewhere,ICD9,1,DOID:12105,inflammatory spondylopathy
ICD9:721.5,Kissing spine,ICD9,1,DOID:6643,Baastrup's syndrome
ICD9:721.6,Ankylosing vertebral hyperostosis,ICD9,1,DOID:6652,diffuse idiopathic skeletal hyperostosis
ICD9:721.7,Traumatic spondylopathy,ICD9,1,DOID:6603,Kummell's disease
ICD9:721.9,,ICD9,1,DOID:2247,spondylosis
ICD9:723.0,Spinal stenosis in cervical region,ICD9,1,DOID:6725,spinal stenosis
ICD9:724.00,"Spinal stenosis, unspecified region",ICD9,1,DOID:6725,spinal stenosis
ICD9:724.71,Hypermobility of coccyx,ICD9,1,DOID:12537,hypermobility of coccyx
ICD9:725,Polymyalgia rheumatica,ICD9,1,DOID:853,polymyalgia rheumatica
ICD9:726.0,Adhesive capsulitis of shoulder,ICD9,1,DOID:14188,frozen shoulder
ICD9:726.11,Calcifying tendinitis of shoulder,ICD9,1,DOID:14181,calcific tendinitis
ICD9:726.12,Bicipital tenosynovitis,ICD9,1,DOID:14192,bicipital tenosynovitis
ICD9:726.32,Lateral epicondylitis,ICD9,1,DOID:14087,epicondylitis
ICD9:726.33,Olecranon bursitis,ICD9,1,DOID:12581,olecranon bursitis
ICD9:726.61,Pes anserinus tendinitis or bursitis,ICD9,1,DOID:12475,pes anserinus bursitis
ICD9:726.62,Tibial collateral ligament bursitis,ICD9,1,DOID:13566,tibial collateral ligament bursitis
ICD9:726.63,Fibular collateral ligament bursitis,ICD9,1,DOID:9358,fibular collateral ligament bursitis
ICD9:726.64,Patellar tendinitis,ICD9,1,DOID:10471,patellar tendinitis
ICD9:726.72,Tibialis tendinitis,ICD9,1,DOID:10810,tibialis tendinitis
ICD9:726.73,Calcaneal spur,ICD9,1,DOID:210,heel spur
ICD9:726.90,Enthesopathy of unspecified site,ICD9,1,DOID:204,enthesopathy
ICD9:726.91,Exostosis of unspecified site,ICD9,1,DOID:203,exostosis
ICD9:727.02,Giant cell tumor of tendon sheath,ICD9,1,DOID:314,tenosynovial giant cell tumor
ICD9:727.04,Radial styloid tenosynovitis,ICD9,1,DOID:14107,De Quervain disease
ICD9:727.06,Tenosynovitis of foot and ankle,ICD9,1,DOID:312,tenosynovitis of foot and ankle
ICD9:727.49,"Other ganglion and cyst of synovium, tendon, and bursa",ICD9,1,DOID:9754,ganglion or cyst of synovium/tendon/bursa
ICD9:727.83,Plica syndrome,ICD9,1,DOID:12225,Plica syndrome
ICD9:728.11,Progressive myositis ossificans,ICD9,1,DOID:13374,fibrodysplasia ossificans progressiva
ICD9:728.5,Hypermobility syndrome,ICD9,1,DOID:13781,hypermobility syndrome
ICD9:728.71,Plantar fascial fibromatosis,ICD9,1,DOID:8936,plantar fascial fibromatosis
ICD9:728.81,Interstitial myositis,ICD9,1,DOID:9788,myositis fibrosa
ICD9:728.86,Necrotizing fasciitis,ICD9,1,DOID:9602,necrotizing fasciitis
ICD9:729.30,"Panniculitis, unspecified site",ICD9,1,DOID:1526,panniculitis
ICD9:729.4,"Fasciitis, unspecified",ICD9,1,DOID:9598,fasciitis
ICD9:730.1,,ICD9,1,DOID:1019,osteomyelitis
ICD9:731.2,Hypertrophic pulmonary osteoarthropathy,ICD9,1,DOID:10393,secondary hypertrophic osteoarthropathy
ICD9:732.0,Juvenile osteochondrosis of spine,ICD9,1,DOID:13300,Scheuermann's disease
ICD9:732.3,Juvenile osteochondrosis of upper extremity,ICD9,1,DOID:10159,osteonecrosis
ICD9:732.5,Juvenile osteochondrosis of foot,ICD9,1,DOID:11760,Kohler's disease
ICD9:732.6,Other juvenile osteochondrosis,ICD9,1,DOID:8125,osteochondrosis
ICD9:732.7,Osteochondritis dissecans,ICD9,1,DOID:84,osteochondritis dissecans
ICD9:733.0,,ICD9,1,DOID:11476,osteoporosis
ICD9:733.02,Idiopathic osteoporosis,ICD9,1,DOID:12559,idiopathic juvenile osteoporosis
ICD9:733.41,Aseptic necrosis of head of humerus,ICD9,1,DOID:10159,osteonecrosis
ICD9:733.42,Aseptic necrosis of head and neck of femur,ICD9,1,DOID:10159,osteonecrosis
ICD9:733.43,Aseptic necrosis of medial femoral condyle,ICD9,1,DOID:10159,osteonecrosis
ICD9:733.44,Aseptic necrosis of talus,ICD9,1,DOID:10159,osteonecrosis
ICD9:733.6,Tietze's disease,ICD9,1,DOID:14021,Tietze's syndrome
ICD9:733.7,Algoneurodystrophy,ICD9,1,DOID:14022,algoneurodystrophy
ICD9:733.92,Chondromalacia,ICD9,1,DOID:2557,chondromalacia
ICD9:741,,ICD9,1,DOID:0080016,spina bifida
ICD9:742,,ICD9,1,DOID:2490,congenital nervous system abnormality
ICD9:742.1,Microcephalus,ICD9,1,DOID:10907,microcephaly
ICD9:742.3,Congenital hydrocephalus,ICD9,1,DOID:0070681,congenital hydrocephalus
ICD9:743.06,Cryptophthalmos,ICD9,1,DOID:0111716,cryptophthalmia
ICD9:743.1,,ICD9,1,DOID:10629,microphthalmia
ICD9:743.21,Simple buphthalmos,ICD9,1,DOID:11211,buphthalmos
ICD9:743.35,Congenital aphakia,ICD9,1,DOID:11367,congenital aphakia
ICD9:743.37,Congenital ectopic lens,ICD9,1,DOID:0111148,isolated ectopia lentis
ICD9:743.45,Aniridia,ICD9,1,DOID:12271,aniridia
ICD9:743.61,Congenital ptosis,ICD9,1,DOID:0060261,congenital ptosis
ICD9:745.11,Double outlet right ventricle,ICD9,1,DOID:6406,double outlet right ventricle
ICD9:745.2,Tetralogy of fallot,ICD9,1,DOID:6419,tetralogy of Fallot
ICD9:745.4,Ventricular septal defect,ICD9,1,DOID:1657,ventricular septal defect
ICD9:745.6,,ICD9,1,DOID:0050651,atrioventricular septal defect
ICD9:746.2,Ebstein's anomaly,ICD9,1,DOID:14289,Ebstein anomaly
ICD9:746.3,Congenital stenosis of aortic valve,ICD9,1,DOID:1712,aortic valve stenosis
ICD9:746.6,Congenital mitral insufficiency,ICD9,1,DOID:11502,mitral valve insufficiency
ICD9:746.7,Hypoplastic left heart syndrome,ICD9,1,DOID:9955,hypoplastic left heart syndrome
ICD9:746.83,Infundibular pulmonic stenosis,ICD9,1,DOID:8861,pulmonary subvalvular stenosis
ICD9:746.85,Coronary artery anomaly,ICD9,1,DOID:11843,coronary artery anomaly
ICD9:746.86,Congenital heart block,ICD9,1,DOID:990,congenital heart block
ICD9:746.9,Unspecified congenital anomaly of heart,ICD9,1,DOID:1682,congenital heart disease
ICD9:747.0,Patent ductus arteriosus,ICD9,1,DOID:13832,patent ductus arteriosus
ICD9:747.22,Atresia and stenosis of aorta,ICD9,1,DOID:14037,aorta atresia
ICD9:747.83,Persistent fetal circulation,ICD9,1,DOID:13042,persistent fetal circulation syndrome
ICD9:748.0,Choanal atresia,ICD9,1,DOID:9574,choanal atresia
ICD9:749.0,,ICD9,1,DOID:674,cleft palate
ICD9:749.1,,ICD9,1,DOID:9296,cleft lip
ICD9:749.11,"Cleft lip, unilateral, complete",ICD9,1,DOID:9296,cleft lip
ICD9:750.21,Absence of salivary gland,ICD9,1,DOID:0111549,aplasia of lacrimal and salivary glands
ICD9:750.5,Congenital hypertrophic pyloric stenosis,ICD9,1,DOID:12638,hypertrophic pyloric stenosis
ICD9:750.6,Congenital hiatus hernia,ICD9,1,DOID:12641,displacement of cardia through esophageal hiatus
ICD9:751.0,Meckel's diverticulum,ICD9,1,DOID:9487,Meckel's diverticulum
ICD9:751.61,Biliary atresia,ICD9,1,DOID:13608,biliary atresia
ICD9:752.51,Undescended testis,ICD9,1,DOID:11383,cryptorchidism
ICD9:752.7,Indeterminate sex and pseudohermaphroditism,ICD9,1,DOID:3765,pseudohermaphroditism
ICD9:753.1,,ICD9,1,DOID:0050778,Meckel syndrome
ICD9:753.12,"Polycystic kidney, unspecified type",ICD9,1,DOID:898,autosomal dominant polycystic kidney disease
ICD9:753.14,"Polycystic kidney, autosomal recessive",ICD9,1,DOID:0110861,autosomal recessive polycystic kidney disease
ICD9:753.5,Exstrophy of urinary bladder,ICD9,1,DOID:0080174,bladder exstrophy
ICD9:754.51,Talipes equinovarus,ICD9,1,DOID:11836,clubfoot
ICD9:755.0,,ICD9,1,DOID:1148,polydactyly
ICD9:755.1,,ICD9,1,DOID:11193,syndactyly
ICD9:755.53,Radioulnar synostosis,ICD9,1,DOID:9827,radioulnar synostosis
ICD9:755.55,Acrocephalosyndactyly,ICD9,1,DOID:12960,acrocephalosyndactylia
ICD9:756.16,Klippel-Feil syndrome,ICD9,1,DOID:10426,Klippel-Feil syndrome
ICD9:756.4,Chondrodystrophy,ICD9,1,DOID:2256,osteochondrodysplasia
ICD9:756.51,Osteogenesis imperfecta,ICD9,1,DOID:12347,osteogenesis imperfecta
ICD9:756.52,Osteopetrosis,ICD9,1,DOID:13533,osteopetrosis
ICD9:756.53,Osteopoikilosis,ICD9,1,DOID:11991,osteopoikilosis
ICD9:756.54,Polyostotic fibrous dysplasia of bone,ICD9,1,DOID:1858,McCune Albright syndrome
ICD9:756.55,Chondroectodermal dysplasia,ICD9,1,DOID:12714,Ellis-Van Creveld syndrome
ICD9:756.56,Multiple epiphyseal dysplasia,ICD9,1,DOID:12721,multiple epiphyseal dysplasia
ICD9:756.73,Gastroschisis,ICD9,1,DOID:11044,gastroschisis
ICD9:756.83,Ehlers-Danlos syndrome,ICD9,1,DOID:13359,Ehlers-Danlos syndrome
ICD9:757.0,Hereditary edema of legs,ICD9,1,DOID:0050580,hereditary lymphedema
ICD9:757.31,Congenital ectodermal dysplasia,ICD9,1,DOID:2121,ectodermal dysplasia
ICD9:758.0,Down's syndrome,ICD9,1,DOID:14250,Down syndrome
ICD9:758.1,Patau's syndrome,ICD9,1,DOID:11665,Patau syndrome
ICD9:758.2,Edwards' syndrome,ICD9,1,DOID:1085,Edwards syndrome
ICD9:758.31,Cri-du-chat syndrome,ICD9,1,DOID:12580,Cri-Du-Chat syndrome
ICD9:758.32,Velo-cardio-facial syndrome,ICD9,1,DOID:12583,velocardiofacial syndrome
ICD9:758.6,Gonadal dysgenesis,ICD9,1,DOID:14447,gonadal dysgenesis
ICD9:758.7,Klinefelter's syndrome,ICD9,1,DOID:1921,Klinefelter syndrome
ICD9:759.3,Situs inversus,ICD9,1,DOID:758,visceral heterotaxy 5
ICD9:759.5,Tuberous sclerosis,ICD9,1,DOID:13515,tuberous sclerosis
ICD9:759.81,Prader-Willi syndrome,ICD9,1,DOID:11983,Prader-Willi syndrome
ICD9:759.82,Marfan syndrome,ICD9,1,DOID:14323,Marfan syndrome
ICD9:759.83,Fragile X syndrome,ICD9,1,DOID:14261,fragile X syndrome
ICD9:768.9,Unspecified severity of birth asphyxia in liveborn infant,ICD9,1,DOID:11088,asphyxia neonatorum
ICD9:770.4,Primary atelectasis,ICD9,1,DOID:424,pulmonary immaturity
ICD9:770.84,Respiratory failure of newborn,ICD9,1,DOID:11161,neonatal respiratory failure
ICD9:771.3,Tetanus neonatorum,ICD9,1,DOID:13521,tetanus neonatorum
ICD9:771.5,Neonatal infective mastitis,ICD9,1,DOID:13520,neonatal infective mastitis
ICD9:771.6,Neonatal conjunctivitis and dacryocystitis,ICD9,1,DOID:9699,ophthalmia neonatorum
ICD9:771.7,Neonatal Candida infection,ICD9,1,DOID:9577,neonatal candidiasis
ICD9:771.82,Urinary tract infection of newborn,ICD9,1,DOID:1375,neonatal urinary tract infectious disease
ICD9:773,,ICD9,1,DOID:1098,hemolytic disease of the fetus
ICD9:773.4,Kernicterus of fetus or newborn due to isoimmunization,ICD9,1,DOID:12043,kernicterus due to isoimmunization
ICD9:774.4,Perinatal jaundice due to hepatocellular damage,ICD9,1,DOID:11452,perinatal jaundice due to hepatocellular damage
ICD9:775.1,Neonatal diabetes mellitus,ICD9,1,DOID:11717,neonatal diabetes mellitus
ICD9:775.2,Neonatal myasthenia gravis,ICD9,1,DOID:14043,neonatal myasthenia gravis
ICD9:775.3,Neonatal thyrotoxicosis,ICD9,1,DOID:12573,neonatal thyrotoxicosis
ICD9:776.1,Transient neonatal thrombocytopenia,ICD9,1,DOID:9771,transient neonatal thrombocytopenia
ICD9:776.2,Disseminated intravascular coagulation in newborn,ICD9,1,DOID:11246,DIC in newborn
ICD9:776.4,Polycythemia neonatorum,ICD9,1,DOID:11242,plethora of newborn
ICD9:776.6,Anemia of prematurity,ICD9,1,DOID:11243,anemia of prematurity
ICD9:776.7,Transient neonatal neutropenia,ICD9,1,DOID:11245,transient neonatal neutropenia
ICD9:777.6,Perinatal intestinal perforation,ICD9,1,DOID:2073,perinatal intestinal perforation
ICD9:778.7,Breast engorgement in newborn,ICD9,1,DOID:11603,infant gynecomastia
ICD9:779.5,Drug withdrawal syndrome in newborn,ICD9,1,DOID:9828,neonatal abstinence syndrome
ICD9:779.7,Periventricular leukomalacia,ICD9,1,DOID:13088,periventricular leukomalacia
ICD9:780.57,Unspecified sleep apnea,ICD9,1,DOID:0050847,sleep apnea
ICD9:780.71,Chronic fatigue syndrome,ICD9,1,DOID:8544,chronic fatigue syndrome
ICD9:790.94,Euthyroid sick syndrome,ICD9,1,DOID:2856,euthyroid sick syndrome
ICD9:791.0,Proteinuria,ICD9,1,DOID:576,proteinuria
ICD9:791.2,Hemoglobinuria,ICD9,1,DOID:582,hemoglobinuria
ICD9:798.0,Sudden infant death syndrome,ICD9,1,DOID:9007,sudden infant death syndrome
ICD9:958.6,Volkmann's ischemic contracture,ICD9,1,DOID:5587,Volkmann contracture
ICD9:958.90,"Compartment syndrome, unspecified",ICD9,1,DOID:682,compartment syndrome
ICD9:994.6,Motion sickness,ICD9,1,DOID:2951,motion sickness
ICD9:995.21,Arthus phenomenon,ICD9,1,DOID:1556,arthus reaction
ICD9:995.91,Sepsis,ICD9,1,DOID:0040085,bacterial sepsis
