target,target_label,target_prefix,subject_count,subject,subject_label
MESH:D008579,Meningioma,MESH,18,DOID:0080842,intracranial meningioma
MESH:D008579,Meningioma,MESH,18,DOID:1138,spinal meningioma
MESH:D008579,Meningioma,MESH,18,DOID:3565,meningioma
MESH:D008579,Meningioma,MESH,18,DOID:3772,intraventricular meningioma
MESH:D008579,Meningioma,MESH,18,DOID:4141,intraorbital meningioma
MESH:D008579,Meningioma,MESH,18,DOID:4210,clear cell meningioma
MESH:D008579,Meningioma,MESH,18,DOID:4211,posterior fossa meningioma
MESH:D008579,Meningioma,MESH,18,DOID:4587,benign meningioma
MESH:D008579,Meningioma,MESH,18,DOID:4588,secretory meningioma
MESH:D008579,Meningioma,MESH,18,DOID:4594,microcystic meningioma
MESH:D008579,Meningioma,MESH,18,DOID:6114,cerebral convexity meningioma
MESH:D008579,Meningioma,MESH,18,DOID:6548,angiomatous meningioma
MESH:D008579,Meningioma,MESH,18,DOID:6869,parasagittal meningioma
MESH:D008579,Meningioma,MESH,18,DOID:7210,psammomatous meningioma
MESH:D008579,Meningioma,MESH,18,DOID:7211,fibrous meningioma
MESH:D008579,Meningioma,MESH,18,DOID:7212,meningothelial meningioma
MESH:D008579,Meningioma,MESH,18,DOID:7213,transitional meningioma
MESH:D008579,Meningioma,MESH,18,DOID:8057,olfactory groove meningioma
MESH:D001254,Astrocytoma,MESH,9,DOID:3069,malignant astrocytoma
MESH:D001254,Astrocytoma,MESH,9,DOID:3078,anaplastic astrocytoma
MESH:D001254,Astrocytoma,MESH,9,DOID:4851,pilocytic astrocytoma
MESH:D001254,Astrocytoma,MESH,9,DOID:5077,subependymal giant cell astrocytoma
MESH:D001254,Astrocytoma,MESH,9,DOID:6726,fibrillary astrocytoma
MESH:D001254,Astrocytoma,MESH,9,DOID:6811,juvenile pilocytic astrocytoma
MESH:D001254,Astrocytoma,MESH,9,DOID:7005,gemistocytic astrocytoma
MESH:D001254,Astrocytoma,MESH,9,DOID:7007,childhood cerebral astrocytoma
MESH:D001254,Astrocytoma,MESH,9,DOID:7008,protoplasmic astrocytoma
ORDO:2440,,ORDO,7,DOID:0090020,split hand-foot malformation
ORDO:2440,,ORDO,7,DOID:0090021,split hand-foot malformation 1
ORDO:2440,,ORDO,7,DOID:0090022,split hand-foot malformation 5
ORDO:2440,,ORDO,7,DOID:0090023,split hand-foot malformation 4
ORDO:2440,,ORDO,7,DOID:0090025,split hand-foot malformation 3
ORDO:2440,,ORDO,7,DOID:0090026,split hand-foot malformation 6
ORDO:2440,,ORDO,7,DOID:0090027,split hand-foot malformation 2
ORDO:2542,,ORDO,7,DOID:0060835,isolated microphthalmia 6
ORDO:2542,,ORDO,7,DOID:0060836,isolated microphthalmia 4
ORDO:2542,,ORDO,7,DOID:0060838,isolated microphthalmia 7
ORDO:2542,,ORDO,7,DOID:0060839,isolated microphthalmia 2
ORDO:2542,,ORDO,7,DOID:0060840,isolated microphthalmia 1
ORDO:2542,,ORDO,7,DOID:0060841,isolated microphthalmia 8
ORDO:2542,,ORDO,7,DOID:0060842,syndromic microphthalmia 16
SNOMEDCT_US_2025_09_01:266218008,,SNOMEDCT_US_2025_09_01,7,DOID:0050133,superficial mycosis
SNOMEDCT_US_2025_09_01:266218008,,SNOMEDCT_US_2025_09_01,7,DOID:12711,black piedra
SNOMEDCT_US_2025_09_01:266218008,,SNOMEDCT_US_2025_09_01,7,DOID:13450,coccidioidomycosis
SNOMEDCT_US_2025_09_01:266218008,,SNOMEDCT_US_2025_09_01,7,DOID:13564,aspergillosis
SNOMEDCT_US_2025_09_01:266218008,,SNOMEDCT_US_2025_09_01,7,DOID:13902,white piedra
SNOMEDCT_US_2025_09_01:266218008,,SNOMEDCT_US_2025_09_01,7,DOID:14484,sporotrichosis
SNOMEDCT_US_2025_09_01:266218008,,SNOMEDCT_US_2025_09_01,7,DOID:1731,histoplasmosis
MESH:C574275,Ectrodactyly,MESH,6,DOID:0090020,split hand-foot malformation
MESH:C574275,Ectrodactyly,MESH,6,DOID:0090022,split hand-foot malformation 5
MESH:C574275,Ectrodactyly,MESH,6,DOID:0090023,split hand-foot malformation 4
MESH:C574275,Ectrodactyly,MESH,6,DOID:0090025,split hand-foot malformation 3
MESH:C574275,Ectrodactyly,MESH,6,DOID:0090026,split hand-foot malformation 6
MESH:C574275,Ectrodactyly,MESH,6,DOID:0090027,split hand-foot malformation 2
MESH:D002292,"Carcinoma, Renal Cell",MESH,6,DOID:4450,renal cell carcinoma
MESH:D002292,"Carcinoma, Renal Cell",MESH,6,DOID:4464,collecting duct carcinoma
MESH:D002292,"Carcinoma, Renal Cell",MESH,6,DOID:4465,papillary renal cell carcinoma
MESH:D002292,"Carcinoma, Renal Cell",MESH,6,DOID:4467,clear cell renal cell carcinoma
MESH:D002292,"Carcinoma, Renal Cell",MESH,6,DOID:4471,chromophobe renal cell carcinoma
MESH:D002292,"Carcinoma, Renal Cell",MESH,6,DOID:4473,sarcomatoid renal cell carcinoma
MESH:D003117,Color Vision Defects,MESH,6,DOID:11661,blue color blindness
MESH:D003117,Color Vision Defects,MESH,6,DOID:13399,color blindness
MESH:D003117,Color Vision Defects,MESH,6,DOID:13909,red-green color blindness
MESH:D003117,Color Vision Defects,MESH,6,DOID:13910,red color blindness
MESH:D003117,Color Vision Defects,MESH,6,DOID:13911,achromatopsia
MESH:D003117,Color Vision Defects,MESH,6,DOID:13912,acquired color blindness
NCIT:C75000,Ectrodactyly,NCIT,6,DOID:0090020,split hand-foot malformation
NCIT:C75000,Ectrodactyly,NCIT,6,DOID:0090022,split hand-foot malformation 5
NCIT:C75000,Ectrodactyly,NCIT,6,DOID:0090023,split hand-foot malformation 4
NCIT:C75000,Ectrodactyly,NCIT,6,DOID:0090025,split hand-foot malformation 3
NCIT:C75000,Ectrodactyly,NCIT,6,DOID:0090026,split hand-foot malformation 6
NCIT:C75000,Ectrodactyly,NCIT,6,DOID:0090027,split hand-foot malformation 2
SNOMEDCT_US_2025_09_01:81208006,Ectrodactyly,SNOMEDCT_US_2025_09_01,6,DOID:0090020,split hand-foot malformation
SNOMEDCT_US_2025_09_01:81208006,Ectrodactyly,SNOMEDCT_US_2025_09_01,6,DOID:0090022,split hand-foot malformation 5
SNOMEDCT_US_2025_09_01:81208006,Ectrodactyly,SNOMEDCT_US_2025_09_01,6,DOID:0090023,split hand-foot malformation 4
SNOMEDCT_US_2025_09_01:81208006,Ectrodactyly,SNOMEDCT_US_2025_09_01,6,DOID:0090025,split hand-foot malformation 3
SNOMEDCT_US_2025_09_01:81208006,Ectrodactyly,SNOMEDCT_US_2025_09_01,6,DOID:0090026,split hand-foot malformation 6
SNOMEDCT_US_2025_09_01:81208006,Ectrodactyly,SNOMEDCT_US_2025_09_01,6,DOID:0090027,split hand-foot malformation 2
UMLS:C0265554,Ectrodactyly,UMLS,6,DOID:0090020,split hand-foot malformation
UMLS:C0265554,Ectrodactyly,UMLS,6,DOID:0090022,split hand-foot malformation 5
UMLS:C0265554,Ectrodactyly,UMLS,6,DOID:0090023,split hand-foot malformation 4
UMLS:C0265554,Ectrodactyly,UMLS,6,DOID:0090025,split hand-foot malformation 3
UMLS:C0265554,Ectrodactyly,UMLS,6,DOID:0090026,split hand-foot malformation 6
UMLS:C0265554,Ectrodactyly,UMLS,6,DOID:0090027,split hand-foot malformation 2
MESH:D000236,Adenoma,MESH,5,DOID:3172,papillary adenoma
MESH:D000236,Adenoma,MESH,5,DOID:5403,microcystic adenoma
MESH:D000236,Adenoma,MESH,5,DOID:6203,thyroid hyalinizing trabecular adenoma
MESH:D000236,Adenoma,MESH,5,DOID:6204,follicular adenoma
MESH:D000236,Adenoma,MESH,5,DOID:657,adenoma
MESH:D006689,Hodgkin Disease,MESH,5,DOID:8543,"Hodgkin's lymphoma, lymphocytic-histiocytic predominance"
MESH:D006689,Hodgkin Disease,MESH,5,DOID:8567,Hodgkin's lymphoma
MESH:D006689,Hodgkin Disease,MESH,5,DOID:8628,"Hodgkin's lymphoma, lymphocytic depletion"
MESH:D006689,Hodgkin Disease,MESH,5,DOID:8642,Hodgkin's paragranuloma
MESH:D006689,Hodgkin Disease,MESH,5,DOID:8654,"Hodgkin's lymphoma, mixed cellularity"
MESH:D008527,Medulloblastoma,MESH,5,DOID:0050902,medulloblastoma
MESH:D008527,Medulloblastoma,MESH,5,DOID:3861,medullomyoblastoma
MESH:D008527,Medulloblastoma,MESH,5,DOID:3864,adult medulloblastoma
MESH:D008527,Medulloblastoma,MESH,5,DOID:3868,melanotic medulloblastoma
MESH:D008527,Medulloblastoma,MESH,5,DOID:3869,childhood medulloblastoma
MESH:D009084,Mucopolysaccharidosis III,MESH,5,DOID:0111393,mucopolysaccharidosis type IIIC
MESH:D009084,Mucopolysaccharidosis III,MESH,5,DOID:0111394,mucopolysaccharidosis type IIIB
MESH:D009084,Mucopolysaccharidosis III,MESH,5,DOID:0111395,mucopolysaccharidosis type IIIA
MESH:D009084,Mucopolysaccharidosis III,MESH,5,DOID:0111402,mucopolysaccharidosis type IIID
MESH:D009084,Mucopolysaccharidosis III,MESH,5,DOID:12801,mucopolysaccharidosis III
ORDO:169150,,ORDO,5,DOID:0060299,complement component 6 deficiency
ORDO:169150,,ORDO,5,DOID:0060301,type I complement component 8 deficiency
ORDO:169150,,ORDO,5,DOID:0060302,type II complement component 8 deficiency
ORDO:169150,,ORDO,5,DOID:0060303,complement component 9 deficiency
ORDO:169150,,ORDO,5,DOID:8158,complement component 5 deficiency
ORDO:2524,,ORDO,5,DOID:0060267,pontocerebellar hypoplasia type 2A
ORDO:2524,,ORDO,5,DOID:0060268,pontocerebellar hypoplasia type 2B
ORDO:2524,,ORDO,5,DOID:0060269,pontocerebellar hypoplasia type 2C
ORDO:2524,,ORDO,5,DOID:0060270,pontocerebellar hypoplasia type 2D
ORDO:2524,,ORDO,5,DOID:0112328,pontocerebellar hypoplasia type 2
MESH:D000077195,Squamous Cell Carcinoma of Head and Neck,MESH,4,DOID:0070664,oropharyngeal squamous cell carcinoma
MESH:D000077195,Squamous Cell Carcinoma of Head and Neck,MESH,4,DOID:2876,laryngeal squamous cell carcinoma
MESH:D000077195,Squamous Cell Carcinoma of Head and Neck,MESH,4,DOID:5515,nasal cavity squamous cell carcinoma
MESH:D000077195,Squamous Cell Carcinoma of Head and Neck,MESH,4,DOID:5520,head and neck squamous cell carcinoma
MESH:D000098943,,MESH,4,DOID:6039,uveal melanoma
MESH:D000098943,,MESH,4,DOID:6438,malignant choroid melanoma
MESH:D000098943,,MESH,4,DOID:6524,malignant ciliary body melanoma
MESH:D000098943,,MESH,4,DOID:6994,malignant iris melanoma
MESH:D000230,Adenocarcinoma,MESH,4,DOID:299,adenocarcinoma
MESH:D000230,Adenocarcinoma,MESH,4,DOID:4903,granular cell carcinoma
MESH:D000230,Adenocarcinoma,MESH,4,DOID:4929,tubular adenocarcinoma
MESH:D000230,Adenocarcinoma,MESH,4,DOID:5675,cribriform carcinoma
MESH:D000742,"Anemia, Dyserythropoietic, Congenital",MESH,4,DOID:0111397,congenital dyserythropoietic anemia type Ib
MESH:D000742,"Anemia, Dyserythropoietic, Congenital",MESH,4,DOID:0111399,congenital dyserythropoietic anemia type IIIa
MESH:D000742,"Anemia, Dyserythropoietic, Congenital",MESH,4,DOID:0111401,congenital dyserythropoietic anemia type II
MESH:D000742,"Anemia, Dyserythropoietic, Congenital",MESH,4,DOID:1338,congenital dyserythropoietic anemia
MESH:D002547,Cerebral Palsy,MESH,4,DOID:10965,spastic diplegia
MESH:D002547,Cerebral Palsy,MESH,4,DOID:10968,spastic monoplegia
MESH:D002547,Cerebral Palsy,MESH,4,DOID:10970,spastic quadriplegic cerebral palsy
MESH:D002547,Cerebral Palsy,MESH,4,DOID:1969,cerebral palsy
MESH:D005693,Galactosemias,MESH,4,DOID:0111458,galactose epimerase deficiency
MESH:D005693,Galactosemias,MESH,4,DOID:0111459,classic galactosemia
MESH:D005693,Galactosemias,MESH,4,DOID:14695,galactokinase deficiency
MESH:D005693,Galactosemias,MESH,4,DOID:9870,galactosemia
MESH:D006391,Hemangioma,MESH,4,DOID:255,hemangioma
MESH:D006391,Hemangioma,MESH,4,DOID:277,chorioangioma
MESH:D006391,Hemangioma,MESH,4,DOID:468,intramuscular hemangioma
MESH:D006391,Hemangioma,MESH,4,DOID:474,histiocytoid hemangioma
MESH:D009837,Oligodendroglioma,MESH,4,DOID:3181,oligodendroglioma
MESH:D009837,Oligodendroglioma,MESH,4,DOID:3183,childhood oligodendroglioma
MESH:D009837,Oligodendroglioma,MESH,4,DOID:3186,adult oligodendroglioma
MESH:D009837,Oligodendroglioma,MESH,4,DOID:7912,mixed oligodendroglioma-astrocytoma
MESH:D010930,Plague,MESH,4,DOID:10398,pneumonic plague
MESH:D010930,Plague,MESH,4,DOID:10773,bubonic plague
MESH:D010930,Plague,MESH,4,DOID:3481,septicemic plague
MESH:D010930,Plague,MESH,4,DOID:3482,plague
MESH:D018242,"Neuroectodermal Tumors, Primitive",MESH,4,DOID:0050902,medulloblastoma
MESH:D018242,"Neuroectodermal Tumors, Primitive",MESH,4,DOID:0080903,"embryonal tumor with multilayered rosettes, C19MC-altered"
MESH:D018242,"Neuroectodermal Tumors, Primitive",MESH,4,DOID:4790,medulloepithelioma
MESH:D018242,"Neuroectodermal Tumors, Primitive",MESH,4,DOID:7398,cerebral primitive neuroectodermal tumor
MESH:D020914,"Myopathies, Structural, Congenital",MESH,4,DOID:0111217,autosomal dominant centronuclear myopathy
MESH:D020914,"Myopathies, Structural, Congenital",MESH,4,DOID:0111225,centronuclear myopathy X-linked
MESH:D020914,"Myopathies, Structural, Congenital",MESH,4,DOID:14717,centronuclear myopathy
MESH:D020914,"Myopathies, Structural, Congenital",MESH,4,DOID:422,congenital structural myopathy
MESH:D052245,Usher Syndromes,MESH,4,DOID:0050439,Usher syndrome
MESH:D052245,Usher Syndromes,MESH,4,DOID:0110827,Usher syndrome type 2
MESH:D052245,Usher Syndromes,MESH,4,DOID:0110828,Usher syndrome type 3
MESH:D052245,Usher Syndromes,MESH,4,DOID:0110829,retinitis pigmentosa-deafness syndrome
MESH:D052496,"Lipodystrophy, Familial Partial",MESH,4,DOID:0050440,familial partial lipodystrophy
MESH:D052496,"Lipodystrophy, Familial Partial",MESH,4,DOID:0070202,familial partial lipodystrophy type 2
MESH:D052496,"Lipodystrophy, Familial Partial",MESH,4,DOID:0070204,familial partial lipodystrophy type 3
MESH:D052496,"Lipodystrophy, Familial Partial",MESH,4,DOID:0070207,familial partial lipodystrophy type 1
MESH:D053306,Hyper-IgM Immunodeficiency Syndrome,MESH,4,DOID:0060023,immunodeficiency with hyper IgM type 3
MESH:D053306,Hyper-IgM Immunodeficiency Syndrome,MESH,4,DOID:0060758,immunodeficiency with hyper-IgM type 2
MESH:D053306,Hyper-IgM Immunodeficiency Syndrome,MESH,4,DOID:0060759,immunodeficiency with hyper IgM type 5
MESH:D053306,Hyper-IgM Immunodeficiency Syndrome,MESH,4,DOID:0080544,hyper IgM syndrome
ORDO:280763,,ORDO,4,DOID:0110799,hereditary spastic paraplegia 47
ORDO:280763,,ORDO,4,DOID:0110802,hereditary spastic paraplegia 50
ORDO:280763,,ORDO,4,DOID:0110803,hereditary spastic paraplegia 51
ORDO:280763,,ORDO,4,DOID:0110804,hereditary spastic paraplegia 52
ORDO:3152,,ORDO,4,DOID:0060251,sclerosteosis
ORDO:3152,,ORDO,4,DOID:0060756,sclerosteosis 1
ORDO:3152,,ORDO,4,DOID:0060757,sclerosteosis 2
ORDO:3152,,ORDO,4,DOID:0080036,SOST-related sclerosing bone dysplasia
ORDO:3197,,ORDO,4,DOID:0060695,hyperekplexia
ORDO:3197,,ORDO,4,DOID:0060696,hyperekplexia 1
ORDO:3197,,ORDO,4,DOID:0060697,hyperekplexia 2
ORDO:3197,,ORDO,4,DOID:0060698,hyperekplexia 3
GARD:9948,,GARD,3,DOID:0070317,wet beriberi
GARD:9948,,GARD,3,DOID:0070318,dry beriberi
GARD:9948,,GARD,3,DOID:13725,beriberi
MESH:C536189,Ectrodactyly-cleft lip-palate syndrome,MESH,3,DOID:0060782,EEC syndrome
MESH:C536189,Ectrodactyly-cleft lip-palate syndrome,MESH,3,DOID:0060783,"ectrodactyly, ectodermal dysplasia, and cleft lip-palate syndrome 3"
MESH:C536189,Ectrodactyly-cleft lip-palate syndrome,MESH,3,DOID:0060784,"ectrodactyly, ectodermal dysplasia, and cleft lip-palate syndrome 1"
MESH:C536350,Visceral myopathy familial external ophthalmoplegia,MESH,3,DOID:0070331,mitochondrial DNA depletion syndrome 8b
MESH:C536350,Visceral myopathy familial external ophthalmoplegia,MESH,3,DOID:0080119,mitochondrial DNA depletion syndrome 1
MESH:C536350,Visceral myopathy familial external ophthalmoplegia,MESH,3,DOID:0080127,mitochondrial DNA depletion syndrome 8a
MESH:D000073605,Spotted Fever Group Rickettsiosis,MESH,3,DOID:10921,Siberian tick typhus
MESH:D000073605,Spotted Fever Group Rickettsiosis,MESH,3,DOID:11103,rickettsialpox
MESH:D000073605,Spotted Fever Group Rickettsiosis,MESH,3,DOID:11104,spotted fever
MESH:D000092164,Lagophthalmos,MESH,3,DOID:12958,paralytic lagophthalmos
MESH:D000092164,Lagophthalmos,MESH,3,DOID:12959,lagophthalmos
MESH:D000092164,Lagophthalmos,MESH,3,DOID:13038,cicatricial lagophthalmos
MESH:D000168,Acrocephalosyndactylia,MESH,3,DOID:12960,acrocephalosyndactylia
MESH:D000168,Acrocephalosyndactylia,MESH,3,DOID:14705,Pfeiffer syndrome
MESH:D000168,Acrocephalosyndactylia,MESH,3,DOID:14768,Saethre-Chotzen syndrome
MESH:D003110,Colonic Neoplasms,MESH,3,DOID:219,colon cancer
MESH:D003110,Colonic Neoplasms,MESH,3,DOID:234,colon adenocarcinoma
MESH:D003110,Colonic Neoplasms,MESH,3,DOID:235,colonic benign neoplasm
MESH:D003233,"Conjunctivitis, Allergic",MESH,3,DOID:11204,allergic conjunctivitis
MESH:D003233,"Conjunctivitis, Allergic",MESH,3,DOID:2457,giant papillary conjunctivitis
MESH:D003233,"Conjunctivitis, Allergic",MESH,3,DOID:2474,vernal conjunctivitis
MESH:D003317,"Corneal Dystrophies, Hereditary",MESH,3,DOID:12318,granular corneal dystrophy
MESH:D003317,"Corneal Dystrophies, Hereditary",MESH,3,DOID:2565,macular corneal dystrophy
MESH:D003317,"Corneal Dystrophies, Hereditary",MESH,3,DOID:2566,corneal dystrophy
MESH:D003397,Craniopharyngioma,MESH,3,DOID:3840,craniopharyngioma
MESH:D003397,Craniopharyngioma,MESH,3,DOID:3846,adamantinous craniopharyngioma
MESH:D003397,Craniopharyngioma,MESH,3,DOID:3847,papillary craniopharyngioma
MESH:D003929,Diabetic Neuropathies,MESH,3,DOID:11503,diabetic autonomic neuropathy
MESH:D003929,Diabetic Neuropathies,MESH,3,DOID:12785,diabetic polyneuropathy
MESH:D003929,Diabetic Neuropathies,MESH,3,DOID:9743,diabetic neuropathy
MESH:D004806,Ependymoma,MESH,3,DOID:4844,benign ependymoma
MESH:D004806,Ependymoma,MESH,3,DOID:5075,myxopapillary ependymoma
MESH:D004806,Ependymoma,MESH,3,DOID:5505,papillary ependymoma
MESH:D005099,Exotropia,MESH,3,DOID:1142,alternating exotropia
MESH:D005099,Exotropia,MESH,3,DOID:1143,exotropia
MESH:D005099,Exotropia,MESH,3,DOID:11853,monocular exotropia
MESH:D007174,"Disruptive, Impulse Control, and Conduct Disorders",MESH,3,DOID:10937,impulse control disorder
MESH:D007174,"Disruptive, Impulse Control, and Conduct Disorders",MESH,3,DOID:12400,kleptomania
MESH:D007174,"Disruptive, Impulse Control, and Conduct Disorders",MESH,3,DOID:12401,intermittent explosive disorder
MESH:D007890,Leiomyosarcoma,MESH,3,DOID:1967,leiomyosarcoma
MESH:D007890,Leiomyosarcoma,MESH,3,DOID:5264,epithelioid leiomyosarcoma
MESH:D007890,Leiomyosarcoma,MESH,3,DOID:5268,myxoid leiomyosarcoma
MESH:D008059,Mucopolysaccharidosis I,MESH,3,DOID:0111389,mucopolysaccharidosis Ih/s
MESH:D008059,Mucopolysaccharidosis I,MESH,3,DOID:0111390,mucopolysaccharidosis Ih
MESH:D008059,Mucopolysaccharidosis I,MESH,3,DOID:12802,mucopolysaccharidosis I
MESH:D008080,Liposarcoma,MESH,3,DOID:3382,liposarcoma
MESH:D008080,Liposarcoma,MESH,3,DOID:5690,well-differentiated liposarcoma
MESH:D008080,Liposarcoma,MESH,3,DOID:5702,pleomorphic liposarcoma
MESH:D009085,Mucopolysaccharidosis IV,MESH,3,DOID:0111391,mucopolysaccharidosis IVA
MESH:D009085,Mucopolysaccharidosis IV,MESH,3,DOID:0111392,mucopolysaccharidosis type IVB
MESH:D009085,Mucopolysaccharidosis IV,MESH,3,DOID:12804,mucopolysaccharidosis IV
MESH:D009134,"Muscular Atrophy, Spinal",MESH,3,DOID:0111552,scapuloperoneal spinal muscular atrophy
MESH:D009134,"Muscular Atrophy, Spinal",MESH,3,DOID:12377,spinal muscular atrophy
MESH:D009134,"Muscular Atrophy, Spinal",MESH,3,DOID:318,progressive muscular atrophy
MESH:D009373,"Neoplasms, Germ Cell and Embryonal",MESH,3,DOID:2994,germ cell cancer
MESH:D009373,"Neoplasms, Germ Cell and Embryonal",MESH,3,DOID:3095,germ cell and embryonal cancer
MESH:D009373,"Neoplasms, Germ Cell and Embryonal",MESH,3,DOID:688,embryonal cancer
MESH:D009494,Neurosyphilis,MESH,3,DOID:10035,asymptomatic neurosyphilis
MESH:D009494,Neurosyphilis,MESH,3,DOID:10039,late congenital syphilis
MESH:D009494,Neurosyphilis,MESH,3,DOID:9988,tertiary neurosyphilis
MESH:D009759,"Nystagmus, Pathologic",MESH,3,DOID:11771,spontaneous ocular nystagmus
MESH:D009759,"Nystagmus, Pathologic",MESH,3,DOID:13174,dissociated nystagmus
MESH:D009759,"Nystagmus, Pathologic",MESH,3,DOID:9650,pathologic nystagmus
MESH:D010009,Osteochondrodysplasias,MESH,3,DOID:0111788,Melnick-Needles syndrome
MESH:D010009,Osteochondrodysplasias,MESH,3,DOID:12721,multiple epiphyseal dysplasia
MESH:D010009,Osteochondrodysplasias,MESH,3,DOID:2256,osteochondrodysplasia
MESH:D010211,Papilledema,MESH,3,DOID:10175,optic papillitis
MESH:D010211,Papilledema,MESH,3,DOID:146,papilledema
MESH:D010211,Papilledema,MESH,3,DOID:6929,retinal edema
MESH:D010392,Pemphigus,MESH,3,DOID:0060851,pemphigus vulgaris
MESH:D010392,Pemphigus,MESH,3,DOID:0080850,pemphigus foliaceus
MESH:D010392,Pemphigus,MESH,3,DOID:9182,pemphigus
MESH:D010854,Piedra,MESH,3,DOID:0050133,superficial mycosis
MESH:D010854,Piedra,MESH,3,DOID:12711,black piedra
MESH:D010854,Piedra,MESH,3,DOID:13902,white piedra
MESH:D010911,Pituitary Neoplasms,MESH,3,DOID:1785,pituitary cancer
MESH:D010911,Pituitary Neoplasms,MESH,3,DOID:3829,pituitary adenoma
MESH:D010911,Pituitary Neoplasms,MESH,3,DOID:4916,pituitary carcinoma
MESH:D011546,Pseudohypoaldosteronism,MESH,3,DOID:0060854,autosomal recessive pseudohypoaldosteronism type 1
MESH:D011546,Pseudohypoaldosteronism,MESH,3,DOID:0060855,autosomal dominant pseudohypoaldosteronism type 1
MESH:D011546,Pseudohypoaldosteronism,MESH,3,DOID:4479,pseudohypoaldosteronism
MESH:D011657,Pulmonary Eosinophilia,MESH,3,DOID:5870,eosinophilic pneumonia
MESH:D011657,Pulmonary Eosinophilia,MESH,3,DOID:9498,pulmonary eosinophilia
MESH:D011657,Pulmonary Eosinophilia,MESH,3,DOID:9503,Loeffler syndrome
MESH:D012170,Retinal Vein Occlusion,MESH,3,DOID:13514,venous tributary occlusion of retina
MESH:D012170,Retinal Vein Occlusion,MESH,3,DOID:1727,retinal vein occlusion
MESH:D012170,Retinal Vein Occlusion,MESH,3,DOID:2450,central retinal vein occlusion
MESH:D012734,Disorders of Sex Development,MESH,3,DOID:1923,disorder of sexual development
MESH:D012734,Disorders of Sex Development,MESH,3,DOID:3763,hermaphroditism
MESH:D012734,Disorders of Sex Development,MESH,3,DOID:3765,pseudohermaphroditism
MESH:D013981,Tic Disorders,MESH,3,DOID:10600,chronic tic disorder
MESH:D013981,Tic Disorders,MESH,3,DOID:2768,transient tic disorder
MESH:D013981,Tic Disorders,MESH,3,DOID:2769,tic disorder
MESH:D014715,Vertebrobasilar Insufficiency,MESH,3,DOID:13003,vertebrobasilar insufficiency
MESH:D014715,Vertebrobasilar Insufficiency,MESH,3,DOID:13095,vertebral artery insufficiency
MESH:D014715,Vertebrobasilar Insufficiency,MESH,3,DOID:223,basilar artery insufficiency
MESH:D014897,Spinal Muscular Atrophies of Childhood,MESH,3,DOID:0050530,intermediate spinal muscular atrophy
MESH:D014897,Spinal Muscular Atrophies of Childhood,MESH,3,DOID:0060160,childhood spinal muscular atrophy
MESH:D014897,Spinal Muscular Atrophies of Childhood,MESH,3,DOID:12376,juvenile spinal muscular atrophy
MESH:D015356,Retinal Artery Occlusion,MESH,3,DOID:13094,branch retinal artery occlusion
MESH:D015356,Retinal Artery Occlusion,MESH,3,DOID:13098,central retinal artery occlusion
MESH:D015356,Retinal Artery Occlusion,MESH,3,DOID:8483,retinal artery occlusion
MESH:D015470,"Leukemia, Myeloid, Acute",MESH,3,DOID:0081086,acute myeloid leukemia without maturation
MESH:D015470,"Leukemia, Myeloid, Acute",MESH,3,DOID:0081087,acute myeloid leukemia with maturation
MESH:D015470,"Leukemia, Myeloid, Acute",MESH,3,DOID:9119,acute myeloid leukemia
MESH:D015835,Ocular Motility Disorders,MESH,3,DOID:10235,Brown's tendon sheath syndrome
MESH:D015835,Ocular Motility Disorders,MESH,3,DOID:1279,ocular motility disease
MESH:D015835,Ocular Motility Disorders,MESH,3,DOID:538,internuclear ophthalmoplegia
MESH:D015840,Oculomotor Nerve Diseases,MESH,3,DOID:10864,partial third-nerve palsy
MESH:D015840,Oculomotor Nerve Diseases,MESH,3,DOID:10866,total third-nerve palsy
MESH:D015840,Oculomotor Nerve Diseases,MESH,3,DOID:11550,oculomotor nerve paralysis
MESH:D016472,Motor Neuron Disease,MESH,3,DOID:230,lateral sclerosis
MESH:D016472,Motor Neuron Disease,MESH,3,DOID:231,motor neuron disease
MESH:D016472,Motor Neuron Disease,MESH,3,DOID:4873,anterior horn cell disease
MESH:D018317,Nerve Sheath Neoplasms,MESH,3,DOID:1192,peripheral nervous system neoplasm
MESH:D018317,Nerve Sheath Neoplasms,MESH,3,DOID:3193,peripheral nerve sheath neoplasm
MESH:D018317,Nerve Sheath Neoplasms,MESH,3,DOID:4697,perineurioma
MESH:D020191,"Myoclonic Epilepsies, Progressive",MESH,3,DOID:0060162,dentatorubral-pallidoluysian atrophy
MESH:D020191,"Myoclonic Epilepsies, Progressive",MESH,3,DOID:0111444,progressive myoclonus epilepsy 4
MESH:D020191,"Myoclonic Epilepsies, Progressive",MESH,3,DOID:891,progressive myoclonus epilepsy
MESH:D020422,Mononeuropathies,MESH,3,DOID:1188,mononeuropathy
MESH:D020422,Mononeuropathies,MESH,3,DOID:1802,mononeuritis
MESH:D020422,Mononeuropathies,MESH,3,DOID:1835,mononeuritis multiplex
MESH:D020528,"Multiple Sclerosis, Chronic Progressive",MESH,3,DOID:0050783,secondary progressive multiple sclerosis
MESH:D020528,"Multiple Sclerosis, Chronic Progressive",MESH,3,DOID:0050784,primary progressive multiple sclerosis
MESH:D020528,"Multiple Sclerosis, Chronic Progressive",MESH,3,DOID:0050785,progressive relapsing multiple sclerosis
MESH:D020967,Myotonic Disorders,MESH,3,DOID:0050759,myotonic dystrophy type 2
MESH:D020967,Myotonic Disorders,MESH,3,DOID:0111538,paramyotonia congenita of Von Eulenburg
MESH:D020967,Myotonic Disorders,MESH,3,DOID:450,myotonic disease
MESH:D034721,"Mastocytosis, Systemic",MESH,3,DOID:349,systemic mastocytosis
MESH:D034721,"Mastocytosis, Systemic",MESH,3,DOID:4660,indolent systemic mastocytosis
MESH:D034721,"Mastocytosis, Systemic",MESH,3,DOID:4798,aggressive systemic mastocytosis
MESH:D049309,Acanthoma,MESH,3,DOID:172,clear cell acanthoma
MESH:D049309,Acanthoma,MESH,3,DOID:174,acanthoma
MESH:D049309,Acanthoma,MESH,3,DOID:4322,pilar sheath acanthoma
MESH:D054221,Classical Lissencephalies and Subcortical Band Heterotopias,MESH,3,DOID:0060402,chromosome 17p13.1 deletion syndrome
MESH:D054221,Classical Lissencephalies and Subcortical Band Heterotopias,MESH,3,DOID:0060469,Miller-Dieker lissencephaly syndrome
MESH:D054221,Classical Lissencephalies and Subcortical Band Heterotopias,MESH,3,DOID:0111169,subcortical band heterotopia
MESH:D054463,Trichothiodystrophy Syndromes,MESH,3,DOID:0111866,trichothiodystrophy
MESH:D054463,Trichothiodystrophy Syndromes,MESH,3,DOID:0111868,nonphotosensitive trichothiodystrophy 5
MESH:D054463,Trichothiodystrophy Syndromes,MESH,3,DOID:2960,photosensitive trichothiodystrophy
NCIT:C126329,Usher Syndrome Type 3,NCIT,3,DOID:0050439,Usher syndrome
NCIT:C126329,Usher Syndrome Type 3,NCIT,3,DOID:0110828,Usher syndrome type 3
NCIT:C126329,Usher Syndrome Type 3,NCIT,3,DOID:0110829,retinitis pigmentosa-deafness syndrome
NCIT:C148261,Ectrodactyly-Ectodermal Dysplasia-Cleft Syndrome,NCIT,3,DOID:0060782,EEC syndrome
NCIT:C148261,Ectrodactyly-Ectodermal Dysplasia-Cleft Syndrome,NCIT,3,DOID:0060783,"ectrodactyly, ectodermal dysplasia, and cleft lip-palate syndrome 3"
NCIT:C148261,Ectrodactyly-Ectodermal Dysplasia-Cleft Syndrome,NCIT,3,DOID:0060784,"ectrodactyly, ectodermal dysplasia, and cleft lip-palate syndrome 1"
ORDO:101046,,ORDO,3,DOID:0060748,familial temporal lobe epilepsy 1
ORDO:101046,,ORDO,3,DOID:0060751,familial temporal lobe epilepsy 7
ORDO:101046,,ORDO,3,DOID:0060754,familial temporal lobe epilepsy 8
ORDO:163717,,ORDO,3,DOID:0060749,familial temporal lobe epilepsy 6
ORDO:163717,,ORDO,3,DOID:0060750,familial temporal lobe epilepsy 3
ORDO:163717,,ORDO,3,DOID:0060752,familial temporal lobe epilepsy 5
ORDO:169147,,ORDO,3,DOID:0060295,complement component 2 deficiency
ORDO:169147,,ORDO,3,DOID:0060297,complement component 4a deficiency
ORDO:169147,,ORDO,3,DOID:0060298,complement component 4b deficiency
ORDO:1896,,ORDO,3,DOID:0060782,EEC syndrome
ORDO:1896,,ORDO,3,DOID:0060783,"ectrodactyly, ectodermal dysplasia, and cleft lip-palate syndrome 3"
ORDO:1896,,ORDO,3,DOID:0060784,"ectrodactyly, ectodermal dysplasia, and cleft lip-palate syndrome 1"
ORDO:2254,,ORDO,3,DOID:0060265,pontocerebellar hypoplasia type 1A
ORDO:2254,,ORDO,3,DOID:0060266,pontocerebellar hypoplasia type 1B
ORDO:2254,,ORDO,3,DOID:0112322,pontocerebellar hypoplasia type 1
ORDO:3107,,ORDO,3,DOID:0060765,autosomal dominant Robinow syndrome 2
ORDO:3107,,ORDO,3,DOID:0060766,autosomal dominant Robinow syndrome 1
ORDO:3107,,ORDO,3,DOID:0060767,autosomal dominant Robinow syndrome 3
ORDO:47045,,ORDO,3,DOID:0090061,familial cold autoinflammatory syndrome
ORDO:47045,,ORDO,3,DOID:0090062,familial cold autoinflammatory syndrome 1
ORDO:47045,,ORDO,3,DOID:0090065,familial cold autoinflammatory syndrome 4
ORDO:7,,ORDO,3,DOID:0060565,Ritscher-Schinzel syndrome
ORDO:7,,ORDO,3,DOID:0060571,Ritscher-Schinzel syndrome 1
ORDO:7,,ORDO,3,DOID:0060572,Ritscher-Schinzel syndrome 2
SNOMEDCT_US_2025_09_01:201096007,,SNOMEDCT_US_2025_09_01,3,DOID:11684,melanoacanthoma
SNOMEDCT_US_2025_09_01:201096007,,SNOMEDCT_US_2025_09_01,3,DOID:6498,seborrheic keratosis
SNOMEDCT_US_2025_09_01:201096007,,SNOMEDCT_US_2025_09_01,3,DOID:6945,inverted follicular keratosis
SNOMEDCT_US_2025_09_01:254915003,Clear cell carcinoma of kidney,SNOMEDCT_US_2025_09_01,3,DOID:4450,renal cell carcinoma
SNOMEDCT_US_2025_09_01:254915003,Clear cell carcinoma of kidney,SNOMEDCT_US_2025_09_01,3,DOID:4451,renal carcinoma
SNOMEDCT_US_2025_09_01:254915003,Clear cell carcinoma of kidney,SNOMEDCT_US_2025_09_01,3,DOID:4467,clear cell renal cell carcinoma
SNOMEDCT_US_2025_09_01:255084004,Squamous cell carcinoma of anal margin,SNOMEDCT_US_2025_09_01,3,DOID:12239,anal margin squamous cell carcinoma
SNOMEDCT_US_2025_09_01:255084004,Squamous cell carcinoma of anal margin,SNOMEDCT_US_2025_09_01,3,DOID:4284,anal margin carcinoma
SNOMEDCT_US_2025_09_01:255084004,Squamous cell carcinoma of anal margin,SNOMEDCT_US_2025_09_01,3,DOID:5525,anal squamous cell carcinoma
SNOMEDCT_US_2025_09_01:266193008,,SNOMEDCT_US_2025_09_01,3,DOID:0050508,variola major
SNOMEDCT_US_2025_09_01:266193008,,SNOMEDCT_US_2025_09_01,3,DOID:8729,milker's nodule
SNOMEDCT_US_2025_09_01:266193008,,SNOMEDCT_US_2025_09_01,3,DOID:8736,smallpox
SNOMEDCT_US_2025_09_01:28655007,"Liposarcoma, well differentiated",SNOMEDCT_US_2025_09_01,3,DOID:5690,well-differentiated liposarcoma
SNOMEDCT_US_2025_09_01:28655007,"Liposarcoma, well differentiated",SNOMEDCT_US_2025_09_01,3,DOID:5704,sclerosing liposarcoma
SNOMEDCT_US_2025_09_01:28655007,"Liposarcoma, well differentiated",SNOMEDCT_US_2025_09_01,3,DOID:8233,inflammatory liposarcoma
SNOMEDCT_US_2025_09_01:2962009,,SNOMEDCT_US_2025_09_01,3,DOID:5477,clear cell adenofibroma
SNOMEDCT_US_2025_09_01:2962009,,SNOMEDCT_US_2025_09_01,3,DOID:5479,papillary adenofibroma
SNOMEDCT_US_2025_09_01:2962009,,SNOMEDCT_US_2025_09_01,3,DOID:5482,cystadenofibroma
SNOMEDCT_US_2025_09_01:3548001,Brachial plexus disorder,SNOMEDCT_US_2025_09_01,3,DOID:10383,amyotrophic neuralgia
SNOMEDCT_US_2025_09_01:3548001,Brachial plexus disorder,SNOMEDCT_US_2025_09_01,3,DOID:3690,brachial plexus neuropathy
SNOMEDCT_US_2025_09_01:3548001,Brachial plexus disorder,SNOMEDCT_US_2025_09_01,3,DOID:8443,brachial plexus lesion
SNOMEDCT_US_2025_09_01:39788007,Ectrodactyly-ectodermal dysplasia-clefting syndrome,SNOMEDCT_US_2025_09_01,3,DOID:0060782,EEC syndrome
SNOMEDCT_US_2025_09_01:39788007,Ectrodactyly-ectodermal dysplasia-clefting syndrome,SNOMEDCT_US_2025_09_01,3,DOID:0060783,"ectrodactyly, ectodermal dysplasia, and cleft lip-palate syndrome 3"
SNOMEDCT_US_2025_09_01:39788007,Ectrodactyly-ectodermal dysplasia-clefting syndrome,SNOMEDCT_US_2025_09_01,3,DOID:0060784,"ectrodactyly, ectodermal dysplasia, and cleft lip-palate syndrome 1"
SNOMEDCT_US_2025_09_01:42717009,"Teratoma, benign",SNOMEDCT_US_2025_09_01,3,DOID:2660,cystic teratoma
SNOMEDCT_US_2025_09_01:42717009,"Teratoma, benign",SNOMEDCT_US_2025_09_01,3,DOID:5565,adult teratoma
SNOMEDCT_US_2025_09_01:42717009,"Teratoma, benign",SNOMEDCT_US_2025_09_01,3,DOID:7079,adult cystic teratoma
SNOMEDCT_US_2025_09_01:70179006,Cholangiocarcinoma,SNOMEDCT_US_2025_09_01,3,DOID:4896,bile duct adenocarcinoma
SNOMEDCT_US_2025_09_01:70179006,Cholangiocarcinoma,SNOMEDCT_US_2025_09_01,3,DOID:4897,bile duct carcinoma
SNOMEDCT_US_2025_09_01:70179006,Cholangiocarcinoma,SNOMEDCT_US_2025_09_01,3,DOID:4947,cholangiocarcinoma
UMLS:C0031898,Piedra,UMLS,3,DOID:0050133,superficial mycosis
UMLS:C0031898,Piedra,UMLS,3,DOID:12711,black piedra
UMLS:C0031898,Piedra,UMLS,3,DOID:13902,white piedra
UMLS:C0406704,Rudiger syndrome 1,UMLS,3,DOID:0060782,EEC syndrome
UMLS:C0406704,Rudiger syndrome 1,UMLS,3,DOID:0060783,"ectrodactyly, ectodermal dysplasia, and cleft lip-palate syndrome 3"
UMLS:C0406704,Rudiger syndrome 1,UMLS,3,DOID:0060784,"ectrodactyly, ectodermal dysplasia, and cleft lip-palate syndrome 1"
GARD:12474,"Ehlers-Danlos syndrome, periodontitis type",GARD,2,DOID:0080986,Ehlers-Danlos syndrome periodontal type 1
GARD:12474,"Ehlers-Danlos syndrome, periodontitis type",GARD,2,DOID:0080987,Ehlers-Danlos syndrome periodontal type 2
GARD:48,"Mitochondrial complex IV deficiency, nuclear-type",GARD,2,DOID:0081377,"COX deficiency, benign infantile mitochondrial myopathy"
GARD:48,"Mitochondrial complex IV deficiency, nuclear-type",GARD,2,DOID:3762,cytochrome-c oxidase deficiency disease
GARD:5791,Amelogenesis imperfecta,GARD,2,DOID:0060945,amelogenesis imperfecta type 1K
GARD:5791,Amelogenesis imperfecta,GARD,2,DOID:2187,amelogenesis imperfecta
GARD:6002,Caroli disease,GARD,2,DOID:0050876,Caroli disease
GARD:6002,Caroli disease,GARD,2,DOID:0081394,Caroli syndrome
GARD:625,Autosomal recessive Alport syndrome,GARD,2,DOID:0051080,Alport syndrome 3B
GARD:625,Autosomal recessive Alport syndrome,GARD,2,DOID:0110033,Alport syndrome 2
GARD:7220,,GARD,2,DOID:0050580,hereditary lymphedema
GARD:7220,,GARD,2,DOID:0070212,hereditary lymphedema I
GARD:7674,Spinal muscular atrophy,GARD,2,DOID:0060160,childhood spinal muscular atrophy
GARD:7674,Spinal muscular atrophy,GARD,2,DOID:12377,spinal muscular atrophy
GARD:8609,,GARD,2,DOID:0050156,idiopathic pulmonary fibrosis
GARD:8609,,GARD,2,DOID:0060941,interstitial lung disease 1
GARD:9226,,GARD,2,DOID:0060611,abdominal obesity-metabolic syndrome
GARD:9226,,GARD,2,DOID:14221,abdominal obesity-metabolic syndrome 1
GARD:9971,,GARD,2,DOID:0080786,Brown-Vialetto-Van Laere syndrome 2
GARD:9971,,GARD,2,DOID:0081433,Peroxisome biogenesis disorder 4B
KEGG.DISEASE:05215,,KEGG.DISEASE,2,DOID:10283,prostate cancer
KEGG.DISEASE:05215,,KEGG.DISEASE,2,DOID:10286,prostate carcinoma
KEGG.DISEASE:05321,,KEGG.DISEASE,2,DOID:0050589,inflammatory bowel disease
KEGG.DISEASE:05321,,KEGG.DISEASE,2,DOID:9778,irritable bowel syndrome
MESH:C535289,Rapp-Hodgkin syndrome,MESH,2,DOID:0060330,Rapp-Hodgkin syndrome
MESH:C535289,Rapp-Hodgkin syndrome,MESH,2,DOID:0090119,ankyloblepharon-ectodermal defects-cleft lip/palate syndrome
MESH:C535934,"Cholestasis, progressive familial intrahepatic 2",MESH,2,DOID:0070222,progressive familial intrahepatic cholestasis 2
MESH:C535934,"Cholestasis, progressive familial intrahepatic 2",MESH,2,DOID:0070232,benign recurrent intrahepatic cholestasis 2
MESH:C536141,Megalencephalic leukoencephalopathy with subcortical cysts,MESH,2,DOID:0080315,megalencephalic leukoencephalopathy with subcortical cysts
MESH:C536141,Megalencephalic leukoencephalopathy with subcortical cysts,MESH,2,DOID:0080316,megalencephalic leukoencephalopathy with subcortical cysts 1
MESH:C537743,Oguchi disease,MESH,2,DOID:0050534,congenital stationary night blindness
MESH:C537743,Oguchi disease,MESH,2,DOID:8498,hereditary night blindness
MESH:C538365,Retinitis pigmentosa 1,MESH,2,DOID:0110390,retinitis pigmentosa 1
MESH:C538365,Retinitis pigmentosa 1,MESH,2,DOID:10584,retinitis pigmentosa
MESH:C563003,Pallidopontonigral Degeneration,MESH,2,DOID:0051060,frontotemporal dementia 1
MESH:C563003,Pallidopontonigral Degeneration,MESH,2,DOID:9255,frontotemporal dementia
MESH:C580473,Succinate-Coa Ligase Deficiency,MESH,2,DOID:0080124,mitochondrial DNA depletion syndrome 5
MESH:C580473,Succinate-Coa Ligase Deficiency,MESH,2,DOID:0080128,mitochondrial DNA depletion syndrome 9
MESH:D000070779,Giant Cell Tumor of Tendon Sheath,MESH,2,DOID:2701,nodular tenosynovitis
MESH:D000070779,Giant Cell Tumor of Tendon Sheath,MESH,2,DOID:314,tenosynovial giant cell tumor
MESH:D000071017,Hyperekplexia,MESH,2,DOID:0060695,hyperekplexia
MESH:D000071017,Hyperekplexia,MESH,2,DOID:0060696,hyperekplexia 1
MESH:D000071243,Zika Virus Infection,MESH,2,DOID:0060478,Zika fever
MESH:D000071243,Zika Virus Infection,MESH,2,DOID:0080180,Zika virus congenital syndrome
MESH:D000074009,Tubular Sweat Gland Adenomas,MESH,2,DOID:5439,papillary hidradenoma
MESH:D000074009,Tubular Sweat Gland Adenomas,MESH,2,DOID:5445,syringocystadenoma papilliferum
MESH:D000080203,Hamman-Rich Syndrome,MESH,2,DOID:2797,idiopathic interstitial pneumonia
MESH:D000080203,Hamman-Rich Syndrome,MESH,2,DOID:2800,acute interstitial pneumonia
MESH:D000086002,"Mesothelioma, Malignant",MESH,2,DOID:1790,malignant mesothelioma
MESH:D000086002,"Mesothelioma, Malignant",MESH,2,DOID:7474,malignant pleural mesothelioma
MESH:D000099245,,MESH,2,DOID:0060321,umbilical hernia
MESH:D000099245,,MESH,2,DOID:0060327,omphalocele
MESH:D000130,Achondroplasia,MESH,2,DOID:0111158,SADDAN
MESH:D000130,Achondroplasia,MESH,2,DOID:4480,achondroplasia
MESH:D000381,Agraphia,MESH,2,DOID:0060223,agraphia
MESH:D000381,Agraphia,MESH,2,DOID:4540,dysgraphia
MESH:D000550,Amblyopia,MESH,2,DOID:10375,strabismic amblyopia
MESH:D000550,Amblyopia,MESH,2,DOID:10376,amblyopia
MESH:D000647,Amnesia,MESH,2,DOID:10914,amnestic disorder
MESH:D000647,Amnesia,MESH,2,DOID:11037,dissociative amnesia
MESH:D000690,Amyotrophic Lateral Sclerosis,MESH,2,DOID:0111246,amyotrophic lateral sclerosis-parkinsonism/dementia complex 1
MESH:D000690,Amyotrophic Lateral Sclerosis,MESH,2,DOID:332,amyotrophic lateral sclerosis
MESH:D000848,Anodontia,MESH,2,DOID:0050591,tooth agenesis
MESH:D000848,Anodontia,MESH,2,DOID:13714,anodontia
MESH:D001005,Anus Neoplasms,MESH,2,DOID:4551,anus benign neoplasm
MESH:D001005,Anus Neoplasms,MESH,2,DOID:4908,anal carcinoma
MESH:D001063,Appendiceal Neoplasms,MESH,2,DOID:11239,appendix cancer
MESH:D001063,Appendiceal Neoplasms,MESH,2,DOID:11240,appendiceal neoplasm
MESH:D001650,Bile Duct Neoplasms,MESH,2,DOID:4606,bile duct cancer
MESH:D001650,Bile Duct Neoplasms,MESH,2,DOID:4897,bile duct carcinoma
MESH:D001943,Breast Neoplasms,MESH,2,DOID:1612,breast cancer
MESH:D001943,Breast Neoplasms,MESH,2,DOID:3459,breast carcinoma
MESH:D001948,Brenner Tumor,MESH,2,DOID:2636,ovarian Brenner tumor
MESH:D001948,Brenner Tumor,MESH,2,DOID:4217,malignant ovarian Brenner tumor
MESH:D002062,Bursitis,MESH,2,DOID:14188,frozen shoulder
MESH:D002062,Bursitis,MESH,2,DOID:2965,bursitis
MESH:D002189,Marijuana Abuse,MESH,2,DOID:1849,cannabis dependence
MESH:D002189,Marijuana Abuse,MESH,2,DOID:9505,cannabis abuse
MESH:D002277,Carcinoma,MESH,2,DOID:305,carcinoma
MESH:D002277,Carcinoma,MESH,2,DOID:4015,sarcomatoid carcinoma
MESH:D002357,Cartilage Diseases,MESH,2,DOID:1222,cartilage disease
MESH:D002357,Cartilage Diseases,MESH,2,DOID:2557,chondromalacia
MESH:D002430,Cecal Neoplasms,MESH,2,DOID:1517,cecal benign neoplasm
MESH:D002430,Cecal Neoplasms,MESH,2,DOID:1521,cecum cancer
MESH:D002537,Intracranial Arteriosclerosis,MESH,2,DOID:12720,cerebral atherosclerosis
MESH:D002537,Intracranial Arteriosclerosis,MESH,2,DOID:13097,intracranial arteriosclerosis
MESH:D002549,Diffuse Cerebral Sclerosis of Schilder,MESH,2,DOID:0060215,Balo concentric sclerosis
MESH:D002549,Diffuse Cerebral Sclerosis of Schilder,MESH,2,DOID:0080122,Alpers-Huttenlocher syndrome
MESH:D003123,"Colorectal Neoplasms, Hereditary Nonpolyposis",MESH,2,DOID:0070271,Lynch syndrome 1
MESH:D003123,"Colorectal Neoplasms, Hereditary Nonpolyposis",MESH,2,DOID:3883,Lynch syndrome
MESH:D003389,Cranial Nerve Diseases,MESH,2,DOID:3817,cranial nerve palsy
MESH:D003389,Cranial Nerve Diseases,MESH,2,DOID:5656,cranial nerve disease
MESH:D003424,Crohn Disease,MESH,2,DOID:0060192,Crohn's colitis
MESH:D003424,Crohn Disease,MESH,2,DOID:8778,Crohn's disease
MESH:D003528,"Carcinoma, Adenoid Cystic",MESH,2,DOID:0080202,adenoid cystic carcinoma
MESH:D003528,"Carcinoma, Adenoid Cystic",MESH,2,DOID:4866,salivary gland adenoid cystic carcinoma
MESH:D003557,Phyllodes Tumor,MESH,2,DOID:1631,benign breast phyllodes tumor
MESH:D003557,Phyllodes Tumor,MESH,2,DOID:3016,breast malignant phyllodes tumor
MESH:D003607,Dacryocystitis,MESH,2,DOID:950,dacryoadenitis
MESH:D003607,Dacryocystitis,MESH,2,DOID:9938,dacryocystitis
MESH:D003866,Depressive Disorder,MESH,2,DOID:1595,melancholic depression
MESH:D003866,Depressive Disorder,MESH,2,DOID:4964,neurotic disorder
MESH:D003882,Dermatomyositis,MESH,2,DOID:10223,dermatomyositis
MESH:D003882,Dermatomyositis,MESH,2,DOID:14203,childhood type dermatomyositis
MESH:D003969,Vipoma,MESH,2,DOID:5574,VIPoma
MESH:D003969,Vipoma,MESH,2,DOID:6977,pancreatic cholera
MESH:D004062,DiGeorge Syndrome,MESH,2,DOID:11198,DiGeorge syndrome
MESH:D004062,DiGeorge Syndrome,MESH,2,DOID:12583,velocardiofacial syndrome
MESH:D004066,Digestive System Diseases,MESH,2,DOID:3118,hepatobiliary disease
MESH:D004066,Digestive System Diseases,MESH,2,DOID:77,gastrointestinal system disease
MESH:D004379,Duodenal Neoplasms,MESH,2,DOID:10021,duodenum cancer
MESH:D004379,Duodenal Neoplasms,MESH,2,DOID:1737,duodenal benign neoplasm
MESH:D004403,Dysentery,MESH,2,DOID:12384,dysentery
MESH:D004403,Dysentery,MESH,2,DOID:13250,diarrhea
MESH:D004410,Dyslexia,MESH,2,DOID:13417,alexia
MESH:D004410,Dyslexia,MESH,2,DOID:4428,dyslexia
MESH:D004428,Ear Neoplasms,MESH,2,DOID:5101,ear cancer
MESH:D004428,Ear Neoplasms,MESH,2,DOID:833,auditory system cancer
MESH:D004476,Ectodermal Dysplasia,MESH,2,DOID:14693,Clouston syndrome
MESH:D004476,Ectodermal Dysplasia,MESH,2,DOID:2121,ectodermal dysplasia
MESH:D004604,Elephantiasis,MESH,2,DOID:0050138,podoconiosis
MESH:D004604,Elephantiasis,MESH,2,DOID:4976,elephantiasis
MESH:D004671,"Encephalitis, Arbovirus",MESH,2,DOID:10842,Murray Valley encephalitis
MESH:D004671,"Encephalitis, Arbovirus",MESH,2,DOID:646,viral encephalitis
MESH:D004673,"Encephalomyelitis, Acute Disseminated",MESH,2,DOID:13664,post-vaccinal encephalitis
MESH:D004673,"Encephalomyelitis, Acute Disseminated",MESH,2,DOID:639,acute disseminated encephalomyelitis
MESH:D004684,"Leukoencephalitis, Acute Hemorrhagic",MESH,2,DOID:10992,acute hemorrhagic leukoencephalitis
MESH:D004684,"Leukoencephalitis, Acute Hemorrhagic",MESH,2,DOID:5222,acute necrotizing encephalitis
MESH:D004832,"Epilepsy, Absence",MESH,2,DOID:0070309,absence epilepsy
MESH:D004832,"Epilepsy, Absence",MESH,2,DOID:1825,childhood absence epilepsy
MESH:D004931,Esophageal Achalasia,MESH,2,DOID:13186,megaesophagus
MESH:D004931,Esophageal Achalasia,MESH,2,DOID:9164,achalasia
MESH:D004948,Esotropia,MESH,2,DOID:10293,monocular esotropia
MESH:D004948,Esotropia,MESH,2,DOID:9840,esotropia
MESH:D005128,Eye Diseases,MESH,2,DOID:0070356,visual impairment and progressive phthisis bulbi
MESH:D005128,Eye Diseases,MESH,2,DOID:5614,eye disease
MESH:D005155,Facial Nerve Diseases,MESH,2,DOID:14075,geniculate ganglionitis
MESH:D005155,Facial Nerve Diseases,MESH,2,DOID:1756,facial nerve disease
MESH:D005185,Fallopian Tube Neoplasms,MESH,2,DOID:1963,fallopian tube carcinoma
MESH:D005185,Fallopian Tube Neoplasms,MESH,2,DOID:1964,fallopian tube cancer
MESH:D005198,Fanconi Syndrome,MESH,2,DOID:0070562,Fanconi-Bickel syndrome
MESH:D005198,Fanconi Syndrome,MESH,2,DOID:1062,Fanconi syndrome
MESH:D005203,Farmer's Lung,MESH,2,DOID:14453,farmer's lung
MESH:D005203,Farmer's Lung,MESH,2,DOID:2708,mushroom workers' lung
MESH:D005348,Fibrocystic Breast Disease,MESH,2,DOID:10354,breast fibrocystic disease
MESH:D005348,Fibrocystic Breast Disease,MESH,2,DOID:5998,microglandular adenosis
MESH:D005729,Ganglioneuroma,MESH,2,DOID:2426,gangliocytoma
MESH:D005729,Ganglioneuroma,MESH,2,DOID:4817,ganglioneuroma
MESH:D005882,Gingival Diseases,MESH,2,DOID:1483,gingival disease
MESH:D005882,Gingival Diseases,MESH,2,DOID:5337,epulis
MESH:D005892,"Gingivitis, Necrotizing Ulcerative",MESH,2,DOID:13924,necrotizing ulcerative gingivitis
MESH:D005892,"Gingivitis, Necrotizing Ulcerative",MESH,2,DOID:9673,ulcerative stomatitis
MESH:D005902,"Glaucoma, Open-Angle",MESH,2,DOID:1067,open-angle glaucoma
MESH:D005902,"Glaucoma, Open-Angle",MESH,2,DOID:1070,primary open angle glaucoma
MESH:D005909,Glioblastoma,MESH,2,DOID:3068,glioblastoma
MESH:D005909,Glioblastoma,MESH,2,DOID:3074,giant cell glioblastoma
MESH:D005910,Glioma,MESH,2,DOID:3070,high grade glioma
MESH:D005910,Glioma,MESH,2,DOID:5076,mixed glioma
MESH:D005918,Glomus Tumor,MESH,2,DOID:2431,glomus tumor
MESH:D005918,Glomus Tumor,MESH,2,DOID:2436,glomangioma
MESH:D006177,Gynecomastia,MESH,2,DOID:11603,infant gynecomastia
MESH:D006177,Gynecomastia,MESH,2,DOID:12698,gynecomastia
MESH:D006223,"Hamartoma Syndrome, Multiple",MESH,2,DOID:0050657,Cowden syndrome 1
MESH:D006223,"Hamartoma Syndrome, Multiple",MESH,2,DOID:6457,Cowden syndrome
MESH:D006501,Hepatic Encephalopathy,MESH,2,DOID:12550,hepatic coma
MESH:D006501,Hepatic Encephalopathy,MESH,2,DOID:13413,hepatic encephalopathy
MESH:D006660,Histoplasmosis,MESH,2,DOID:1731,histoplasmosis
MESH:D006660,Histoplasmosis,MESH,2,DOID:1759,American histoplasmosis
MESH:D006929,Hyperaldosteronism,MESH,2,DOID:12028,Conn's syndrome
MESH:D006929,Hyperaldosteronism,MESH,2,DOID:446,primary hyperaldosteronism
MESH:D007007,Hypohidrosis,MESH,2,DOID:11155,hypohidrosis
MESH:D007007,Hypohidrosis,MESH,2,DOID:11156,anhidrosis
MESH:D007018,Hypopituitarism,MESH,2,DOID:9406,hypopituitarism
MESH:D007018,Hypopituitarism,MESH,2,DOID:9476,Sheehan syndrome
MESH:D007027,Hypothalamic Diseases,MESH,2,DOID:1931,hypothalamic disease
MESH:D007027,Hypothalamic Diseases,MESH,2,DOID:6676,Froelich syndrome
MESH:D007414,Intestinal Neoplasms,MESH,2,DOID:10155,intestinal cancer
MESH:D007414,Intestinal Neoplasms,MESH,2,DOID:4610,intestinal benign neoplasm
MESH:D007418,Intestinal Pseudo-Obstruction,MESH,2,DOID:0080072,intestinal pseudo-obstruction
MESH:D007418,Intestinal Pseudo-Obstruction,MESH,2,DOID:8442,paralytic ileus
MESH:D007516,"Adenoma, Islet Cell",MESH,2,DOID:1799,islet cell tumor
MESH:D007516,"Adenoma, Islet Cell",MESH,2,DOID:3892,insulinoma
MESH:D007580,Jejunal Neoplasms,MESH,2,DOID:13499,jejunal cancer
MESH:D007580,Jejunal Neoplasms,MESH,2,DOID:3218,jejunal neoplasm
MESH:D007766,Lacrimal Apparatus Diseases,MESH,2,DOID:13757,excessive tearing
MESH:D007766,Lacrimal Apparatus Diseases,MESH,2,DOID:1400,lacrimal apparatus disease
MESH:D007822,Laryngeal Neoplasms,MESH,2,DOID:2596,larynx cancer
MESH:D007822,Laryngeal Neoplasms,MESH,2,DOID:2598,laryngeal benign neoplasm
MESH:D007889,Leiomyoma,MESH,2,DOID:127,leiomyoma
MESH:D007889,Leiomyoma,MESH,2,DOID:13223,uterine fibroid
MESH:D007951,"Leukemia, Myeloid",MESH,2,DOID:8593,chronic monocytic leukemia
MESH:D007951,"Leukemia, Myeloid",MESH,2,DOID:8692,myeloid leukemia
MESH:D008067,Lipoma,MESH,2,DOID:10192,pleomorphic lipoma
MESH:D008067,Lipoma,MESH,2,DOID:3315,lipoma
MESH:D008072,Hyperlipoproteinemia Type I,MESH,2,DOID:0111418,familial apolipoprotein C-II deficiency
MESH:D008072,Hyperlipoproteinemia Type I,MESH,2,DOID:14118,familial lipoprotein lipase deficiency
MESH:D008209,Lymphedema,MESH,2,DOID:0070212,hereditary lymphedema I
MESH:D008209,Lymphedema,MESH,2,DOID:4977,lymphedema
MESH:D008228,"Lymphoma, Non-Hodgkin",MESH,2,DOID:0060060,non-Hodgkin lymphoma
MESH:D008228,"Lymphoma, Non-Hodgkin",MESH,2,DOID:8538,reticulosarcoma
MESH:D008268,Macular Degeneration,MESH,2,DOID:10871,age related macular degeneration
MESH:D008268,Macular Degeneration,MESH,2,DOID:4448,macular degeneration
MESH:D008269,Macular Edema,MESH,2,DOID:4447,cystoid macular edema
MESH:D008269,Macular Edema,MESH,2,DOID:4449,macular retinal edema
MESH:D008883,Miliaria,MESH,2,DOID:11153,miliaria rubra
MESH:D008883,Miliaria,MESH,2,DOID:1382,miliaria
MESH:D009221,Myositis Ossificans,MESH,2,DOID:13374,fibrodysplasia ossificans progressiva
MESH:D009221,Myositis Ossificans,MESH,2,DOID:668,myositis ossificans
MESH:D009379,"Neoplasms, Muscle Tissue",MESH,2,DOID:461,muscle benign neoplasm
MESH:D009379,"Neoplasms, Muscle Tissue",MESH,2,DOID:5039,myoblastoma
MESH:D009443,Neuritis,MESH,2,DOID:1803,neuritis
MESH:D009443,Neuritis,MESH,2,DOID:683,motor neuritis
MESH:D009477,Hereditary Sensory and Autonomic Neuropathies,MESH,2,DOID:0050548,hereditary sensory and autonomic neuropathy
MESH:D009477,Hereditary Sensory and Autonomic Neuropathies,MESH,2,DOID:2491,sensory peripheral neuropathy
MESH:D009901,Optic Nerve Diseases,MESH,2,DOID:14555,Foster-Kennedy syndrome
MESH:D009901,Optic Nerve Diseases,MESH,2,DOID:1891,optic nerve disease
MESH:D009958,Orofaciodigital Syndromes,MESH,2,DOID:0060316,orofaciodigital syndrome I
MESH:D009958,Orofaciodigital Syndromes,MESH,2,DOID:4501,orofaciodigital syndrome
MESH:D010013,Osteogenesis Imperfecta,MESH,2,DOID:0110334,osteogenesis imperfecta type 1
MESH:D010013,Osteogenesis Imperfecta,MESH,2,DOID:12347,osteogenesis imperfecta
MESH:D010022,Osteopetrosis,MESH,2,DOID:0110938,autosomal dominant osteopetrosis 2
MESH:D010022,Osteopetrosis,MESH,2,DOID:13533,osteopetrosis
MESH:D010190,Pancreatic Neoplasms,MESH,2,DOID:1793,pancreatic cancer
MESH:D010190,Pancreatic Neoplasms,MESH,2,DOID:4905,pancreatic carcinoma
MESH:D010195,Pancreatitis,MESH,2,DOID:2913,acute pancreatitis
MESH:D010195,Pancreatitis,MESH,2,DOID:4989,pancreatitis
MESH:D010212,Papilloma,MESH,2,DOID:139,squamous cell papilloma
MESH:D010212,Papilloma,MESH,2,DOID:2615,papilloma
MESH:D010255,Paranasal Sinus Neoplasms,MESH,2,DOID:0050619,paranasal sinus cancer
MESH:D010255,Paranasal Sinus Neoplasms,MESH,2,DOID:1350,paranasal sinus benign neoplasm
MESH:D010282,Parathyroid Neoplasms,MESH,2,DOID:1540,parathyroid carcinoma
MESH:D010282,Parathyroid Neoplasms,MESH,2,DOID:7608,parathyroid adenoma
MESH:D010412,Penile Neoplasms,MESH,2,DOID:11615,penile cancer
MESH:D010412,Penile Neoplasms,MESH,2,DOID:11624,penile benign neoplasm
MESH:D010490,Pericardial Effusion,MESH,2,DOID:11482,hemopericardium
MESH:D010490,Pericardial Effusion,MESH,2,DOID:118,pericardial effusion
MESH:D010520,Aggressive Periodontitis,MESH,2,DOID:1474,aggressive periodontitis
MESH:D010520,Aggressive Periodontitis,MESH,2,DOID:9893,periodontosis
MESH:D010871,Pinealoma,MESH,2,DOID:1664,pineoblastoma
MESH:D010871,Pinealoma,MESH,2,DOID:5032,pineal gland cancer
MESH:D011009,Pneumoconiosis,MESH,2,DOID:10316,pneumoconiosis
MESH:D011009,Pneumoconiosis,MESH,2,DOID:12522,bagassosis
MESH:D011015,"Pneumonia, Aspiration",MESH,2,DOID:0050152,aspiration pneumonia
MESH:D011015,"Pneumonia, Aspiration",MESH,2,DOID:3240,aspiration pneumonitis
MESH:D011115,Polyneuropathies,MESH,2,DOID:1389,polyneuropathy
MESH:D011115,Polyneuropathies,MESH,2,DOID:14402,critical illness polyneuropathy
MESH:D011502,Protein-Energy Malnutrition,MESH,2,DOID:11801,protein-energy malnutrition
MESH:D011502,Protein-Energy Malnutrition,MESH,2,DOID:12328,marasmus
MESH:D011565,Psoriasis,MESH,2,DOID:4398,pustulosis of palm and sole
MESH:D011565,Psoriasis,MESH,2,DOID:8893,psoriasis
MESH:D011618,Psychotic Disorders,MESH,2,DOID:11328,schizophreniform disorder
MESH:D011618,Psychotic Disorders,MESH,2,DOID:5418,schizoaffective disorder
MESH:D011629,"Puberty, Precocious",MESH,2,DOID:0111545,familial male-limited precocious puberty
MESH:D011629,"Puberty, Precocious",MESH,2,DOID:0112308,central precocious puberty
MESH:D012004,Rectal Neoplasms,MESH,2,DOID:1984,rectal benign neoplasm
MESH:D012004,Rectal Neoplasms,MESH,2,DOID:1993,rectum cancer
MESH:D012061,Relapsing Fever,MESH,2,DOID:13034,relapsing fever
MESH:D012061,Relapsing Fever,MESH,2,DOID:13035,louse-borne relapsing fever
MESH:D012167,Retinal Perforations,MESH,2,DOID:12514,retinal perforation
MESH:D012167,Retinal Perforations,MESH,2,DOID:7633,macular holes
MESH:D012173,Retinitis,MESH,2,DOID:10176,neuroretinitis
MESH:D012173,Retinitis,MESH,2,DOID:3612,retinitis
MESH:D012175,Retinoblastoma,MESH,2,DOID:4648,familial retinoblastoma
MESH:D012175,Retinoblastoma,MESH,2,DOID:768,retinoblastoma
MESH:D012509,Sarcoma,MESH,2,DOID:4235,spindle cell sarcoma
MESH:D012509,Sarcoma,MESH,2,DOID:6193,epithelioid sarcoma
MESH:D012563,"Schizophrenia, Paranoid",MESH,2,DOID:1229,paranoid schizophrenia
MESH:D012563,"Schizophrenia, Paranoid",MESH,2,DOID:778,delusional disorder
MESH:D012594,"Scleroderma, Localized",MESH,2,DOID:419,scleroderma
MESH:D012594,"Scleroderma, Localized",MESH,2,DOID:8472,localized scleroderma
MESH:D012811,Sigmoid Neoplasms,MESH,2,DOID:12192,sigmoid colon cancer
MESH:D012811,Sigmoid Neoplasms,MESH,2,DOID:1896,sigmoid neoplasm
MESH:D012872,"Skin Diseases, Vesiculobullous",MESH,2,DOID:2731,vesiculobullous skin disease
MESH:D012872,"Skin Diseases, Vesiculobullous",MESH,2,DOID:8508,subcorneal pustular dermatosis
MESH:D012878,Skin Neoplasms,MESH,2,DOID:3165,skin benign neoplasm
MESH:D012878,Skin Neoplasms,MESH,2,DOID:4159,skin cancer
MESH:D012891,Sleep Apnea Syndromes,MESH,2,DOID:0050847,sleep apnea
MESH:D012891,Sleep Apnea Syndromes,MESH,2,DOID:0080302,mixed sleep apnea
MESH:D012899,Smallpox,MESH,2,DOID:8736,smallpox
MESH:D012899,Smallpox,MESH,2,DOID:9153,variola minor
MESH:D013001,Somatoform Disorders,MESH,2,DOID:13918,somatization disorder
MESH:D013001,Somatoform Disorders,MESH,2,DOID:4737,somatoform disorder
MESH:D013285,Strabismus,MESH,2,DOID:9306,mechanical strabismus
MESH:D013285,Strabismus,MESH,2,DOID:9837,hypertropia
MESH:D013585,Synovitis,MESH,2,DOID:12225,Plica syndrome
MESH:D013585,Synovitis,MESH,2,DOID:2703,synovitis
MESH:D013724,Teratoma,MESH,2,DOID:3307,teratoma
MESH:D013724,Teratoma,MESH,2,DOID:5563,malignant teratoma
MESH:D013734,Androgen-Insensitivity Syndrome,MESH,2,DOID:0080775,complete androgen insensitivity syndrome
MESH:D013734,Androgen-Insensitivity Syndrome,MESH,2,DOID:4674,androgen insensitivity syndrome
MESH:D013945,Thymoma,MESH,2,DOID:3275,thymoma
MESH:D013945,Thymoma,MESH,2,DOID:3284,thymic carcinoma
MESH:D013964,Thyroid Neoplasms,MESH,2,DOID:1781,thyroid cancer
MESH:D013964,Thyroid Neoplasms,MESH,2,DOID:3963,thyroid gland carcinoma
MESH:D014201,Trematode Infections,MESH,2,DOID:884,metagonimiasis
MESH:D014201,Trematode Infections,MESH,2,DOID:888,fasciolopsiasis
MESH:D014438,"Typhus, Epidemic Louse-Borne",MESH,2,DOID:11254,Brill-Zinsser disease
MESH:D014438,"Typhus, Epidemic Louse-Borne",MESH,2,DOID:11256,typhus
MESH:D014516,Ureteral Neoplasms,MESH,2,DOID:11819,ureter cancer
MESH:D014516,Ureteral Neoplasms,MESH,2,DOID:11885,ureteral benign neoplasm
MESH:D014523,Urethral Neoplasms,MESH,2,DOID:730,urethral benign neoplasm
MESH:D014523,Urethral Neoplasms,MESH,2,DOID:734,urethra cancer
MESH:D014849,Waardenburg Syndrome,MESH,2,DOID:0110948,Waardenburg syndrome type 1
MESH:D014849,Waardenburg Syndrome,MESH,2,DOID:9258,Waardenburg syndrome
MESH:D014901,West Nile Fever,MESH,2,DOID:2365,West Nile encephalitis
MESH:D014901,West Nile Fever,MESH,2,DOID:2366,West Nile fever
MESH:D015179,Colorectal Neoplasms,MESH,2,DOID:0080199,colorectal carcinoma
MESH:D015179,Colorectal Neoplasms,MESH,2,DOID:9256,colorectal cancer
MESH:D015209,"Cholangitis, Sclerosing",MESH,2,DOID:0060643,primary sclerosing cholangitis
MESH:D015209,"Cholangitis, Sclerosing",MESH,2,DOID:14268,sclerosing cholangitis
MESH:D015417,Hereditary Sensory and Motor Neuropathy,MESH,2,DOID:13137,Werdnig-Hoffmann disease
MESH:D015417,Hereditary Sensory and Motor Neuropathy,MESH,2,DOID:2477,motor peripheral neuropathy
MESH:D015464,"Leukemia, Myelogenous, Chronic, BCR-ABL Positive",MESH,2,DOID:0081088,"chronic myelogenous leukemia, BCR-ABL1 positive"
MESH:D015464,"Leukemia, Myelogenous, Chronic, BCR-ABL Positive",MESH,2,DOID:8552,chronic myeloid leukemia
MESH:D015616,"Histiocytosis, Non-Langerhans-Cell",MESH,2,DOID:4330,non-Langerhans-cell histiocytosis
MESH:D015616,"Histiocytosis, Non-Langerhans-Cell",MESH,2,DOID:4394,reticulohistiocytic granuloma
MESH:D016511,Severe Combined Immunodeficiency,MESH,2,DOID:5812,MHC class II deficiency
MESH:D016511,Severe Combined Immunodeficiency,MESH,2,DOID:627,severe combined immunodeficiency
MESH:D016715,Proteus Syndrome,MESH,2,DOID:0050657,Cowden syndrome 1
MESH:D016715,Proteus Syndrome,MESH,2,DOID:13482,Proteus syndrome
MESH:D016889,Endometrial Neoplasms,MESH,2,DOID:1380,endometrial cancer
MESH:D016889,Endometrial Neoplasms,MESH,2,DOID:2871,endometrial carcinoma
MESH:D017098,IgA Deficiency,MESH,2,DOID:0060025,immunoglobulin alpha deficiency
MESH:D017098,IgA Deficiency,MESH,2,DOID:11701,selective IgA deficiency disease
MESH:D018219,"Histiocytoma, Benign Fibrous",MESH,2,DOID:4415,fibrous histiocytoma
MESH:D018219,"Histiocytoma, Benign Fibrous",MESH,2,DOID:4418,cutaneous fibrous histiocytoma
MESH:D018239,Seminoma,MESH,2,DOID:4440,seminoma
MESH:D018239,Seminoma,MESH,2,DOID:5842,testis seminoma
MESH:D018281,Cholangiocarcinoma,MESH,2,DOID:4928,intrahepatic cholangiocarcinoma
MESH:D018281,Cholangiocarcinoma,MESH,2,DOID:4947,cholangiocarcinoma
MESH:D018302,"Neoplasms, Neuroepithelial",MESH,2,DOID:6128,gliomatosis cerebri
MESH:D018302,"Neoplasms, Neuroepithelial",MESH,2,DOID:7305,astroblastoma
MESH:D018307,"Neoplasms, Squamous Cell",MESH,2,DOID:1749,squamous cell carcinoma
MESH:D018307,"Neoplasms, Squamous Cell",MESH,2,DOID:3168,squamous cell neoplasm
MESH:D018319,Neurofibrosarcoma,MESH,2,DOID:3512,neurofibrosarcoma
MESH:D018319,Neurofibrosarcoma,MESH,2,DOID:5940,malignant peripheral nerve sheath tumor
MESH:D018856,"Cystitis, Interstitial",MESH,2,DOID:13949,interstitial cystitis
MESH:D018856,"Cystitis, Interstitial",MESH,2,DOID:1678,chronic interstitial cystitis
MESH:D019966,Substance-Related Disorders,MESH,2,DOID:302,substance abuse
MESH:D019966,Substance-Related Disorders,MESH,2,DOID:303,substance-related disorder
MESH:D019970,Cocaine-Related Disorders,MESH,2,DOID:809,cocaine abuse
MESH:D019970,Cocaine-Related Disorders,MESH,2,DOID:9975,cocaine dependence
MESH:D020277,"Polyradiculoneuropathy, Chronic Inflammatory Demyelinating",MESH,2,DOID:2536,chronic inflammatory demyelinating polyneuritis
MESH:D020277,"Polyradiculoneuropathy, Chronic Inflammatory Demyelinating",MESH,2,DOID:5213,chronic inflammatory demyelinating polyradiculoneuropathy
MESH:D020293,"Vasculitis, Central Nervous System",MESH,2,DOID:2555,granulomatous angiitis
MESH:D020293,"Vasculitis, Central Nervous System",MESH,2,DOID:525,central nervous system vasculitis
MESH:D020339,Optic Nerve Glioma,MESH,2,DOID:4992,optic nerve glioma
MESH:D020339,Optic Nerve Glioma,MESH,2,DOID:6576,childhood optic nerve glioma
MESH:D020426,Sciatic Neuropathy,MESH,2,DOID:11446,sciatic neuropathy
MESH:D020426,Sciatic Neuropathy,MESH,2,DOID:12528,lesion of sciatic nerve
MESH:D020427,Peroneal Neuropathies,MESH,2,DOID:4201,peroneal neuropathy
MESH:D020427,Peroneal Neuropathies,MESH,2,DOID:6925,peroneal nerve paralysis
MESH:D020435,Glossopharyngeal Nerve Diseases,MESH,2,DOID:14423,glossopharyngeal neuralgia
MESH:D020435,Glossopharyngeal Nerve Diseases,MESH,2,DOID:7558,glossopharyngeal motor neuropathy
MESH:D020754,Spinocerebellar Ataxias,MESH,2,DOID:0050957,spinocerebellar ataxia 4
MESH:D020754,Spinocerebellar Ataxias,MESH,2,DOID:1441,autosomal dominant cerebellar ataxia
MESH:D020821,Dystonic Disorders,MESH,2,DOID:0050835,generalized dystonia
MESH:D020821,Dystonic Disorders,MESH,2,DOID:543,dystonia
MESH:D020936,"Epilepsy, Benign Neonatal",MESH,2,DOID:14264,benign neonatal seizures
MESH:D020936,"Epilepsy, Benign Neonatal",MESH,2,DOID:14777,benign familial neonatal epilepsy
MESH:D020968,Brachial Plexus Neuritis,MESH,2,DOID:10383,amyotrophic neuralgia
MESH:D020968,Brachial Plexus Neuritis,MESH,2,DOID:3689,brachial plexus neuritis
MESH:D034701,"Mastocytosis, Cutaneous",MESH,2,DOID:3663,cutaneous mastocytosis
MESH:D034701,"Mastocytosis, Cutaneous",MESH,2,DOID:3665,diffuse cutaneous mastocytosis
MESH:D049310,Distal Myopathies,MESH,2,DOID:0111078,tibial muscular dystrophy
MESH:D049310,Distal Myopathies,MESH,2,DOID:11720,distal myopathy
MESH:D050398,Adamantinoma,MESH,2,DOID:2775,long bone adamantinoma
MESH:D050398,Adamantinoma,MESH,2,DOID:2776,adamantinoma
MESH:D053358,"Ectodermal Dysplasia 1, Anhidrotic",MESH,2,DOID:0111664,ectodermal dysplasia 1
MESH:D053358,"Ectodermal Dysplasia 1, Anhidrotic",MESH,2,DOID:14793,hypohidrotic ectodermal dysplasia
MESH:D054546,Neuroacanthocytosis,MESH,2,DOID:0050765,neuroacanthocytosis
MESH:D054546,Neuroacanthocytosis,MESH,2,DOID:0050766,choreaacanthocytosis
MESH:D055034,Osteochondrosis,MESH,2,DOID:7489,Osgood-Schlatter's disease
MESH:D055034,Osteochondrosis,MESH,2,DOID:8125,osteochondrosis
MESH:D055652,Gray Platelet Syndrome,MESH,2,DOID:0111044,gray platelet syndrome
MESH:D055652,Gray Platelet Syndrome,MESH,2,DOID:0111049,platelet-type bleeding disorder 17
MESH:D056988,Anterior Wall Myocardial Infarction,MESH,2,DOID:5845,anterolateral myocardial infarction
MESH:D056988,Anterior Wall Myocardial Infarction,MESH,2,DOID:5855,anteroseptal myocardial infarction
MESH:D062625,Cystadenofibroma,MESH,2,DOID:5477,clear cell adenofibroma
MESH:D062625,Cystadenofibroma,MESH,2,DOID:5482,cystadenofibroma
MIM:115210,,MIM,2,DOID:0111425,familial restrictive cardiomyopathy 1
MIM:115210,,MIM,2,DOID:397,restrictive cardiomyopathy
MIM:137400,,MIM,2,DOID:11514,fissured tongue
MIM:137400,,MIM,2,DOID:1455,geographic tongue
MIM:246900,,MIM,2,DOID:0061204,dihydrolipoamide dehydrogenase deficiency
MIM:246900,,MIM,2,DOID:9269,maple syrup urine disease
MIM:258040,,MIM,2,DOID:0080173,bladder exstrophy-epispadias-cloacal exstrophy complex
MIM:258040,,MIM,2,DOID:0080175,cloacal exstrophy
MIM:276900,,MIM,2,DOID:0070655,Usher syndrome type 1B
MIM:276900,,MIM,2,DOID:0110826,Usher syndrome type 1
MIM:308230,,MIM,2,DOID:0060022,CD40 ligand deficiency
MIM:308230,,MIM,2,DOID:6620,X-linked hyper IgM syndrome
MIM:610256,,MIM,2,DOID:0080607,anterior segment dysgenesis 2
MIM:610256,,MIM,2,DOID:11367,congenital aphakia
MIM:613454,,MIM,2,DOID:0070657,congenital variant of Rett syndrome
MIM:613454,,MIM,2,DOID:1206,Rett syndrome
MIM:614563,,MIM,2,DOID:0061144,complex cortical dysplasia with other brain malformations 13
MIM:614563,,MIM,2,DOID:0070043,autosomal dominant intellectual developmental disorder 13
MIM:616271,,MIM,2,DOID:0081134,3-methylglutaconic aciduria type 7b
MIM:616271,,MIM,2,DOID:0110003,"3-methylglutaconic aciduria with cataracts, neurologic involvement and neutropenia"
MIM:617169,,MIM,2,DOID:0081218,autosomal recessive intellectual developmental disorder 74
MIM:617169,,MIM,2,DOID:0112104,Sotos syndrome 3
NCIT:C120199,"45,X/46,XY Mixed Gonadal Dysgenesis",NCIT,2,DOID:0080656,"45,X/46,XY mixed gonadal dysgenesis"
NCIT:C120199,"45,X/46,XY Mixed Gonadal Dysgenesis",NCIT,2,DOID:14449,mixed gonadal dysgenesis
NCIT:C123245,Uric Acid Urolithiasis,NCIT,2,DOID:0080654,uric acid urolithiasis
NCIT:C123245,Uric Acid Urolithiasis,NCIT,2,DOID:580,uric acid nephrolithiasis
NCIT:C129977,Mitochondrial DNA Depletion Syndrome 12,NCIT,2,DOID:0080130,mitochondrial DNA depletion syndrome 12a
NCIT:C129977,Mitochondrial DNA Depletion Syndrome 12,NCIT,2,DOID:0080335,mitochondrial DNA depletion syndrome 12b
NCIT:C156433,"Trichothiodystrophy 1, Photosensitive",NCIT,2,DOID:0111868,nonphotosensitive trichothiodystrophy 5
NCIT:C156433,"Trichothiodystrophy 1, Photosensitive",NCIT,2,DOID:0111873,photosensitive trichothiodystrophy 1
NCIT:C165527,Familial Partial Lipodystrophy Type 2,NCIT,2,DOID:0050440,familial partial lipodystrophy
NCIT:C165527,Familial Partial Lipodystrophy Type 2,NCIT,2,DOID:0070202,familial partial lipodystrophy type 2
NCIT:C27871,Congenital Combined Immunodeficiency,NCIT,2,DOID:0111962,combined immunodeficiency
NCIT:C27871,Congenital Combined Immunodeficiency,NCIT,2,DOID:628,combined T cell and B cell immunodeficiency
NCIT:C2970,Adenoid Cystic Carcinoma,NCIT,2,DOID:0080202,adenoid cystic carcinoma
NCIT:C2970,Adenoid Cystic Carcinoma,NCIT,2,DOID:4866,salivary gland adenoid cystic carcinoma
NCIT:C3307,Papilledema,NCIT,2,DOID:10175,optic papillitis
NCIT:C3307,Papilledema,NCIT,2,DOID:146,papilledema
NCIT:C34418,Vitamin B1 Deficiency,NCIT,2,DOID:0070313,thiamine deficiency disease
NCIT:C34418,Vitamin B1 Deficiency,NCIT,2,DOID:13725,beriberi
NCIT:C35111,Posterior Uveitis,NCIT,2,DOID:11406,choroiditis
NCIT:C35111,Posterior Uveitis,NCIT,2,DOID:12574,posterior uveitis
NCIT:C35505,Coronary Atherosclerosis,NCIT,2,DOID:0061139,coronary atherosclerosis
NCIT:C35505,Coronary Atherosclerosis,NCIT,2,DOID:3393,coronary artery disease
NCIT:C35806,Acute Interstitial Pneumonia,NCIT,2,DOID:2797,idiopathic interstitial pneumonia
NCIT:C35806,Acute Interstitial Pneumonia,NCIT,2,DOID:2800,acute interstitial pneumonia
NCIT:C37262,Granulomatous Colitis,NCIT,2,DOID:0060192,Crohn's colitis
NCIT:C37262,Granulomatous Colitis,NCIT,2,DOID:8778,Crohn's disease
NCIT:C3771,Breast Lobular Carcinoma,NCIT,2,DOID:0050938,breast lobular carcinoma
NCIT:C3771,Breast Lobular Carcinoma,NCIT,2,DOID:3457,invasive lobular carcinoma
NCIT:C39750,"Glioblastoma, IDH-Wildtype",NCIT,2,DOID:0080878,IDH-wildtype glioblastoma
NCIT:C39750,"Glioblastoma, IDH-Wildtype",NCIT,2,DOID:3068,glioblastoma
NCIT:C4924,Trichothiodystrophy,NCIT,2,DOID:0111866,trichothiodystrophy
NCIT:C4924,Trichothiodystrophy,NCIT,2,DOID:2960,photosensitive trichothiodystrophy
NCIT:C4978,Malignant Colorectal Neoplasm,NCIT,2,DOID:5672,large intestine cancer
NCIT:C4978,Malignant Colorectal Neoplasm,NCIT,2,DOID:9256,colorectal cancer
NCIT:C6971,Meningothelial Cell Neoplasm,NCIT,2,DOID:0080843,supratentorial meningioma
NCIT:C6971,Meningothelial Cell Neoplasm,NCIT,2,DOID:3565,meningioma
NCIT:C75008,Waardenburg Syndrome Type 1,NCIT,2,DOID:0110948,Waardenburg syndrome type 1
NCIT:C75008,Waardenburg Syndrome Type 1,NCIT,2,DOID:9258,Waardenburg syndrome
NCIT:C75467,Charcot-Marie-Tooth Disease,NCIT,2,DOID:10595,Charcot-Marie-Tooth disease
NCIT:C75467,Charcot-Marie-Tooth Disease,NCIT,2,DOID:2477,motor peripheral neuropathy
NCIT:C7644,Adamantinoma,NCIT,2,DOID:2775,long bone adamantinoma
NCIT:C7644,Adamantinoma,NCIT,2,DOID:2776,adamantinoma
NCIT:C84562,Anhidrotic Ectodermal Dysplasia 1,NCIT,2,DOID:0111664,ectodermal dysplasia 1
NCIT:C84562,Anhidrotic Ectodermal Dysplasia 1,NCIT,2,DOID:14793,hypohidrotic ectodermal dysplasia
NCIT:C84630,Cherubism,NCIT,2,DOID:0070648,cherubism
NCIT:C84630,Cherubism,NCIT,2,DOID:1856,cherubism 1
NCIT:C84636,Chronic Inflammatory Demyelinating Polyneuropathy,NCIT,2,DOID:2536,chronic inflammatory demyelinating polyneuritis
NCIT:C84636,Chronic Inflammatory Demyelinating Polyneuropathy,NCIT,2,DOID:5213,chronic inflammatory demyelinating polyradiculoneuropathy
NCIT:C84648,Congenital Structural Myopathy,NCIT,2,DOID:14717,centronuclear myopathy
NCIT:C84648,Congenital Structural Myopathy,NCIT,2,DOID:422,congenital structural myopathy
NCIT:C84741,Gray Platelet Syndrome,NCIT,2,DOID:0111044,gray platelet syndrome
NCIT:C84741,Gray Platelet Syndrome,NCIT,2,DOID:0111049,platelet-type bleeding disorder 17
NCIT:C84913,Myotonic Disorder,NCIT,2,DOID:0050759,myotonic dystrophy type 2
NCIT:C84913,Myotonic Disorder,NCIT,2,DOID:450,myotonic disease
NCIT:C8985,Cystadenofibroma,NCIT,2,DOID:5477,clear cell adenofibroma
NCIT:C8985,Cystadenofibroma,NCIT,2,DOID:5482,cystadenofibroma
NCIT:C9128,"Chronic Myeloid Leukemia, Philadelphia Chromosome Positive, BCR-ABL1 Positive",NCIT,2,DOID:0081088,"chronic myelogenous leukemia, BCR-ABL1 positive"
NCIT:C9128,"Chronic Myeloid Leukemia, Philadelphia Chromosome Positive, BCR-ABL1 Positive",NCIT,2,DOID:8552,chronic myeloid leukemia
NCIT:C9309,Seminoma,NCIT,2,DOID:4440,seminoma
NCIT:C9309,Seminoma,NCIT,2,DOID:5842,testis seminoma
NCIT:C9357,Hodgkin Lymphoma,NCIT,2,DOID:8567,Hodgkin's lymphoma
NCIT:C9357,Hodgkin Lymphoma,NCIT,2,DOID:8642,Hodgkin's paragranuloma
NCIT:C98997,Omphalocele,NCIT,2,DOID:0060321,umbilical hernia
NCIT:C98997,Omphalocele,NCIT,2,DOID:0060327,omphalocele
ORDO:103908,,ORDO,2,DOID:0060777,congenital secretory sodium diarrhea 8
ORDO:103908,,ORDO,2,DOID:0060781,congenital secretory sodium diarrhea 3
ORDO:1147,,ORDO,2,DOID:0050646,distal arthrogryposis
ORDO:1147,,ORDO,2,DOID:0111599,distal arthrogryposis type 2B
ORDO:1369,,ORDO,2,DOID:0080132,Sengers syndrome
ORDO:1369,,ORDO,2,DOID:0080335,mitochondrial DNA depletion syndrome 12b
ORDO:140957,,ORDO,2,DOID:0060691,platelet-type bleeding disorder 16
ORDO:140957,,ORDO,2,DOID:0090102,autosomal dominant isolated macrothrombocytopenia 1
ORDO:171709,,ORDO,2,DOID:0111156,spermatogenic failure 9
ORDO:171709,,ORDO,2,DOID:0112312,male infertility due to globozoospermia
ORDO:1826,,ORDO,2,DOID:0111785,frontometaphyseal dysplasia
ORDO:1826,,ORDO,2,DOID:0111788,Melnick-Needles syndrome
ORDO:1949,,ORDO,2,DOID:14264,benign neonatal seizures
ORDO:1949,,ORDO,2,DOID:14777,benign familial neonatal epilepsy
ORDO:2134,,ORDO,2,DOID:0080301,atypical hemolytic-uremic syndrome
ORDO:2134,,ORDO,2,DOID:12554,hemolytic-uremic syndrome
ORDO:217569,,ORDO,2,DOID:0080326,familial hypertrophic cardiomyopathy
ORDO:217569,,ORDO,2,DOID:11984,hypertrophic cardiomyopathy
ORDO:221061,,ORDO,2,DOID:0060670,cerebral cavernous malformation 2
ORDO:221061,,ORDO,2,DOID:0060671,cerebral cavernous malformation 3
ORDO:2238,,ORDO,2,DOID:0111387,familial isolated hypoparathyroidism
ORDO:2238,,ORDO,2,DOID:11199,hypoparathyroidism
ORDO:231183,,ORDO,2,DOID:0110828,Usher syndrome type 3
ORDO:231183,,ORDO,2,DOID:0110829,retinitis pigmentosa-deafness syndrome
ORDO:256,,ORDO,2,DOID:0060730,torsion dystonia 1
ORDO:256,,ORDO,2,DOID:0090058,torsion dystonia with onset in infancy
ORDO:2593,,ORDO,2,DOID:0080089,tubular aggregate myopathy 1
ORDO:2593,,ORDO,2,DOID:0080686,tubular aggregate myopathy 2
ORDO:2828,,ORDO,2,DOID:0060894,early-onset Parkinson's disease
ORDO:2828,,ORDO,2,DOID:14330,Parkinson's disease
ORDO:289157,,ORDO,2,DOID:0080886,vitamin D-dependent rickets type 1A
ORDO:289157,,ORDO,2,DOID:0080887,vitamin D-dependent rickets type 1B
ORDO:298,,ORDO,2,DOID:0080119,mitochondrial DNA depletion syndrome 1
ORDO:298,,ORDO,2,DOID:0080123,mitochondrial DNA depletion syndrome 4b
ORDO:30925,,ORDO,2,DOID:0081059,X-linked central diabetes insipidus
ORDO:30925,,ORDO,2,DOID:12388,neurohypophyseal diabetes insipidus
ORDO:323,,ORDO,2,DOID:0060821,syndromic X-linked intellectual disability 14
ORDO:323,,ORDO,2,DOID:14711,FG syndrome
ORDO:34527,,ORDO,2,DOID:0060882,renal hypomagnesemia 4
ORDO:34527,,ORDO,2,DOID:0060884,renal hypomagnesemia 6
ORDO:401849,,ORDO,2,DOID:0070642,hereditary spastic paraplegia 72B
ORDO:401849,,ORDO,2,DOID:0110817,hereditary spastic paraplegia 72A
ORDO:425,,ORDO,2,DOID:0080957,primary hypoalphalipoproteinemia 1
ORDO:425,,ORDO,2,DOID:0080958,primary hypoalphalipoproteinemia 2
ORDO:478,,ORDO,2,DOID:0090070,hypogonadotropic hypogonadism
ORDO:478,,ORDO,2,DOID:3614,Kallmann syndrome
ORDO:59135,,ORDO,2,DOID:0070197,distal myopathy 1
ORDO:59135,,ORDO,2,DOID:11720,distal myopathy
ORDO:596,,ORDO,2,DOID:0111225,centronuclear myopathy X-linked
ORDO:596,,ORDO,2,DOID:14717,centronuclear myopathy
ORDO:602,,ORDO,2,DOID:0080718,GNE myopathy
ORDO:602,,ORDO,2,DOID:0081363,distal myopathy with rimmed vacuoles
ORDO:75376,,ORDO,2,DOID:0060745,Doyne honeycomb retinal dystrophy
ORDO:75376,,ORDO,2,DOID:0060746,basal laminar drusen
ORDO:75392,,ORDO,2,DOID:0080986,Ehlers-Danlos syndrome periodontal type 1
ORDO:75392,,ORDO,2,DOID:0080987,Ehlers-Danlos syndrome periodontal type 2
ORDO:756,,ORDO,2,DOID:0060854,autosomal recessive pseudohypoaldosteronism type 1
ORDO:756,,ORDO,2,DOID:0060855,autosomal dominant pseudohypoaldosteronism type 1
ORDO:77258,,ORDO,2,DOID:0080376,trichorhinophalangeal syndrome type III
ORDO:77258,,ORDO,2,DOID:14743,trichorhinophalangeal syndrome type I
ORDO:776,,ORDO,2,DOID:0060821,syndromic X-linked intellectual disability 14
ORDO:776,,ORDO,2,DOID:0080985,syndromic X-linked intellectual disorder Lujan-Fryns-type
ORDO:79452,,ORDO,2,DOID:0050580,hereditary lymphedema
ORDO:79452,,ORDO,2,DOID:0070212,hereditary lymphedema I
ORDO:862,,ORDO,2,DOID:4890,juvenile myoclonic epilepsy
ORDO:862,,ORDO,2,DOID:4990,essential tremor
ORDO:88661,,ORDO,2,DOID:0060945,amelogenesis imperfecta type 1K
ORDO:88661,,ORDO,2,DOID:2187,amelogenesis imperfecta
ORDO:88919,,ORDO,2,DOID:0051080,Alport syndrome 3B
ORDO:88919,,ORDO,2,DOID:0110033,Alport syndrome 2
ORDO:90636,,ORDO,2,DOID:0050565,autosomal recessive nonsyndromic deafness
ORDO:90636,,ORDO,2,DOID:0110489,autosomal recessive nonsyndromic deafness 30
ORDO:93160,,ORDO,2,DOID:0080884,vitamin D-dependent rickets type 2A
ORDO:93160,,ORDO,2,DOID:0080885,vitamin D-dependent rickets type 2B
ORDO:95433,,ORDO,2,DOID:0080786,Brown-Vialetto-Van Laere syndrome 2
ORDO:95433,,ORDO,2,DOID:0081433,Peroxisome biogenesis disorder 4B
ORDO:97360,,ORDO,2,DOID:0060254,Robinow syndrome
ORDO:97360,,ORDO,2,DOID:0060767,autosomal dominant Robinow syndrome 3
ORDO:98809,,ORDO,2,DOID:0090053,episodic kinesigenic dyskinesia 1
ORDO:98809,,ORDO,2,DOID:0090054,episodic kinesigenic dyskinesia 2
ORDO:98810,,ORDO,2,DOID:0090047,paroxysmal nonkinesigenic dyskinesia 2
ORDO:98810,,ORDO,2,DOID:0090049,paroxysmal nonkinesigenic dyskinesia 1
ORDO:98819,,ORDO,2,DOID:0060753,familial temporal lobe epilepsy 4
ORDO:98819,,ORDO,2,DOID:0060755,familial temporal lobe epilepsy 2
ORDO:99772,,ORDO,2,DOID:0110214,cleft soft palate
ORDO:99772,,ORDO,2,DOID:674,cleft palate
ORDO:99843,,ORDO,2,DOID:0070255,congenital disorder of glycosylation type IIc
ORDO:99843,,ORDO,2,DOID:0080492,leukocyte adhesion deficiency 2
SNOMEDCT_US_2025_09_01:1010606009,Waardenburg syndrome type 1,SNOMEDCT_US_2025_09_01,2,DOID:0110948,Waardenburg syndrome type 1
SNOMEDCT_US_2025_09_01:1010606009,Waardenburg syndrome type 1,SNOMEDCT_US_2025_09_01,2,DOID:9258,Waardenburg syndrome
SNOMEDCT_US_2025_09_01:1010610007,Retinitis pigmentosa-deafness syndrome type 3,SNOMEDCT_US_2025_09_01,2,DOID:0050439,Usher syndrome
SNOMEDCT_US_2025_09_01:1010610007,Retinitis pigmentosa-deafness syndrome type 3,SNOMEDCT_US_2025_09_01,2,DOID:0110829,retinitis pigmentosa-deafness syndrome
SNOMEDCT_US_2025_09_01:10705005,Mucinous adenofibroma,SNOMEDCT_US_2025_09_01,2,DOID:2700,mucinous adenofibroma
SNOMEDCT_US_2025_09_01:10705005,Mucinous adenofibroma,SNOMEDCT_US_2025_09_01,2,DOID:6468,mucinous cystadenofibroma
SNOMEDCT_US_2025_09_01:111468003,,SNOMEDCT_US_2025_09_01,2,DOID:1098,hemolytic disease of the fetus
SNOMEDCT_US_2025_09_01:111468003,,SNOMEDCT_US_2025_09_01,2,DOID:11244,neonatal anemia
SNOMEDCT_US_2025_09_01:118599009,Hodgkin's disease (clinical),SNOMEDCT_US_2025_09_01,2,DOID:8567,Hodgkin's lymphoma
SNOMEDCT_US_2025_09_01:118599009,Hodgkin's disease (clinical),SNOMEDCT_US_2025_09_01,2,DOID:8642,Hodgkin's paragranuloma
SNOMEDCT_US_2025_09_01:1197745002,PPARG-related familial partial lipodystrophy,SNOMEDCT_US_2025_09_01,2,DOID:0050440,familial partial lipodystrophy
SNOMEDCT_US_2025_09_01:1197745002,PPARG-related familial partial lipodystrophy,SNOMEDCT_US_2025_09_01,2,DOID:0070204,familial partial lipodystrophy type 3
SNOMEDCT_US_2025_09_01:1204415006,"Autosomal recessive spinocerebellar ataxia, blindness, deafness syndrome",SNOMEDCT_US_2025_09_01,2,DOID:0080786,Brown-Vialetto-Van Laere syndrome 2
SNOMEDCT_US_2025_09_01:1204415006,"Autosomal recessive spinocerebellar ataxia, blindness, deafness syndrome",SNOMEDCT_US_2025_09_01,2,DOID:0081433,Peroxisome biogenesis disorder 4B
SNOMEDCT_US_2025_09_01:128209004,Chronic inflammatory demyelinating polyradiculoneuropathy,SNOMEDCT_US_2025_09_01,2,DOID:2536,chronic inflammatory demyelinating polyneuritis
SNOMEDCT_US_2025_09_01:128209004,Chronic inflammatory demyelinating polyradiculoneuropathy,SNOMEDCT_US_2025_09_01,2,DOID:5213,chronic inflammatory demyelinating polyradiculoneuropathy
SNOMEDCT_US_2025_09_01:129459004,,SNOMEDCT_US_2025_09_01,2,DOID:2797,idiopathic interstitial pneumonia
SNOMEDCT_US_2025_09_01:129459004,,SNOMEDCT_US_2025_09_01,2,DOID:2800,acute interstitial pneumonia
SNOMEDCT_US_2025_09_01:154268000,,SNOMEDCT_US_2025_09_01,2,DOID:12384,dysentery
SNOMEDCT_US_2025_09_01:154268000,,SNOMEDCT_US_2025_09_01,2,DOID:13250,diarrhea
SNOMEDCT_US_2025_09_01:154391003,,SNOMEDCT_US_2025_09_01,2,DOID:13778,chancroid
SNOMEDCT_US_2025_09_01:154391003,,SNOMEDCT_US_2025_09_01,2,DOID:2297,leptospirosis
SNOMEDCT_US_2025_09_01:154625006,,SNOMEDCT_US_2025_09_01,2,DOID:1475,lymphangioma
SNOMEDCT_US_2025_09_01:154625006,,SNOMEDCT_US_2025_09_01,2,DOID:255,hemangioma
SNOMEDCT_US_2025_09_01:154655004,,SNOMEDCT_US_2025_09_01,2,DOID:12361,Graves' disease
SNOMEDCT_US_2025_09_01:154655004,,SNOMEDCT_US_2025_09_01,2,DOID:7997,thyrotoxicosis
SNOMEDCT_US_2025_09_01:154730001,,SNOMEDCT_US_2025_09_01,2,DOID:12328,marasmus
SNOMEDCT_US_2025_09_01:154730001,,SNOMEDCT_US_2025_09_01,2,DOID:13579,kwashiorkor
SNOMEDCT_US_2025_09_01:154752005,,SNOMEDCT_US_2025_09_01,2,DOID:12678,hypercalcemia
SNOMEDCT_US_2025_09_01:154752005,,SNOMEDCT_US_2025_09_01,2,DOID:12679,nephrocalcinosis
SNOMEDCT_US_2025_09_01:154801000,,SNOMEDCT_US_2025_09_01,2,DOID:13628,favism
SNOMEDCT_US_2025_09_01:154801000,,SNOMEDCT_US_2025_09_01,2,DOID:2373,hereditary elliptocytosis
SNOMEDCT_US_2025_09_01:155024003,,SNOMEDCT_US_2025_09_01,2,DOID:10969,hemiplegia
SNOMEDCT_US_2025_09_01:155024003,,SNOMEDCT_US_2025_09_01,2,DOID:1969,cerebral palsy
SNOMEDCT_US_2025_09_01:155095006,,SNOMEDCT_US_2025_09_01,2,DOID:11723,Duchenne muscular dystrophy
SNOMEDCT_US_2025_09_01:155095006,,SNOMEDCT_US_2025_09_01,2,DOID:9884,muscular dystrophy
SNOMEDCT_US_2025_09_01:155096007,,SNOMEDCT_US_2025_09_01,2,DOID:0050759,myotonic dystrophy type 2
SNOMEDCT_US_2025_09_01:155096007,,SNOMEDCT_US_2025_09_01,2,DOID:450,myotonic disease
SNOMEDCT_US_2025_09_01:155244001,,SNOMEDCT_US_2025_09_01,2,DOID:7439,polyp of middle ear
SNOMEDCT_US_2025_09_01:155244001,,SNOMEDCT_US_2025_09_01,2,DOID:869,cholesteatoma
SNOMEDCT_US_2025_09_01:155324005,,SNOMEDCT_US_2025_09_01,2,DOID:8514,acute pulmonary heart disease
SNOMEDCT_US_2025_09_01:155324005,,SNOMEDCT_US_2025_09_01,2,DOID:8517,acute cor pulmonale
SNOMEDCT_US_2025_09_01:155528009,,SNOMEDCT_US_2025_09_01,2,DOID:10793,chronic sphenoidal sinusitis
SNOMEDCT_US_2025_09_01:155528009,,SNOMEDCT_US_2025_09_01,2,DOID:9312,chronic ethmoiditis
SNOMEDCT_US_2025_09_01:155581001,,SNOMEDCT_US_2025_09_01,2,DOID:14453,farmer's lung
SNOMEDCT_US_2025_09_01:155581001,,SNOMEDCT_US_2025_09_01,2,DOID:841,extrinsic allergic alveolitis
SNOMEDCT_US_2025_09_01:157033002,,SNOMEDCT_US_2025_09_01,2,DOID:13515,tuberous sclerosis
SNOMEDCT_US_2025_09_01:157033002,,SNOMEDCT_US_2025_09_01,2,DOID:758,visceral heterotaxy 5
SNOMEDCT_US_2025_09_01:16644004,Radial neuropathy,SNOMEDCT_US_2025_09_01,2,DOID:12170,radial nerve lesion
SNOMEDCT_US_2025_09_01:16644004,Radial neuropathy,SNOMEDCT_US_2025_09_01,2,DOID:12171,radial neuropathy
SNOMEDCT_US_2025_09_01:1855002,Developmental academic disorder,SNOMEDCT_US_2025_09_01,2,DOID:1059,intellectual disability
SNOMEDCT_US_2025_09_01:1855002,Developmental academic disorder,SNOMEDCT_US_2025_09_01,2,DOID:8927,learning disability
SNOMEDCT_US_2025_09_01:186242002,,SNOMEDCT_US_2025_09_01,2,DOID:0050166,tuberculous salpingitis
SNOMEDCT_US_2025_09_01:186242002,,SNOMEDCT_US_2025_09_01,2,DOID:2148,tuberculous oophoritis
SNOMEDCT_US_2025_09_01:186298002,,SNOMEDCT_US_2025_09_01,2,DOID:14239,gastrointestinal tularemia
SNOMEDCT_US_2025_09_01:186298002,,SNOMEDCT_US_2025_09_01,2,DOID:2123,tularemia
SNOMEDCT_US_2025_09_01:188083002,,SNOMEDCT_US_2025_09_01,2,DOID:305,carcinoma
SNOMEDCT_US_2025_09_01:188083002,,SNOMEDCT_US_2025_09_01,2,DOID:4840,sebaceous carcinoma
SNOMEDCT_US_2025_09_01:189051001,,SNOMEDCT_US_2025_09_01,2,DOID:2065,syringoma
SNOMEDCT_US_2025_09_01:189051001,,SNOMEDCT_US_2025_09_01,2,DOID:3178,skin papilloma
SNOMEDCT_US_2025_09_01:189683008,,SNOMEDCT_US_2025_09_01,2,DOID:6067,ovarian mucinous neoplasm
SNOMEDCT_US_2025_09_01:189683008,,SNOMEDCT_US_2025_09_01,2,DOID:6214,ovarian papillary neoplasm
SNOMEDCT_US_2025_09_01:190451000,,SNOMEDCT_US_2025_09_01,2,DOID:13543,hyperparathyroidism
SNOMEDCT_US_2025_09_01:190451000,,SNOMEDCT_US_2025_09_01,2,DOID:3341,osteitis fibrosa
SNOMEDCT_US_2025_09_01:190559001,,SNOMEDCT_US_2025_09_01,2,DOID:3614,Kallmann syndrome
SNOMEDCT_US_2025_09_01:190559001,,SNOMEDCT_US_2025_09_01,2,DOID:5003,eunuchism
SNOMEDCT_US_2025_09_01:190639009,,SNOMEDCT_US_2025_09_01,2,DOID:10573,osteomalacia
SNOMEDCT_US_2025_09_01:190639009,,SNOMEDCT_US_2025_09_01,2,DOID:10609,rickets
SNOMEDCT_US_2025_09_01:190867002,,SNOMEDCT_US_2025_09_01,2,DOID:4183,pseudopseudohypoparathyroidism
SNOMEDCT_US_2025_09_01:190867002,,SNOMEDCT_US_2025_09_01,2,DOID:4184,pseudohypoparathyroidism
SNOMEDCT_US_2025_09_01:190936000,,SNOMEDCT_US_2025_09_01,2,DOID:12799,mucopolysaccharidosis II
SNOMEDCT_US_2025_09_01:190936000,,SNOMEDCT_US_2025_09_01,2,DOID:12801,mucopolysaccharidosis III
SNOMEDCT_US_2025_09_01:193158000,,SNOMEDCT_US_2025_09_01,2,DOID:0050539,Charcot-Marie-Tooth disease type 2
SNOMEDCT_US_2025_09_01:193158000,,SNOMEDCT_US_2025_09_01,2,DOID:10595,Charcot-Marie-Tooth disease
SNOMEDCT_US_2025_09_01:193388002,,SNOMEDCT_US_2025_09_01,2,DOID:13214,hole retinal cyst
SNOMEDCT_US_2025_09_01:193388002,,SNOMEDCT_US_2025_09_01,2,DOID:7633,macular holes
SNOMEDCT_US_2025_09_01:193687000,Oguchi's disease,SNOMEDCT_US_2025_09_01,2,DOID:0050534,congenital stationary night blindness
SNOMEDCT_US_2025_09_01:193687000,Oguchi's disease,SNOMEDCT_US_2025_09_01,2,DOID:8498,hereditary night blindness
SNOMEDCT_US_2025_09_01:193990009,,SNOMEDCT_US_2025_09_01,2,DOID:9935,chronic inflammation of lacrimal passage
SNOMEDCT_US_2025_09_01:193990009,,SNOMEDCT_US_2025_09_01,2,DOID:9937,chronic dacryocystitis
SNOMEDCT_US_2025_09_01:194346003,,SNOMEDCT_US_2025_09_01,2,DOID:9848,endolymphatic hydrops
SNOMEDCT_US_2025_09_01:194346003,,SNOMEDCT_US_2025_09_01,2,DOID:9849,Meniere's disease
SNOMEDCT_US_2025_09_01:194736003,Mitral and aortic incompetence,SNOMEDCT_US_2025_09_01,2,DOID:11502,mitral valve insufficiency
SNOMEDCT_US_2025_09_01:194736003,Mitral and aortic incompetence,SNOMEDCT_US_2025_09_01,2,DOID:57,aortic valve insufficiency
SNOMEDCT_US_2025_09_01:195181000,,SNOMEDCT_US_2025_09_01,2,DOID:13001,carotid stenosis
SNOMEDCT_US_2025_09_01:195181000,,SNOMEDCT_US_2025_09_01,2,DOID:3410,carotid artery thrombosis
SNOMEDCT_US_2025_09_01:195196001,,SNOMEDCT_US_2025_09_01,2,DOID:13003,vertebrobasilar insufficiency
SNOMEDCT_US_2025_09_01:195196001,,SNOMEDCT_US_2025_09_01,2,DOID:224,transient cerebral ischemia
SNOMEDCT_US_2025_09_01:195794009,,SNOMEDCT_US_2025_09_01,2,DOID:0050145,adenoiditis
SNOMEDCT_US_2025_09_01:195794009,,SNOMEDCT_US_2025_09_01,2,DOID:10456,tonsillitis
SNOMEDCT_US_2025_09_01:195823002,,SNOMEDCT_US_2025_09_01,2,DOID:0050161,lower respiratory tract disease
SNOMEDCT_US_2025_09_01:195823002,,SNOMEDCT_US_2025_09_01,2,DOID:974,upper respiratory tract disease
SNOMEDCT_US_2025_09_01:196598004,,SNOMEDCT_US_2025_09_01,2,DOID:4072,duodenum disease
SNOMEDCT_US_2025_09_01:196598004,,SNOMEDCT_US_2025_09_01,2,DOID:76,stomach disease
SNOMEDCT_US_2025_09_01:197332007,,SNOMEDCT_US_2025_09_01,2,DOID:12550,hepatic coma
SNOMEDCT_US_2025_09_01:197332007,,SNOMEDCT_US_2025_09_01,2,DOID:13413,hepatic encephalopathy
SNOMEDCT_US_2025_09_01:197397004,,SNOMEDCT_US_2025_09_01,2,DOID:10211,cholelithiasis
SNOMEDCT_US_2025_09_01:197397004,,SNOMEDCT_US_2025_09_01,2,DOID:11755,choledocholithiasis
SNOMEDCT_US_2025_09_01:19897006,Malignant peripheral nerve sheath tumor,SNOMEDCT_US_2025_09_01,2,DOID:3512,neurofibrosarcoma
SNOMEDCT_US_2025_09_01:19897006,Malignant peripheral nerve sheath tumor,SNOMEDCT_US_2025_09_01,2,DOID:6344,melanotic psammomatous malignant peripheral nerve sheath tumor
SNOMEDCT_US_2025_09_01:201189007,,SNOMEDCT_US_2025_09_01,2,DOID:11155,hypohidrosis
SNOMEDCT_US_2025_09_01:201189007,,SNOMEDCT_US_2025_09_01,2,DOID:11156,anhidrosis
SNOMEDCT_US_2025_09_01:204197004,,SNOMEDCT_US_2025_09_01,2,DOID:0060260,ptosis
SNOMEDCT_US_2025_09_01:204197004,,SNOMEDCT_US_2025_09_01,2,DOID:0060261,congenital ptosis
SNOMEDCT_US_2025_09_01:20425006,Labyrinthine disorder,SNOMEDCT_US_2025_09_01,2,DOID:2479,central nervous system origin vertigo
SNOMEDCT_US_2025_09_01:20425006,Labyrinthine disorder,SNOMEDCT_US_2025_09_01,2,DOID:2952,inner ear disease
SNOMEDCT_US_2025_09_01:234951001,Developmental absence of tooth,SNOMEDCT_US_2025_09_01,2,DOID:0050591,tooth agenesis
SNOMEDCT_US_2025_09_01:234951001,Developmental absence of tooth,SNOMEDCT_US_2025_09_01,2,DOID:13714,anodontia
SNOMEDCT_US_2025_09_01:239007005,Hypohidrotic X-linked ectodermal dysplasia,SNOMEDCT_US_2025_09_01,2,DOID:0111664,ectodermal dysplasia 1
SNOMEDCT_US_2025_09_01:239007005,Hypohidrotic X-linked ectodermal dysplasia,SNOMEDCT_US_2025_09_01,2,DOID:14793,hypohidrotic ectodermal dysplasia
SNOMEDCT_US_2025_09_01:239133004,Reticulate acropigmentation of Kitamura,SNOMEDCT_US_2025_09_01,2,DOID:0060256,Dowling-Degos disease
SNOMEDCT_US_2025_09_01:239133004,Reticulate acropigmentation of Kitamura,SNOMEDCT_US_2025_09_01,2,DOID:0060258,reticulate acropigmentation of Kitamura
SNOMEDCT_US_2025_09_01:2435008,Ascariasis,SNOMEDCT_US_2025_09_01,2,DOID:3108,ascaridiasis
SNOMEDCT_US_2025_09_01:2435008,Ascariasis,SNOMEDCT_US_2025_09_01,2,DOID:456,ascariasis
SNOMEDCT_US_2025_09_01:254582000,Adenocarcinoma of rectum,SNOMEDCT_US_2025_09_01,2,DOID:1993,rectum cancer
SNOMEDCT_US_2025_09_01:254582000,Adenocarcinoma of rectum,SNOMEDCT_US_2025_09_01,2,DOID:1996,rectum adenocarcinoma
SNOMEDCT_US_2025_09_01:254708001,Eccrine porocarcinoma,SNOMEDCT_US_2025_09_01,2,DOID:5667,sweat gland carcinoma
SNOMEDCT_US_2025_09_01:254708001,Eccrine porocarcinoma,SNOMEDCT_US_2025_09_01,2,DOID:7566,eccrine porocarcinoma
SNOMEDCT_US_2025_09_01:254719003,,SNOMEDCT_US_2025_09_01,2,DOID:5442,eccrine acrospiroma
SNOMEDCT_US_2025_09_01:254719003,,SNOMEDCT_US_2025_09_01,2,DOID:5443,clear cell hidradenoma
SNOMEDCT_US_2025_09_01:266205000,,SNOMEDCT_US_2025_09_01,2,DOID:10113,trypanosomiasis
SNOMEDCT_US_2025_09_01:266205000,,SNOMEDCT_US_2025_09_01,2,DOID:11100,Q fever
SNOMEDCT_US_2025_09_01:266213004,,SNOMEDCT_US_2025_09_01,2,DOID:10371,yaws
SNOMEDCT_US_2025_09_01:266213004,,SNOMEDCT_US_2025_09_01,2,DOID:13819,lymphogranuloma venereum
SNOMEDCT_US_2025_09_01:266225001,,SNOMEDCT_US_2025_09_01,2,DOID:11080,myiasis
SNOMEDCT_US_2025_09_01:266225001,,SNOMEDCT_US_2025_09_01,2,DOID:9965,toxoplasmosis
SNOMEDCT_US_2025_09_01:266648001,,SNOMEDCT_US_2025_09_01,2,DOID:1003,pelvic inflammatory disease
SNOMEDCT_US_2025_09_01:266648001,,SNOMEDCT_US_2025_09_01,2,DOID:10974,oophoritis
SNOMEDCT_US_2025_09_01:267491008,,SNOMEDCT_US_2025_09_01,2,DOID:13725,beriberi
SNOMEDCT_US_2025_09_01:267491008,,SNOMEDCT_US_2025_09_01,2,DOID:8457,pellagra
SNOMEDCT_US_2025_09_01:267693003,,SNOMEDCT_US_2025_09_01,2,DOID:4873,anterior horn cell disease
SNOMEDCT_US_2025_09_01:267693003,,SNOMEDCT_US_2025_09_01,2,DOID:767,muscular atrophy
SNOMEDCT_US_2025_09_01:267746003,,SNOMEDCT_US_2025_09_01,2,DOID:11175,enophthalmos
SNOMEDCT_US_2025_09_01:267746003,,SNOMEDCT_US_2025_09_01,2,DOID:930,orbital disease
SNOMEDCT_US_2025_09_01:268308005,,SNOMEDCT_US_2025_09_01,2,DOID:0060326,myelomeningocele
SNOMEDCT_US_2025_09_01:268308005,,SNOMEDCT_US_2025_09_01,2,DOID:1088,meningocele
SNOMEDCT_US_2025_09_01:269513004,,SNOMEDCT_US_2025_09_01,2,DOID:162,cancer
SNOMEDCT_US_2025_09_01:269513004,,SNOMEDCT_US_2025_09_01,2,DOID:305,carcinoma
SNOMEDCT_US_2025_09_01:269640007,,SNOMEDCT_US_2025_09_01,2,DOID:1618,breast fibroadenoma
SNOMEDCT_US_2025_09_01:269640007,,SNOMEDCT_US_2025_09_01,2,DOID:1625,breast adenoma
SNOMEDCT_US_2025_09_01:269643009,,SNOMEDCT_US_2025_09_01,2,DOID:12689,acoustic neuroma
SNOMEDCT_US_2025_09_01:269643009,,SNOMEDCT_US_2025_09_01,2,DOID:3565,meningioma
SNOMEDCT_US_2025_09_01:270893004,,SNOMEDCT_US_2025_09_01,2,DOID:10352,breast fibroadenosis
SNOMEDCT_US_2025_09_01:270893004,,SNOMEDCT_US_2025_09_01,2,DOID:5998,microglandular adenosis
SNOMEDCT_US_2025_09_01:286934009,,SNOMEDCT_US_2025_09_01,2,DOID:2560,morphine dependence
SNOMEDCT_US_2025_09_01:286934009,,SNOMEDCT_US_2025_09_01,2,DOID:9975,cocaine dependence
SNOMEDCT_US_2025_09_01:29260007,Immunoglobulin A deficiency,SNOMEDCT_US_2025_09_01,2,DOID:0060025,immunoglobulin alpha deficiency
SNOMEDCT_US_2025_09_01:29260007,Immunoglobulin A deficiency,SNOMEDCT_US_2025_09_01,2,DOID:11701,selective IgA deficiency disease
SNOMEDCT_US_2025_09_01:301990003,Gonococcal seminal vesiculitis,SNOMEDCT_US_2025_09_01,2,DOID:0050004,seminal vesicle acute gonorrhea
SNOMEDCT_US_2025_09_01:301990003,Gonococcal seminal vesiculitis,SNOMEDCT_US_2025_09_01,2,DOID:10400,gonococcal seminal vesiculitis
SNOMEDCT_US_2025_09_01:359842002,,SNOMEDCT_US_2025_09_01,2,DOID:1187,tibial neuropathy
SNOMEDCT_US_2025_09_01:359842002,,SNOMEDCT_US_2025_09_01,2,DOID:12529,tibial nerve palsy
SNOMEDCT_US_2025_09_01:40293003,Adenomyoma,SNOMEDCT_US_2025_09_01,2,DOID:2609,adenomyoma
SNOMEDCT_US_2025_09_01:40293003,Adenomyoma,SNOMEDCT_US_2025_09_01,2,DOID:4993,atypical polypoid adenomyoma
SNOMEDCT_US_2025_09_01:4032000,,SNOMEDCT_US_2025_09_01,2,DOID:0060643,primary sclerosing cholangitis
SNOMEDCT_US_2025_09_01:4032000,,SNOMEDCT_US_2025_09_01,2,DOID:14268,sclerosing cholangitis
SNOMEDCT_US_2025_09_01:42215000,,SNOMEDCT_US_2025_09_01,2,DOID:3722,solitary osseous plasmacytoma
SNOMEDCT_US_2025_09_01:42215000,,SNOMEDCT_US_2025_09_01,2,DOID:9541,osteosclerotic myeloma
SNOMEDCT_US_2025_09_01:423488006,Papilledema - optic disc edema due to raised intracranial pressure,SNOMEDCT_US_2025_09_01,2,DOID:10175,optic papillitis
SNOMEDCT_US_2025_09_01:423488006,Papilledema - optic disc edema due to raised intracranial pressure,SNOMEDCT_US_2025_09_01,2,DOID:146,papilledema
SNOMEDCT_US_2025_09_01:443675005,Seminoma,SNOMEDCT_US_2025_09_01,2,DOID:4440,seminoma
SNOMEDCT_US_2025_09_01:443675005,Seminoma,SNOMEDCT_US_2025_09_01,2,DOID:5842,testis seminoma
SNOMEDCT_US_2025_09_01:45406000,,SNOMEDCT_US_2025_09_01,2,DOID:13139,crescentic glomerulonephritis
SNOMEDCT_US_2025_09_01:45406000,,SNOMEDCT_US_2025_09_01,2,DOID:4776,rapidly progressive glomerulonephritis
SNOMEDCT_US_2025_09_01:47382004,Dermatophytosis,SNOMEDCT_US_2025_09_01,2,DOID:0050133,superficial mycosis
SNOMEDCT_US_2025_09_01:47382004,Dermatophytosis,SNOMEDCT_US_2025_09_01,2,DOID:1563,dermatomycosis
SNOMEDCT_US_2025_09_01:47839005,,SNOMEDCT_US_2025_09_01,2,DOID:0050152,aspiration pneumonia
SNOMEDCT_US_2025_09_01:47839005,,SNOMEDCT_US_2025_09_01,2,DOID:3240,aspiration pneumonitis
SNOMEDCT_US_2025_09_01:4797003,Papillary adenocarcinoma,SNOMEDCT_US_2025_09_01,2,DOID:3112,papillary adenocarcinoma
SNOMEDCT_US_2025_09_01:4797003,Papillary adenocarcinoma,SNOMEDCT_US_2025_09_01,2,DOID:4465,papillary renal cell carcinoma
SNOMEDCT_US_2025_09_01:49324006,,SNOMEDCT_US_2025_09_01,2,DOID:0060321,umbilical hernia
SNOMEDCT_US_2025_09_01:49324006,,SNOMEDCT_US_2025_09_01,2,DOID:0060327,omphalocele
SNOMEDCT_US_2025_09_01:51720005,Gray platelet syndrome,SNOMEDCT_US_2025_09_01,2,DOID:0111044,gray platelet syndrome
SNOMEDCT_US_2025_09_01:51720005,Gray platelet syndrome,SNOMEDCT_US_2025_09_01,2,DOID:0111049,platelet-type bleeding disorder 17
SNOMEDCT_US_2025_09_01:52585001,Sciatic neuropathy,SNOMEDCT_US_2025_09_01,2,DOID:11446,sciatic neuropathy
SNOMEDCT_US_2025_09_01:52585001,Sciatic neuropathy,SNOMEDCT_US_2025_09_01,2,DOID:12528,lesion of sciatic nerve
SNOMEDCT_US_2025_09_01:52868006,Oral-facial-digital syndrome,SNOMEDCT_US_2025_09_01,2,DOID:0060316,orofaciodigital syndrome I
SNOMEDCT_US_2025_09_01:52868006,Oral-facial-digital syndrome,SNOMEDCT_US_2025_09_01,2,DOID:4501,orofaciodigital syndrome
SNOMEDCT_US_2025_09_01:54711002,Gingival enlargement,SNOMEDCT_US_2025_09_01,2,DOID:3086,gingival overgrowth
SNOMEDCT_US_2025_09_01:54711002,Gingival enlargement,SNOMEDCT_US_2025_09_01,2,DOID:5338,gingival hypertrophy
SNOMEDCT_US_2025_09_01:55802003,,SNOMEDCT_US_2025_09_01,2,DOID:12168,ulnar nerve lesion
SNOMEDCT_US_2025_09_01:55802003,,SNOMEDCT_US_2025_09_01,2,DOID:4613,ulnar neuropathy
SNOMEDCT_US_2025_09_01:55937004,,SNOMEDCT_US_2025_09_01,2,DOID:169,neuroendocrine tumor
SNOMEDCT_US_2025_09_01:55937004,,SNOMEDCT_US_2025_09_01,2,DOID:1800,neuroendocrine carcinoma
SNOMEDCT_US_2025_09_01:56096001,,SNOMEDCT_US_2025_09_01,2,DOID:11724,limb-girdle muscular dystrophy
SNOMEDCT_US_2025_09_01:56096001,,SNOMEDCT_US_2025_09_01,2,DOID:11727,facioscapulohumeral muscular dystrophy
SNOMEDCT_US_2025_09_01:56763007,Adamantinoma of long bones,SNOMEDCT_US_2025_09_01,2,DOID:2775,long bone adamantinoma
SNOMEDCT_US_2025_09_01:56763007,Adamantinoma of long bones,SNOMEDCT_US_2025_09_01,2,DOID:2776,adamantinoma
SNOMEDCT_US_2025_09_01:58459009,Sphingomyelin/cholesterol lipidosis,SNOMEDCT_US_2025_09_01,2,DOID:14504,Niemann-Pick disease
SNOMEDCT_US_2025_09_01:58459009,Sphingomyelin/cholesterol lipidosis,SNOMEDCT_US_2025_09_01,2,DOID:1927,sphingolipidosis
SNOMEDCT_US_2025_09_01:5867007,,SNOMEDCT_US_2025_09_01,2,DOID:0060321,umbilical hernia
SNOMEDCT_US_2025_09_01:5867007,,SNOMEDCT_US_2025_09_01,2,DOID:0060327,omphalocele
SNOMEDCT_US_2025_09_01:60368009,,SNOMEDCT_US_2025_09_01,2,DOID:13918,somatization disorder
SNOMEDCT_US_2025_09_01:60368009,,SNOMEDCT_US_2025_09_01,2,DOID:4737,somatoform disorder
SNOMEDCT_US_2025_09_01:6141006,Retinal edema,SNOMEDCT_US_2025_09_01,2,DOID:10175,optic papillitis
SNOMEDCT_US_2025_09_01:6141006,Retinal edema,SNOMEDCT_US_2025_09_01,2,DOID:6929,retinal edema
SNOMEDCT_US_2025_09_01:64572001,Disease,SNOMEDCT_US_2025_09_01,2,DOID:225,syndrome
SNOMEDCT_US_2025_09_01:64572001,Disease,SNOMEDCT_US_2025_09_01,2,DOID:4,disease
SNOMEDCT_US_2025_09_01:66514008,,SNOMEDCT_US_2025_09_01,2,DOID:11847,coronary thrombosis
SNOMEDCT_US_2025_09_01:66514008,,SNOMEDCT_US_2025_09_01,2,DOID:5844,myocardial infarction
SNOMEDCT_US_2025_09_01:703536004,Megalencephalic leukoencephalopathy with subcortical cysts,SNOMEDCT_US_2025_09_01,2,DOID:0080315,megalencephalic leukoencephalopathy with subcortical cysts
SNOMEDCT_US_2025_09_01:703536004,Megalencephalic leukoencephalopathy with subcortical cysts,SNOMEDCT_US_2025_09_01,2,DOID:0080316,megalencephalic leukoencephalopathy with subcortical cysts 1
SNOMEDCT_US_2025_09_01:715439000,Familial partial lipodystrophy Dunnigan type,SNOMEDCT_US_2025_09_01,2,DOID:0050440,familial partial lipodystrophy
SNOMEDCT_US_2025_09_01:715439000,Familial partial lipodystrophy Dunnigan type,SNOMEDCT_US_2025_09_01,2,DOID:0070202,familial partial lipodystrophy type 2
SNOMEDCT_US_2025_09_01:725035001,Familial partial lipodystrophy Kobberling type,SNOMEDCT_US_2025_09_01,2,DOID:0050440,familial partial lipodystrophy
SNOMEDCT_US_2025_09_01:725035001,Familial partial lipodystrophy Kobberling type,SNOMEDCT_US_2025_09_01,2,DOID:0070207,familial partial lipodystrophy type 1
SNOMEDCT_US_2025_09_01:73013002,Cranial nerve disorder,SNOMEDCT_US_2025_09_01,2,DOID:3817,cranial nerve palsy
SNOMEDCT_US_2025_09_01:73013002,Cranial nerve disorder,SNOMEDCT_US_2025_09_01,2,DOID:5656,cranial nerve disease
SNOMEDCT_US_2025_09_01:73676002,Peripheral neuroectodermal tumor,SNOMEDCT_US_2025_09_01,2,DOID:171,neuroectodermal tumor
SNOMEDCT_US_2025_09_01:73676002,Peripheral neuroectodermal tumor,SNOMEDCT_US_2025_09_01,2,DOID:3369,Ewing sarcoma
SNOMEDCT_US_2025_09_01:7620006,Crohn's disease of large bowel,SNOMEDCT_US_2025_09_01,2,DOID:0060192,Crohn's colitis
SNOMEDCT_US_2025_09_01:7620006,Crohn's disease of large bowel,SNOMEDCT_US_2025_09_01,2,DOID:8778,Crohn's disease
SNOMEDCT_US_2025_09_01:766879006,Combined immunodeficiency due to OX40 deficiency,SNOMEDCT_US_2025_09_01,2,DOID:0111935,immunodeficiency 16
SNOMEDCT_US_2025_09_01:766879006,Combined immunodeficiency due to OX40 deficiency,SNOMEDCT_US_2025_09_01,2,DOID:0111973,immunodeficiency 17
SNOMEDCT_US_2025_09_01:78303004,"Meningioma, malignant",SNOMEDCT_US_2025_09_01,2,DOID:7614,meninges sarcoma
SNOMEDCT_US_2025_09_01:78303004,"Meningioma, malignant",SNOMEDCT_US_2025_09_01,2,DOID:7689,leptomeninges sarcoma
SNOMEDCT_US_2025_09_01:82049002,Squamous papillomatosis,SNOMEDCT_US_2025_09_01,2,DOID:2615,papilloma
SNOMEDCT_US_2025_09_01:82049002,Squamous papillomatosis,SNOMEDCT_US_2025_09_01,2,DOID:7532,squamous papillomatosis
SNOMEDCT_US_2025_09_01:8847002,Spondylosis,SNOMEDCT_US_2025_09_01,2,DOID:1123,spondyloarthropathy
SNOMEDCT_US_2025_09_01:8847002,Spondylosis,SNOMEDCT_US_2025_09_01,2,DOID:2247,spondylosis
SNOMEDCT_US_2025_09_01:90039006,,SNOMEDCT_US_2025_09_01,2,DOID:13934,facial paralysis
SNOMEDCT_US_2025_09_01:90039006,,SNOMEDCT_US_2025_09_01,2,DOID:1756,facial nerve disease
SNOMEDCT_US_2025_09_01:92818009,Chronic myeloid leukemia,SNOMEDCT_US_2025_09_01,2,DOID:0081088,"chronic myelogenous leukemia, BCR-ABL1 positive"
SNOMEDCT_US_2025_09_01:92818009,Chronic myeloid leukemia,SNOMEDCT_US_2025_09_01,2,DOID:8552,chronic myeloid leukemia
SNOMEDCT_US_2025_09_01:93810008,,SNOMEDCT_US_2025_09_01,2,DOID:3121,gallbladder cancer
SNOMEDCT_US_2025_09_01:93810008,,SNOMEDCT_US_2025_09_01,2,DOID:4948,gallbladder carcinoma
SNOMEDCT_US_2025_09_01:93854002,Primary malignant neoplasm of large intestine,SNOMEDCT_US_2025_09_01,2,DOID:5672,large intestine cancer
SNOMEDCT_US_2025_09_01:93854002,Primary malignant neoplasm of large intestine,SNOMEDCT_US_2025_09_01,2,DOID:9256,colorectal cancer
UMLS:C0013369,Dysentery,UMLS,2,DOID:12384,dysentery
UMLS:C0013369,Dysentery,UMLS,2,DOID:13250,diarrhea
UMLS:C0019829,Hodgkin Disease,UMLS,2,DOID:8567,Hodgkin's lymphoma
UMLS:C0019829,Hodgkin Disease,UMLS,2,DOID:8642,Hodgkin's paragranuloma
UMLS:C0029294,Orofaciodigital Syndromes,UMLS,2,DOID:0060316,orofaciodigital syndrome I
UMLS:C0029294,Orofaciodigital Syndromes,UMLS,2,DOID:4501,orofaciodigital syndrome
UMLS:C0029512,Other and unspecified noninfectious gastroenteritis and colitis,UMLS,2,DOID:0060186,chemical colitis
UMLS:C0029512,Other and unspecified noninfectious gastroenteritis and colitis,UMLS,2,DOID:0060187,diversion colitis
UMLS:C0029581,Other disease of nasal cavity and sinuses,UMLS,2,DOID:0050161,lower respiratory tract disease
UMLS:C0029581,Other disease of nasal cavity and sinuses,UMLS,2,DOID:974,upper respiratory tract disease
UMLS:C0029835,Other specified tularemia,UMLS,2,DOID:14239,gastrointestinal tularemia
UMLS:C0029835,Other specified tularemia,UMLS,2,DOID:2123,tularemia
UMLS:C0030353,Papilledema,UMLS,2,DOID:10175,optic papillitis
UMLS:C0030353,Papilledema,UMLS,2,DOID:146,papilledema
UMLS:C0032290,Aspiration Pneumonia,UMLS,2,DOID:0050152,aspiration pneumonia
UMLS:C0032290,Aspiration Pneumonia,UMLS,2,DOID:3240,aspiration pneumonitis
UMLS:C0036631,Seminoma,UMLS,2,DOID:4440,seminoma
UMLS:C0036631,Seminoma,UMLS,2,DOID:5842,testis seminoma
UMLS:C0085786,Hamman-Rich syndrome,UMLS,2,DOID:2797,idiopathic interstitial pneumonia
UMLS:C0085786,Hamman-Rich syndrome,UMLS,2,DOID:2800,acute interstitial pneumonia
UMLS:C0152828,Tuberculous oophoritis and salpingitis,UMLS,2,DOID:0050166,tuberculous salpingitis
UMLS:C0152828,Tuberculous oophoritis and salpingitis,UMLS,2,DOID:2148,tuberculous oophoritis
UMLS:C0155671,Acute pulmonary heart disease,UMLS,2,DOID:8514,acute pulmonary heart disease
UMLS:C0155671,Acute pulmonary heart disease,UMLS,2,DOID:8517,acute cor pulmonale
UMLS:C0156147,Crohn's disease of large bowel,UMLS,2,DOID:0060192,Crohn's colitis
UMLS:C0156147,Crohn's disease of large bowel,UMLS,2,DOID:8778,Crohn's disease
UMLS:C0162359,Christ-Siemens-Touraine syndrome,UMLS,2,DOID:0111664,ectodermal dysplasia 1
UMLS:C0162359,Christ-Siemens-Touraine syndrome,UMLS,2,DOID:14793,hypohidrotic ectodermal dysplasia
UMLS:C0162538,Immunoglobulin A deficiency (disorder),UMLS,2,DOID:0060025,immunoglobulin alpha deficiency
UMLS:C0162538,Immunoglobulin A deficiency (disorder),UMLS,2,DOID:11701,selective IgA deficiency disease
UMLS:C0242420,Retinal Edema,UMLS,2,DOID:10175,optic papillitis
UMLS:C0242420,Retinal Edema,UMLS,2,DOID:6929,retinal edema
UMLS:C0264774,Mitral and aortic incompetence,UMLS,2,DOID:11502,mitral valve insufficiency
UMLS:C0264774,Mitral and aortic incompetence,UMLS,2,DOID:57,aortic valve insufficiency
UMLS:C0272302,Gray Platelet Syndrome,UMLS,2,DOID:0111044,gray platelet syndrome
UMLS:C0272302,Gray Platelet Syndrome,UMLS,2,DOID:0111049,platelet-type bleeding disorder 17
UMLS:C0334317,Cystadenofibroma,UMLS,2,DOID:5477,clear cell adenofibroma
UMLS:C0334317,Cystadenofibroma,UMLS,2,DOID:5482,cystadenofibroma
UMLS:C0334556,Adamantinoma of Long Bones,UMLS,2,DOID:2775,long bone adamantinoma
UMLS:C0334556,Adamantinoma of Long Bones,UMLS,2,DOID:2776,adamantinoma
UMLS:C0346629,Malignant neoplasm of large intestine,UMLS,2,DOID:5672,large intestine cancer
UMLS:C0346629,Malignant neoplasm of large intestine,UMLS,2,DOID:9256,colorectal cancer
UMLS:C0393819,"Polyradiculoneuropathy, Chronic Inflammatory Demyelinating",UMLS,2,DOID:2536,chronic inflammatory demyelinating polyneuritis
UMLS:C0393819,"Polyradiculoneuropathy, Chronic Inflammatory Demyelinating",UMLS,2,DOID:5213,chronic inflammatory demyelinating polyradiculoneuropathy
UMLS:C0399352,Developmental absence of tooth,UMLS,2,DOID:0050591,tooth agenesis
UMLS:C0399352,Developmental absence of tooth,UMLS,2,DOID:13714,anodontia
UMLS:C0406811,Reticulate acropigmentation of Kitamura,UMLS,2,DOID:0060256,Dowling-Degos disease
UMLS:C0406811,Reticulate acropigmentation of Kitamura,UMLS,2,DOID:0060258,reticulate acropigmentation of Kitamura
UMLS:C0520482,Somatization Disorder,UMLS,2,DOID:13918,somatization disorder
UMLS:C0520482,Somatization Disorder,UMLS,2,DOID:4737,somatoform disorder
UMLS:C0553604,Myotonic Disorders,UMLS,2,DOID:0050759,myotonic dystrophy type 2
UMLS:C0553604,Myotonic Disorders,UMLS,2,DOID:450,myotonic disease
UMLS:C0578661,Gonococcal seminal vesiculitis,UMLS,2,DOID:0050004,seminal vesicle acute gonorrhea
UMLS:C0578661,Gonococcal seminal vesiculitis,UMLS,2,DOID:10400,gonococcal seminal vesiculitis
UMLS:C0795690,Congenital omphalocele,UMLS,2,DOID:0060321,umbilical hernia
UMLS:C0795690,Congenital omphalocele,UMLS,2,DOID:0060327,omphalocele
UMLS:C1306122,Oguchi disease,UMLS,2,DOID:0050534,congenital stationary night blindness
UMLS:C1306122,Oguchi disease,UMLS,2,DOID:8498,hereditary night blindness
UMLS:C1306503,Congenital exomphalos,UMLS,2,DOID:0060321,umbilical hernia
UMLS:C1306503,Congenital exomphalos,UMLS,2,DOID:0060327,omphalocele
UMLS:C1334698,Meningothelial Cell Neoplasm,UMLS,2,DOID:0080843,supratentorial meningioma
UMLS:C1334698,Meningothelial Cell Neoplasm,UMLS,2,DOID:3565,meningioma
UMLS:C1568248,"Usher Syndrome, Type III",UMLS,2,DOID:0110828,Usher syndrome type 3
UMLS:C1568248,"Usher Syndrome, Type III",UMLS,2,DOID:0110829,retinitis pigmentosa-deafness syndrome
UMLS:C1720859,"Familial Partial Lipodystrophy, Type 1",UMLS,2,DOID:0050440,familial partial lipodystrophy
UMLS:C1720859,"Familial Partial Lipodystrophy, Type 1",UMLS,2,DOID:0070207,familial partial lipodystrophy type 1
UMLS:C1720860,"Familial Partial Lipodystrophy, Type 2",UMLS,2,DOID:0050440,familial partial lipodystrophy
UMLS:C1720860,"Familial Partial Lipodystrophy, Type 2",UMLS,2,DOID:0070202,familial partial lipodystrophy type 2
UMLS:C1720861,"Familial Partial Lipodystrophy, Type 3",UMLS,2,DOID:0050440,familial partial lipodystrophy
UMLS:C1720861,"Familial Partial Lipodystrophy, Type 3",UMLS,2,DOID:0070204,familial partial lipodystrophy type 3
UMLS:C1847800,Waardenburg Syndrome Type 1,UMLS,2,DOID:0110948,Waardenburg syndrome type 1
UMLS:C1847800,Waardenburg Syndrome Type 1,UMLS,2,DOID:9258,Waardenburg syndrome
UMLS:C1849094,"SPINOCEREBELLAR ATAXIA, AUTOSOMAL RECESSIVE 3",UMLS,2,DOID:0080786,Brown-Vialetto-Van Laere syndrome 2
UMLS:C1849094,"SPINOCEREBELLAR ATAXIA, AUTOSOMAL RECESSIVE 3",UMLS,2,DOID:0081433,Peroxisome biogenesis disorder 4B
UMLS:C1858854,MEGALENCEPHALIC LEUKOENCEPHALOPATHY WITH SUBCORTICAL CYSTS,UMLS,2,DOID:0080315,megalencephalic leukoencephalopathy with subcortical cysts
UMLS:C1858854,MEGALENCEPHALIC LEUKOENCEPHALOPATHY WITH SUBCORTICAL CYSTS,UMLS,2,DOID:0080316,megalencephalic leukoencephalopathy with subcortical cysts 1
